run_id,run_name,selected_id,state,created_at,run_kind,train_model,variant,probe_dtype_tag,layer,seed,probe_dtype,normalize_before_head,probe_dtype_expected,normalize_before_head_expected,train/loss,train/lm_loss,train/kl_loss,train/longfact_test_apertus/all_auc,train/longfact_test_apertus/all_f1,train/longfact_test_apertus/all_acc,train/longfact_test_apertus/all_recall_at_0.1_fpr,train/longfact_test_apertus/span_auc,train/longfact_test_apertus/span_f1,train/longfact_test_apertus/span_acc,train/longfact_test_apertus/span_recall_at_0.1_fpr,train/longfact_test_apertus/span_max_auc,train/longfact_test_apertus/span_max_f1,train/longfact_test_apertus/span_max_acc,train/longfact_test_apertus/span_max_recall_at_0.1_fpr,train/longfact_test_llama/all_auc,train/longfact_test_llama/all_f1,train/longfact_test_llama/all_acc,train/longfact_test_llama/all_recall_at_0.1_fpr,train/longfact_test_llama/span_auc,train/longfact_test_llama/span_f1,train/longfact_test_llama/span_acc,train/longfact_test_llama/span_recall_at_0.1_fpr,train/longfact_test_llama/span_max_auc,train/longfact_test_llama/span_max_f1,train/longfact_test_llama/span_max_acc,train/longfact_test_llama/span_max_recall_at_0.1_fpr
2msk68xv,apertus_no_lora_long_form_layer10_seed42,apertus_no_lora_long_form_layer10_seed42,finished,2026-03-02 14:54:28+00:00,baseline,apertus,apertus_bf16_baseline,bf16,10,42,bfloat16,,bfloat16,,0.1188635155558586,0.23610205948352816,0.0,0.8349790136283437,0.2715897169678682,,0.5489403009221808,0.823749663399917,0.43322694729578193,,0.5209513023782559,0.8682490590818475,0.6256711838404501,,0.6258733378408835,0.8250763870485456,0.2697534880358563,,0.5157472259384591,0.8139533745830329,0.4938731842897636,,0.5034862674116629,0.8574751331855613,0.6395668767196236,,0.5969430137896661
ennpfi5c,apertus_no_lora_long_form_layer10_seed43,apertus_no_lora_long_form_layer10_seed43,finished,2026-03-02 14:55:28+00:00,baseline,apertus,apertus_bf16_baseline,bf16,10,43,bfloat16,,bfloat16,,0.2892115116119385,0.18382319808006287,0.0,0.8300675186115706,0.2801368522126616,,0.5524533709293457,0.828807559160539,0.49088473601672766,,0.5408047703792729,0.8689065761865797,0.6383917626869331,,0.631282398016678,0.8226177442482394,0.26802455186734664,,0.5182340442275911,0.8186411677879629,0.5458616221819124,,0.5113087274730463,0.8577265431456805,0.6508885707066453,,0.6012626682173119
ckfvtpqq,apertus_no_lora_long_form_layer10_seed44,apertus_no_lora_long_form_layer10_seed44,finished,2026-03-02 14:55:28+00:00,baseline,apertus,apertus_bf16_baseline,bf16,10,44,bfloat16,,bfloat16,,0.14164792001247406,0.216385155916214,0.0,0.8233641459041334,0.2716896087682604,,0.5391175722837266,0.8285622203159897,0.5237544539601175,,0.5391175722837266,0.8705438410992483,0.6508443633044272,,0.6319585305386523,0.811920552468672,0.25787264768265716,,0.5020539859919729,0.8172171354570108,0.5732659162503261,,0.5134650192807114,0.8586864674778496,0.6580976863753213,,0.6050839009802292
5w54hojz,apertus_no_lora_long_form_layer20_seed42,apertus_no_lora_long_form_layer20_seed42,finished,2026-03-02 14:56:24+00:00,baseline,apertus,apertus_bf16_baseline,bf16,20,42,bfloat16,,bfloat16,,0.002515794476494193,0.23610205948352816,0.0,0.7216130788305651,0.20019447800335916,,0.3927935840247764,0.7579270098229404,0.36343211725687385,,0.42318626204728776,0.844264785180656,0.6130918262065803,,0.5715573585756142,0.7152865479674657,0.20142013178822996,,0.37936570394270874,0.7533504252780392,0.4108404977637708,,0.4119776501141103,0.8388654097938774,0.6432152805411858,,0.5658747300215983
h3qhm4bp,apertus_no_lora_long_form_layer20_seed43,apertus_no_lora_long_form_layer20_seed43,finished,2026-03-02 14:56:24+00:00,baseline,apertus,apertus_bf16_baseline,bf16,20,43,bfloat16,,bfloat16,,0.4361111521720886,0.18382319808006287,0.0,0.7325044196056973,0.21698776400110031,,0.4200661011856611,0.7675462313865282,0.377784872995601,,0.440173804516144,0.8528165969886055,0.6289351851851852,,0.5981519044399369,0.7258548789563044,0.21278362883410817,,0.40028330841268595,0.7623195228087261,0.42426054556327336,,0.42208231683324154,0.8415728147515787,0.6404207841887153,,0.5731849144376142
1sb6t3rt,apertus_no_lora_long_form_layer20_seed44,apertus_no_lora_long_form_layer20_seed44,finished,2026-03-02 14:56:24+00:00,baseline,apertus,apertus_bf16_baseline,bf16,20,44,bfloat16,,bfloat16,,0.9805268049240112,0.216385155916214,0.0,0.7097785804895088,0.2061640537214404,,0.39108327362655143,0.7545094567459225,0.3984282095031281,,0.42140661474102664,0.8473290339030696,0.6199556541019956,,0.5665990534144693,0.7136638775270779,0.20511592308933865,,0.3870465097977493,0.7570589324338984,0.4426168728302268,,0.4190131423624774,0.8377789849446498,0.6395429630201498,,0.5590629672703107
fjxaywoo,apertus_no_lora_long_form_layer26_seed42,apertus_no_lora_long_form_layer26_seed42,finished,2026-03-02 14:56:59+00:00,baseline,apertus,apertus_bf16_baseline,bf16,26,42,bfloat16,,bfloat16,,0.022064460441470143,0.23610205948352816,0.0,0.6670177726305941,0.2175095284145856,,0.3869461714470613,0.6723649946790452,0.3474862772183649,,0.3939029745533548,0.8176474139385239,0.6102060373742214,,0.5769664187514086,0.6738023828077514,0.21943093823158652,,0.3868733768788857,0.6838376003744628,0.4017663683466792,,0.3996852128747934,0.8110870464828519,0.6356324640506946,,0.0
fc3llcx0,apertus_no_lora_long_form_layer26_seed43,apertus_no_lora_long_form_layer26_seed43,finished,2026-03-02 14:58:28+00:00,baseline,apertus,apertus_bf16_baseline,bf16,26,43,bfloat16,,bfloat16,,4.096796035766602,0.18382319808006287,0.0,0.6698936929266394,0.21903579827541156,,0.3854438717729448,0.672824099653761,0.35925,,0.37804793491575567,0.8159692063559093,0.6083923950950613,,0.0,0.6799530804425895,0.22484818644345972,,0.39568741638466987,0.6860977780943553,0.411768105889833,,0.3871409459353112,0.8051164855676516,0.6270504487774683,,0.0
gtn6g9ne,apertus_no_lora_long_form_layer26_seed44,apertus_no_lora_long_form_layer26_seed44,finished,2026-03-02 14:58:28+00:00,baseline,apertus,apertus_bf16_baseline,bf16,26,44,bfloat16,,bfloat16,,0.0003512128023430705,0.216385155916214,0.0,0.6678283342388164,0.2112497938087645,,0.3773083412300368,0.6750514206774699,0.34716449199407234,,0.37661497214967526,0.816442135972021,0.5996109394667583,,0.5508226279017354,0.6739930132851973,0.21327218178241197,,0.3790823955300228,0.6863596516897853,0.40374767225325886,,0.3835051546391753,0.8022784807971455,0.624310239117106,,0.0
pk12wkry,apertus_no_lora_long_form_layer30_seed42,apertus_no_lora_long_form_layer30_seed42,finished,2026-03-02 14:58:28+00:00,baseline,apertus,apertus_bf16_baseline,bf16,30,42,bfloat16,,bfloat16,,82.0517578125,0.23610205948352816,0.0,0.5000533691196455,0.0002309682187730968,,0.0001386738160722953,0.5000632452595398,0.00023109632094657053,,0.0001386738160722953,0.5006405165769446,0.0022512381809995496,,0.001352265043948614,0.5001886318873037,0.0005347004890936827,,0.0004092232627685527,0.5001899691781541,0.0005349781288353212,,0.0004092232627685527,0.5016529637360996,0.00463960231980116,,0.0034889516530985216
vhvivjkc,apertus_no_lora_long_form_layer30_seed43,apertus_no_lora_long_form_layer30_seed43,finished,2026-03-02 14:58:28+00:00,baseline,apertus,apertus_bf16_baseline,bf16,30,43,bfloat16,,bfloat16,,10.69191074371338,0.18382319808006287,0.0,0.6531387502590341,0.2794741767688859,,0.34585249728430445,0.6504745746332085,0.4364717878993882,,0.34585249728430445,0.760383337477413,0.6132937978749691,,0.5913905792201938,0.6732749241184043,0.27152629354226077,,0.4098843157314866,0.6658728226797492,0.4915767576714558,,0.4098843157314866,0.775875530017658,0.6423202614379085,,0.0
agskbmvs,apertus_no_lora_long_form_layer30_seed44,apertus_no_lora_long_form_layer30_seed44,finished,2026-03-02 14:58:28+00:00,baseline,apertus,apertus_bf16_baseline,bf16,30,44,bfloat16,,bfloat16,,0.0001453680742997676,0.216385155916214,0.0,0.620358003757663,0.26669614639285205,,0.2638731596828992,0.6154336848041935,0.3672080654692621,,0.2638731596828992,0.7283952054526637,0.586879664789839,,0.5321162947937795,0.6459836147502036,0.2765519270373639,,0.3317541512552137,0.6358665083930621,0.4369267745190291,,0.3317541512552137,0.757597079379979,0.6351139725073952,,0.0
kgoq3e5r,llama_no_lora_long_form_layer10_seed42,llama_no_lora_long_form_layer10_seed42,finished,2026-03-02 14:45:36+00:00,baseline,llama,llama_baseline,bf16,10,42,bfloat16,,bfloat16,,0.4103353917598725,0.1933574229478836,0.0,0.8764854912180169,0.2614704256495301,,0.6467092872111839,0.8244259410463572,0.3559736594543744,,0.5280791574926387,0.8660843990891532,0.5704927371119339,,0.6276018099547511,0.8727830309840049,0.2819136400534185,,0.6144810564433315,0.8261130584584122,0.433088393048702,,0.5233393986344065,0.8652355144590025,0.6199844176081029,,0.6171797418073486
9oem35be,llama_no_lora_long_form_layer10_seed43,llama_no_lora_long_form_layer10_seed43,finished,2026-03-02 14:46:11+00:00,baseline,llama,llama_baseline,bf16,10,43,bfloat16,,bfloat16,,0.582381546497345,0.1932820975780487,0.0,0.8766966881350129,0.2660601253984168,,0.6464970687322599,0.8257740232153691,0.3683981517932992,,0.5283974852110247,0.8674093015111012,0.5778405081157375,,0.6316742081447964,0.8730621903488596,0.2834332699311674,,0.6146251824094259,0.8277488737065405,0.4425827761647266,,0.5233033671428828,0.8667972029893992,0.6262567672080434,,0.6194968553459119
rri8v027,llama_no_lora_long_form_layer10_seed44,llama_no_lora_long_form_layer10_seed44,finished,2026-03-02 14:46:11+00:00,baseline,llama,llama_baseline,bf16,10,44,bfloat16,,bfloat16,,0.3619125485420227,0.12387654185295104,0.0,0.8762741289736549,0.2663563407741019,,0.6460991590842773,0.8253184371421558,0.36592404958162905,,0.5309175796482478,0.8667550295064161,0.5732954545454545,,0.6280542986425339,0.8729178685485856,0.2836655030694891,,0.6147332768839966,0.8278622360097336,0.44026902957190134,,0.52708667375286,0.8659345377398329,0.6214634146341463,,0.6175107580271433
qni919ee,llama_no_lora_long_form_layer20_seed42,llama_no_lora_long_form_layer20_seed42,finished,2026-03-02 14:50:44+00:00,baseline,llama,llama_baseline,bf16,20,42,bfloat16,,bfloat16,,0.4025150239467621,0.1933574229478836,0.0,0.8781788888265181,0.2656629568950907,,0.6362309998143089,0.8251735032148012,0.385640478924061,,0.5289015040984694,0.8688144964075992,0.5941364457412811,,0.6416289592760182,0.8740952936253458,0.2771037824962011,,0.5993117985118994,0.8285624391741049,0.4488736910733531,,0.5370313654133713,0.8745965764971402,0.6372057120802779,,0.651770936775902
4aryhr4u,llama_no_lora_long_form_layer20_seed43,llama_no_lora_long_form_layer20_seed43,finished,2026-03-02 14:50:44+00:00,baseline,llama,llama_baseline,bf16,20,43,bfloat16,,bfloat16,,0.6214630007743835,0.1932820975780487,0.0,0.876278888033536,0.2636331619356202,,0.6315887205878452,0.827494253239295,0.38440523385986897,,0.5309971615778444,0.8704508617150583,0.5980324234446446,,0.6434389140271494,0.8723724373418704,0.27583023549097024,,0.6001585385627038,0.8307437562311761,0.44671080734728746,,0.5421118057181977,0.8757667224557364,0.6393284446159784,,0.656901688182721
v8qejznt,llama_no_lora_long_form_layer20_seed44,llama_no_lora_long_form_layer20_seed44,finished,2026-03-02 14:50:44+00:00,baseline,llama,llama_baseline,bf16,20,44,bfloat16,,bfloat16,,0.4049457013607025,0.12387654185295104,0.0,0.8768084294545108,0.2624906575663137,,0.6334721595882962,0.825902802611394,0.3823197157352065,,0.531235907366634,0.8695579939184436,0.5928185221128518,,0.638235294117647,0.8732451906537371,0.2770843570843571,,0.6003747275118454,0.8300914823228299,0.4500851426138782,,0.5395715855657846,0.8755827893456398,0.6340425531914894,,0.6504468718967229
82vjeyys,llama_no_lora_long_form_layer26_seed42,llama_no_lora_long_form_layer26_seed42,finished,2026-03-02 14:50:44+00:00,baseline,llama,llama_baseline,bf16,26,42,bfloat16,,bfloat16,,0.38688111305236816,0.1933574229478836,0.0,0.8667294677910653,0.26128598633359473,,0.6076876143990237,0.8184549842134284,0.3832802711307384,,0.5220839854630341,0.8676250003628037,0.6046766033091754,,0.6343891402714932,0.8646299536715014,0.2671533212504907,,0.583908335885564,0.8228908650414475,0.4317414896201712,,0.5252850991766804,0.8715595348727156,0.6312542176805167,,0.6411784177424694
gzg4irhz,llama_no_lora_long_form_layer26_seed43,llama_no_lora_long_form_layer26_seed43,finished,2026-03-02 14:51:46+00:00,baseline,llama,llama_baseline,bf16,26,43,bfloat16,,bfloat16,,0.6332159042358398,0.1932820975780487,0.0,0.8645183115930957,0.26180749860100727,,0.6049022468631456,0.819189545219485,0.3850221170661455,,0.5227736955195373,0.8683686026835858,0.6075637160865991,,0.642081447963801,0.86236904262827,0.26628162219458656,,0.5794404309366387,0.8235205816741915,0.43136830719307734,,0.5308159331255518,0.871939271963908,0.6297263320762015,,0.6340615690168818
7u7entue,llama_no_lora_long_form_layer26_seed44,llama_no_lora_long_form_layer26_seed44,finished,2026-03-02 14:51:46+00:00,baseline,llama,llama_baseline,bf16,26,44,bfloat16,,bfloat16,,0.4069174230098725,0.12387654185295104,0.0,0.8647245555410542,0.26209342272953956,,0.6053001565111282,0.8203955986898984,0.387530211789767,,0.5254264265060881,0.8689973655619054,0.6056627000410341,,0.6427601809954752,0.8619063412484611,0.26689825574283826,,0.5786657538688814,0.824966635705541,0.43889879715178415,,0.5318067991424505,0.8727722097356756,0.6316294236117771,,0.6381992717643165
ct7o6ek7,llama_no_lora_long_form_layer30_seed42,llama_no_lora_long_form_layer30_seed42,finished,2026-03-02 14:51:46+00:00,baseline,llama,llama_baseline,bf16,30,42,bfloat16,,bfloat16,,0.4142408668994904,0.1933574229478836,0.0,0.8608810630031158,0.28592047164157197,,0.6103934000053055,0.8276494906042692,0.45249709639953545,,0.5435711064540945,0.8773484682108235,0.6525551102204409,,0.6595022624434389,0.8563876862542225,0.26794772235348546,,0.5747923685300953,0.8310315211125916,0.43625163086607394,,0.5415713333453438,0.8791740095045839,0.65032184778493,,0.6582257530619
av9rm02w,llama_no_lora_long_form_layer30_seed43,llama_no_lora_long_form_layer30_seed43,finished,2026-03-02 14:51:46+00:00,baseline,llama,llama_baseline,bf16,30,43,bfloat16,,bfloat16,,0.7231071591377258,0.1932820975780487,0.0,0.8593043208177858,0.2874692269817824,,0.6082181605963339,0.8271305985226225,0.4523514372046176,,0.5405469931294268,0.8768075521848682,0.656619753393947,,0.6597285067873303,0.8545024766630366,0.2667720320705948,,0.5745401480894302,0.8300707065276327,0.43584329652890785,,0.5405624515826832,0.8783795514629622,0.6492007944764967,,0.6506123800066204
ojujrfsw,llama_no_lora_long_form_layer30_seed44,llama_no_lora_long_form_layer30_seed44,finished,2026-03-02 14:51:46+00:00,baseline,llama,llama_baseline,bf16,30,44,bfloat16,,bfloat16,,0.4089251160621643,0.12387654185295104,0.0,0.8586539142327282,0.2853271815152514,,0.6056980661591108,0.8290052122055307,0.4526986463194996,,0.5448178900177733,0.8775280801947595,0.6577466549956233,,0.6665158371040724,0.8532671296478973,0.2638888888888889,,0.5710811249031653,0.8323208661773918,0.434469941822883,,0.5458951123281748,0.8787603851007129,0.647025171624714,,0.656901688182721
2nr01dsq,apertus_seed_ablation_lora_ln_bf16_layer10_seed42,apertus_seed_ablation_lora_ln_bf16_layer10_seed42,finished,2026-03-17 12:11:57+00:00,final_ablation,apertus,lora_ln,bf16,10,42,bfloat16,,bfloat16,layernorm,0.13314111530780792,0.2443879097700119,0.004553976934403181,0.8939669608454629,0.3337884342036358,,0.6673215152425637,0.8567906933153042,0.5537645251873342,,0.5840941132965077,0.8835553107351006,0.6367002937045078,,0.652693261212531,0.8821295504522608,0.31636151968577114,,0.6211064767451011,0.8491431868346858,0.6252997138216413,,0.5696387817738254,0.8719661335136469,0.6646341463414634,,0.6313341086559229
2b8bb8bi,apertus_seed_ablation_lora_ln_fp32_layer10_seed42,apertus_seed_ablation_lora_ln_fp32_layer10_seed42,finished,2026-03-17 12:12:01+00:00,final_ablation,apertus,lora_ln,fp32,10,42,float32,,float32,layernorm,0.13185696303844452,0.24462579190731049,0.004688996355980635,0.8929747481404217,0.33325184293666316,,0.6645942635264751,0.8572572315289486,0.5515148685869007,,0.5837936533616844,0.8845445229200376,0.63847726111395,,0.6608068514762226,0.8811703995521513,0.3154264203747592,,0.6195482804753285,0.8495692740885182,0.6220473206043823,,0.5717950735814905,0.8727751946415546,0.6648020277947732,,0.6334939358697458
1y5eraro,apertus_seed_ablation_lora_ln_bf16_layer10_seed43,apertus_seed_ablation_lora_ln_bf16_layer10_seed43,finished,2026-03-17 12:11:57+00:00,final_ablation,apertus,lora_ln,bf16,10,43,bfloat16,,bfloat16,layernorm,0.28528884053230286,0.18985004723072052,0.006596417631953955,0.8930498594189098,0.33547683923705723,,0.6617283379943144,0.8598772931545615,0.569025280769053,,0.5955347031224721,0.8848632346104008,0.6388781680174964,,0.6524678837052063,0.8810283348678855,0.31131744753422713,,0.6136145431651845,0.8506774112524327,0.6314110570917966,,0.5732273550011805,0.8715985447489967,0.6603691069710487,,0.6271805947831866
v90aezzb,apertus_seed_ablation_lora_ln_fp32_layer10_seed43,apertus_seed_ablation_lora_ln_fp32_layer10_seed43,finished,2026-03-17 12:12:01+00:00,final_ablation,apertus,lora_ln,fp32,10,43,float32,,float32,layernorm,0.2759507894515991,0.1886921226978302,0.00578434020280838,0.8925525478168784,0.33525437201907793,,0.6610349689139529,0.8601903599279415,0.5705106526885356,,0.5981232810224882,0.8856620344566954,0.6385650224215247,,0.6581023213883255,0.8803167477998535,0.31024488039680176,,0.6120878256079326,0.8505775350781047,0.6307461596139426,,0.5746281577083497,0.8723196863707364,0.6636419160631708,,0.6319986708755607
hirckxit,apertus_seed_ablation_lora_ln_bf16_layer10_seed44,apertus_seed_ablation_lora_ln_bf16_layer10_seed44,finished,2026-03-17 12:12:00+00:00,final_ablation,apertus,lora_ln,bf16,10,44,bfloat16,,bfloat16,layernorm,0.1719139814376831,0.2203553467988968,0.0056469375267624855,0.8915302229488982,0.3329936545723901,,0.6576605727228604,0.8599332147214948,0.5837336375645491,,0.5962511845055123,0.8843049729500392,0.6458669981354879,,0.6522425061978815,0.8789810671254041,0.305978808030736,,0.6099630125127882,0.8503919150255933,0.6395885433869674,,0.5706775792870071,0.8709608331698513,0.6650208563888652,,0.6230270809104502
w4vtm8vr,apertus_seed_ablation_lora_ln_fp32_layer10_seed44,apertus_seed_ablation_lora_ln_fp32_layer10_seed44,finished,2026-03-17 12:12:01+00:00,final_ablation,apertus,lora_ln,fp32,10,44,float32,,float32,layernorm,0.1706967055797577,0.22055350244045255,0.005026350263506174,0.8898437243382264,0.3319312644267761,,0.6559271500219567,0.8598092472879478,0.5833759052799231,,0.5973836873367694,0.8849614214960778,0.6489967797869706,,0.656524678837052,0.8773965846796435,0.30510905450018944,,0.6092547414810734,0.8499502552670573,0.6388463935633747,,0.571527504525065,0.8716799986168804,0.664692444369236,,0.6283435786675527
2xbj8o4l,apertus_seed_ablation_lora_ln_bf16_layer20_seed42,apertus_seed_ablation_lora_ln_bf16_layer20_seed42,finished,2026-03-17 12:11:58+00:00,final_ablation,apertus,lora_ln,bf16,20,42,bfloat16,,bfloat16,layernorm,0.0964587777853012,0.2506278157234192,0.01028379611670971,0.900608806961996,0.3548097038206041,,0.6904338179212794,0.8782947734747986,0.590426750133598,,0.6412277255182934,0.9032166300126931,0.6785311442536659,,0.7002479152580573,0.8889904434257337,0.3266604812031536,,0.6371606201306367,0.8667066824635451,0.6447363374880153,,0.6021877705201857,0.8917298567954356,0.6898377455166524,,0.6688818740654594
zoig8be8,apertus_seed_ablation_lora_ln_fp32_layer20_seed42,apertus_seed_ablation_lora_ln_fp32_layer20_seed42,finished,2026-03-17 12:12:01+00:00,final_ablation,apertus,lora_ln,fp32,20,42,float32,,float32,layernorm,0.1011764034628868,0.24893546104431152,0.009765960276126862,0.8997917857948566,0.353866146848603,,0.6893706519980586,0.878403816841226,0.585492466710694,,0.6415975223611529,0.9034633465567874,0.6776464671863214,,0.6986702727067838,0.8880202138974213,0.32627112393857893,,0.6359644290548516,0.8666120092615703,0.6401566675348981,,0.6040135358463838,0.8919934024951243,0.6898144188830925,,0.6698787173949161
7h8nccd0,apertus_seed_ablation_lora_ln_bf16_layer20_seed43,apertus_seed_ablation_lora_ln_bf16_layer20_seed43,finished,2026-03-17 12:11:58+00:00,final_ablation,apertus,lora_ln,bf16,20,43,bfloat16,,bfloat16,layernorm,0.3106992244720459,0.19516922533512115,0.011255218647420406,0.8998187045846503,0.35725438650658525,,0.6926294866757575,0.8804088682367219,0.6076219054763691,,0.6442785494718839,0.9028349697707156,0.6764159127525096,,0.6979941401848095,0.8893471219641973,0.3252202296125934,,0.6409852837018966,0.8686435808363545,0.6539745590391072,,0.6062013063665697,0.8913504616536674,0.6919824086603519,,0.6695464362850972
6g0v1xpx,apertus_seed_ablation_lora_ln_fp32_layer20_seed43,apertus_seed_ablation_lora_ln_fp32_layer20_seed43,finished,2026-03-17 12:11:58+00:00,final_ablation,apertus,lora_ln,fp32,20,43,float32,,float32,layernorm,0.3116098642349243,0.1918206363916397,0.0092967776581645,0.8987913579375933,0.3546498497246399,,0.690387593315922,0.8806089848670018,0.6102383977281219,,0.646058196778145,0.90329072210497,0.6789667896678967,,0.6993464052287581,0.8882643102682017,0.3232790953964123,,0.6382466357125993,0.8692446044961604,0.6577727529677784,,0.6082789013929331,0.8916852459181199,0.696427070197562,,0.6707094201694633
ojz7itd9,apertus_seed_ablation_lora_ln_bf16_layer20_seed44,apertus_seed_ablation_lora_ln_bf16_layer20_seed44,finished,2026-03-17 16:30:18+00:00,final_ablation,apertus,lora_ln,bf16,20,44,bfloat16,,bfloat16,layernorm,0.31840285658836365,0.2190549373626709,0.0058461506851017475,0.8990630527673311,0.35493799443215307,,0.6866202879792914,0.8815187698875997,0.6321023553358535,,0.6480689671111933,0.9028981914877104,0.6852161452113685,,0.703403200360604,0.8870524964943824,0.3154337733587743,,0.6343747540725584,0.868108816142204,0.6699565333259817,,0.6054143385535532,0.8920159308868263,0.6994347505529614,,0.6687157335105499
d3ac3fxw,apertus_seed_ablation_lora_ln_fp32_layer20_seed44,apertus_seed_ablation_lora_ln_fp32_layer20_seed44,finished,2026-03-17 12:11:58+00:00,final_ablation,apertus,lora_ln,fp32,20,44,float32,,float32,layernorm,0.32679519057273865,0.21948564052581787,0.005932671949267387,0.8978306942429573,0.3540373181582691,,0.683315228696235,0.8814109470192691,0.628973819541842,,0.648901010007627,0.9035188071632704,0.686520751106327,,0.704304710389903,0.8858361188151094,0.31458507816862086,,0.6317620209333438,0.8679348357526332,0.6663463581849597,,0.60478476430314,0.8918587945946372,0.6981782373215165,,0.6708755607243728
rs01dsvx,apertus_seed_ablation_lora_ln_bf16_layer26_seed42,apertus_seed_ablation_lora_ln_bf16_layer26_seed42,finished,2026-03-17 16:30:18+00:00,final_ablation,apertus,lora_ln,bf16,26,42,bfloat16,,bfloat16,layernorm,0.1370227336883545,0.25045421719551086,0.01271762792021036,0.8983803085515223,0.3535479083572952,,0.6859038065962512,0.876708689591396,0.5840905956449116,,0.6379688908405945,0.9018354978154642,0.6732648459032824,,0.6991210277214334,0.8866337090224953,0.3264105683311593,,0.6367199181553475,0.8650955692839459,0.6424848543129147,,0.6010230581569214,0.8896696794581788,0.6901192504258944,,0.6673866090712743
anc6o8w4,apertus_seed_ablation_lora_ln_fp32_layer26_seed42,apertus_seed_ablation_lora_ln_fp32_layer26_seed42,finished,2026-03-17 16:29:53+00:00,final_ablation,apertus,lora_ln,fp32,26,42,float32,,float32,layernorm,0.1374218761920929,0.2509734630584717,0.012303522787988186,0.8975592090420991,0.35417017691659647,,0.6850486513971387,0.8765853887289143,0.5819669609622543,,0.6383617999861326,0.9017364271594388,0.673205079844084,,0.6982195176921343,0.8857410644020083,0.32630468642179766,,0.6365153065239632,0.8648446272309908,0.6392560906132617,,0.6023609034390494,0.8895836347844287,0.6880765288691493,,0.6673866090712743
uw9wu297,apertus_seed_ablation_lora_ln_bf16_layer26_seed43,apertus_seed_ablation_lora_ln_bf16_layer26_seed43,finished,2026-03-17 16:30:18+00:00,final_ablation,apertus,lora_ln,bf16,26,43,bfloat16,,bfloat16,layernorm,0.3048444092273712,0.19521087408065796,0.011675341986119747,0.8978727118966153,0.35644145586508696,,0.6874985554810826,0.8792793714522888,0.6035786366237913,,0.6418748699932975,0.9030434752986668,0.6785936141135545,,0.6943881000676132,0.887353738970271,0.3257170865971024,,0.6402455339576612,0.8683094283294776,0.6548476349302608,,0.6082002046116314,0.8907862384381873,0.6943504736129905,,0.67170626349892
xzz3jtwc,apertus_seed_ablation_lora_ln_fp32_layer26_seed43,apertus_seed_ablation_lora_ln_fp32_layer26_seed43,finished,2026-03-17 12:11:58+00:00,final_ablation,apertus,lora_ln,fp32,26,43,float32,,float32,layernorm,0.3077434301376343,0.1946186870336533,0.011910123750567436,0.8967502292461617,0.3550147466577186,,0.6870363094275083,0.8795860780619589,0.6046532613436405,,0.6451337046709964,0.9029900553982606,0.6788194444444444,,0.6937119675456389,0.8861986521899898,0.32450799148199283,,0.6386873376878885,0.8683711775402982,0.6556285754810647,,0.6084677736680569,0.8908465776393539,0.6936465021966881,,0.673866090712743
pntrbqoj,apertus_seed_ablation_lora_ln_bf16_layer26_seed44,apertus_seed_ablation_lora_ln_bf16_layer26_seed44,finished,2026-03-17 16:30:17+00:00,final_ablation,apertus,lora_ln,bf16,26,44,bfloat16,,bfloat16,layernorm,0.33011865615844727,0.2223024070262909,0.007598254363983869,0.8963532698266987,0.3529518439751389,,0.6821133889569417,0.8798931368250369,0.626433754681648,,0.6464742182263619,0.9018021314676844,0.6846006695361071,,0.6973180076628352,0.8851524255033127,0.3159027291812456,,0.6313213189580547,0.8673773031187964,0.6668944185402336,,0.6039663177776029,0.8910092573549625,0.6952544311034877,,0.6736999501578336
lbx39pba,apertus_seed_ablation_lora_ln_fp32_layer26_seed44,apertus_seed_ablation_lora_ln_fp32_layer26_seed44,finished,2026-03-17 12:12:01+00:00,final_ablation,apertus,lora_ln,fp32,26,44,float32,,float32,layernorm,0.33547887206077576,0.2242678701877594,0.007607629522681236,0.8961567201711492,0.3531235750113999,,0.6822751750756928,0.8797405717468223,0.624690162948622,,0.6463586567129683,0.9021533337697552,0.6854886948199546,,0.7011494252873564,0.8849102308178458,0.3164084129481354,,0.6328952545840875,0.8669577117064254,0.6657358692938576,,0.6025969937829543,0.8907024891673703,0.6943945089066841,,0.6741983718225619
d4ewmqnu,apertus_seed_ablation_lora_ln_bf16_layer30_seed42,apertus_seed_ablation_lora_ln_bf16_layer30_seed42,finished,2026-03-17 16:30:17+00:00,final_ablation,apertus,lora_ln,bf16,30,42,bfloat16,,bfloat16,layernorm,0.11993342638015748,0.25046995282173157,0.014462952502071856,0.8981631134135661,0.355534420543232,,0.6890470797605566,0.878153500256861,0.5848159509202454,,0.6443016617745626,0.9024643646923656,0.6752362948960302,,0.69754338517016,0.8888471451118031,0.33007766018931795,,0.6458015267175573,0.8675063297657797,0.6477938863629865,,0.6068151412607224,0.8916743870914403,0.6934563758389262,,0.6657252035221798
bl0l3xox,apertus_seed_ablation_lora_ln_fp32_layer30_seed42,apertus_seed_ablation_lora_ln_fp32_layer30_seed42,finished,2026-03-17 16:30:07+00:00,final_ablation,apertus,lora_ln,fp32,30,42,float32,,float32,layernorm,0.12718553841114044,0.25139644742012024,0.013032215647399426,0.897174030281999,0.35498506559794324,,0.687221207848938,0.8779966604784015,0.5797736851042808,,0.643862528023667,0.9025433496586605,0.6719086873811033,,0.6991210277214334,0.8881986436772621,0.33066790242748123,,0.6449830801920201,0.8677439376752958,0.6437970917118587,,0.6096482253875817,0.8920423761581473,0.6950521709862,,0.6678850307360027
bqpql58e,apertus_seed_ablation_lora_ln_bf16_layer30_seed43,apertus_seed_ablation_lora_ln_bf16_layer30_seed43,finished,2026-03-17 16:30:17+00:00,final_ablation,apertus,lora_ln,bf16,30,43,bfloat16,,bfloat16,layernorm,0.2970273494720459,0.1982695609331131,0.013581558130681516,0.8979767684615723,0.3575191315180637,,0.6902489194998498,0.8804666929245916,0.6044167644492584,,0.6477916194790487,0.9033816861766202,0.6775510204081633,,0.6984448951994591,0.8895951493723361,0.32798885606372236,,0.6477217281813173,0.8702987537353277,0.6599200564307548,,0.6127646179271268,0.8921966647319072,0.698163163991395,,0.6741983718225619
ci3jkkks,apertus_seed_ablation_lora_ln_fp32_layer30_seed43,apertus_seed_ablation_lora_ln_fp32_layer30_seed43,finished,2026-03-17 16:30:07+00:00,final_ablation,apertus,lora_ln,fp32,30,43,float32,,float32,layernorm,0.2946167588233948,0.19505859911441803,0.011995725333690643,0.8970558956090727,0.3571226231365745,,0.6902258071971711,0.8801771263717788,0.6057994083462226,,0.6498023898120969,0.9033702051963703,0.6774987690792713,,0.6993464052287581,0.8890756862092218,0.3273559071445508,,0.647611552687495,0.8702493500033341,0.6607297023385008,,0.6146690800346266,0.8930992191920899,0.7015930366234193,,0.679348729024755
7olona0s,apertus_seed_ablation_lora_ln_bf16_layer30_seed44,apertus_seed_ablation_lora_ln_bf16_layer30_seed44,finished,2026-03-17 16:30:17+00:00,final_ablation,apertus,lora_ln,bf16,30,44,bfloat16,,bfloat16,layernorm,0.2392968088388443,0.22305463254451752,0.008136157877743244,0.8969012511395005,0.3590706406946726,,0.687221207848938,0.8810688313210644,0.6270767158979463,,0.6478378440844061,0.902509822625363,0.6863097376931369,,0.6986702727067838,0.888108013115898,0.32248288742258596,,0.6444322027229087,0.8690761130004412,0.6718423081158462,,0.6072243645234909,0.8930105294844963,0.7033126460868865,,0.6783518856952983
ch8fpucm,apertus_seed_ablation_lora_ln_fp32_layer30_seed44,apertus_seed_ablation_lora_ln_fp32_layer30_seed44,finished,2026-03-17 16:30:07+00:00,final_ablation,apertus,lora_ln,fp32,30,44,float32,,float32,layernorm,0.2580143213272095,0.22365257143974304,0.007666947785764933,0.8961363156201555,0.3575042718027837,,0.6862736034391106,0.8809900608976847,0.6289124629729611,,0.6497792775094182,0.90315342436425,0.6878495775318338,,0.7013748027946811,0.8876609116830941,0.32097348479908183,,0.6443220272290864,0.8692155682538296,0.673957296868011,,0.6090658692059495,0.8932485571948436,0.7029789952879163,,0.6786841668051171
gffrf04r,apertus_seed_ablation_lora_no_ln_bf16_layer10_seed42,apertus_seed_ablation_lora_no_ln_bf16_layer10_seed42,finished,2026-03-17 12:12:01+00:00,final_ablation,apertus,lora_no_ln,bf16,10,42,bfloat16,,bfloat16,none,0.08922521770000458,0.25210753083229065,0.010495851747691631,0.8782349528673594,0.31807811032076233,,0.6302724940485821,0.8451836401087309,0.5265412996905499,,0.5633854900963783,0.8755917686079695,0.6317528918266175,,0.6418751408609421,0.8688261864135913,0.3057251751977378,,0.5961753364287401,0.838399072278303,0.5953473524599976,,0.5532226331943023,0.8654845540867162,0.6588050314465409,,0.6236916431300881
ewrxm4i8,apertus_seed_ablation_lora_no_ln_fp32_layer10_seed42,apertus_seed_ablation_lora_no_ln_fp32_layer10_seed42,finished,2026-03-17 12:12:01+00:00,final_ablation,apertus,lora_no_ln,fp32,10,42,float32,,float32,none,0.11997590959072112,0.2505309581756592,0.009815593250095844,0.8767507201646753,0.31345419847328243,,0.6285390713476784,0.8461037921820954,0.5091296556400445,,0.5661358541151454,0.877279127230825,0.6312956555171088,,0.6400721208023439,0.8672118567050524,0.3041405163167564,,0.5926497206264264,0.8377980881036263,0.5821907365810524,,0.5536948138821122,0.8662510717200826,0.6580736293811248,,0.6266821731184582
qj13cihv,apertus_seed_ablation_lora_no_ln_bf16_layer10_seed43,apertus_seed_ablation_lora_no_ln_bf16_layer10_seed43,finished,2026-03-17 12:12:01+00:00,final_ablation,apertus,lora_no_ln,bf16,10,43,bfloat16,,bfloat16,none,0.2442687451839447,0.19785532355308533,0.0140755046159029,0.8794246329953058,0.32487328844844543,,0.6373679709709479,0.8468083262573919,0.5405966767371602,,0.5710356622830333,0.8769376062312044,0.633,,0.6272256028848321,0.8707691689232226,0.30688520643582234,,0.6021877705201857,0.8393116694040001,0.6043498014736385,,0.5576768710159754,0.8639404877114059,0.6598275862068965,,0.6190397075926234
mecixmyz,apertus_seed_ablation_lora_no_ln_fp32_layer10_seed43,apertus_seed_ablation_lora_no_ln_fp32_layer10_seed43,finished,2026-03-17 12:12:01+00:00,final_ablation,apertus,lora_no_ln,fp32,10,43,float32,,float32,none,0.2463620901107788,0.1975707560777664,0.014167893677949904,0.8773130819176087,0.32642543069271246,,0.6346869438602168,0.8490944456358303,0.5587291795188155,,0.5759585827535998,0.8794536682752252,0.6423538138212387,,0.6328600405679513,0.8674309666095585,0.3030383744601511,,0.5976233572046903,0.8404794523121918,0.6177294718777572,,0.5594082002046117,0.8664124998583742,0.6638919561708995,,0.6266821731184582
6kau189r,apertus_seed_ablation_lora_no_ln_bf16_layer10_seed44,apertus_seed_ablation_lora_no_ln_bf16_layer10_seed44,finished,2026-03-17 12:12:01+00:00,final_ablation,apertus,lora_no_ln,bf16,10,44,bfloat16,,bfloat16,none,0.2178159207105637,0.22761860489845276,0.01007705181837082,0.8737433699230097,0.3189781519479192,,0.6269212101601682,0.8483522859190409,0.5671388531171881,,0.5752421013705595,0.8774483612182161,0.6458909878474312,,0.6430020283975659,0.8637256667011699,0.2963708374493385,,0.5871252065790509,0.8382023567508939,0.6184462746231277,,0.5519162666246951,0.8648300703581029,0.6610850636302746,,0.6178767237082572
6jaq3nfl,apertus_seed_ablation_lora_no_ln_fp32_layer10_seed44,apertus_seed_ablation_lora_no_ln_fp32_layer10_seed44,finished,2026-03-17 12:12:01+00:00,final_ablation,apertus,lora_no_ln,fp32,10,44,float32,,float32,none,0.2450062334537506,0.22695371508598328,0.009543140418827534,0.870494649129757,0.31586437772404924,,0.6189474657360112,0.8509997207486837,0.583180304862573,,0.5835625303348972,0.879077495443682,0.6521946564885496,,0.6423258958755916,0.8592696399442932,0.28799748061252606,,0.5751475564649405,0.8400307411548924,0.6270498828638363,,0.5555835366333517,0.865742039517292,0.6652303612860457,,0.6190397075926234
6c6gmxtq,apertus_seed_ablation_lora_no_ln_bf16_layer20_seed42,apertus_seed_ablation_lora_no_ln_bf16_layer20_seed42,finished,2026-03-17 12:12:01+00:00,final_ablation,apertus,lora_no_ln,bf16,20,42,bfloat16,,bfloat16,none,0.26062101125717163,0.3972518742084503,0.13034847378730774,0.8692883358573391,0.29224654068000916,,0.6100261169020269,0.8159952119854025,0.48261906720407993,,0.5351422562229875,0.8784384170021219,0.6561283472926743,,0.6533693937345053,0.8581974116679173,0.2838930665668561,,0.5666955221531439,0.8092083533681953,0.5304202250524487,,0.5098449673408357,0.869377496656059,0.6690682822990012,,0.6238577836849976
0bjruo3x,apertus_seed_ablation_lora_no_ln_fp32_layer20_seed42,apertus_seed_ablation_lora_no_ln_fp32_layer20_seed42,finished,2026-03-17 12:12:00+00:00,final_ablation,apertus,lora_no_ln,fp32,20,42,float32,,float32,none,0.2796197235584259,0.3843332827091217,0.11849804222583772,0.8635909793883174,0.29250946893383833,,0.601890586359119,0.8201764068411218,0.4812077422776084,,0.5474842258534218,0.8804505049879836,0.6556275497960163,,0.652693261212531,0.8525845520058698,0.2789790389277057,,0.5541197765011411,0.8130738775951843,0.5239018433821403,,0.5174470764145747,0.8703887255239869,0.6717075197341088,,0.6328293736501079
iplnj2f6,apertus_seed_ablation_lora_no_ln_bf16_layer20_seed43,apertus_seed_ablation_lora_no_ln_bf16_layer20_seed43,finished,2026-03-17 12:11:58+00:00,final_ablation,apertus,lora_no_ln,bf16,20,43,bfloat16,,bfloat16,none,0.32051798701286316,0.3339915871620178,0.12340111285448074,0.8730412625991628,0.299724944941728,,0.6209813483717382,0.823395387215136,0.5112619512116473,,0.5561513393579403,0.8817076683081978,0.6568335910550731,,0.651791751183232,0.86240942544005,0.28840019076890466,,0.5748012906272133,0.8185617056558041,0.5612920525566717,,0.5313921460612261,0.8705148561416765,0.6742096505823627,,0.6359860441933876
p10jul9x,apertus_seed_ablation_lora_no_ln_fp32_layer20_seed43,apertus_seed_ablation_lora_no_ln_fp32_layer20_seed43,finished,2026-03-17 12:11:58+00:00,final_ablation,apertus,lora_no_ln,fp32,20,43,float32,,float32,none,0.35655874013900757,0.3264869153499603,0.11710862070322035,0.8661704842835333,0.2952293952267345,,0.6070677421591513,0.821840040368197,0.5267755412077478,,0.5522915848105947,0.8826357557221478,0.6697121973503883,,0.6626098715348209,0.857237695595244,0.2834360674095515,,0.567608404816243,0.8171298425941156,0.5739042413199716,,0.5288108916345321,0.8724835771267445,0.6798116069290333,,0.6369828875228444
gzg1bpgo,apertus_seed_ablation_lora_no_ln_bf16_layer20_seed44,apertus_seed_ablation_lora_no_ln_bf16_layer20_seed44,finished,2026-03-17 12:11:58+00:00,final_ablation,apertus,lora_no_ln,bf16,20,44,bfloat16,,bfloat16,none,0.16019457578659058,0.32381007075309753,0.10506468266248704,0.8678010522891328,0.2925561029009305,,0.6045485011671713,0.8238233206290315,0.5316754740441405,,0.5487091778953938,0.8794630201723634,0.6592699434150672,,0.638043723236421,0.8564110772864812,0.27805757877411025,,0.5560242386086409,0.814444782377742,0.5674175382139984,,0.5098292279845754,0.8663667235446908,0.6691061974462784,,0.6102342581824224
m7x1nm18,apertus_seed_ablation_lora_no_ln_fp32_layer20_seed44,apertus_seed_ablation_lora_no_ln_fp32_layer20_seed44,finished,2026-03-17 12:11:58+00:00,final_ablation,apertus,lora_no_ln,fp32,20,44,float32,,float32,none,0.2034815400838852,0.3089570999145508,0.08906871825456619,0.8672997912261758,0.29458309114431963,,0.6106039244689948,0.8255166448703091,0.5060229322339603,,0.5575149652159844,0.8806167261219151,0.6648250460405156,,0.656524678837052,0.8544724139752415,0.27772778821938376,,0.5559612811835996,0.8116791297097766,0.5414365787834752,,0.5027622570236877,0.8694783981099419,0.6700523726392636,,0.6120618042864263
wb2hjoot,apertus_seed_ablation_lora_no_ln_bf16_layer26_seed42,apertus_seed_ablation_lora_no_ln_bf16_layer26_seed42,finished,2026-03-17 16:27:58+00:00,final_ablation,apertus,lora_no_ln,bf16,26,42,bfloat16,,bfloat16,none,0.25335440039634705,0.532015860080719,0.24838440120220184,0.852231286652306,0.2536362150678215,,0.5756812351214552,0.7987461016237563,0.4253074367142808,,0.49666027226292553,0.8664292955922902,0.6395456652758461,,0.6182105025918413,0.84128607266222,0.25191059841384283,,0.5284016683717636,0.7892925999303395,0.4684064706408079,,0.4716612890532777,0.8593018786854518,0.6620366631672454,,0.613058647615883
hmoapp0x,apertus_seed_ablation_lora_no_ln_fp32_layer26_seed42,apertus_seed_ablation_lora_no_ln_fp32_layer26_seed42,finished,2026-03-17 12:12:00+00:00,final_ablation,apertus,lora_no_ln,fp32,26,42,float32,,float32,none,0.1232343688607216,0.5148332118988037,0.23110823333263397,0.8409281594975767,0.2538161602170634,,0.5581389973883097,0.7980196385713472,0.44963950185711166,,0.5070839207710264,0.8687027867785769,0.6399439055743835,,0.6200135226504395,0.8330141790821112,0.254447938655064,,0.5174785551270953,0.7952278100972521,0.509543425280911,,0.4941056110805068,0.8637471316837497,0.6634343434343435,,0.6097358365176939
uxvkykmd,apertus_seed_ablation_lora_no_ln_bf16_layer26_seed43,apertus_seed_ablation_lora_no_ln_bf16_layer26_seed43,finished,2026-03-17 16:27:58+00:00,final_ablation,apertus,lora_no_ln,bf16,26,43,bfloat16,,bfloat16,none,0.35377949476242065,0.5308578610420227,0.3128100037574768,0.8634610930858985,0.2761165490082585,,0.6127995932234729,0.7971490800047553,0.4497079272090635,,0.5052349365567291,0.8647563986660403,0.6291840381179273,,0.6064908722109533,0.8544401350227915,0.2728392138290315,,0.5635948689698591,0.7927673759403441,0.5008585276793671,,0.4890532777209412,0.8627119657662492,0.6584635849684071,,0.6062468848645954
v6ynidrk,apertus_seed_ablation_lora_no_ln_fp32_layer26_seed43,apertus_seed_ablation_lora_no_ln_fp32_layer26_seed43,finished,2026-03-17 12:11:58+00:00,final_ablation,apertus,lora_no_ln,fp32,26,43,float32,,float32,none,0.3816637694835663,0.4333506226539612,0.2236379235982895,0.8510460138491787,0.28464148471188727,,0.6057503409064645,0.7977708978770032,0.47629955658818335,,0.5109436753183719,0.8707006701646618,0.6481439307674789,,0.6260987153482083,0.8405512618622955,0.2706534081134088,,0.55358463838829,0.7904888597594135,0.5065035415325178,,0.4820807428976155,0.8662033040303443,0.6705276705276705,,0.6177105831533477
7q2j1ho7,apertus_seed_ablation_lora_no_ln_bf16_layer26_seed44,apertus_seed_ablation_lora_no_ln_bf16_layer26_seed44,finished,2026-03-17 16:27:58+00:00,final_ablation,apertus,lora_no_ln,bf16,26,44,bfloat16,,bfloat16,none,0.04689282551407814,0.4463966190814972,0.21377722918987271,0.855670628675185,0.2900161388521121,,0.6099105553886334,0.8026361485452452,0.4862202491858525,,0.5155199112487577,0.8708431419790561,0.6556387615960657,,0.6357899481631734,0.844599529003839,0.27126421038213944,,0.5552844888644054,0.7912439562363792,0.506591919170388,,0.4740536712048477,0.8609963268891323,0.6593702910619399,,0.5874730021598272
jl6yk7jj,apertus_seed_ablation_lora_no_ln_fp32_layer26_seed44,apertus_seed_ablation_lora_no_ln_fp32_layer26_seed44,finished,2026-03-17 16:23:58+00:00,final_ablation,apertus,lora_no_ln,fp32,26,44,float32,,float32,none,0.17722922563552856,0.43569135665893555,0.19768661260604856,0.850544559852674,0.2689899792607524,,0.5907735687706566,0.8041319268338797,0.4616382536382536,,0.5151038898005408,0.866782136886643,0.6466902130568531,,0.6220419202163624,0.8399947654028539,0.2587855415088312,,0.5355473361139529,0.7953042949431346,0.4928081001216757,,0.4801133233650744,0.8584075633536784,0.6544871794871795,,0.5904635321481974
mvb88m9a,apertus_seed_ablation_lora_no_ln_bf16_layer30_seed42,apertus_seed_ablation_lora_no_ln_bf16_layer30_seed42,finished,2026-03-17 16:27:58+00:00,final_ablation,apertus,lora_no_ln,bf16,30,42,bfloat16,,bfloat16,none,0.4197629690170288,0.7277742624282837,0.4150362610816955,0.8551440854894222,0.233639735526528,,0.5713130099151779,0.780327686780461,0.3802158965656,,0.45244643723854205,0.8515249103848832,0.6258944543828264,,0.5774171737660582,0.8450175976048977,0.24283964228837435,,0.5206893838042024,0.7681400269089464,0.44497070641316305,,0.4284252774061541,0.8442348487647683,0.6383677298311444,,0.5550755939524838
f5eoc4sp,apertus_seed_ablation_lora_no_ln_fp32_layer30_seed42,apertus_seed_ablation_lora_no_ln_fp32_layer30_seed42,finished,2026-03-17 16:23:58+00:00,final_ablation,apertus,lora_no_ln,fp32,30,42,float32,,float32,none,0.1110144630074501,0.6751798987388611,0.3664935231208801,0.8400063142852486,0.23428238937267623,,0.5399958397855178,0.7784465940885993,0.40866319175654986,,0.4647190699609402,0.848232006170581,0.6160976712638481,,0.5686274509803921,0.8306937957671414,0.2382878442835616,,0.4939167388053829,0.7719114279602716,0.4670819592036155,,0.45200283308412686,0.8496243585767593,0.6528505637605209,,0.5838179099518193
cg31vk3v,apertus_seed_ablation_lora_no_ln_bf16_layer30_seed43,apertus_seed_ablation_lora_no_ln_bf16_layer30_seed43,finished,2026-03-17 16:27:58+00:00,final_ablation,apertus,lora_no_ln,bf16,30,43,bfloat16,,bfloat16,none,0.2991305887699127,0.8415982723236084,0.6095139980316162,0.8576711611373952,0.2609113556562506,,0.5717290313633947,0.7849883761664934,0.4438475014599149,,0.46987311345829386,0.8583578611742043,0.6364037020713971,,0.5925174667568177,0.8462124061459988,0.25682434339829663,,0.5236169040686236,0.7800015822167484,0.5100652682132165,,0.4593688518139608,0.8550236985911577,0.656468797564688,,0.5858115966107327
h8atutjg,apertus_seed_ablation_lora_no_ln_fp32_layer30_seed43,apertus_seed_ablation_lora_no_ln_fp32_layer30_seed43,finished,2026-03-17 16:23:58+00:00,final_ablation,apertus,lora_no_ln,fp32,30,43,float32,,float32,none,0.372153639793396,0.6592832803726196,0.43745291233062744,0.8552280576672113,0.2677996368342379,,0.5923220930501306,0.7870189629786216,0.44418190591876466,,0.47729216261816165,0.8597310796096795,0.6375191759807144,,0.6024340770791075,0.8434407222244564,0.26075923784287525,,0.5346659321633745,0.7805259119284903,0.4978189340106963,,0.45738569292515935,0.8511849640142639,0.6520314048326854,,0.5755108822063466
fjrhnpjp,apertus_seed_ablation_lora_no_ln_bf16_layer30_seed44,apertus_seed_ablation_lora_no_ln_bf16_layer30_seed44,finished,2026-03-17 16:27:58+00:00,final_ablation,apertus,lora_no_ln,bf16,30,44,bfloat16,,bfloat16,none,3.142855712212622e-05,0.6517901420593262,0.39299678802490234,0.855625218120226,0.2409806320941812,,0.5685626458964107,0.7790730879554595,0.3955397028777228,,0.4476621905840479,0.8473589133751123,0.611619396157365,,0.5571331981068289,0.8437828526661574,0.2368561916574189,,0.516030534351145,0.7656351170560618,0.41820633694862897,,0.421484221295349,0.8375176485069453,0.6224760013240649,,0.5296560890513374
k495b0xr,apertus_seed_ablation_lora_no_ln_fp32_layer30_seed44,apertus_seed_ablation_lora_no_ln_fp32_layer30_seed44,finished,2026-03-17 16:23:58+00:00,final_ablation,apertus,lora_no_ln,fp32,30,44,float32,,float32,none,0.014200537465512753,0.6216822266578674,0.3627292513847351,0.8536381178732229,0.25060654229063833,,0.573092657221439,0.7929828900382491,0.41434400719275194,,0.4916911271870016,0.855950984939557,0.6081829121540313,,0.5839531214784764,0.8400697193554665,0.24320011475086512,,0.5140631148186039,0.7809308000467321,0.45663883652033394,,0.4594475485952624,0.8435450016430626,0.629187202405814,,0.5590629672703107
pskmrnak,apertus_seed_ablation_no_lora_ln_bf16_layer10_seed42,apertus_seed_ablation_no_lora_ln_bf16_layer10_seed42,finished,2026-03-17 12:11:58+00:00,final_ablation,apertus,no_lora_ln,bf16,10,42,bfloat16,,bfloat16,layernorm,0.17230355739593506,0.23546640574932096,0.0,0.8751841138403802,0.29447348850632127,,0.6249797767351561,0.8236663080827863,0.4477032636943535,,0.5139020500612476,0.8601505652225571,0.6039616948707858,,0.6094207798061754,0.8634258936526653,0.29182079736950267,,0.5774140237664279,0.8152926148271417,0.5209651520146326,,0.4963878177382545,0.8495229808141002,0.6342862263643696,,0.5904635321481974
5os7l182,apertus_seed_ablation_no_lora_ln_fp32_layer10_seed42,apertus_seed_ablation_no_lora_ln_fp32_layer10_seed42,finished,2026-03-17 12:11:57+00:00,final_ablation,apertus,no_lora_ln,fp32,10,42,float32,,float32,layernorm,0.1525668501853943,0.23546640574932096,0.0,0.8706494611742314,0.29202783278684974,,0.6153419465181316,0.8287075501271636,0.4536834672674086,,0.5246261585041718,0.8657006510430851,0.611443433029909,,0.6184358800991661,0.8586056127068732,0.28977114150153505,,0.570189659242937,0.8198663693716072,0.5278119042575725,,0.5058943889194932,0.8551536700817466,0.6412281480166829,,0.600598105997674
4u5tyfk2,apertus_seed_ablation_no_lora_ln_bf16_layer10_seed43,apertus_seed_ablation_no_lora_ln_bf16_layer10_seed43,finished,2026-03-17 12:11:58+00:00,final_ablation,apertus,no_lora_ln,bf16,10,43,bfloat16,,bfloat16,layernorm,0.25795236229896545,0.1830067932605743,0.0,0.8783703814469513,0.2845998751860208,,0.6306654031941202,0.8233194341598251,0.4137919000506029,,0.5152887882219706,0.8599598074100512,0.5888449474976135,,0.6040117196303809,0.8655612437633902,0.28900514009863254,,0.5798693633430393,0.81385426060997,0.4891662715434066,,0.49185488313527975,0.8497699773173654,0.6265991716520939,,0.5888021265991028
g134plw3,apertus_seed_ablation_no_lora_ln_fp32_layer10_seed43,apertus_seed_ablation_no_lora_ln_fp32_layer10_seed43,finished,2026-03-17 12:11:57+00:00,final_ablation,apertus,no_lora_ln,fp32,10,43,float32,,float32,layernorm,0.2639862298965454,0.1830067932605743,0.0,0.8711648748671368,0.28855654960608895,,0.6152494973074167,0.8286131045825749,0.4422463632177635,,0.5269373887720433,0.8661000509662325,0.6093956188968065,,0.6159567275185936,0.858486376420526,0.28655416309218856,,0.5678444951601479,0.8188450172949013,0.514287560024979,,0.5067285748012906,0.8553547433250036,0.6384394102840705,,0.6020933709918591
ors05k8x,apertus_seed_ablation_no_lora_ln_bf16_layer10_seed44,apertus_seed_ablation_no_lora_ln_bf16_layer10_seed44,finished,2026-03-17 12:11:58+00:00,final_ablation,apertus,no_lora_ln,bf16,10,44,bfloat16,,bfloat16,layernorm,0.2949602007865906,0.21715889871120453,0.0,0.8775141775984048,0.28867155470523226,,0.6295791249682205,0.8240571051527068,0.4212095991122208,,0.5138096008505327,0.8607924476264034,0.5952026019785879,,0.6182105025918413,0.8647285824917661,0.28916252981754886,,0.5781380341544031,0.8130070431760238,0.4921706115372376,,0.49061147399071375,0.8485870948737967,0.621466839091077,,0.5854793155009138
nnmux0w1,apertus_seed_ablation_no_lora_ln_fp32_layer10_seed44,apertus_seed_ablation_no_lora_ln_fp32_layer10_seed44,finished,2026-03-17 12:11:58+00:00,final_ablation,apertus,no_lora_ln,fp32,10,44,float32,,float32,layernorm,0.27014684677124023,0.21715889871120453,0.0,0.8697091969122411,0.29504403162563475,,0.6135391869091917,0.8302809288900906,0.4615926118364816,,0.5270760625881157,0.8669076162075255,0.618594340852784,,0.6213657876943881,0.8566638742743453,0.2872593802855795,,0.5654363736523176,0.8192260928843812,0.5284033186589908,,0.5036751396867868,0.8549314315006261,0.6402698863636364,,0.5992689815583984
gvfu9fwn,apertus_seed_ablation_no_lora_ln_bf16_layer20_seed42,apertus_seed_ablation_no_lora_ln_bf16_layer20_seed42,finished,2026-03-17 12:11:58+00:00,final_ablation,apertus,no_lora_ln,bf16,20,42,bfloat16,,bfloat16,layernorm,0.2152990400791168,0.23546640574932096,0.0,0.8738612408310584,0.2941965707008687,,0.627753253056602,0.8266060367180843,0.44068604908623304,,0.5275845332470473,0.8678022087252814,0.6102320675105485,,0.6227180527383367,0.8610405798171638,0.2873814641547604,,0.5718895097190525,0.8157314119138225,0.4965211407599969,,0.4926733296608169,0.85832539502263,0.6423278510753659,,0.6104003987373318
1ns4nf1n,apertus_seed_ablation_no_lora_ln_fp32_layer20_seed42,apertus_seed_ablation_no_lora_ln_fp32_layer20_seed42,finished,2026-03-17 12:11:57+00:00,final_ablation,apertus,no_lora_ln,fp32,20,42,float32,,float32,layernorm,0.1705061048269272,0.23546640574932096,0.0,0.8652710112530182,0.29145207715297156,,0.6112510689439989,0.8323791504181122,0.44815248172830713,,0.5395567060346222,0.8753485228710607,0.6182198405437198,,0.6364660806851477,0.8532539175167526,0.28521416678356437,,0.5599590776737231,0.8225423675204092,0.5076146540027137,,0.5072479735578815,0.865058612429839,0.652970075926753,,0.6211995348064463
wqwpqplu,apertus_seed_ablation_no_lora_ln_bf16_layer20_seed43,apertus_seed_ablation_no_lora_ln_bf16_layer20_seed43,finished,2026-03-17 12:11:58+00:00,final_ablation,apertus,no_lora_ln,bf16,20,43,bfloat16,,bfloat16,layernorm,0.27163413166999817,0.1830067932605743,0.0,0.8766494611410156,0.29042896403393476,,0.6361199066262971,0.8254655889623789,0.4213062469666505,,0.5249959553470313,0.8654078016868187,0.6020872357506021,,0.6166328600405679,0.8650121357517808,0.28898478006355577,,0.5809239002124813,0.8149006452598331,0.48029710016011384,,0.4954277170063745,0.8581826746715997,0.6378082191780822,,0.6014288087722213
3fvgob57,apertus_seed_ablation_no_lora_ln_fp32_layer20_seed43,apertus_seed_ablation_no_lora_ln_fp32_layer20_seed43,finished,2026-03-17 12:12:00+00:00,final_ablation,apertus,no_lora_ln,fp32,20,43,float32,,float32,layernorm,0.2663000524044037,0.1830067932605743,0.0,0.8680230847611112,0.2922643239632745,,0.6203804285020916,0.8320633359751588,0.4416766467065869,,0.5402962997203411,0.8729435266569723,0.6165987110351178,,0.6339869281045751,0.8567831638377917,0.28631454468829215,,0.5697804359801684,0.8219028371023916,0.4986525273328805,,0.5097190524907531,0.8645407381119967,0.6489485458612976,,0.6148861937198871
e87wdkgg,apertus_seed_ablation_no_lora_ln_bf16_layer20_seed44,apertus_seed_ablation_no_lora_ln_bf16_layer20_seed44,finished,2026-03-17 12:11:58+00:00,final_ablation,apertus,no_lora_ln,bf16,20,44,bfloat16,,bfloat16,layernorm,0.5508213043212891,0.21715889871120453,0.0,0.8764580393707097,0.29409832218702336,,0.6357732220861164,0.8265147021200753,0.43102796024349144,,0.5290637206184852,0.8661783771219045,0.6072756240042485,,0.6218165427090376,0.8636973452093912,0.2900857588357588,,0.5803730227433698,0.8143019821808252,0.49090209444230665,,0.4924687180294326,0.8575509878917648,0.6398408536033999,,0.6039209170958632
cwfarr73,apertus_seed_ablation_no_lora_ln_fp32_layer20_seed44,apertus_seed_ablation_no_lora_ln_fp32_layer20_seed44,finished,2026-03-17 12:12:00+00:00,final_ablation,apertus,no_lora_ln,fp32,20,44,float32,,float32,layernorm,0.5645830035209656,0.21715889871120453,0.0,0.8684959076716608,0.2999205753391868,,0.6188319042226177,0.8336013944975322,0.4624469459309836,,0.5428617653176786,0.8736684915078184,0.6227638060668914,,0.6339869281045751,0.8559021957001742,0.28847276322529153,,0.567797277091367,0.8219705286714933,0.5191266787425375,,0.5099079247658771,0.8639947159723136,0.6523922812582607,,0.6157168964944343
sktqsnjn,apertus_seed_ablation_no_lora_ln_bf16_layer26_seed42,apertus_seed_ablation_no_lora_ln_bf16_layer26_seed42,finished,2026-03-17 12:11:58+00:00,final_ablation,apertus,no_lora_ln,bf16,26,42,bfloat16,,bfloat16,layernorm,0.28375691175460815,0.23546640574932096,0.0,0.8525990233261717,0.26424179664746617,,0.5972219012180183,0.805856279437251,0.3663149583692219,,0.4787944622922782,0.8553046997525219,0.5863636363636363,,0.6022086995717827,0.8413863611694424,0.2645219596810635,,0.5470528055402534,0.7948170878591473,0.420619560304565,,0.4482726056504289,0.8422608326448983,0.6188389923329682,,0.5745140388768899
7gnieqeg,apertus_seed_ablation_no_lora_ln_fp32_layer26_seed42,apertus_seed_ablation_no_lora_ln_fp32_layer26_seed42,finished,2026-03-17 12:12:00+00:00,final_ablation,apertus,no_lora_ln,fp32,26,42,float32,,float32,layernorm,0.25755712389945984,0.23546640574932096,0.0,0.8431561673916232,0.26511410565666005,,0.583100284281323,0.8128932798852115,0.3753195902093651,,0.49924885016294174,0.8624975459304287,0.59708283152683,,0.6112237998647735,0.8325359993348658,0.2639831168647225,,0.5378610214842213,0.8029518648437738,0.43052331289052126,,0.4649878019988982,0.8498741267917342,0.6279620853080569,,0.5864761588303705
28w443zi,apertus_seed_ablation_no_lora_ln_bf16_layer26_seed43,apertus_seed_ablation_no_lora_ln_bf16_layer26_seed43,finished,2026-03-17 12:11:58+00:00,final_ablation,apertus,no_lora_ln,bf16,26,43,bfloat16,,bfloat16,layernorm,0.29117971658706665,0.1830067932605743,0.0,0.855171191861322,0.256334071633083,,0.6006425220144683,0.803632289156791,0.3469454904398055,,0.4750040446529687,0.8532206567917703,0.5831978319783198,,0.59026369168357,0.8440244482732533,0.2608209183986267,,0.5497914535295506,0.7920207700720496,0.4014816387679749,,0.4398048319823719,0.8419452983489739,0.612184524359804,,0.5675361355706928
w5wy94kg,apertus_seed_ablation_no_lora_ln_fp32_layer26_seed43,apertus_seed_ablation_no_lora_ln_fp32_layer26_seed43,finished,2026-03-17 12:12:00+00:00,final_ablation,apertus,no_lora_ln,fp32,26,43,float32,,float32,layernorm,0.28635138273239136,0.1830067932605743,0.0,0.8452592960871406,0.2589716574966507,,0.5832851827027526,0.8118717532511822,0.3614151645519069,,0.4935401114012989,0.8603796625996198,0.5952798381658799,,0.6069416272256029,0.83492396528648,0.2606332980848314,,0.5386794680097584,0.8015210733347408,0.41568967334652906,,0.4613205319902416,0.8496202998179304,0.6252291895856252,,0.5876391427147367
guhpt5hu,apertus_seed_ablation_no_lora_ln_bf16_layer26_seed44,apertus_seed_ablation_no_lora_ln_bf16_layer26_seed44,finished,2026-03-17 12:11:58+00:00,final_ablation,apertus,no_lora_ln,bf16,26,44,bfloat16,,bfloat16,layernorm,0.4941813349723816,0.21715889871120453,0.0,0.8567017706888476,0.25927922585514435,,0.6071139667645088,0.8069210877104723,0.3509751336361812,,0.4794416067672822,0.853171318303517,0.5840370471261237,,0.5988280369619112,0.8443031659895771,0.26034519562101666,,0.5529078460690958,0.7935152918852741,0.40260781401051615,,0.44592744156763986,0.8417131383573828,0.6141032759578012,,0.5753447416514371
h4nm03f9,apertus_seed_ablation_no_lora_ln_fp32_layer26_seed44,apertus_seed_ablation_no_lora_ln_fp32_layer26_seed44,finished,2026-03-17 12:11:57+00:00,final_ablation,apertus,no_lora_ln,fp32,26,44,float32,,float32,layernorm,0.5259711146354675,0.21715889871120453,0.0,0.8482379762288033,0.26839946310071877,,0.5910971410081587,0.8157307484369407,0.3816352739726027,,0.5003813529941988,0.8608328921712441,0.6046141607000796,,0.611674554879423,0.8362218965507366,0.26423018308741425,,0.5408200204611632,0.8032954135054327,0.4326736202950884,,0.4651924136302825,0.8491944797718048,0.6305703697008045,,0.5883037049343744
x7ozq4e5,apertus_seed_ablation_no_lora_ln_bf16_layer30_seed42,apertus_seed_ablation_no_lora_ln_bf16_layer30_seed42,finished,2026-03-17 12:11:58+00:00,final_ablation,apertus,no_lora_ln,bf16,30,42,bfloat16,,bfloat16,layernorm,0.2876756489276886,0.23546640574932096,0.0,0.8527312272592213,0.2646125606398322,,0.606605496105577,0.8101383696940799,0.363338494221006,,0.4936787852173712,0.8564643832033372,0.5965984586765878,,0.6033355871084066,0.8453772676029163,0.27207555022927715,,0.5660659479027308,0.7995817378690937,0.4326057438869935,,0.4530573699535689,0.8462465591504662,0.6324075712011321,,0.5878052832696461
6je2twu6,apertus_seed_ablation_no_lora_ln_fp32_layer30_seed42,apertus_seed_ablation_no_lora_ln_fp32_layer30_seed42,finished,2026-03-17 12:11:58+00:00,final_ablation,apertus,no_lora_ln,fp32,30,42,float32,,float32,layernorm,0.25856685638427734,0.23546640574932096,0.0,0.8434717857554485,0.2618117091668924,,0.5907042318626204,0.8162132940716913,0.3656901956545238,,0.507361268403171,0.8623693590585706,0.5976,,0.6150552174892946,0.837118016859878,0.2705831752769219,,0.5546863933265129,0.806768375734539,0.43757268933433674,,0.4705123160462737,0.8526193222904419,0.6423229212494501,,0.600598105997674
2j941r5c,apertus_seed_ablation_no_lora_ln_bf16_layer30_seed43,apertus_seed_ablation_no_lora_ln_bf16_layer30_seed43,finished,2026-03-17 12:11:58+00:00,final_ablation,apertus,no_lora_ln,bf16,30,43,bfloat16,,bfloat16,layernorm,0.26969534158706665,0.1830067932605743,0.0,0.8520882425830157,0.2547287395050061,,0.6080846834770148,0.8104426700864014,0.3416363569565377,,0.4905817366584233,0.8559969731347633,0.5894965395576062,,0.5997295469912103,0.8449541010001326,0.2644757314712914,,0.5612969229558511,0.799168835959683,0.407407840432124,,0.4511056897772881,0.8462301011621062,0.6295329793935031,,0.5851470343910948
vjyy4o94,apertus_seed_ablation_no_lora_ln_fp32_layer30_seed43,apertus_seed_ablation_no_lora_ln_fp32_layer30_seed43,finished,2026-03-17 12:11:58+00:00,final_ablation,apertus,no_lora_ln,fp32,30,43,float32,,float32,layernorm,0.2634609341621399,0.1830067932605743,0.0,0.8425865733452221,0.2619090791348271,,0.5928074514063836,0.8160485786448636,0.3654402197484458,,0.5042179952388657,0.8610064807361685,0.6035012695443004,,0.6096461573135001,0.8364507175524442,0.2689996314879383,,0.5524986228063272,0.8064576205480145,0.4344511846171455,,0.46793106161957976,0.8523362377966904,0.6432275643842841,,0.5989367004485795
3jj0ewpf,apertus_seed_ablation_no_lora_ln_bf16_layer30_seed44,apertus_seed_ablation_no_lora_ln_bf16_layer30_seed44,finished,2026-03-17 12:11:58+00:00,final_ablation,apertus,no_lora_ln,bf16,30,44,bfloat16,,bfloat16,layernorm,0.43168309330940247,0.21715889871120453,0.0,0.8534953805454496,0.256369622535827,,0.6123604594725772,0.8114187061317529,0.34394530892029107,,0.49051239975038713,0.8553990783914261,0.5944131077088369,,0.6033355871084066,0.845953869282235,0.2667038071505469,,0.568946250098371,0.7992195088236157,0.4118536086309524,,0.4519713543716062,0.8453697912367009,0.6321040441831463,,0.5866422993852799
opwr5uh2,apertus_seed_ablation_no_lora_ln_fp32_layer30_seed44,apertus_seed_ablation_no_lora_ln_fp32_layer30_seed44,finished,2026-03-17 12:11:57+00:00,final_ablation,apertus,no_lora_ln,fp32,30,44,float32,,float32,layernorm,0.4119739234447479,0.21715889871120453,0.0,0.8436810164722404,0.26591197874552386,,0.5959044999653316,0.8174724663852352,0.37193687952174925,,0.5078235144567453,0.8614996406589766,0.6069310844643563,,0.6118999323867478,0.8374699768659611,0.27086598677228224,,0.5578185252223185,0.8072536634110671,0.4388194302111088,,0.469426300464311,0.852215807682974,0.6415325402379286,,0.5979398571191228
ixjluggi,apertus_seed_ablation_no_lora_no_ln_bf16_layer10_seed42,apertus_seed_ablation_no_lora_no_ln_bf16_layer10_seed42,finished,2026-03-17 12:11:57+00:00,final_ablation,apertus,no_lora_no_ln,bf16,10,42,bfloat16,,bfloat16,none,0.10592681914567947,0.23546640574932096,0.0,0.8462910482428285,0.2819763066801402,,0.5755887859107403,0.8260750293674821,0.4446516358704865,,0.5242332493586336,0.8646366317153169,0.6165987780040734,,0.61956276763579,0.8369872677139928,0.27888278109213654,,0.5394821751790352,0.8159022757436951,0.5123765840843266,,0.5028252144487291,0.8555532931451688,0.6475245801792395,,0.6032563548762253
m7qz9x2q,apertus_seed_ablation_no_lora_no_ln_fp32_layer10_seed42,apertus_seed_ablation_no_lora_no_ln_fp32_layer10_seed42,finished,2026-03-17 12:11:57+00:00,final_ablation,apertus,no_lora_no_ln,fp32,10,42,float32,,float32,none,0.11043614894151688,0.23546640574932096,0.0,0.8441076831807032,0.27638552640188446,,0.5692329026740934,0.828105515644811,0.43508265952515834,,0.5299419881202764,0.8674538103854971,0.6178401338653623,,0.6213657876943881,0.8346483576806895,0.27564235915053464,,0.5329031242622176,0.8183411578570687,0.5049101796407186,,0.5084126859211459,0.8582846047497551,0.6473896994199332,,0.6089051337431467
etblt7tf,apertus_seed_ablation_no_lora_no_ln_bf16_layer10_seed43,apertus_seed_ablation_no_lora_no_ln_bf16_layer10_seed43,finished,2026-03-17 12:11:57+00:00,final_ablation,apertus,no_lora_no_ln,bf16,10,43,bfloat16,,bfloat16,none,0.23841160535812375,0.1830067932605743,0.0,0.849137282675064,0.2807036350188129,,0.5787320590750457,0.8261702075207001,0.4449844512039696,,0.5275383086416899,0.8659822443788269,0.6211101232058935,,0.6229434302456615,0.8412057021190504,0.2817119518639139,,0.5442197214133941,0.8159347380507529,0.5133446782844711,,0.50048005036594,0.853220408764949,0.6380324989020641,,0.5947831865758432
z2qmzfgt,apertus_seed_ablation_no_lora_no_ln_fp32_layer10_seed43,apertus_seed_ablation_no_lora_no_ln_fp32_layer10_seed43,finished,2026-03-17 12:11:57+00:00,final_ablation,apertus,no_lora_no_ln,fp32,10,43,float32,,float32,none,0.2543913722038269,0.1830067932605743,0.0,0.8427856761045391,0.28229660237823423,,0.573416229458941,0.83085126970653,0.4663762455560563,,0.5402500751149837,0.8703957292231778,0.630734519929807,,0.6391706107730448,0.8345473201501702,0.27881530325492887,,0.5369953568899032,0.8199273752787146,0.5331626716313708,,0.509042260171559,0.8576552589768851,0.650220721890418,,0.6067453065293238
56r0l5bp,apertus_seed_ablation_no_lora_no_ln_bf16_layer10_seed44,apertus_seed_ablation_no_lora_no_ln_bf16_layer10_seed44,finished,2026-03-17 12:11:57+00:00,final_ablation,apertus,no_lora_no_ln,bf16,10,44,bfloat16,,bfloat16,none,0.15140654146671295,0.21715889871120453,0.0,0.8423385709493824,0.2883936324167873,,0.5707120900455313,0.827937082260871,0.4876027665405194,,0.5341022026024452,0.8669843435422948,0.6359175662414132,,0.629254000450755,0.8321302600558245,0.27690937241510954,,0.5326198158495318,0.8173446184966345,0.5438810260255569,,0.5065869205949477,0.8553393392964894,0.6499068901303539,,0.5934540621365675
99aldm5s,apertus_seed_ablation_no_lora_no_ln_fp32_layer10_seed44,apertus_seed_ablation_no_lora_no_ln_fp32_layer10_seed44,finished,2026-03-17 12:11:57+00:00,final_ablation,apertus,no_lora_no_ln,fp32,10,44,float32,,float32,none,0.1409534513950348,0.21715889871120453,0.0,0.8365926049094476,0.2863408975567317,,0.5620912011463702,0.8284955518042889,0.5058759486374844,,0.5369219035292486,0.8698267819758797,0.647185628742515,,0.6369168356997972,0.8262451695258561,0.2717775227648698,,0.5245297867317227,0.8177334424665427,0.5594608690316709,,0.51148186039191,0.8580905291918198,0.6558925907508703,,0.6022595115467686
3mcpg1f7,apertus_seed_ablation_no_lora_no_ln_bf16_layer20_seed42,apertus_seed_ablation_no_lora_no_ln_bf16_layer20_seed42,finished,2026-03-17 12:11:58+00:00,final_ablation,apertus,no_lora_no_ln,bf16,20,42,bfloat16,,bfloat16,none,0.023960106074810028,0.23546640574932096,0.0,0.7462743412465221,0.21981601946309423,,0.4277856102803522,0.7651415672582889,0.3740649265267684,,0.4411214089259713,0.8504735932473004,0.6218507181539911,,0.5916159567275185,0.7447161250435241,0.21619247897080657,,0.414495947115763,0.7596604892074744,0.407066660455583,,0.4188557487998741,0.8361842372886819,0.631950139412826,,0.554411031732846
x9ha1syf,apertus_seed_ablation_no_lora_no_ln_fp32_layer20_seed42,apertus_seed_ablation_no_lora_no_ln_fp32_layer20_seed42,finished,2026-03-17 12:11:57+00:00,final_ablation,apertus,no_lora_no_ln,fp32,20,42,float32,,float32,none,0.013175682164728642,0.23546640574932096,0.0,0.7431904880019461,0.2157525179246582,,0.4288256639008944,0.7663429826111879,0.36452126612629054,,0.4436406499179513,0.8541585781594123,0.6211238050827699,,0.591165201712869,0.7432782711149317,0.22353693636072913,,0.42167309357047295,0.7624300310838306,0.4195872004432747,,0.4256708900605965,0.8404274644261696,0.6354158247797624,,0.568699119455059
sjnzu3hl,apertus_seed_ablation_no_lora_no_ln_bf16_layer20_seed43,apertus_seed_ablation_no_lora_no_ln_bf16_layer20_seed43,finished,2026-03-17 12:11:58+00:00,final_ablation,apertus,no_lora_no_ln,bf16,20,43,bfloat16,,bfloat16,none,0.3148500919342041,0.1830067932605743,0.0,0.7542136410156913,0.22952149960778656,,0.4390875262902443,0.7700071981001422,0.4297096556380824,,0.4547807798090924,0.8510019995384469,0.6351084812623274,,0.6033355871084066,0.7493753334870122,0.21725053387948895,,0.41397654835917214,0.765270871580327,0.4557358826144953,,0.4305658298575588,0.8403532666664546,0.6485394655065257,,0.5808273799634491
3h4hukqh,apertus_seed_ablation_no_lora_no_ln_fp32_layer20_seed43,apertus_seed_ablation_no_lora_no_ln_fp32_layer20_seed43,finished,2026-03-17 12:11:58+00:00,final_ablation,apertus,no_lora_no_ln,fp32,20,43,float32,,float32,none,0.2561056911945343,0.1830067932605743,0.0,0.7443927772137613,0.22282868254076552,,0.4348348625973606,0.7663136268721785,0.39848706686188384,,0.45387940000462246,0.8533297220870053,0.6341518614914564,,0.6067162497182781,0.7387095559408904,0.2122735322943951,,0.40269142992051626,0.7630649393603521,0.4255984187724802,,0.4271976076178484,0.8422761758680369,0.6447148651873061,,0.5780029905299884
ao0stdlj,apertus_seed_ablation_no_lora_no_ln_bf16_layer20_seed44,apertus_seed_ablation_no_lora_no_ln_bf16_layer20_seed44,finished,2026-03-17 12:11:58+00:00,final_ablation,apertus,no_lora_no_ln,bf16,20,44,bfloat16,,bfloat16,none,0.8008295893669128,0.21715889871120453,0.0,0.7404681875443959,0.21605003523608177,,0.4185175769061872,0.7637356356807933,0.41556109049628087,,0.43555134398040074,0.849707750000715,0.6193618171984857,,0.5751633986928104,0.7400793532964004,0.2129471977555615,,0.4069882741795861,0.7618623091357616,0.461055967603495,,0.42453765640985286,0.839369998137126,0.6351956976396773,,0.5602259511546769
pnelq3u6,apertus_seed_ablation_no_lora_no_ln_fp32_layer20_seed44,apertus_seed_ablation_no_lora_no_ln_fp32_layer20_seed44,finished,2026-03-17 12:11:58+00:00,final_ablation,apertus,no_lora_no_ln,fp32,20,44,float32,,float32,none,0.2206287980079651,0.21715889871120453,0.0,0.7358192013992674,0.2164255262329636,,0.4165299188758176,0.7667406416739851,0.3951107396573339,,0.4423232486652645,0.8513149586872714,0.6246725139537532,,0.591165201712869,0.7357752916469559,0.2157327799189643,,0.40741323679861496,0.7645607242367898,0.4439097132786552,,0.43417014244117413,0.8422839234863257,0.6374375644176643,,0.5645456055823227
mskyvu7d,apertus_seed_ablation_no_lora_no_ln_bf16_layer26_seed42,apertus_seed_ablation_no_lora_no_ln_bf16_layer26_seed42,finished,2026-03-17 12:11:58+00:00,final_ablation,apertus,no_lora_no_ln,bf16,26,42,bfloat16,,bfloat16,none,0.007057615090161562,0.23546640574932096,0.0,0.6591134627709959,0.17904143318050603,,0.35225460512630874,0.7093265345457747,0.3088612229952398,,0.3430096840548224,0.8107532178640775,0.5856760374832664,,0.5163398692810458,0.6658230196377962,0.18883390324021115,,0.353301329975604,0.718755700934372,0.36668369225652414,,0.3549382230266782,0.8046848484739157,0.6099639210869732,,0.5080578169131085
zyvuxjg2,apertus_seed_ablation_no_lora_no_ln_fp32_layer26_seed42,apertus_seed_ablation_no_lora_no_ln_fp32_layer26_seed42,finished,2026-03-17 12:11:58+00:00,final_ablation,apertus,no_lora_no_ln,fp32,26,42,float32,,float32,none,0.006590116303414106,0.23546640574932096,0.0,0.6500682897397179,0.16601287408769744,,0.33841033582175795,0.7014479360304811,0.27002158355106215,,0.333764762983336,0.8150004976430487,0.5758277379022922,,0.5152129817444219,0.6553825291844416,0.17692369199605534,,0.334020618556701,0.7109669777661574,0.3265125430398426,,0.3377193672778783,0.8083021602751468,0.607686274509804,,0.49509885363017114
h8dsgkcj,apertus_seed_ablation_no_lora_no_ln_bf16_layer26_seed43,apertus_seed_ablation_no_lora_no_ln_bf16_layer26_seed43,finished,2026-03-17 12:11:58+00:00,final_ablation,apertus,no_lora_no_ln,bf16,26,43,bfloat16,,bfloat16,none,0.8889634609222412,0.1830067932605743,0.0,0.6537804831641234,0.18648177464280705,,0.3540804770379273,0.7129196862936675,0.3352305475504323,,0.35983544040492754,0.8151832693853178,0.6009399934419062,,0.5418075276087446,0.6595467937613035,0.18719024018299657,,0.34817029983473674,0.7225506324339263,0.3800086776035742,,0.36480679940190447,0.8085448598651948,0.6164841849148418,,0.0
jj2cibiy,apertus_seed_ablation_no_lora_no_ln_fp32_layer26_seed43,apertus_seed_ablation_no_lora_no_ln_fp32_layer26_seed43,finished,2026-03-17 12:11:58+00:00,final_ablation,apertus,no_lora_no_ln,fp32,26,43,float32,,float32,none,0.8669692873954773,0.1830067932605743,0.0,0.6500170734729246,0.1824367105587929,,0.349874037950401,0.7125780134273174,0.31223597693127136,,0.3580326807959877,0.8253531923922091,0.6014772351449674,,0.5485688528284877,0.6561919789273618,0.18283507722969605,,0.3389627764224443,0.7229711406848479,0.3540322483387402,,0.35769261037223576,0.8179584035694539,0.6191596111633741,,0.531317494600432
b7j334x1,apertus_seed_ablation_no_lora_no_ln_bf16_layer26_seed44,apertus_seed_ablation_no_lora_no_ln_bf16_layer26_seed44,finished,2026-03-17 12:11:58+00:00,final_ablation,apertus,no_lora_no_ln,bf16,26,44,bfloat16,,bfloat16,none,0.036498356610536575,0.21715889871120453,0.0,0.6626346641429318,0.1841087565605146,,0.3636489703469157,0.7168003508120429,0.335261569416499,,0.36769362331569094,0.8200712264267516,0.5993287864025116,,0.5343700698670273,0.6677604296240146,0.18682350279929877,,0.35067285748012905,0.7240262016924911,0.38602928288481986,,0.36411426772645,0.8060864985250744,0.6168490481187229,,0.5173616879880378
13eyy2a9,apertus_seed_ablation_no_lora_no_ln_fp32_layer26_seed44,apertus_seed_ablation_no_lora_no_ln_fp32_layer26_seed44,finished,2026-03-17 12:12:01+00:00,final_ablation,apertus,no_lora_no_ln,fp32,26,44,float32,,float32,none,0.3009534478187561,0.21715889871120453,0.0,0.6526065175197676,0.17938080495356035,,0.35010516097718813,0.7116846503578669,0.31745625890345913,,0.3574086486236624,0.8214190565504077,0.5935669282635128,,0.5379761099842236,0.6592211631236271,0.18429190610694457,,0.34141811599905564,0.7175982194197961,0.36188677440948647,,0.3514126072243645,0.8113206506021162,0.613894608403874,,0.5336434623691643
kxz8lyht,apertus_seed_ablation_no_lora_no_ln_bf16_layer30_seed42,apertus_seed_ablation_no_lora_no_ln_bf16_layer30_seed42,finished,2026-03-17 12:11:58+00:00,final_ablation,apertus,no_lora_no_ln,bf16,30,42,bfloat16,,bfloat16,none,0.02281774953007698,0.23546640574932096,0.0,0.6568489028126566,0.19332297348080887,,0.3552360921718631,0.6742017982716455,0.3423873938696215,,0.3632791735040562,0.8031101308651782,0.5908269317668323,,0.0,0.6647050450126557,0.19994172793802595,,0.36017942866136776,0.6862870413798037,0.40347236632773054,,0.37144880774376327,0.7930667552019962,0.6158042275929995,,0.0
td3wegxt,apertus_seed_ablation_no_lora_no_ln_fp32_layer30_seed42,apertus_seed_ablation_no_lora_no_ln_fp32_layer30_seed42,finished,2026-03-17 12:12:01+00:00,final_ablation,apertus,no_lora_no_ln,fp32,30,42,float32,,float32,none,0.024663830175995827,0.23546640574932096,0.0,0.6434898644786848,0.1774970535397572,,0.3334874153511914,0.6653817375440307,0.2911957950065703,,0.3427554487253565,0.8097365766612449,0.5781934414585059,,0.5244534595447374,0.650529105892472,0.18770128092369345,,0.338994255134965,0.6775881443512525,0.3454764541924804,,0.3502951129298812,0.805851734036557,0.6119283658458586,,0.5372985545771722
g3gtxsx1,apertus_seed_ablation_no_lora_no_ln_bf16_layer30_seed43,apertus_seed_ablation_no_lora_no_ln_bf16_layer30_seed43,finished,2026-03-17 12:11:58+00:00,final_ablation,apertus,no_lora_no_ln,bf16,30,43,bfloat16,,bfloat16,none,4.753108978271484,0.1830067932605743,0.0,0.6561279903486708,0.1994557253506385,,0.35387246631381886,0.6688845828523254,0.34358659983412065,,0.3675087248942612,0.8028149515689029,0.5967943617142207,,0.0,0.6663782316862505,0.2074126652919112,,0.36669552215314394,0.682264966989495,0.39586107023567607,,0.376265050759424,0.7996318761480434,0.619885785809278,,0.0
l9k7tdgn,apertus_seed_ablation_no_lora_no_ln_fp32_layer30_seed43,apertus_seed_ablation_no_lora_no_ln_fp32_layer30_seed43,finished,2026-03-17 12:12:01+00:00,final_ablation,apertus,no_lora_no_ln,fp32,30,43,float32,,float32,none,5.0271196365356445,0.1830067932605743,0.0,0.652014014302082,0.19448779025907592,,0.3455058127441237,0.672083774345048,0.3392091128654338,,0.3561143596736543,0.8178945000593091,0.6026766125493638,,0.558034708136128,0.6605423846012766,0.20250359221645844,,0.3547965688203352,0.6845642882229193,0.38895125830292826,,0.3644447942079169,0.8117905697469785,0.6292816004849955,,0.0
liowq2kh,apertus_seed_ablation_no_lora_no_ln_bf16_layer30_seed44,apertus_seed_ablation_no_lora_no_ln_bf16_layer30_seed44,finished,2026-03-17 12:11:58+00:00,final_ablation,apertus,no_lora_no_ln,bf16,30,44,bfloat16,,bfloat16,none,1.9064021110534668,0.21715889871120453,0.0,0.651817260223411,0.2004659513529688,,0.35172302216469825,0.667289143177962,0.3390571903694599,,0.3625395798183373,0.8012471590398731,0.5907049842837898,,0.0,0.6603292669653711,0.2038359144286283,,0.3581647910600456,0.6757504466805154,0.3804723740276909,,0.3602581254426694,0.7953304937357998,0.6168021680216802,,0.0
ai760bia,apertus_seed_ablation_no_lora_no_ln_fp32_layer30_seed44,apertus_seed_ablation_no_lora_no_ln_fp32_layer30_seed44,finished,2026-03-17 12:12:01+00:00,final_ablation,apertus,no_lora_no_ln,fp32,30,44,float32,,float32,none,0.00013759722060058266,0.21715889871120453,0.0,0.6374743289082542,0.1832629847611121,,0.32965077310652463,0.6659490711872056,0.33368814158653415,,0.35098342847897934,0.8075648717162348,0.59043250327654,,0.5372999774622492,0.6446092185870561,0.18829371104006287,,0.332871645549697,0.67250495513019,0.372710773799703,,0.34245691351223734,0.7958524166782417,0.6084373143196673,,0.0
ha8kip3i,llama_seed_ablation_lora_ln_bf16_layer10_seed42,llama_seed_ablation_lora_ln_bf16_layer10_seed42,finished,2026-03-17 12:11:58+00:00,final_ablation,llama,lora_ln,bf16,10,42,bfloat16,,bfloat16,layernorm,0.33022862672805786,0.1991938352584839,0.00428370526060462,0.8986411197815118,0.33911211148891335,,0.6844841764596652,0.8656028906921336,0.5251895941109936,,0.608801761413375,0.8941862572564756,0.6445348379477759,,0.6746606334841629,0.8961564322586297,0.3295865114411883,,0.6665105302033978,0.8743613651529702,0.5891146537187414,,0.6324247392220801,0.9003480267755342,0.6924833318111243,,0.6989407480966567
dkd0p11o,llama_seed_ablation_lora_ln_fp32_layer10_seed42,llama_seed_ablation_lora_ln_fp32_layer10_seed42,finished,2026-03-17 12:11:58+00:00,final_ablation,llama,lora_ln,fp32,10,42,float32,,float32,layernorm,0.3421907424926758,0.19928711652755737,0.00441368343308568,0.8980280189791554,0.3370775821037601,,0.6813539538955354,0.8660206849285559,0.5251371792970488,,0.6109770008223466,0.8944760486718001,0.6403359139220575,,0.6794117647058824,0.8950252847327191,0.32698769687331575,,0.6613039796782387,0.8744969033797548,0.5880550935177762,,0.6331093375610284,0.900575535036252,0.6907263590680676,,0.6997682886461437
6cig8r4w,llama_seed_ablation_lora_ln_bf16_layer10_seed43,llama_seed_ablation_lora_ln_bf16_layer10_seed43,finished,2026-03-17 12:11:58+00:00,final_ablation,llama,lora_ln,bf16,10,43,bfloat16,,bfloat16,layernorm,0.6449012756347656,0.19773250818252563,0.006580736953765154,0.8992479138065302,0.3400950102292035,,0.6841393214314136,0.8651418863439456,0.5372382187003597,,0.6087752341035095,0.894402504344775,0.6538808083408418,,0.6787330316742082,0.8958219256746283,0.32507335323587067,,0.6612499324409534,0.8726147003235838,0.5978931988499788,,0.6270920784765885,0.8987744371939579,0.695154657607724,,0.6987752399867594
9y9iuy71,llama_seed_ablation_lora_ln_fp32_layer10_seed43,llama_seed_ablation_lora_ln_fp32_layer10_seed43,finished,2026-03-17 12:11:58+00:00,final_ablation,llama,lora_ln,fp32,10,43,float32,,float32,layernorm,0.6194984912872314,0.1976501941680908,0.006344492081552744,0.8971057563177768,0.3379404101053586,,0.6793909329654879,0.865696513552019,0.5418316561921023,,0.6082181605963339,0.8952049614767041,0.6566364911385949,,0.679185520361991,0.8940194983127266,0.32175059650885346,,0.6562775866106978,0.8732687686395216,0.6012413906391167,,0.6288396058154827,0.899690063630283,0.6965792980897378,,0.7025819265143992
ksbt84w3,llama_seed_ablation_lora_ln_bf16_layer10_seed44,llama_seed_ablation_lora_ln_bf16_layer10_seed44,finished,2026-03-17 12:11:57+00:00,final_ablation,llama,lora_ln,bf16,10,44,bfloat16,,bfloat16,layernorm,0.3228771686553955,0.1283121407032013,0.004591138102114201,0.8966632113738512,0.33393070489844684,,0.6705838660901398,0.8669056055725014,0.5333577981651376,,0.6094649441600127,0.8949498137769277,0.6531461258450338,,0.6766968325791856,0.8936476676508145,0.3244551128180509,,0.656872106220837,0.8751011130570374,0.5989436245258718,,0.6342443295440214,0.899987610029896,0.6929276464728787,,0.7002648129758359
ywj96rw3,llama_seed_ablation_lora_ln_fp32_layer10_seed44,llama_seed_ablation_lora_ln_fp32_layer10_seed44,finished,2026-03-17 12:11:58+00:00,final_ablation,llama,lora_ln,fp32,10,44,float32,,float32,layernorm,0.31968024373054504,0.12800243496894836,0.004523153882473707,0.8951734950826887,0.33165071606404606,,0.6692044459771335,0.865888836548544,0.5325215924302715,,0.6075815051595618,0.894821985964498,0.6540051679586564,,0.6746606334841629,0.8924806706024484,0.32214131177044975,,0.6553587835768462,0.8742628759584058,0.5963540128306613,,0.6323887077305566,0.9002736276005558,0.6937742839071113,,0.7010923535253227
cpw6j5mg,llama_seed_ablation_lora_ln_bf16_layer20_seed42,llama_seed_ablation_lora_ln_bf16_layer20_seed42,finished,2026-03-17 12:11:58+00:00,final_ablation,llama,lora_ln,bf16,20,42,bfloat16,,bfloat16,layernorm,0.3419463634490967,0.20111994445323944,0.006279803812503815,0.9001179469723873,0.34266185340681476,,0.6936626256731305,0.8772174094069957,0.5497158833033785,,0.6271851871501711,0.9065072056025912,0.6753773943929976,,0.7076923076923077,0.8992371931218951,0.3401750282515571,,0.6804907489145513,0.8838904813114047,0.6093516458943851,,0.6522961067973408,0.9109689352987632,0.7145293009063987,,0.7325388944058259
wbft0hqc,llama_seed_ablation_lora_ln_fp32_layer20_seed42,llama_seed_ablation_lora_ln_fp32_layer20_seed42,finished,2026-03-17 12:11:58+00:00,final_ablation,llama,lora_ln,fp32,20,42,float32,,float32,layernorm,0.3459744453430176,0.20175424218177795,0.006522649433463812,0.8985550928728193,0.34075525672647,,0.6902936573202112,0.8766754871493665,0.5490409566842688,,0.6254609120089132,0.9065670923885089,0.676923076923077,,0.7065610859728507,0.8982721611913349,0.3378416473812224,,0.6785090168807538,0.8841800901229436,0.6075453902381514,,0.656169492136127,0.9115547527225136,0.7158328112413855,,0.7353525322740815
wbxvqbs8,llama_seed_ablation_lora_ln_bf16_layer20_seed43,llama_seed_ablation_lora_ln_bf16_layer20_seed43,finished,2026-03-17 12:12:01+00:00,final_ablation,llama,lora_ln,bf16,20,43,bfloat16,,bfloat16,layernorm,0.5355002284049988,0.20095260441303253,0.011229747906327248,0.9005430052906671,0.3466544239331205,,0.6944053903493647,0.8776120365148032,0.5737105295707949,,0.6294134811788736,0.9068318181041268,0.6863948919449901,,0.7088235294117647,0.9002394188286176,0.3377799098384349,,0.6853189687787126,0.885614920029298,0.6300923535822864,,0.6598266885257715,0.911617562708178,0.7234227953990937,,0.7323733862959285
d79v75e9,llama_seed_ablation_lora_ln_fp32_layer20_seed43,llama_seed_ablation_lora_ln_fp32_layer20_seed43,finished,2026-03-17 12:12:01+00:00,final_ablation,llama,lora_ln,fp32,20,43,float32,,float32,layernorm,0.5433735251426697,0.20010995864868164,0.011216802522540092,0.9005317092752197,0.34389929879443715,,0.6918852959121415,0.8770810594008774,0.571650925041565,,0.6266811682627265,0.9069965067654008,0.6841332027424094,,0.7122171945701358,0.9002105445626674,0.3370176935209677,,0.6860035671176609,0.8853084365813914,0.6300222574057502,,0.6599527987461041,0.9112027914574476,0.7229794252973348,,0.733862959285005
pste68h4,llama_seed_ablation_lora_ln_bf16_layer20_seed44,llama_seed_ablation_lora_ln_bf16_layer20_seed44,finished,2026-03-17 12:12:01+00:00,final_ablation,llama,lora_ln,bf16,20,44,bfloat16,,bfloat16,layernorm,0.31508028507232666,0.1307443082332611,0.006527775898575783,0.9016720555297076,0.3450313101586529,,0.6911690585457728,0.8790242393183225,0.5607580824972129,,0.6313765021089212,0.9077179377532169,0.6793025018953753,,0.7133484162895928,0.9002874440175814,0.33483828180797875,,0.6796079773722233,0.8857532903555739,0.6140496544304241,,0.6553587835768462,0.9106641456558286,0.7122328004311119,,0.7279046673286991
m1xsiju6,llama_seed_ablation_lora_ln_fp32_layer20_seed44,llama_seed_ablation_lora_ln_fp32_layer20_seed44,finished,2026-03-17 12:12:01+00:00,final_ablation,llama,lora_ln,fp32,20,44,float32,,float32,layernorm,0.31518828868865967,0.13148921728134155,0.006818441674113274,0.9025086650920164,0.34593755199378845,,0.6944053903493647,0.879158211674575,0.5607234677549846,,0.6309255378412075,0.9073585686638926,0.6773582523045839,,0.715158371040724,0.9002232274700577,0.334718085718303,,0.6791575837281785,0.8851167656579209,0.6128175425047683,,0.6527465004413858,0.9105902494838584,0.7137733142037302,,0.7303872889771599
0lglcngy,llama_seed_ablation_lora_ln_bf16_layer26_seed42,llama_seed_ablation_lora_ln_bf16_layer26_seed42,finished,2026-03-17 12:12:01+00:00,final_ablation,llama,lora_ln,bf16,26,42,bfloat16,,bfloat16,layernorm,0.355618953704834,0.20155219733715057,0.006915898527950048,0.8979598361829559,0.34124507136113735,,0.6874817624744675,0.8773870326776395,0.5551058755510587,,0.6305011008833594,0.90738090930522,0.6808510638297872,,0.715158371040724,0.8968867586444862,0.33670872861560946,,0.6742392851352081,0.8839130217626533,0.6085469682318814,,0.6538995081701408,0.9108708094718766,0.7159253945480631,,0.7350215160542867
liqdu9pa,llama_seed_ablation_lora_ln_fp32_layer26_seed42,llama_seed_ablation_lora_ln_fp32_layer26_seed42,finished,2026-03-17 12:12:01+00:00,final_ablation,llama,lora_ln,fp32,26,42,float32,,float32,layernorm,0.34212586283683777,0.200383722782135,0.00656743161380291,0.8972460484181941,0.3410006902847981,,0.6867920524179643,0.8768473222396057,0.5539819487402102,,0.6285115526434464,0.9073562144714464,0.6808457400225197,,0.716289592760181,0.8967950592575206,0.3364494546787645,,0.6745635685589205,0.8840764169363653,0.6068915025270417,,0.6544760120345182,0.9110391494887116,0.7169709989258861,,0.7350215160542867
hcfqbqch,llama_seed_ablation_lora_ln_bf16_layer26_seed43,llama_seed_ablation_lora_ln_bf16_layer26_seed43,finished,2026-03-17 12:12:01+00:00,final_ablation,llama,lora_ln,bf16,26,43,bfloat16,,bfloat16,layernorm,0.5550279021263123,0.202224925160408,0.013553098775446417,0.899261093612516,0.34554951128063977,,0.6908507308273868,0.8753113436528995,0.5669179348599062,,0.622887762951959,0.9066017441663596,0.6884964434633308,,0.7092760180995475,0.8994646806443913,0.3360522022838499,,0.6826166069144433,0.8843672883348329,0.6206401075343577,,0.655556956780226,0.9105927644989008,0.7208672086720868,,0.7315458457464415
rcep7pvf,llama_seed_ablation_lora_ln_fp32_layer26_seed43,llama_seed_ablation_lora_ln_fp32_layer26_seed43,finished,2026-03-17 12:12:01+00:00,final_ablation,llama,lora_ln,fp32,26,43,float32,,float32,layernorm,0.5722987055778503,0.2013987302780151,0.013206442818045616,0.8989142316165977,0.3438642381621123,,0.6898692203623631,0.8756382464736026,0.5686931546194351,,0.6225959625434385,0.9063035921429312,0.6882482286831175,,0.7081447963800905,0.898903157856297,0.33568048880444096,,0.6818779613382095,0.8842202836933536,0.6242782576562428,,0.6556470355090349,0.9107307181039958,0.723233731161251,,0.7295597484276729
rxtn6at7,llama_seed_ablation_lora_ln_bf16_layer26_seed44,llama_seed_ablation_lora_ln_bf16_layer26_seed44,finished,2026-03-17 12:11:58+00:00,final_ablation,llama,lora_ln,bf16,26,44,bfloat16,,bfloat16,layernorm,0.32873737812042236,0.13143222033977509,0.007123297080397606,0.9006689416566722,0.3437709384910886,,0.6901610207708836,0.8781506001474617,0.5558384341765523,,0.6295726450380666,0.907642724529492,0.6800555766073008,,0.7158371040723982,0.8996124144067792,0.3339003550892898,,0.6790494892536076,0.8854445696488745,0.6082571401640117,,0.6526023744752915,0.9108045941558456,0.7112790070156503,,0.7277391592188017
2rpbxtee,llama_seed_ablation_lora_ln_fp32_layer26_seed44,llama_seed_ablation_lora_ln_fp32_layer26_seed44,finished,2026-03-17 12:11:57+00:00,final_ablation,llama,lora_ln,fp32,26,44,float32,,float32,layernorm,0.32886096835136414,0.1316397339105606,0.007202101405709982,0.9005653899455514,0.3435068688036278,,0.6886489641085497,0.8778875649793205,0.5568648648648649,,0.6313499747990556,0.9072583058650674,0.6824596774193549,,0.7133484162895928,0.8994092247712502,0.33325599979377724,,0.677518150863855,0.8849738825077635,0.6086055926937199,,0.6507467526618265,0.9107597614977032,0.7113226182993625,,0.7290632240979809
j3c0hfza,llama_seed_ablation_lora_ln_bf16_layer30_seed42,llama_seed_ablation_lora_ln_bf16_layer30_seed42,finished,2026-03-17 12:11:58+00:00,final_ablation,llama,lora_ln,bf16,30,42,bfloat16,,bfloat16,layernorm,0.37711140513420105,0.19986042380332947,0.007422799710184336,0.9018495032116832,0.3487250744009042,,0.7050428416054328,0.8817456278411653,0.58678810720268,,0.6473459426479561,0.9111661766398966,0.7071744061119732,,0.7276018099547511,0.8985533554057967,0.3375547662872994,,0.6779144972706145,0.8870602879692184,0.6117434253027474,,0.6635199164069396,0.9131020553668692,0.7162923861501297,,0.7327044025157232
pmlin9me,llama_seed_ablation_lora_ln_fp32_layer30_seed42,llama_seed_ablation_lora_ln_fp32_layer30_seed42,finished,2026-03-17 12:11:57+00:00,final_ablation,llama,lora_ln,fp32,30,42,float32,,float32,layernorm,0.3791443407535553,0.20050087571144104,0.007476755417883396,0.901735137198896,0.3481053710794468,,0.7036103668726954,0.8816893005376988,0.5826198105443785,,0.6488049446905589,0.911499190061051,0.7049552238805971,,0.7269230769230769,0.8984864188387316,0.336633404733295,,0.6795539301349379,0.8869870031769127,0.6079777321727644,,0.6638261840848902,0.913128030442225,0.7179167038259163,,0.7343594836146972
zsxmbjxg,llama_seed_ablation_lora_ln_bf16_layer30_seed43,llama_seed_ablation_lora_ln_bf16_layer30_seed43,finished,2026-03-17 12:11:57+00:00,final_ablation,llama,lora_ln,bf16,30,43,bfloat16,,bfloat16,layernorm,0.5706571936607361,0.20333105325698853,0.014038252644240856,0.901575896218539,0.3502604428534079,,0.7043000769291986,0.8790380506108646,0.5974614065180103,,0.6367084913918879,0.911143408696516,0.713140467061694,,0.7330316742081447,0.89971608346431,0.3369380119575891,,0.6827607328805376,0.886682033445549,0.6254210696322274,,0.6574486100852145,0.9128414746583462,0.7255918437878003,,0.7384971863621318
m5mg8h55,llama_seed_ablation_lora_ln_fp32_layer30_seed43,llama_seed_ablation_lora_ln_fp32_layer30_seed43,finished,2026-03-17 12:11:57+00:00,final_ablation,llama,lora_ln,fp32,30,43,float32,,float32,layernorm,0.5471275448799133,0.20220649242401123,0.013792694546282291,0.9007849289748654,0.34832286781654875,,0.7014086001538584,0.879562433766802,0.5995485172897356,,0.6382205480542218,0.9111700142960756,0.7105202312138729,,0.7307692307692307,0.8987776314688224,0.3362951909380723,,0.6822562919992073,0.8868795425147066,0.6279273263177286,,0.6574305943394527,0.9131804886259752,0.7284516296360335,,0.7404832836809003
fwqqkj2a,llama_seed_ablation_lora_ln_bf16_layer30_seed44,llama_seed_ablation_lora_ln_bf16_layer30_seed44,finished,2026-03-17 12:11:57+00:00,final_ablation,llama,lora_ln,bf16,30,44,bfloat16,,bfloat16,layernorm,0.32092100381851196,0.13181915879249573,0.007665534038096666,0.9039516819108366,0.35271942867913464,,0.7089158288457967,0.8816649020458333,0.5875252912858439,,0.6464440141125288,0.9115651719479588,0.7065567896811179,,0.7357466063348417,0.8996570721243089,0.3361197851005644,,0.6831931107788207,0.8868268634680598,0.6108206544087411,,0.6583133658817807,0.9117074845559968,0.711421410669531,,0.7365110890433632
g8ika3i1,llama_seed_ablation_lora_ln_fp32_layer30_seed44,llama_seed_ablation_lora_ln_fp32_layer30_seed44,finished,2026-03-17 12:11:57+00:00,final_ablation,llama,lora_ln,fp32,30,44,float32,,float32,layernorm,0.3233269155025482,0.13214272260665894,0.007472344674170017,0.9037381694060596,0.3521304033838853,,0.7084913918879486,0.8823031039060784,0.5923226433430515,,0.6477173249860732,0.9117508225967644,0.7067095697771422,,0.7325791855203619,0.8991429781233807,0.33630258132321655,,0.6809051110670726,0.8873323494554114,0.6146332322179408,,0.6594843893562974,0.9121738337352124,0.7158908507223114,,0.7371731214829527
lrkx0cpj,llama_seed_ablation_lora_no_ln_bf16_layer10_seed42,llama_seed_ablation_lora_no_ln_bf16_layer10_seed42,finished,2026-03-17 12:12:00+00:00,final_ablation,llama,lora_no_ln,bf16,10,42,bfloat16,,bfloat16,none,0.33609089255332947,0.2046584188938141,0.008473997004330158,0.8934428795703305,0.333792080037338,,0.6790195506273708,0.8659931569307069,0.5198203403097452,,0.6088813433429716,0.8939140658483752,0.6395302282129988,,0.6748868778280543,0.8920676973514255,0.3288716148776828,,0.6611778694579062,0.874492735407592,0.5927329044555635,,0.6323706919847947,0.8986664726282261,0.6845414201183432,,0.6956305858987091
241cyvgj,llama_seed_ablation_lora_no_ln_fp32_layer10_seed42,llama_seed_ablation_lora_no_ln_fp32_layer10_seed42,finished,2026-03-17 12:11:58+00:00,final_ablation,llama,lora_no_ln,fp32,10,42,float32,,float32,none,0.34790337085723877,0.20353703200817108,0.007163894362747669,0.8941299053204197,0.3317098667173505,,0.6786746955991193,0.8654549453631485,0.5197677015858834,,0.6071835955115792,0.8935692492157797,0.6397984886649875,,0.6753393665158371,0.8925874281682866,0.32635933883647283,,0.6607274758138613,0.8741872314792442,0.5924444761836749,,0.6326229124254599,0.899204283444851,0.6879484820607176,,0.6989407480966567
lgl6esft,llama_seed_ablation_lora_no_ln_bf16_layer10_seed43,llama_seed_ablation_lora_no_ln_bf16_layer10_seed43,finished,2026-03-17 12:12:01+00:00,final_ablation,llama,lora_no_ln,bf16,10,43,bfloat16,,bfloat16,none,0.5745616555213928,0.20098279416561127,0.010556855238974094,0.8961228922589284,0.3379269160982108,,0.683635302543969,0.8674795344557275,0.5375397318329619,,0.610472981934902,0.8947451119063766,0.6511024643320363,,0.6712669683257918,0.894190117173987,0.32777830682792114,,0.665249428000072,0.8749696188535069,0.6048500468603561,,0.6331453690525519,0.8987347502565919,0.6910436980859516,,0.6979476994372724
mk4stm4b,llama_seed_ablation_lora_no_ln_fp32_layer10_seed43,llama_seed_ablation_lora_no_ln_fp32_layer10_seed43,finished,2026-03-17 12:11:58+00:00,final_ablation,llama,lora_no_ln,fp32,10,43,float32,,float32,none,0.5664027333259583,0.20004647970199585,0.009200550615787506,0.8980545701184672,0.340224222472893,,0.687720508263257,0.8665724752112692,0.5390254577284995,,0.6101281269066504,0.8949452424511851,0.6512953367875648,,0.6746606334841629,0.8957695094817081,0.3278585893430946,,0.6672131442881079,0.8737506952091355,0.6022577919639505,,0.632262597510224,0.8992970321695773,0.6929998200467878,,0.6981132075471698
wyyc9sj2,llama_seed_ablation_lora_no_ln_bf16_layer10_seed44,llama_seed_ablation_lora_no_ln_bf16_layer10_seed44,finished,2026-03-17 12:12:00+00:00,final_ablation,llama,lora_no_ln,bf16,10,44,bfloat16,,bfloat16,none,0.3189084529876709,0.13257141411304474,0.007755672093480825,0.892947571671872,0.33428753549284346,,0.6758893280632411,0.868236599615156,0.5306888430968502,,0.6120115659071014,0.8950846477305745,0.648082711686952,,0.679185520361991,0.8904807120462601,0.3252088823910381,,0.6583313816275425,0.8755758397539186,0.5987085197558701,,0.6326048966796981,0.8991317152008234,0.6843255051884216,,0.6934789804700431
yud9uoar,llama_seed_ablation_lora_no_ln_fp32_layer10_seed44,llama_seed_ablation_lora_no_ln_fp32_layer10_seed44,finished,2026-03-17 12:11:58+00:00,final_ablation,llama,lora_no_ln,fp32,10,44,float32,,float32,none,0.3236715495586395,0.13076213002204895,0.0063416436314582825,0.8947343212434582,0.33411688790560473,,0.6772156935565165,0.8675074017225973,0.5324470233941754,,0.6110831100618086,0.8947150395165715,0.6491547464239272,,0.6735294117647059,0.8919584240393714,0.32355724956512844,,0.6581151926784009,0.8752849319502117,0.5976775230062256,,0.6343344082728305,0.8991437218826348,0.6868411486732098,,0.6946375372393248
bbke9il2,llama_seed_ablation_lora_no_ln_bf16_layer20_seed42,llama_seed_ablation_lora_no_ln_bf16_layer20_seed42,finished,2026-03-17 12:12:00+00:00,final_ablation,llama,lora_no_ln,bf16,20,42,bfloat16,,bfloat16,none,0.35170978307724,0.2052782028913498,0.008618497289717197,0.9007122884579931,0.3431050319267842,,0.6981457410404011,0.8804798011177194,0.5589730645801031,,0.6370533464201396,0.9080276511189992,0.6818469323213157,,0.7142533936651584,0.8992027418322536,0.3382295973124528,,0.6843821499990992,0.8869901717634721,0.6208472244888443,,0.6605293026104816,0.9122736446221776,0.7179073725700976,,0.7378351539225422
24lnlijn,llama_seed_ablation_lora_no_ln_fp32_layer20_seed42,llama_seed_ablation_lora_no_ln_fp32_layer20_seed42,finished,2026-03-17 12:11:58+00:00,final_ablation,llama,lora_no_ln,fp32,20,42,float32,,float32,none,0.34521082043647766,0.2022390067577362,0.00818326324224472,0.9012944088918488,0.34184632393587616,,0.6985436506883836,0.879777157164705,0.5569866517752599,,0.6342414515743958,0.9077765910067912,0.6775777414075287,,0.709502262443439,0.8996699953116696,0.33812081730097654,,0.6840038193381015,0.8862179648339756,0.6202117375758494,,0.6593042318986795,0.912135590416481,0.7182004820137463,,0.7389937106918238
cnwkuuy7,llama_seed_ablation_lora_no_ln_bf16_layer20_seed43,llama_seed_ablation_lora_no_ln_bf16_layer20_seed43,finished,2026-03-17 12:11:58+00:00,final_ablation,llama,lora_no_ln,bf16,20,43,bfloat16,,bfloat16,none,0.5042262673377991,0.2042278349399567,0.012736734934151173,0.9037236944566864,0.34554569996143464,,0.7003209804493726,0.8797431370587416,0.5719655997872152,,0.6317744117569037,0.9078983640297452,0.682721995800914,,0.7122171945701358,0.9029187059096374,0.339887208565753,,0.6908317869818221,0.8878109239864765,0.6339298004129388,,0.6643486407119823,0.9125522076882522,0.7251646903820816,,0.7375041377027475
div11szl,llama_seed_ablation_lora_no_ln_fp32_layer20_seed43,llama_seed_ablation_lora_no_ln_fp32_layer20_seed43,finished,2026-03-17 12:11:58+00:00,final_ablation,llama,lora_no_ln,fp32,20,43,float32,,float32,none,0.5078495144844055,0.20261211693286896,0.012358661741018295,0.903622042068704,0.3453673099477556,,0.7005331989282967,0.8792858089895464,0.5734315252797054,,0.6321988487147518,0.9079089095219346,0.686977886977887,,0.7147058823529412,0.902641484422776,0.3389297987236132,,0.6907056767614895,0.8871261750838231,0.6332928199600981,,0.6629794440340858,0.9123821423710984,0.725188167337651,,0.7363455809334657
5e1jz35v,llama_seed_ablation_lora_no_ln_bf16_layer20_seed44,llama_seed_ablation_lora_no_ln_bf16_layer20_seed44,finished,2026-03-17 12:11:58+00:00,final_ablation,llama,lora_no_ln,bf16,20,44,bfloat16,,bfloat16,none,0.31502559781074524,0.1338151842355728,0.00885779969394207,0.9048341998214168,0.3470466458177333,,0.7051754781547603,0.8809090217341781,0.5648129894800982,,0.6356739263071332,0.9076857611023554,0.68068397720076,,0.7131221719457014,0.9024301122279772,0.33662497256967305,,0.688021330642982,0.8874310310369325,0.6228177019894438,,0.6588538382546345,0.9112068557217556,0.7123336929162172,,0.7353525322740815
4e0vum0j,llama_seed_ablation_lora_no_ln_fp32_layer20_seed44,llama_seed_ablation_lora_no_ln_fp32_layer20_seed44,finished,2026-03-17 12:11:58+00:00,final_ablation,llama,lora_no_ln,fp32,20,44,float32,,float32,none,0.3124278485774994,0.13301882147789,0.007957827299833298,0.9054104894572956,0.3478394620903328,,0.7065283709579011,0.8807884558647704,0.5662874722758818,,0.6380348568851633,0.9079588393637746,0.6808832807570978,,0.7199095022624434,0.9028298325028632,0.33667791263199404,,0.6897328264903526,0.886818323920542,0.6232387838338895,,0.6589619327292053,0.9112374533947594,0.7128021486123545,,0.7370076133730553
3i93rr0z,llama_seed_ablation_lora_no_ln_bf16_layer26_seed42,llama_seed_ablation_lora_no_ln_bf16_layer26_seed42,finished,2026-03-17 12:11:58+00:00,final_ablation,llama,lora_no_ln,bf16,26,42,bfloat16,,bfloat16,none,0.345849871635437,0.20233766734600067,0.007850340567529202,0.9017014110595876,0.3405813838387171,,0.6949094092368093,0.8798126970644626,0.5582879601918292,,0.6333925776586996,0.9084790191466792,0.6806203505232632,,0.7239819004524887,0.9002089040074301,0.3379175857549311,,0.6807429693552165,0.8865007524633132,0.6181448170196839,,0.6589259012376817,0.9118450759989258,0.7157970234893312,,0.73733862959285
20zpsrk1,llama_seed_ablation_lora_no_ln_fp32_layer26_seed42,llama_seed_ablation_lora_no_ln_fp32_layer26_seed42,finished,2026-03-17 12:11:58+00:00,final_ablation,llama,lora_no_ln,fp32,26,42,float32,,float32,none,0.331523060798645,0.20136386156082153,0.00748624699190259,0.9025245605969742,0.33996351568166333,,0.6987293418574423,0.8798666470639032,0.5575661451950111,,0.6362044725044433,0.9083647440654194,0.6823677581863979,,0.7201357466063348,0.9008866032385702,0.33805250828842437,,0.6839137406092926,0.8865123390248029,0.6179495279210979,,0.6627092078476589,0.9116398356813916,0.7203078850801038,,0.7370076133730553
2pkqi2se,llama_seed_ablation_lora_no_ln_bf16_layer26_seed43,llama_seed_ablation_lora_no_ln_bf16_layer26_seed43,finished,2026-03-17 12:11:58+00:00,final_ablation,llama,lora_no_ln,bf16,26,43,bfloat16,,bfloat16,none,0.5354858636856079,0.2033994197845459,0.013867205008864405,0.9039997449106428,0.3442214547670726,,0.6989415603363663,0.8789040929528116,0.5708560890843323,,0.6292012626999496,0.9077667066234398,0.6833600592080917,,0.7097285067873303,0.9030764386562976,0.3376760279536421,,0.689336480083593,0.8870152542129317,0.6280968858131488,,0.6635199164069396,0.9117837951424071,0.7261570827489481,,0.7348560079443893
noa0b2y8,llama_seed_ablation_lora_no_ln_fp32_layer26_seed43,llama_seed_ablation_lora_no_ln_fp32_layer26_seed43,finished,2026-03-17 12:11:58+00:00,final_ablation,llama,lora_no_ln,fp32,26,43,float32,,float32,none,0.5411130785942078,0.20406024158000943,0.01463200617581606,0.903468408864831,0.34288140090209607,,0.6975621402233599,0.8783118566843768,0.5721875885519977,,0.6291482080802185,0.9074832602404952,0.6828786569559314,,0.717420814479638,0.9026763278128344,0.33581713330136365,,0.6882014881005999,0.8867864950004165,0.6290610496251339,,0.6635379321527015,0.9116360631588284,0.7216277845991931,,0.7328699106256207
ykn6xs9q,llama_seed_ablation_lora_no_ln_bf16_layer26_seed44,llama_seed_ablation_lora_no_ln_bf16_layer26_seed44,finished,2026-03-17 12:11:58+00:00,final_ablation,llama,lora_no_ln,bf16,26,44,bfloat16,,bfloat16,none,0.32285118103027344,0.1333116739988327,0.008325714617967606,0.9045141173143452,0.34453119874024013,,0.7000822346605831,0.8806663065670121,0.5646034192322856,,0.6379552749555668,0.908076282930073,0.6822017886383676,,0.7158371040723982,0.9026476681559176,0.33489912601062893,,0.6862017403210406,0.8873754543993848,0.6202448979591837,,0.6598447042715333,0.9115891279481108,0.7159428108983005,,0.7325388944058259
wtd63f9o,llama_seed_ablation_lora_no_ln_fp32_layer26_seed44,llama_seed_ablation_lora_no_ln_fp32_layer26_seed44,finished,2026-03-17 12:11:58+00:00,final_ablation,llama,lora_no_ln,fp32,26,44,float32,,float32,none,0.31724193692207336,0.13178615272045135,0.007605961989611387,0.9053783372128418,0.3447696187055857,,0.7007984720269518,0.8805467922240653,0.5652718616887998,,0.636920709870812,0.9081638717887444,0.6847662141779789,,0.7183257918552036,0.9030532500455885,0.33455819787339985,,0.6870304646260832,0.8869075971715497,0.6190376227462505,,0.6605473183562434,0.9112967524194244,0.7159365761891965,,0.733862959285005
j5ktqsnw,llama_seed_ablation_lora_no_ln_bf16_layer30_seed42,llama_seed_ablation_lora_no_ln_bf16_layer30_seed42,finished,2026-03-17 12:11:58+00:00,final_ablation,llama,lora_no_ln,bf16,30,42,bfloat16,,bfloat16,none,0.3536677360534668,0.20014901459217072,0.007892785593867302,0.9046098854094456,0.34929751428130307,,0.7105339947475926,0.883187238628668,0.5902528959543605,,0.6501047828739688,0.9128420875430648,0.7124627310673822,,0.7350678733031675,0.9009873545907056,0.34008847092959243,,0.6855711892193778,0.8877584758231882,0.6153467551034758,,0.6639162628136992,0.9135392504917156,0.719229397074563,,0.7361800728235683
q9dm1t9b,llama_seed_ablation_lora_no_ln_fp32_layer30_seed42,llama_seed_ablation_lora_no_ln_fp32_layer30_seed42,finished,2026-03-17 12:11:57+00:00,final_ablation,llama,lora_no_ln,fp32,30,42,float32,,float32,none,0.3658217787742615,0.20160721242427823,0.007704559713602066,0.904117269041866,0.34886356611510644,,0.7081200095498316,0.8828013145839702,0.5893615539928985,,0.6501843648035652,0.912691161232836,0.7089241034195163,,0.733710407239819,0.9008825566852824,0.33862079189413913,,0.6853189687787126,0.8879864409642434,0.6156297971571534,,0.6655737114237844,0.913948373018661,0.7210399786305761,,0.7365110890433632
g8e9x0l1,llama_seed_ablation_lora_no_ln_bf16_layer30_seed43,llama_seed_ablation_lora_no_ln_bf16_layer30_seed43,finished,2026-03-17 12:11:58+00:00,final_ablation,llama,lora_no_ln,bf16,30,43,bfloat16,,bfloat16,none,0.5511191487312317,0.20376776158809665,0.01412354875355959,0.9044266354887064,0.35039049543165574,,0.7098442846910895,0.8800378857530959,0.5983522142121525,,0.6416690983367377,0.912145109519935,0.7156348373557188,,0.7330316742081447,0.9028123322014608,0.3398398523248852,,0.6906876610157278,0.8878067220804482,0.6278327591967464,,0.6606373970850523,0.9137254119051396,0.7266568227221402,,0.7375041377027475
fcswlwca,llama_seed_ablation_lora_no_ln_fp32_layer30_seed43,llama_seed_ablation_lora_no_ln_fp32_layer30_seed43,finished,2026-03-17 12:11:58+00:00,final_ablation,llama,lora_no_ln,fp32,30,43,float32,,float32,none,0.5397473573684692,0.2020101249217987,0.013720841147005558,0.9051285667662832,0.3515334178301614,,0.7122847971987161,0.8810887241652139,0.6019755955839629,,0.6429689365201475,0.9125085258853134,0.7145676146256529,,0.7386877828054299,0.9025163863668092,0.33848668528229925,,0.6918226529987209,0.8881203296439708,0.6291211636497543,,0.6637180896103194,0.9133989126523608,0.725916934015434,,0.7366765971532605
hezqj167,llama_seed_ablation_lora_no_ln_bf16_layer30_seed44,llama_seed_ablation_lora_no_ln_bf16_layer30_seed44,finished,2026-03-17 12:11:58+00:00,final_ablation,llama,lora_no_ln,bf16,30,44,bfloat16,,bfloat16,none,0.31895363330841064,0.13228456676006317,0.008152992464601994,0.9067198639119364,0.3517794310360839,,0.7153619651431148,0.8837471056582862,0.5921011497446942,,0.6500517282542377,0.9130705570825556,0.7078356426182513,,0.7366515837104073,0.9019966891774728,0.33709445421128337,,0.6854811104905688,0.8884797732097843,0.6165376610621331,,0.6623308771866612,0.9131508768388684,0.7167113494191242,,0.740317775571003
orqu5mvk,llama_seed_ablation_lora_no_ln_fp32_layer30_seed44,llama_seed_ablation_lora_no_ln_fp32_layer30_seed44,finished,2026-03-17 12:11:58+00:00,final_ablation,llama,lora_no_ln,fp32,30,44,float32,,float32,none,0.31793200969696045,0.13284005224704742,0.00819854810833931,0.906289472899966,0.3520360600317574,,0.7131601984242778,0.8837681268498221,0.5949342982289088,,0.6518025307053612,0.9126627093659128,0.7092097445038622,,0.733710407239819,0.9017982478404548,0.33745854668818215,,0.6854811104905688,0.8885997413054341,0.6195385943222376,,0.6636099951357487,0.9131582357728816,0.71788032364186,,0.7429659053293611
gqpzkicz,llama_seed_ablation_no_lora_ln_bf16_layer10_seed42,llama_seed_ablation_no_lora_ln_bf16_layer10_seed42,finished,2026-03-17 12:11:58+00:00,final_ablation,llama,no_lora_ln,bf16,10,42,bfloat16,,bfloat16,layernorm,0.361492931842804,0.1933574229478836,0.0,0.8805792044108542,0.28286623578728953,,0.6443748839430193,0.8344223007762233,0.4072915194702949,,0.5453219089052179,0.8748948836948309,0.6067139737991266,,0.640950226244344,0.8769380172546734,0.2930256450784368,,0.616192552290702,0.8383033606346145,0.48051527286393736,,0.5498946078872935,0.8777200239783545,0.6471471471471472,,0.6506123800066204
jc3a7vs1,llama_seed_ablation_no_lora_ln_fp32_layer10_seed42,llama_seed_ablation_no_lora_ln_fp32_layer10_seed42,finished,2026-03-17 12:11:58+00:00,final_ablation,llama,no_lora_ln,fp32,10,42,float32,,float32,layernorm,0.35372650623321533,0.1933574229478836,0.0,0.87359087701556,0.27974474248780423,,0.6265220044035335,0.8376576455525104,0.41271697276374414,,0.5538902299917765,0.878988243872408,0.6105808562857922,,0.6502262443438914,0.8700801782858089,0.2881304928202714,,0.6012574990541734,0.8420123977048206,0.48394287343511055,,0.5607400868358946,0.8821722796571178,0.6553629976580796,,0.6631909963588216
gxe2pzdb,llama_seed_ablation_no_lora_ln_bf16_layer10_seed43,llama_seed_ablation_no_lora_ln_bf16_layer10_seed43,finished,2026-03-17 12:12:01+00:00,final_ablation,llama,no_lora_ln,bf16,10,43,bfloat16,,bfloat16,layernorm,0.6058343648910522,0.1932820975780487,0.0,0.8800297237938229,0.28775513012840803,,0.6437912831259782,0.8352515778423435,0.4182687498749675,,0.547842003342441,0.874571601473273,0.6078112286411717,,0.6470588235294118,0.8766062425858165,0.2944672067056579,,0.6180661898499289,0.8380475614543675,0.4856973355000129,,0.5487776316500621,0.8771204293022028,0.6535740878629933,,0.6459781529294936
d2hah9ns,llama_seed_ablation_no_lora_ln_fp32_layer10_seed43,llama_seed_ablation_no_lora_ln_fp32_layer10_seed43,finished,2026-03-17 12:11:58+00:00,final_ablation,llama,no_lora_ln,fp32,10,43,float32,,float32,layernorm,0.6213151812553406,0.1932820975780487,0.0,0.8727744325944508,0.2855389377343135,,0.629015571530891,0.8392498274590503,0.42630918471007706,,0.5537841207523145,0.8786998472354846,0.617829248586049,,0.6547511312217195,0.8695345969532097,0.28911400060477777,,0.6036355774947304,0.8423856278302017,0.49188424437299033,,0.5595690633613778,0.8815098397850913,0.6651231709575848,,0.6567361800728235
b7lzwzkt,llama_seed_ablation_no_lora_ln_bf16_layer10_seed44,llama_seed_ablation_no_lora_ln_bf16_layer10_seed44,finished,2026-03-17 12:11:58+00:00,final_ablation,llama,no_lora_ln,bf16,10,44,bfloat16,,bfloat16,layernorm,0.3463510274887085,0.12387654185295104,0.0,0.8793375743176931,0.28354153867158166,,0.6421200626044513,0.8346883393916751,0.4155927319298807,,0.545534127384142,0.8747908316136442,0.6138266270591413,,0.6434389140271494,0.8761822926272943,0.2952315306035518,,0.6162285837822257,0.8389327481944122,0.48993021193465885,,0.5533896625650819,0.8783529627239359,0.6561596568124592,,0.6514399205561072
hzlnefj2,llama_seed_ablation_no_lora_ln_fp32_layer10_seed44,llama_seed_ablation_no_lora_ln_fp32_layer10_seed44,finished,2026-03-17 12:11:58+00:00,final_ablation,llama,no_lora_ln,fp32,10,44,float32,,float32,layernorm,0.3297030031681061,0.12387654185295104,0.0,0.870711593782562,0.28001549704086676,,0.6220654163461283,0.8386487883526716,0.4194013126300624,,0.5520598456110566,0.879030990202367,0.6175040518638574,,0.6486425339366516,0.8676252597449108,0.2879368590083471,,0.6003386960203217,0.8432034874050531,0.4901806553106988,,0.5635145116832111,0.8829306824430944,0.6627505827505827,,0.6640185369083085
nkrvck63,llama_seed_ablation_no_lora_ln_bf16_layer20_seed42,llama_seed_ablation_no_lora_ln_bf16_layer20_seed42,finished,2026-03-17 12:11:58+00:00,final_ablation,llama,no_lora_ln,bf16,20,42,bfloat16,,bfloat16,layernorm,0.3849323093891144,0.1933574229478836,0.0,0.8728342249872987,0.2631086007406233,,0.6257792397272992,0.8228527772261861,0.3766190908340896,,0.5189007082791735,0.8698293871585575,0.5942289106723734,,0.6334841628959276,0.8706678759243957,0.2754463835367699,,0.6012755147999351,0.8262460235096531,0.4386815187704172,,0.5298971300917001,0.8746019636593605,0.6337662337662338,,0.6463091691492883
96l6c89m,llama_seed_ablation_no_lora_ln_fp32_layer20_seed42,llama_seed_ablation_no_lora_ln_fp32_layer20_seed42,finished,2026-03-17 12:11:58+00:00,final_ablation,llama,no_lora_ln,fp32,20,42,float32,,float32,layernorm,0.3682791590690613,0.1933574229478836,0.0,0.8640955538153912,0.2627296108386154,,0.6051940472716661,0.8276991086121138,0.3846422913108784,,0.5298564872536277,0.876114661749307,0.604267033723331,,0.643212669683258,0.8636117062925153,0.27183840652716074,,0.5884122723260129,0.8321431688774859,0.4413014626037296,,0.5438052858198065,0.8808363942072404,0.6414005386687187,,0.6610393909301556
rrvx18s8,llama_seed_ablation_no_lora_ln_bf16_layer20_seed43,llama_seed_ablation_no_lora_ln_bf16_layer20_seed43,finished,2026-03-17 12:11:58+00:00,final_ablation,llama,no_lora_ln,bf16,20,43,bfloat16,,bfloat16,layernorm,0.6488235592842102,0.1932820975780487,0.0,0.8686767668742325,0.2675847247946387,,0.6187229753030745,0.8235137080357906,0.3870822595819528,,0.5238347879141576,0.8704289080642702,0.6028629856850716,,0.6434389140271494,0.8690146181074028,0.27971748733434826,,0.6018340029185508,0.8281271674870346,0.447580001064906,,0.5378240582268903,0.8747055370088286,0.6408026755852843,,0.6499503475670307
q6vrw7c5,llama_seed_ablation_no_lora_ln_fp32_layer20_seed43,llama_seed_ablation_no_lora_ln_fp32_layer20_seed43,finished,2026-03-17 12:11:58+00:00,final_ablation,llama,no_lora_ln,fp32,20,43,float32,,float32,layernorm,0.6436977982521057,0.1932820975780487,0.0,0.8602434868872962,0.26779804143228775,,0.6039207363981218,0.8302482396011811,0.39988610710000205,,0.5378146802132796,0.8760463014830445,0.6153221440173254,,0.6459276018099548,0.8611449592459554,0.27650709291030096,,0.5868629181904985,0.8347691513140028,0.4565906168387841,,0.5525429225142775,0.8810183806956942,0.652565683391824,,0.660377358490566
u45jt1yw,llama_seed_ablation_no_lora_ln_bf16_layer20_seed44,llama_seed_ablation_no_lora_ln_bf16_layer20_seed44,finished,2026-03-17 12:11:58+00:00,final_ablation,llama,no_lora_ln,bf16,20,44,bfloat16,,bfloat16,layernorm,0.3952409029006958,0.12387654185295104,0.0,0.8715867636672082,0.26366376613774667,,0.6181393744860334,0.8237696553864511,0.3807099304030056,,0.5205984561105659,0.8713820657619472,0.598382010146716,,0.6445701357466064,0.8703049106125663,0.2783971722577342,,0.5993117985118994,0.828049678792591,0.4477116370494329,,0.5320229880915921,0.8752736135164715,0.6372699386503068,,0.6506123800066204
d6c8w9wq,llama_seed_ablation_no_lora_ln_fp32_layer20_seed44,llama_seed_ablation_no_lora_ln_fp32_layer20_seed44,finished,2026-03-17 12:11:58+00:00,final_ablation,llama,no_lora_ln,fp32,20,44,float32,,float32,layernorm,0.3924986720085144,0.12387654185295104,0.0,0.863615279023957,0.2634942592336423,,0.6039472637079873,0.8310608105212024,0.38972092642605777,,0.5353741677056529,0.8776458543154766,0.6090512540894221,,0.6558823529411765,0.8624449259910244,0.2733792080963048,,0.5850973751058425,0.834603315373359,0.4509723126819348,,0.5463635217179815,0.8810169672572404,0.6466539196940727,,0.6643495531281033
i01f36kn,llama_seed_ablation_no_lora_ln_bf16_layer26_seed42,llama_seed_ablation_no_lora_ln_bf16_layer26_seed42,finished,2026-03-17 12:11:58+00:00,final_ablation,llama,no_lora_ln,bf16,26,42,bfloat16,,bfloat16,layernorm,0.39469724893569946,0.1933574229478836,0.0,0.8633057637079845,0.2517150714739037,,0.6066265220044035,0.8102204379609058,0.3497889675156962,,0.5004377006127808,0.8614305879257017,0.5878745644599304,,0.6221719457013575,0.8621421094240679,0.2596610472655726,,0.5830796115805214,0.814886691356989,0.3994881532238091,,0.5058461094997028,0.8630253645101842,0.6077088632361574,,0.6118834822906323
h95j1dx3,llama_seed_ablation_no_lora_ln_fp32_layer26_seed42,llama_seed_ablation_no_lora_ln_fp32_layer26_seed42,finished,2026-03-17 12:11:58+00:00,final_ablation,llama,no_lora_ln,fp32,26,42,float32,,float32,layernorm,0.37295371294021606,0.1933574229478836,0.0,0.8538743178163657,0.25706680554350025,,0.5897020983102104,0.8157542644711815,0.3689554222120715,,0.5121892988832003,0.8691413582916432,0.6024793388429752,,0.6402714932126696,0.8541134232600653,0.2604696909564647,,0.5715315185472103,0.8214733105142519,0.4122739935543781,,0.5231051939395032,0.8712179103194729,0.6220067862336404,,0.6373717312148295
bqhol3nd,llama_seed_ablation_no_lora_ln_bf16_layer26_seed43,llama_seed_ablation_no_lora_ln_bf16_layer26_seed43,finished,2026-03-17 12:11:58+00:00,final_ablation,llama,no_lora_ln,bf16,26,43,bfloat16,,bfloat16,layernorm,0.6644741892814636,0.1932820975780487,0.0,0.8575319426373822,0.2579370306942432,,0.600206913016951,0.8092506639214608,0.36524550749269385,,0.4980767700347507,0.8603890915751837,0.5884615384615385,,0.631447963800905,0.8594239379098357,0.26671428073720516,,0.5845929342245122,0.8157158021468958,0.41615590557601617,,0.5094312429063002,0.8638690112160012,0.61915797605253,,0.6138695796094008
ygkqq2lv,llama_seed_ablation_no_lora_ln_fp32_layer26_seed43,llama_seed_ablation_no_lora_ln_fp32_layer26_seed43,finished,2026-03-17 12:11:58+00:00,final_ablation,llama,no_lora_ln,fp32,26,43,float32,,float32,layernorm,0.6746800541877747,0.1932820975780487,0.0,0.8490171771194732,0.2589123524069028,,0.5843701090272435,0.8164043056443995,0.376413303623009,,0.5135421916863411,0.8679119860967199,0.6021917808219178,,0.6384615384615384,0.851669015601563,0.26457410497251604,,0.5709009674455474,0.8232253863218439,0.42357184504196665,,0.5288342010917542,0.8717091581476065,0.6295689073198959,,0.6403508771929824
fx9tw7qt,llama_seed_ablation_no_lora_ln_bf16_layer26_seed44,llama_seed_ablation_no_lora_ln_bf16_layer26_seed44,finished,2026-03-17 12:11:57+00:00,final_ablation,llama,no_lora_ln,bf16,26,44,bfloat16,,bfloat16,layernorm,0.41671255230903625,0.12387654185295104,0.0,0.8634000430327471,0.2585931018134408,,0.6053001565111282,0.8120586103121469,0.3629293853447559,,0.5037005597262382,0.8612982774728615,0.5937888198757764,,0.6280542986425339,0.8621882504784774,0.26459381991051456,,0.5848271389194156,0.8159649389782441,0.4121306164672574,,0.5055758733132758,0.8637525408693969,0.6144753415366728,,0.6125455147302218
15kbdtn3,llama_seed_ablation_no_lora_ln_fp32_layer26_seed44,llama_seed_ablation_no_lora_ln_fp32_layer26_seed44,finished,2026-03-17 12:11:58+00:00,final_ablation,llama,no_lora_ln,fp32,26,44,float32,,float32,layernorm,0.4051494896411896,0.12387654185295104,0.0,0.8549085748567056,0.25909698179885365,,0.5898877894792689,0.8212053591413181,0.37333885323949495,,0.5202536010823142,0.869980418278724,0.6027812198815916,,0.6407239819004525,0.8540628862190124,0.2613595858440126,,0.5724323058353,0.8258493520221666,0.4182818336162989,,0.5291765002612283,0.8716793652794166,0.622767210582215,,0.6373717312148295
340i48iq,llama_seed_ablation_no_lora_ln_bf16_layer30_seed42,llama_seed_ablation_no_lora_ln_bf16_layer30_seed42,finished,2026-03-17 12:11:57+00:00,final_ablation,llama,no_lora_ln,bf16,30,42,bfloat16,,bfloat16,layernorm,0.43573129177093506,0.1933574229478836,0.0,0.8634964712859138,0.28341789052069427,,0.6199697588667533,0.815910367819467,0.4199323455520167,,0.5218982942939756,0.8654892882631252,0.638390014010954,,0.6441176470588236,0.8591918165166795,0.2572465391335514,,0.5821067613093844,0.8199958980743554,0.3950899307801341,,0.5116291638892392,0.8669696374507228,0.625,,0.6284342932803707
etv76x6y,llama_seed_ablation_no_lora_ln_fp32_layer30_seed42,llama_seed_ablation_no_lora_ln_fp32_layer30_seed42,finished,2026-03-17 12:11:58+00:00,final_ablation,llama,no_lora_ln,fp32,30,42,float32,,float32,layernorm,0.4311285614967346,0.1933574229478836,0.0,0.8539715326105833,0.28256861809790246,,0.6033901902008117,0.8213785305572422,0.431108750811353,,0.5323765816908508,0.8718463173496566,0.6436927772126144,,0.6518099547511312,0.8495789937640169,0.2569548675346434,,0.5679824166321364,0.8256478139481042,0.40416712419018336,,0.5280775397697588,0.8737719131248616,0.6312548113933796,,0.6464746772591857
m0xee5au,llama_seed_ablation_no_lora_ln_bf16_layer30_seed43,llama_seed_ablation_no_lora_ln_bf16_layer30_seed43,finished,2026-03-17 12:12:00+00:00,final_ablation,llama,no_lora_ln,bf16,30,43,bfloat16,,bfloat16,layernorm,0.719184935092926,0.1932820975780487,0.0,0.858303082382001,0.2830220427393572,,0.6130196036819906,0.8171432883875267,0.4281825836645975,,0.5216064938854551,0.8667637126066361,0.6378460371634433,,0.644343891402715,0.8556878708178712,0.26261332964218975,,0.5820166825805754,0.8212591914358442,0.4123840186928584,,0.5122957464824256,0.8671339534434901,0.6287993920972644,,0.6257861635220126
a2ngq2gi,llama_seed_ablation_no_lora_ln_fp32_layer30_seed43,llama_seed_ablation_no_lora_ln_fp32_layer30_seed43,finished,2026-03-17 12:11:58+00:00,final_ablation,llama,no_lora_ln,fp32,30,43,float32,,float32,layernorm,0.719001293182373,0.1932820975780487,0.0,0.8504897714850138,0.28259962313305426,,0.5982969467066345,0.8223173489787909,0.436232308443143,,0.5300687057325517,0.8720363538912383,0.6453963069966084,,0.6588235294117647,0.8478537850014849,0.26157085130225133,,0.5690633613778442,0.8267031283597586,0.4179881977887811,,0.5284018231934711,0.8727992360873191,0.6362859584164056,,0.6386957960940086
e87qj4pw,llama_seed_ablation_no_lora_ln_bf16_layer30_seed44,llama_seed_ablation_no_lora_ln_bf16_layer30_seed44,finished,2026-03-17 12:11:57+00:00,final_ablation,llama,no_lora_ln,bf16,30,44,bfloat16,,bfloat16,layernorm,0.41673025488853455,0.12387654185295104,0.0,0.8618356052740088,0.2873147391760999,,0.6194922672891742,0.8200180882402465,0.43301023997498633,,0.5289545587182004,0.8671694238130114,0.6398693631453335,,0.640950226244344,0.8572327296440635,0.2625783705864986,,0.5793683679535915,0.8224516638698003,0.4113677795009931,,0.5159709586178319,0.8669203934561964,0.6287842612930952,,0.6299238662694472
jc9phw1e,llama_seed_ablation_no_lora_ln_fp32_layer30_seed44,llama_seed_ablation_no_lora_ln_fp32_layer30_seed44,finished,2026-03-17 12:11:58+00:00,final_ablation,llama,no_lora_ln,fp32,30,44,float32,,float32,layernorm,0.4134432375431061,0.12387654185295104,0.0,0.8541638407913108,0.2835528589531892,,0.6069979043425207,0.826861818433645,0.43449777376772647,,0.5402021381011751,0.8729883667419042,0.6470139771283354,,0.6556561085972851,0.8490425865509704,0.25913912058490374,,0.569783991208316,0.8294486548611874,0.4122087388580243,,0.5341128145999604,0.8732658417980691,0.6327041602465331,,0.6443230718305197
8gapvk83,llama_seed_ablation_no_lora_no_ln_bf16_layer10_seed42,llama_seed_ablation_no_lora_no_ln_bf16_layer10_seed42,finished,2026-03-17 12:12:01+00:00,final_ablation,llama,no_lora_no_ln,bf16,10,42,bfloat16,,bfloat16,none,0.4748224318027496,0.1933574229478836,0.0,0.8483254559186596,0.15804788826072497,,0.6038942090882563,0.7955975141462109,0.1790777636474966,,0.4571981855320052,0.8429605856585821,0.4216005204944697,,0.568552036199095,0.8463270202861488,0.18505948701126657,,0.5671897238186174,0.7938045729710019,0.2278028855860473,,0.4394220548759616,0.8379529129628543,0.4915975801030697,,0.5509764978483945
2fvxv0sf,llama_seed_ablation_no_lora_no_ln_fp32_layer10_seed42,llama_seed_ablation_no_lora_no_ln_fp32_layer10_seed42,finished,2026-03-17 12:11:58+00:00,final_ablation,llama,no_lora_no_ln,fp32,10,42,float32,,float32,none,0.4200799763202667,0.1933574229478836,0.0,0.8607528995264492,0.23084406870638757,,0.6234448364591347,0.8124229321541419,0.2984472588480222,,0.5021354484441732,0.8588812313135975,0.5344473761360304,,0.6110859728506788,0.8575352946133927,0.25298393267023717,,0.588232114868395,0.8120196709716561,0.3704658132825411,,0.48979408002594266,0.8557234710378514,0.5863663784435954,,0.6007944389275075
l5feldw7,llama_seed_ablation_no_lora_no_ln_bf16_layer10_seed43,llama_seed_ablation_no_lora_no_ln_bf16_layer10_seed43,finished,2026-03-17 12:12:01+00:00,final_ablation,llama,no_lora_no_ln,bf16,10,43,bfloat16,,bfloat16,none,0.6488316655158997,0.1932820975780487,0.0,0.8492238340697775,0.1633640033607246,,0.6072631774411756,0.7959795775792062,0.18669789227166275,,0.4627423932938961,0.8442171278142678,0.42603359173126615,,0.5692307692307692,0.8472903566443056,0.19210506789344808,,0.5708829516997856,0.7945182118548927,0.2393565386215504,,0.43967427531662673,0.8387806245333641,0.4953104064314426,,0.5572658060244952
g0cn7tbd,llama_seed_ablation_no_lora_no_ln_fp32_layer10_seed43,llama_seed_ablation_no_lora_no_ln_fp32_layer10_seed43,finished,2026-03-17 12:11:58+00:00,final_ablation,llama,no_lora_no_ln,fp32,10,43,float32,,float32,none,0.5983733534812927,0.1932820975780487,0.0,0.8606707655433012,0.23801159030092095,,0.6243202376846964,0.8133961971023501,0.31181847510485,,0.5043637424728759,0.8602231290700522,0.5450043693562482,,0.6113122171945702,0.8574132141466134,0.25720858175672506,,0.5895832958005297,0.8128310622955165,0.3808107206405694,,0.4930549300088277,0.8565605284042579,0.5936564931178935,,0.6021185038066865
il8j814l,llama_seed_ablation_no_lora_no_ln_bf16_layer10_seed44,llama_seed_ablation_no_lora_no_ln_bf16_layer10_seed44,finished,2026-03-17 12:12:01+00:00,final_ablation,llama,no_lora_no_ln,bf16,10,44,bfloat16,,bfloat16,none,0.4576666951179504,0.12387654185295104,0.0,0.8502708588168157,0.16308339867123345,,0.6123829482452184,0.7957720564718177,0.18545283904270296,,0.4579409502082394,0.8435050329732063,0.4319097502014505,,0.5760180995475113,0.8482293543225523,0.1908891547049442,,0.577026321004558,0.7936230813516635,0.2367632058850802,,0.4354585908083665,0.8377092080052647,0.5020053475935828,,0.5549486924859318
4u7lr7b4,llama_seed_ablation_no_lora_no_ln_fp32_layer10_seed44,llama_seed_ablation_no_lora_no_ln_fp32_layer10_seed44,finished,2026-03-17 12:11:58+00:00,final_ablation,llama,no_lora_no_ln,fp32,10,44,float32,,float32,none,0.3800326585769654,0.12387654185295104,0.0,0.8609779180076876,0.23717853549100143,,0.6233917818394037,0.8138794026480873,0.30946385140225136,,0.5047085975011274,0.8600469919386645,0.5431021950864952,,0.6147058823529412,0.8577609072933727,0.25693784853813817,,0.5901237681733835,0.8139569880431824,0.3802009406918817,,0.49413587475453546,0.8564595404902532,0.592303848075962,,0.6004634227077127
txvg4r6r,llama_seed_ablation_no_lora_no_ln_bf16_layer20_seed42,llama_seed_ablation_no_lora_no_ln_bf16_layer20_seed42,finished,2026-03-17 12:12:01+00:00,final_ablation,llama,no_lora_no_ln,bf16,20,42,bfloat16,,bfloat16,none,0.4513641595840454,0.1933574229478836,0.0,0.8728587252477422,0.2153124892274811,,0.6395999681672282,0.793733846298686,0.27528758429194766,,0.4761386847759769,0.8388233907401549,0.4904342544791983,,0.5841628959276018,0.8678077113482386,0.2391302167437289,,0.5825391392076675,0.7938099577146225,0.34209544580595175,,0.4645720359594286,0.8402629693692092,0.5536521282186022,,0.5666997682886461
yl02szou,llama_seed_ablation_no_lora_no_ln_fp32_layer20_seed42,llama_seed_ablation_no_lora_no_ln_fp32_layer20_seed42,finished,2026-03-17 12:11:58+00:00,final_ablation,llama,no_lora_no_ln,fp32,20,42,float32,,float32,none,0.41426706314086914,0.1933574229478836,0.0,0.872156716826425,0.24113064292357184,,0.6291747353900841,0.8131040906254468,0.3352552145158555,,0.5106772422208664,0.8589930635170796,0.5509849362688297,,0.6135746606334842,0.8666111787000847,0.25695352535783705,,0.5846469814617976,0.8140032746910077,0.400584030083059,,0.5054497630929432,0.8620791605209759,0.5987530168946098,,0.6178417742469381
lx3bcps3,llama_seed_ablation_no_lora_no_ln_bf16_layer20_seed43,llama_seed_ablation_no_lora_no_ln_bf16_layer20_seed43,finished,2026-03-17 12:11:58+00:00,final_ablation,llama,no_lora_no_ln,bf16,20,43,bfloat16,,bfloat16,none,0.6761640906333923,0.1932820975780487,0.0,0.8706108057566643,0.21635245831843183,,0.6289094622914291,0.7951255864422384,0.2794667605262,,0.4803565270445924,0.8406979084128842,0.4912334197286172,,0.5945701357466063,0.8664683449500425,0.2383805410139533,,0.5855477687498875,0.795966446208381,0.34399954041477565,,0.471057704433675,0.8414745476856107,0.5538363713437897,,0.5710029791459782
ij9e774f,llama_seed_ablation_no_lora_no_ln_fp32_layer20_seed43,llama_seed_ablation_no_lora_no_ln_fp32_layer20_seed43,finished,2026-03-17 12:11:58+00:00,final_ablation,llama,no_lora_no_ln,fp32,20,43,float32,,float32,none,0.6425083875656128,0.1932820975780487,0.0,0.8692835651436239,0.24292910307495677,,0.6206594689232565,0.8142025430756423,0.34136961987871617,,0.5121627715733348,0.8598404115515387,0.5567754984108639,,0.6210407239819005,0.8649434134874995,0.2570283242787067,,0.5835300052245662,0.8155294620720834,0.40262190335862513,,0.5119354315671897,0.8629823175127218,0.6053448103292963,,0.6242965905329361
dj8rayf0,llama_seed_ablation_no_lora_no_ln_bf16_layer20_seed44,llama_seed_ablation_no_lora_no_ln_bf16_layer20_seed44,finished,2026-03-17 12:11:58+00:00,final_ablation,llama,no_lora_no_ln,bf16,20,44,bfloat16,,bfloat16,none,0.45183610916137695,0.12387654185295104,0.0,0.8713475532888777,0.21792319602538585,,0.632782449531793,0.7950885718808036,0.2813522834611076,,0.47929543464997215,0.8403986357293529,0.49170345562490486,,0.5871040723981901,0.8671637587212833,0.23911669431934895,,0.5846830129533213,0.7962225061185796,0.3466036790494596,,0.46622948456951374,0.8416758997898897,0.5525842934150724,,0.5708374710360807
1y7tz09p,llama_seed_ablation_no_lora_no_ln_fp32_layer20_seed44,llama_seed_ablation_no_lora_no_ln_fp32_layer20_seed44,finished,2026-03-17 12:11:58+00:00,final_ablation,llama,no_lora_no_ln,fp32,20,44,float32,,float32,none,0.4046417474746704,0.12387654185295104,0.0,0.8711463797188009,0.2429770599109064,,0.6259384035864923,0.8154137978064426,0.3392282958199357,,0.5133034458975515,0.8601691922636722,0.5491505735443589,,0.6210407239819005,0.8661910141470731,0.2577197462289731,,0.587259264597258,0.8169699730017738,0.40397788231410414,,0.5119894788044751,0.8631852892866878,0.6010654337119309,,0.6163522012578616
dwngcpmr,llama_seed_ablation_no_lora_no_ln_bf16_layer26_seed42,llama_seed_ablation_no_lora_no_ln_bf16_layer26_seed42,finished,2026-03-17 12:11:58+00:00,final_ablation,llama,no_lora_no_ln,bf16,26,42,bfloat16,,bfloat16,none,0.42791247367858887,0.1933574229478836,0.0,0.870800036044382,0.2271188647311548,,0.6228081810223626,0.7945802804862397,0.302346238003423,,0.48428256890468735,0.8443359500343615,0.5307081986482516,,0.6029411764705882,0.8666768858452953,0.24449653193016024,,0.5845388869872269,0.7966463796388973,0.36198813014348646,,0.4738321292809916,0.845787260269772,0.5728384907988074,,0.5776233035418735
pat5o39j,llama_seed_ablation_no_lora_no_ln_fp32_layer26_seed42,llama_seed_ablation_no_lora_no_ln_fp32_layer26_seed42,finished,2026-03-17 12:11:57+00:00,final_ablation,llama,no_lora_no_ln,fp32,26,42,float32,,float32,none,0.4089899957180023,0.1933574229478836,0.0,0.8652541788355363,0.24286946435475715,,0.6063612489057485,0.8093532886501992,0.34452788794194583,,0.5069634188396954,0.8590665514079846,0.5722789115646258,,0.6223981900452489,0.8614879747271559,0.2520678192072556,,0.5743239591402887,0.811519297211421,0.39693370165745856,,0.5032338263642423,0.8608907555531732,0.5992039800995025,,0.6118834822906323
oy9pgzjq,llama_seed_ablation_no_lora_no_ln_bf16_layer26_seed43,llama_seed_ablation_no_lora_no_ln_bf16_layer26_seed43,finished,2026-03-17 12:11:58+00:00,final_ablation,llama,no_lora_no_ln,bf16,26,43,bfloat16,,bfloat16,none,0.6449243426322937,0.1932820975780487,0.0,0.8676559495174305,0.23219155409133185,,0.618378120274823,0.7949546906533862,0.3159859275785138,,0.4803034724248614,0.8457449503378267,0.537182852143482,,0.5995475113122172,0.8655954904526008,0.24966174262784271,,0.5825571549534293,0.7983390350620303,0.37707327314717615,,0.4759399715351217,0.8474068092362298,0.5810055865921788,,0.5852366765971533
bulux917,llama_seed_ablation_no_lora_no_ln_fp32_layer26_seed43,llama_seed_ablation_no_lora_no_ln_fp32_layer26_seed43,finished,2026-03-17 12:11:58+00:00,final_ablation,llama,no_lora_no_ln,fp32,26,43,float32,,float32,none,0.6568971872329712,0.1932820975780487,0.0,0.8618710241957739,0.24351915409443417,,0.6027800620739051,0.8095312879922509,0.35013229179790856,,0.503170013528928,0.859413391678607,0.5735976381273724,,0.6190045248868778,0.8599366733206103,0.25495456512332326,,0.575170699191093,0.8126649619178603,0.4048482849604222,,0.5060442827030825,0.8615919769571505,0.604393429645755,,0.6165177093677591
ss56gdnu,llama_seed_ablation_no_lora_no_ln_bf16_layer26_seed44,llama_seed_ablation_no_lora_no_ln_bf16_layer26_seed44,finished,2026-03-17 12:12:00+00:00,final_ablation,llama,no_lora_no_ln,bf16,26,44,bfloat16,,bfloat16,none,0.4538251459598541,0.12387654185295104,0.0,0.8702714578026277,0.23083576256526891,,0.6202615592752739,0.7957105377644034,0.3104763135784916,,0.4863782263840624,0.8455454405903411,0.5321449444769141,,0.6020361990950226,0.8668597829782559,0.2481016945962984,,0.5833138162754247,0.797510762448103,0.3710040522287258,,0.4761021132469779,0.846063876714204,0.5770096134178768,,0.5810989738497186
j5wer8j6,llama_seed_ablation_no_lora_no_ln_fp32_layer26_seed44,llama_seed_ablation_no_lora_no_ln_fp32_layer26_seed44,finished,2026-03-17 12:11:58+00:00,final_ablation,llama,no_lora_no_ln,fp32,26,44,float32,,float32,none,0.4098231792449951,0.12387654185295104,0.0,0.8655623635405134,0.2441321506315805,,0.60617555773669,0.8118783192614643,0.3470809911787617,,0.5108098787701939,0.8599668929593844,0.5706598697252903,,0.6212669683257919,0.8619514754746933,0.2536909706467488,,0.5770083052587962,0.8138649240406707,0.40078298388541966,,0.5092330697029204,0.8614337623908755,0.6019900497512438,,0.6118834822906323
q291m42i,llama_seed_ablation_no_lora_no_ln_bf16_layer30_seed42,llama_seed_ablation_no_lora_no_ln_bf16_layer30_seed42,finished,2026-03-17 12:12:00+00:00,final_ablation,llama,no_lora_no_ln,bf16,30,42,bfloat16,,bfloat16,none,0.45135802030563354,0.1933574229478836,0.0,0.8680724174275603,0.2759127464721651,,0.6273178236994986,0.812330981603482,0.40552,,0.5178661431944187,0.8614550892642052,0.6257446257446257,,0.6375565610859728,0.8631358283826558,0.2501505172319425,,0.5846289657160358,0.8138996823943997,0.38149163200289365,,0.5033239050930514,0.861637720050738,0.6119140625,,0.6203243958953989
3joozeci,llama_seed_ablation_no_lora_no_ln_fp32_layer30_seed42,llama_seed_ablation_no_lora_no_ln_fp32_layer30_seed42,finished,2026-03-17 12:11:58+00:00,final_ablation,llama,no_lora_no_ln,fp32,30,42,float32,,float32,none,0.4356893301010132,0.1933574229478836,0.0,0.8610750497769991,0.277973783832505,,0.6105525638644985,0.820831476207222,0.42624439749639664,,0.5313154892962305,0.8696752923632899,0.6402048655569782,,0.644343891402715,0.8558713393774732,0.25104243316163843,,0.5704685895472643,0.8225221685565207,0.3959216943204896,,0.5212675878717999,0.8700943122592779,0.6266485647788984,,0.641012909632572
41jurlkd,llama_seed_ablation_no_lora_no_ln_bf16_layer30_seed43,llama_seed_ablation_no_lora_no_ln_bf16_layer30_seed43,finished,2026-03-17 12:12:01+00:00,final_ablation,llama,no_lora_no_ln,bf16,30,43,bfloat16,,bfloat16,none,0.7152748107910156,0.1932820975780487,0.0,0.8636637833031161,0.27877571238626586,,0.6197840676976948,0.8132581151296094,0.4207026793091238,,0.5162214499827572,0.8631172458786314,0.6295307134681419,,0.6373303167420814,0.8606374955121943,0.25620894368918395,,0.5820346983263373,0.8156412276776007,0.4001865543682528,,0.5048732592285657,0.862130225386393,0.6227809231359754,,0.6238000662032439
4cic8hw0,llama_seed_ablation_no_lora_no_ln_fp32_layer30_seed43,llama_seed_ablation_no_lora_no_ln_fp32_layer30_seed43,finished,2026-03-17 12:11:58+00:00,final_ablation,llama,no_lora_no_ln,fp32,30,43,float32,,float32,none,0.7254133224487305,0.1932820975780487,0.0,0.8573275388396782,0.27817430740661203,,0.6061225031169589,0.8209556690734252,0.4314939645712494,,0.5283709579011593,0.8700307996095265,0.6401922347287213,,0.6547511312217195,0.8540610919411548,0.2563503898427847,,0.5716215972760192,0.823615653148692,0.41066943322048705,,0.5234294773632154,0.8695415018929411,0.6320817808350052,,0.6398543528632903
heiyahfm,llama_seed_ablation_no_lora_no_ln_bf16_layer30_seed44,llama_seed_ablation_no_lora_no_ln_bf16_layer30_seed44,finished,2026-03-17 12:12:01+00:00,final_ablation,llama,no_lora_no_ln,bf16,30,44,bfloat16,,bfloat16,none,0.438214898109436,0.12387654185295104,0.0,0.8673219412557851,0.2805503885173019,,0.6279014245165397,0.8153592776897942,0.4196712253073629,,0.5250550441679709,0.8628272609680374,0.6336809972017299,,0.6414027149321267,0.862756757214723,0.25494575622208043,,0.5843767452753706,0.8158088952865511,0.3958984240589085,,0.5022609760931054,0.8610110185424613,0.6183649748159628,,0.6161866931479643
f5x3i0ir,llama_seed_ablation_no_lora_no_ln_fp32_layer30_seed44,llama_seed_ablation_no_lora_no_ln_fp32_layer30_seed44,finished,2026-03-17 12:11:58+00:00,final_ablation,llama,no_lora_no_ln,fp32,30,44,float32,,float32,none,0.4214201271533966,0.12387654185295104,0.0,0.8605300356064398,0.27928157118143887,,0.6126482213438735,0.8247860019668722,0.4313132305274531,,0.5378146802132796,0.8706747760534124,0.6456612882734087,,0.6531674208144796,0.8553844264772681,0.2548095495634706,,0.5733691246149134,0.8255160843937316,0.40670859538784065,,0.5267804060749095,0.8696016610527506,0.6295474283508636,,0.6370407149950348
