run_id,probe_id,state,created_at,model,layer,seed,metric_key,value,test_model,metric_family,metric
f1osa4x3,apertus_no_lora_long_form_layer4_seed42,finished,2026-03-02 14:54:28+00:00,apertus,4,42,train/longfact_test_apertus/all_auc,0.824844276683227,apertus,all,auc
k9210t28,apertus_no_lora_long_form_layer4_seed43,finished,2026-03-02 14:54:28+00:00,apertus,4,43,train/longfact_test_apertus/all_auc,0.8364074817080516,apertus,all,auc
4dw0ohsb,apertus_no_lora_long_form_layer4_seed44,finished,2026-03-02 14:54:28+00:00,apertus,4,44,train/longfact_test_apertus/all_auc,0.8302018870521545,apertus,all,auc
2msk68xv,apertus_no_lora_long_form_layer10_seed42,finished,2026-03-02 14:54:28+00:00,apertus,10,42,train/longfact_test_apertus/all_auc,0.8349790136283437,apertus,all,auc
ennpfi5c,apertus_no_lora_long_form_layer10_seed43,finished,2026-03-02 14:55:28+00:00,apertus,10,43,train/longfact_test_apertus/all_auc,0.8300675186115706,apertus,all,auc
ckfvtpqq,apertus_no_lora_long_form_layer10_seed44,finished,2026-03-02 14:55:28+00:00,apertus,10,44,train/longfact_test_apertus/all_auc,0.8233641459041334,apertus,all,auc
98q6shel,apertus_no_lora_long_form_layer16_seed42,finished,2026-03-02 14:55:28+00:00,apertus,16,42,train/longfact_test_apertus/all_auc,0.8111111057510365,apertus,all,auc
92fyxrb6,apertus_no_lora_long_form_layer16_seed43,finished,2026-03-02 14:55:28+00:00,apertus,16,43,train/longfact_test_apertus/all_auc,0.8166734697489529,apertus,all,auc
i19xd1q5,apertus_no_lora_long_form_layer16_seed44,finished,2026-03-02 14:56:24+00:00,apertus,16,44,train/longfact_test_apertus/all_auc,0.7921765469245796,apertus,all,auc
5w54hojz,apertus_no_lora_long_form_layer20_seed42,finished,2026-03-02 14:56:24+00:00,apertus,20,42,train/longfact_test_apertus/all_auc,0.7216130788305651,apertus,all,auc
h3qhm4bp,apertus_no_lora_long_form_layer20_seed43,finished,2026-03-02 14:56:24+00:00,apertus,20,43,train/longfact_test_apertus/all_auc,0.7325044196056973,apertus,all,auc
1sb6t3rt,apertus_no_lora_long_form_layer20_seed44,finished,2026-03-02 14:56:24+00:00,apertus,20,44,train/longfact_test_apertus/all_auc,0.7097785804895088,apertus,all,auc
rjgl9oec,apertus_no_lora_long_form_layer24_seed42,finished,2026-03-02 14:56:59+00:00,apertus,24,42,train/longfact_test_apertus/all_auc,0.668624076141944,apertus,all,auc
g0y68jcb,apertus_no_lora_long_form_layer24_seed43,finished,2026-03-02 14:56:59+00:00,apertus,24,43,train/longfact_test_apertus/all_auc,0.6732655393646854,apertus,all,auc
p8vm93b7,apertus_no_lora_long_form_layer24_seed44,finished,2026-03-02 14:56:59+00:00,apertus,24,44,train/longfact_test_apertus/all_auc,0.6641314766859456,apertus,all,auc
fjxaywoo,apertus_no_lora_long_form_layer26_seed42,finished,2026-03-02 14:56:59+00:00,apertus,26,42,train/longfact_test_apertus/all_auc,0.6670177726305941,apertus,all,auc
fc3llcx0,apertus_no_lora_long_form_layer26_seed43,finished,2026-03-02 14:58:28+00:00,apertus,26,43,train/longfact_test_apertus/all_auc,0.6698936929266394,apertus,all,auc
gtn6g9ne,apertus_no_lora_long_form_layer26_seed44,finished,2026-03-02 14:58:28+00:00,apertus,26,44,train/longfact_test_apertus/all_auc,0.6678283342388164,apertus,all,auc
xowhpuzx,apertus_no_lora_long_form_layer28_seed42,finished,2026-03-02 14:58:28+00:00,apertus,28,42,train/longfact_test_apertus/all_auc,0.6679858101745226,apertus,all,auc
e75d9qzf,apertus_no_lora_long_form_layer28_seed43,finished,2026-03-02 14:58:28+00:00,apertus,28,43,train/longfact_test_apertus/all_auc,0.6434065755760506,apertus,all,auc
ha39x6u6,apertus_no_lora_long_form_layer28_seed44,finished,2026-03-02 14:58:28+00:00,apertus,28,44,train/longfact_test_apertus/all_auc,0.6687935312356715,apertus,all,auc
pk12wkry,apertus_no_lora_long_form_layer30_seed42,finished,2026-03-02 14:58:28+00:00,apertus,30,42,train/longfact_test_apertus/all_auc,0.5000533691196455,apertus,all,auc
vhvivjkc,apertus_no_lora_long_form_layer30_seed43,finished,2026-03-02 14:58:28+00:00,apertus,30,43,train/longfact_test_apertus/all_auc,0.6531387502590341,apertus,all,auc
agskbmvs,apertus_no_lora_long_form_layer30_seed44,finished,2026-03-02 14:58:28+00:00,apertus,30,44,train/longfact_test_apertus/all_auc,0.620358003757663,apertus,all,auc
dxwgjkjh,llama_no_lora_long_form_layer4_seed42,finished,2026-03-02 14:45:37+00:00,llama,4,42,train/longfact_test_apertus/all_auc,0.8421025211383432,apertus,all,auc
e5f00gcl,llama_no_lora_long_form_layer4_seed43,finished,2026-03-02 14:45:37+00:00,llama,4,43,train/longfact_test_apertus/all_auc,0.8443597239202061,apertus,all,auc
cfx6hhoc,llama_no_lora_long_form_layer4_seed44,finished,2026-03-02 14:45:36+00:00,llama,4,44,train/longfact_test_apertus/all_auc,0.8435954142751092,apertus,all,auc
kgoq3e5r,llama_no_lora_long_form_layer10_seed42,finished,2026-03-02 14:45:36+00:00,llama,10,42,train/longfact_test_apertus/all_auc,0.8764854912180169,apertus,all,auc
9oem35be,llama_no_lora_long_form_layer10_seed43,finished,2026-03-02 14:46:11+00:00,llama,10,43,train/longfact_test_apertus/all_auc,0.8766966881350129,apertus,all,auc
rri8v027,llama_no_lora_long_form_layer10_seed44,finished,2026-03-02 14:46:11+00:00,llama,10,44,train/longfact_test_apertus/all_auc,0.8762741289736549,apertus,all,auc
egoe6db0,llama_no_lora_long_form_layer16_seed42,finished,2026-03-02 14:46:11+00:00,llama,16,42,train/longfact_test_apertus/all_auc,0.8836617869111629,apertus,all,auc
x0f4o57o,llama_no_lora_long_form_layer16_seed43,finished,2026-03-02 14:46:11+00:00,llama,16,43,train/longfact_test_apertus/all_auc,0.8812331749035167,apertus,all,auc
wflhsqs9,llama_no_lora_long_form_layer16_seed44,finished,2026-03-02 14:50:44+00:00,llama,16,44,train/longfact_test_apertus/all_auc,0.8818420295717192,apertus,all,auc
qni919ee,llama_no_lora_long_form_layer20_seed42,finished,2026-03-02 14:50:44+00:00,llama,20,42,train/longfact_test_apertus/all_auc,0.8781788888265181,apertus,all,auc
4aryhr4u,llama_no_lora_long_form_layer20_seed43,finished,2026-03-02 14:50:44+00:00,llama,20,43,train/longfact_test_apertus/all_auc,0.876278888033536,apertus,all,auc
v8qejznt,llama_no_lora_long_form_layer20_seed44,finished,2026-03-02 14:50:44+00:00,llama,20,44,train/longfact_test_apertus/all_auc,0.8768084294545108,apertus,all,auc
k5b7gy5e,llama_no_lora_long_form_layer24_seed42,finished,2026-03-02 14:50:44+00:00,llama,24,42,train/longfact_test_apertus/all_auc,0.8698460805580827,apertus,all,auc
jg69cqpj,llama_no_lora_long_form_layer24_seed43,finished,2026-03-02 14:50:44+00:00,llama,24,43,train/longfact_test_apertus/all_auc,0.867118136512977,apertus,all,auc
5o6iy05l,llama_no_lora_long_form_layer24_seed44,finished,2026-03-02 14:50:44+00:00,llama,24,44,train/longfact_test_apertus/all_auc,0.8684091312626383,apertus,all,auc
82vjeyys,llama_no_lora_long_form_layer26_seed42,finished,2026-03-02 14:50:44+00:00,llama,26,42,train/longfact_test_apertus/all_auc,0.8667294677910653,apertus,all,auc
gzg4irhz,llama_no_lora_long_form_layer26_seed43,finished,2026-03-02 14:51:46+00:00,llama,26,43,train/longfact_test_apertus/all_auc,0.8645183115930957,apertus,all,auc
7u7entue,llama_no_lora_long_form_layer26_seed44,finished,2026-03-02 14:51:46+00:00,llama,26,44,train/longfact_test_apertus/all_auc,0.8647245555410542,apertus,all,auc
5zoj6oqm,llama_no_lora_long_form_layer28_seed42,finished,2026-03-02 14:51:46+00:00,llama,28,42,train/longfact_test_apertus/all_auc,0.8620926592117093,apertus,all,auc
22zq4z08,llama_no_lora_long_form_layer28_seed43,finished,2026-03-02 14:51:46+00:00,llama,28,43,train/longfact_test_apertus/all_auc,0.8601345874691433,apertus,all,auc
pbg44l09,llama_no_lora_long_form_layer28_seed44,finished,2026-03-02 14:51:46+00:00,llama,28,44,train/longfact_test_apertus/all_auc,0.8606006059754413,apertus,all,auc
ct7o6ek7,llama_no_lora_long_form_layer30_seed42,finished,2026-03-02 14:51:46+00:00,llama,30,42,train/longfact_test_apertus/all_auc,0.8608810630031158,apertus,all,auc
av9rm02w,llama_no_lora_long_form_layer30_seed43,finished,2026-03-02 14:51:46+00:00,llama,30,43,train/longfact_test_apertus/all_auc,0.8593043208177858,apertus,all,auc
ojujrfsw,llama_no_lora_long_form_layer30_seed44,finished,2026-03-02 14:51:46+00:00,llama,30,44,train/longfact_test_apertus/all_auc,0.8586539142327282,apertus,all,auc
f1osa4x3,apertus_no_lora_long_form_layer4_seed42,finished,2026-03-02 14:54:28+00:00,apertus,4,42,train/longfact_test_apertus/all_f1,0.24094505494505497,apertus,all,f1
k9210t28,apertus_no_lora_long_form_layer4_seed43,finished,2026-03-02 14:54:28+00:00,apertus,4,43,train/longfact_test_apertus/all_f1,0.2444049004174937,apertus,all,f1
4dw0ohsb,apertus_no_lora_long_form_layer4_seed44,finished,2026-03-02 14:54:28+00:00,apertus,4,44,train/longfact_test_apertus/all_f1,0.24310242879296687,apertus,all,f1
2msk68xv,apertus_no_lora_long_form_layer10_seed42,finished,2026-03-02 14:54:28+00:00,apertus,10,42,train/longfact_test_apertus/all_f1,0.2715897169678682,apertus,all,f1
ennpfi5c,apertus_no_lora_long_form_layer10_seed43,finished,2026-03-02 14:55:28+00:00,apertus,10,43,train/longfact_test_apertus/all_f1,0.2801368522126616,apertus,all,f1
ckfvtpqq,apertus_no_lora_long_form_layer10_seed44,finished,2026-03-02 14:55:28+00:00,apertus,10,44,train/longfact_test_apertus/all_f1,0.2716896087682604,apertus,all,f1
98q6shel,apertus_no_lora_long_form_layer16_seed42,finished,2026-03-02 14:55:28+00:00,apertus,16,42,train/longfact_test_apertus/all_f1,0.25900254330717254,apertus,all,f1
92fyxrb6,apertus_no_lora_long_form_layer16_seed43,finished,2026-03-02 14:55:28+00:00,apertus,16,43,train/longfact_test_apertus/all_f1,0.26387015596853475,apertus,all,f1
i19xd1q5,apertus_no_lora_long_form_layer16_seed44,finished,2026-03-02 14:56:24+00:00,apertus,16,44,train/longfact_test_apertus/all_f1,0.2466589700531766,apertus,all,f1
5w54hojz,apertus_no_lora_long_form_layer20_seed42,finished,2026-03-02 14:56:24+00:00,apertus,20,42,train/longfact_test_apertus/all_f1,0.20019447800335916,apertus,all,f1
h3qhm4bp,apertus_no_lora_long_form_layer20_seed43,finished,2026-03-02 14:56:24+00:00,apertus,20,43,train/longfact_test_apertus/all_f1,0.21698776400110031,apertus,all,f1
1sb6t3rt,apertus_no_lora_long_form_layer20_seed44,finished,2026-03-02 14:56:24+00:00,apertus,20,44,train/longfact_test_apertus/all_f1,0.2061640537214404,apertus,all,f1
rjgl9oec,apertus_no_lora_long_form_layer24_seed42,finished,2026-03-02 14:56:59+00:00,apertus,24,42,train/longfact_test_apertus/all_f1,0.1876943658831399,apertus,all,f1
g0y68jcb,apertus_no_lora_long_form_layer24_seed43,finished,2026-03-02 14:56:59+00:00,apertus,24,43,train/longfact_test_apertus/all_f1,0.2090814185452779,apertus,all,f1
p8vm93b7,apertus_no_lora_long_form_layer24_seed44,finished,2026-03-02 14:56:59+00:00,apertus,24,44,train/longfact_test_apertus/all_f1,0.19081797255904157,apertus,all,f1
fjxaywoo,apertus_no_lora_long_form_layer26_seed42,finished,2026-03-02 14:56:59+00:00,apertus,26,42,train/longfact_test_apertus/all_f1,0.2175095284145856,apertus,all,f1
fc3llcx0,apertus_no_lora_long_form_layer26_seed43,finished,2026-03-02 14:58:28+00:00,apertus,26,43,train/longfact_test_apertus/all_f1,0.21903579827541156,apertus,all,f1
gtn6g9ne,apertus_no_lora_long_form_layer26_seed44,finished,2026-03-02 14:58:28+00:00,apertus,26,44,train/longfact_test_apertus/all_f1,0.2112497938087645,apertus,all,f1
xowhpuzx,apertus_no_lora_long_form_layer28_seed42,finished,2026-03-02 14:58:28+00:00,apertus,28,42,train/longfact_test_apertus/all_f1,0.2651126161600252,apertus,all,f1
e75d9qzf,apertus_no_lora_long_form_layer28_seed43,finished,2026-03-02 14:58:28+00:00,apertus,28,43,train/longfact_test_apertus/all_f1,0.23053950454831512,apertus,all,f1
ha39x6u6,apertus_no_lora_long_form_layer28_seed44,finished,2026-03-02 14:58:28+00:00,apertus,28,44,train/longfact_test_apertus/all_f1,0.2536947840764069,apertus,all,f1
pk12wkry,apertus_no_lora_long_form_layer30_seed42,finished,2026-03-02 14:58:28+00:00,apertus,30,42,train/longfact_test_apertus/all_f1,0.0002309682187730968,apertus,all,f1
vhvivjkc,apertus_no_lora_long_form_layer30_seed43,finished,2026-03-02 14:58:28+00:00,apertus,30,43,train/longfact_test_apertus/all_f1,0.2794741767688859,apertus,all,f1
agskbmvs,apertus_no_lora_long_form_layer30_seed44,finished,2026-03-02 14:58:28+00:00,apertus,30,44,train/longfact_test_apertus/all_f1,0.26669614639285205,apertus,all,f1
dxwgjkjh,llama_no_lora_long_form_layer4_seed42,finished,2026-03-02 14:45:37+00:00,llama,4,42,train/longfact_test_apertus/all_f1,0.17015059126064172,apertus,all,f1
e5f00gcl,llama_no_lora_long_form_layer4_seed43,finished,2026-03-02 14:45:37+00:00,llama,4,43,train/longfact_test_apertus/all_f1,0.17255188879048097,apertus,all,f1
cfx6hhoc,llama_no_lora_long_form_layer4_seed44,finished,2026-03-02 14:45:36+00:00,llama,4,44,train/longfact_test_apertus/all_f1,0.17433134500673467,apertus,all,f1
kgoq3e5r,llama_no_lora_long_form_layer10_seed42,finished,2026-03-02 14:45:36+00:00,llama,10,42,train/longfact_test_apertus/all_f1,0.2614704256495301,apertus,all,f1
9oem35be,llama_no_lora_long_form_layer10_seed43,finished,2026-03-02 14:46:11+00:00,llama,10,43,train/longfact_test_apertus/all_f1,0.2660601253984168,apertus,all,f1
rri8v027,llama_no_lora_long_form_layer10_seed44,finished,2026-03-02 14:46:11+00:00,llama,10,44,train/longfact_test_apertus/all_f1,0.2663563407741019,apertus,all,f1
egoe6db0,llama_no_lora_long_form_layer16_seed42,finished,2026-03-02 14:46:11+00:00,llama,16,42,train/longfact_test_apertus/all_f1,0.27339557245080504,apertus,all,f1
x0f4o57o,llama_no_lora_long_form_layer16_seed43,finished,2026-03-02 14:46:11+00:00,llama,16,43,train/longfact_test_apertus/all_f1,0.2725564167638384,apertus,all,f1
wflhsqs9,llama_no_lora_long_form_layer16_seed44,finished,2026-03-02 14:50:44+00:00,llama,16,44,train/longfact_test_apertus/all_f1,0.2722293859101812,apertus,all,f1
qni919ee,llama_no_lora_long_form_layer20_seed42,finished,2026-03-02 14:50:44+00:00,llama,20,42,train/longfact_test_apertus/all_f1,0.2656629568950907,apertus,all,f1
4aryhr4u,llama_no_lora_long_form_layer20_seed43,finished,2026-03-02 14:50:44+00:00,llama,20,43,train/longfact_test_apertus/all_f1,0.2636331619356202,apertus,all,f1
v8qejznt,llama_no_lora_long_form_layer20_seed44,finished,2026-03-02 14:50:44+00:00,llama,20,44,train/longfact_test_apertus/all_f1,0.2624906575663137,apertus,all,f1
k5b7gy5e,llama_no_lora_long_form_layer24_seed42,finished,2026-03-02 14:50:44+00:00,llama,24,42,train/longfact_test_apertus/all_f1,0.25883436610283034,apertus,all,f1
jg69cqpj,llama_no_lora_long_form_layer24_seed43,finished,2026-03-02 14:50:44+00:00,llama,24,43,train/longfact_test_apertus/all_f1,0.2581095221485874,apertus,all,f1
5o6iy05l,llama_no_lora_long_form_layer24_seed44,finished,2026-03-02 14:50:44+00:00,llama,24,44,train/longfact_test_apertus/all_f1,0.25880159194010743,apertus,all,f1
82vjeyys,llama_no_lora_long_form_layer26_seed42,finished,2026-03-02 14:50:44+00:00,llama,26,42,train/longfact_test_apertus/all_f1,0.26128598633359473,apertus,all,f1
gzg4irhz,llama_no_lora_long_form_layer26_seed43,finished,2026-03-02 14:51:46+00:00,llama,26,43,train/longfact_test_apertus/all_f1,0.26180749860100727,apertus,all,f1
7u7entue,llama_no_lora_long_form_layer26_seed44,finished,2026-03-02 14:51:46+00:00,llama,26,44,train/longfact_test_apertus/all_f1,0.26209342272953956,apertus,all,f1
5zoj6oqm,llama_no_lora_long_form_layer28_seed42,finished,2026-03-02 14:51:46+00:00,llama,28,42,train/longfact_test_apertus/all_f1,0.2646656417055729,apertus,all,f1
22zq4z08,llama_no_lora_long_form_layer28_seed43,finished,2026-03-02 14:51:46+00:00,llama,28,43,train/longfact_test_apertus/all_f1,0.2660108186888646,apertus,all,f1
pbg44l09,llama_no_lora_long_form_layer28_seed44,finished,2026-03-02 14:51:46+00:00,llama,28,44,train/longfact_test_apertus/all_f1,0.26594282382016854,apertus,all,f1
ct7o6ek7,llama_no_lora_long_form_layer30_seed42,finished,2026-03-02 14:51:46+00:00,llama,30,42,train/longfact_test_apertus/all_f1,0.28592047164157197,apertus,all,f1
av9rm02w,llama_no_lora_long_form_layer30_seed43,finished,2026-03-02 14:51:46+00:00,llama,30,43,train/longfact_test_apertus/all_f1,0.2874692269817824,apertus,all,f1
ojujrfsw,llama_no_lora_long_form_layer30_seed44,finished,2026-03-02 14:51:46+00:00,llama,30,44,train/longfact_test_apertus/all_f1,0.2853271815152514,apertus,all,f1
f1osa4x3,apertus_no_lora_long_form_layer4_seed42,finished,2026-03-02 14:54:28+00:00,apertus,4,42,train/longfact_test_apertus/all_recall_at_0.1_fpr,0.5276307578524049,apertus,all,recall_at_0.1_fpr
k9210t28,apertus_no_lora_long_form_layer4_seed43,finished,2026-03-02 14:54:28+00:00,apertus,4,43,train/longfact_test_apertus/all_recall_at_0.1_fpr,0.5534471999445305,apertus,all,recall_at_0.1_fpr
4dw0ohsb,apertus_no_lora_long_form_layer4_seed44,finished,2026-03-02 14:54:28+00:00,apertus,4,44,train/longfact_test_apertus/all_recall_at_0.1_fpr,0.5465366214435944,apertus,all,recall_at_0.1_fpr
2msk68xv,apertus_no_lora_long_form_layer10_seed42,finished,2026-03-02 14:54:28+00:00,apertus,10,42,train/longfact_test_apertus/all_recall_at_0.1_fpr,0.5489403009221808,apertus,all,recall_at_0.1_fpr
ennpfi5c,apertus_no_lora_long_form_layer10_seed43,finished,2026-03-02 14:55:28+00:00,apertus,10,43,train/longfact_test_apertus/all_recall_at_0.1_fpr,0.5524533709293457,apertus,all,recall_at_0.1_fpr
ckfvtpqq,apertus_no_lora_long_form_layer10_seed44,finished,2026-03-02 14:55:28+00:00,apertus,10,44,train/longfact_test_apertus/all_recall_at_0.1_fpr,0.5391175722837266,apertus,all,recall_at_0.1_fpr
98q6shel,apertus_no_lora_long_form_layer16_seed42,finished,2026-03-02 14:55:28+00:00,apertus,16,42,train/longfact_test_apertus/all_recall_at_0.1_fpr,0.5059745302424481,apertus,all,recall_at_0.1_fpr
92fyxrb6,apertus_no_lora_long_form_layer16_seed43,finished,2026-03-02 14:55:28+00:00,apertus,16,43,train/longfact_test_apertus/all_recall_at_0.1_fpr,0.5143411838121432,apertus,all,recall_at_0.1_fpr
i19xd1q5,apertus_no_lora_long_form_layer16_seed44,finished,2026-03-02 14:56:24+00:00,apertus,16,44,train/longfact_test_apertus/all_recall_at_0.1_fpr,0.4727159266877759,apertus,all,recall_at_0.1_fpr
5w54hojz,apertus_no_lora_long_form_layer20_seed42,finished,2026-03-02 14:56:24+00:00,apertus,20,42,train/longfact_test_apertus/all_recall_at_0.1_fpr,0.3927935840247764,apertus,all,recall_at_0.1_fpr
h3qhm4bp,apertus_no_lora_long_form_layer20_seed43,finished,2026-03-02 14:56:24+00:00,apertus,20,43,train/longfact_test_apertus/all_recall_at_0.1_fpr,0.4200661011856611,apertus,all,recall_at_0.1_fpr
1sb6t3rt,apertus_no_lora_long_form_layer20_seed44,finished,2026-03-02 14:56:24+00:00,apertus,20,44,train/longfact_test_apertus/all_recall_at_0.1_fpr,0.39108327362655143,apertus,all,recall_at_0.1_fpr
rjgl9oec,apertus_no_lora_long_form_layer24_seed42,finished,2026-03-02 14:56:59+00:00,apertus,24,42,train/longfact_test_apertus/all_recall_at_0.1_fpr,0.36769362331569094,apertus,all,recall_at_0.1_fpr
g0y68jcb,apertus_no_lora_long_form_layer24_seed43,finished,2026-03-02 14:56:59+00:00,apertus,24,43,train/longfact_test_apertus/all_recall_at_0.1_fpr,0.3850047380220491,apertus,all,recall_at_0.1_fpr
p8vm93b7,apertus_no_lora_long_form_layer24_seed44,finished,2026-03-02 14:56:59+00:00,apertus,24,44,train/longfact_test_apertus/all_recall_at_0.1_fpr,0.3638338687683454,apertus,all,recall_at_0.1_fpr
fjxaywoo,apertus_no_lora_long_form_layer26_seed42,finished,2026-03-02 14:56:59+00:00,apertus,26,42,train/longfact_test_apertus/all_recall_at_0.1_fpr,0.3869461714470613,apertus,all,recall_at_0.1_fpr
fc3llcx0,apertus_no_lora_long_form_layer26_seed43,finished,2026-03-02 14:58:28+00:00,apertus,26,43,train/longfact_test_apertus/all_recall_at_0.1_fpr,0.3854438717729448,apertus,all,recall_at_0.1_fpr
gtn6g9ne,apertus_no_lora_long_form_layer26_seed44,finished,2026-03-02 14:58:28+00:00,apertus,26,44,train/longfact_test_apertus/all_recall_at_0.1_fpr,0.3773083412300368,apertus,all,recall_at_0.1_fpr
xowhpuzx,apertus_no_lora_long_form_layer28_seed42,finished,2026-03-02 14:58:28+00:00,apertus,28,42,train/longfact_test_apertus/all_recall_at_0.1_fpr,0.3936718515265676,apertus,all,recall_at_0.1_fpr
e75d9qzf,apertus_no_lora_long_form_layer28_seed43,finished,2026-03-02 14:58:28+00:00,apertus,28,43,train/longfact_test_apertus/all_recall_at_0.1_fpr,0.3463609679432362,apertus,all,recall_at_0.1_fpr
ha39x6u6,apertus_no_lora_long_form_layer28_seed44,finished,2026-03-02 14:58:28+00:00,apertus,28,44,train/longfact_test_apertus/all_recall_at_0.1_fpr,0.40710009938290154,apertus,all,recall_at_0.1_fpr
pk12wkry,apertus_no_lora_long_form_layer30_seed42,finished,2026-03-02 14:58:28+00:00,apertus,30,42,train/longfact_test_apertus/all_recall_at_0.1_fpr,0.0001386738160722953,apertus,all,recall_at_0.1_fpr
vhvivjkc,apertus_no_lora_long_form_layer30_seed43,finished,2026-03-02 14:58:28+00:00,apertus,30,43,train/longfact_test_apertus/all_recall_at_0.1_fpr,0.34585249728430445,apertus,all,recall_at_0.1_fpr
agskbmvs,apertus_no_lora_long_form_layer30_seed44,finished,2026-03-02 14:58:28+00:00,apertus,30,44,train/longfact_test_apertus/all_recall_at_0.1_fpr,0.2638731596828992,apertus,all,recall_at_0.1_fpr
dxwgjkjh,llama_no_lora_long_form_layer4_seed42,finished,2026-03-02 14:45:37+00:00,llama,4,42,train/longfact_test_apertus/all_recall_at_0.1_fpr,0.5650847547550203,apertus,all,recall_at_0.1_fpr
e5f00gcl,llama_no_lora_long_form_layer4_seed43,finished,2026-03-02 14:45:37+00:00,llama,4,43,train/longfact_test_apertus/all_recall_at_0.1_fpr,0.5648990635859618,apertus,all,recall_at_0.1_fpr
cfx6hhoc,llama_no_lora_long_form_layer4_seed44,finished,2026-03-02 14:45:36+00:00,llama,4,44,train/longfact_test_apertus/all_recall_at_0.1_fpr,0.564182826219593,apertus,all,recall_at_0.1_fpr
kgoq3e5r,llama_no_lora_long_form_layer10_seed42,finished,2026-03-02 14:45:36+00:00,llama,10,42,train/longfact_test_apertus/all_recall_at_0.1_fpr,0.6467092872111839,apertus,all,recall_at_0.1_fpr
9oem35be,llama_no_lora_long_form_layer10_seed43,finished,2026-03-02 14:46:11+00:00,llama,10,43,train/longfact_test_apertus/all_recall_at_0.1_fpr,0.6464970687322599,apertus,all,recall_at_0.1_fpr
rri8v027,llama_no_lora_long_form_layer10_seed44,finished,2026-03-02 14:46:11+00:00,llama,10,44,train/longfact_test_apertus/all_recall_at_0.1_fpr,0.6460991590842773,apertus,all,recall_at_0.1_fpr
egoe6db0,llama_no_lora_long_form_layer16_seed42,finished,2026-03-02 14:46:11+00:00,llama,16,42,train/longfact_test_apertus/all_recall_at_0.1_fpr,0.6510862933389925,apertus,all,recall_at_0.1_fpr
x0f4o57o,llama_no_lora_long_form_layer16_seed43,finished,2026-03-02 14:46:11+00:00,llama,16,43,train/longfact_test_apertus/all_recall_at_0.1_fpr,0.6421200626044513,apertus,all,recall_at_0.1_fpr
wflhsqs9,llama_no_lora_long_form_layer16_seed44,finished,2026-03-02 14:50:44+00:00,llama,16,44,train/longfact_test_apertus/all_recall_at_0.1_fpr,0.6440830835344987,apertus,all,recall_at_0.1_fpr
qni919ee,llama_no_lora_long_form_layer20_seed42,finished,2026-03-02 14:50:44+00:00,llama,20,42,train/longfact_test_apertus/all_recall_at_0.1_fpr,0.6362309998143089,apertus,all,recall_at_0.1_fpr
4aryhr4u,llama_no_lora_long_form_layer20_seed43,finished,2026-03-02 14:50:44+00:00,llama,20,43,train/longfact_test_apertus/all_recall_at_0.1_fpr,0.6315887205878452,apertus,all,recall_at_0.1_fpr
v8qejznt,llama_no_lora_long_form_layer20_seed44,finished,2026-03-02 14:50:44+00:00,llama,20,44,train/longfact_test_apertus/all_recall_at_0.1_fpr,0.6334721595882962,apertus,all,recall_at_0.1_fpr
k5b7gy5e,llama_no_lora_long_form_layer24_seed42,finished,2026-03-02 14:50:44+00:00,llama,24,42,train/longfact_test_apertus/all_recall_at_0.1_fpr,0.6101811815263815,apertus,all,recall_at_0.1_fpr
jg69cqpj,llama_no_lora_long_form_layer24_seed43,finished,2026-03-02 14:50:44+00:00,llama,24,43,train/longfact_test_apertus/all_recall_at_0.1_fpr,0.6048226649335491,apertus,all,recall_at_0.1_fpr
5o6iy05l,llama_no_lora_long_form_layer24_seed44,finished,2026-03-02 14:50:44+00:00,llama,24,44,train/longfact_test_apertus/all_recall_at_0.1_fpr,0.6110300554420777,apertus,all,recall_at_0.1_fpr
82vjeyys,llama_no_lora_long_form_layer26_seed42,finished,2026-03-02 14:50:44+00:00,llama,26,42,train/longfact_test_apertus/all_recall_at_0.1_fpr,0.6076876143990237,apertus,all,recall_at_0.1_fpr
gzg4irhz,llama_no_lora_long_form_layer26_seed43,finished,2026-03-02 14:51:46+00:00,llama,26,43,train/longfact_test_apertus/all_recall_at_0.1_fpr,0.6049022468631456,apertus,all,recall_at_0.1_fpr
7u7entue,llama_no_lora_long_form_layer26_seed44,finished,2026-03-02 14:51:46+00:00,llama,26,44,train/longfact_test_apertus/all_recall_at_0.1_fpr,0.6053001565111282,apertus,all,recall_at_0.1_fpr
5zoj6oqm,llama_no_lora_long_form_layer28_seed42,finished,2026-03-02 14:51:46+00:00,llama,28,42,train/longfact_test_apertus/all_recall_at_0.1_fpr,0.6017454969891504,apertus,all,recall_at_0.1_fpr
22zq4z08,llama_no_lora_long_form_layer28_seed43,finished,2026-03-02 14:51:46+00:00,llama,28,43,train/longfact_test_apertus/all_recall_at_0.1_fpr,0.6007905138339921,apertus,all,recall_at_0.1_fpr
pbg44l09,llama_no_lora_long_form_layer28_seed44,finished,2026-03-02 14:51:46+00:00,llama,28,44,train/longfact_test_apertus/all_recall_at_0.1_fpr,0.6017720242990159,apertus,all,recall_at_0.1_fpr
ct7o6ek7,llama_no_lora_long_form_layer30_seed42,finished,2026-03-02 14:51:46+00:00,llama,30,42,train/longfact_test_apertus/all_recall_at_0.1_fpr,0.6103934000053055,apertus,all,recall_at_0.1_fpr
av9rm02w,llama_no_lora_long_form_layer30_seed43,finished,2026-03-02 14:51:46+00:00,llama,30,43,train/longfact_test_apertus/all_recall_at_0.1_fpr,0.6082181605963339,apertus,all,recall_at_0.1_fpr
ojujrfsw,llama_no_lora_long_form_layer30_seed44,finished,2026-03-02 14:51:46+00:00,llama,30,44,train/longfact_test_apertus/all_recall_at_0.1_fpr,0.6056980661591108,apertus,all,recall_at_0.1_fpr
f1osa4x3,apertus_no_lora_long_form_layer4_seed42,finished,2026-03-02 14:54:28+00:00,apertus,4,42,train/longfact_test_apertus/span_auc,0.7820703078522896,apertus,span,auc
k9210t28,apertus_no_lora_long_form_layer4_seed43,finished,2026-03-02 14:54:28+00:00,apertus,4,43,train/longfact_test_apertus/span_auc,0.7818408674457445,apertus,span,auc
4dw0ohsb,apertus_no_lora_long_form_layer4_seed44,finished,2026-03-02 14:54:28+00:00,apertus,4,44,train/longfact_test_apertus/span_auc,0.7829094868890152,apertus,span,auc
2msk68xv,apertus_no_lora_long_form_layer10_seed42,finished,2026-03-02 14:54:28+00:00,apertus,10,42,train/longfact_test_apertus/span_auc,0.823749663399917,apertus,span,auc
ennpfi5c,apertus_no_lora_long_form_layer10_seed43,finished,2026-03-02 14:55:28+00:00,apertus,10,43,train/longfact_test_apertus/span_auc,0.828807559160539,apertus,span,auc
ckfvtpqq,apertus_no_lora_long_form_layer10_seed44,finished,2026-03-02 14:55:28+00:00,apertus,10,44,train/longfact_test_apertus/span_auc,0.8285622203159897,apertus,span,auc
98q6shel,apertus_no_lora_long_form_layer16_seed42,finished,2026-03-02 14:55:28+00:00,apertus,16,42,train/longfact_test_apertus/span_auc,0.8041037960987285,apertus,span,auc
92fyxrb6,apertus_no_lora_long_form_layer16_seed43,finished,2026-03-02 14:55:28+00:00,apertus,16,43,train/longfact_test_apertus/span_auc,0.8145120953084858,apertus,span,auc
i19xd1q5,apertus_no_lora_long_form_layer16_seed44,finished,2026-03-02 14:56:24+00:00,apertus,16,44,train/longfact_test_apertus/span_auc,0.8108335686767565,apertus,span,auc
5w54hojz,apertus_no_lora_long_form_layer20_seed42,finished,2026-03-02 14:56:24+00:00,apertus,20,42,train/longfact_test_apertus/span_auc,0.7579270098229404,apertus,span,auc
h3qhm4bp,apertus_no_lora_long_form_layer20_seed43,finished,2026-03-02 14:56:24+00:00,apertus,20,43,train/longfact_test_apertus/span_auc,0.7675462313865282,apertus,span,auc
1sb6t3rt,apertus_no_lora_long_form_layer20_seed44,finished,2026-03-02 14:56:24+00:00,apertus,20,44,train/longfact_test_apertus/span_auc,0.7545094567459225,apertus,span,auc
rjgl9oec,apertus_no_lora_long_form_layer24_seed42,finished,2026-03-02 14:56:59+00:00,apertus,24,42,train/longfact_test_apertus/span_auc,0.7134022388278651,apertus,span,auc
g0y68jcb,apertus_no_lora_long_form_layer24_seed43,finished,2026-03-02 14:56:59+00:00,apertus,24,43,train/longfact_test_apertus/span_auc,0.7297381338765004,apertus,span,auc
p8vm93b7,apertus_no_lora_long_form_layer24_seed44,finished,2026-03-02 14:56:59+00:00,apertus,24,44,train/longfact_test_apertus/span_auc,0.7281996972925914,apertus,span,auc
fjxaywoo,apertus_no_lora_long_form_layer26_seed42,finished,2026-03-02 14:56:59+00:00,apertus,26,42,train/longfact_test_apertus/span_auc,0.6723649946790452,apertus,span,auc
fc3llcx0,apertus_no_lora_long_form_layer26_seed43,finished,2026-03-02 14:58:28+00:00,apertus,26,43,train/longfact_test_apertus/span_auc,0.672824099653761,apertus,span,auc
gtn6g9ne,apertus_no_lora_long_form_layer26_seed44,finished,2026-03-02 14:58:28+00:00,apertus,26,44,train/longfact_test_apertus/span_auc,0.6750514206774699,apertus,span,auc
xowhpuzx,apertus_no_lora_long_form_layer28_seed42,finished,2026-03-02 14:58:28+00:00,apertus,28,42,train/longfact_test_apertus/span_auc,0.6645886937014613,apertus,span,auc
e75d9qzf,apertus_no_lora_long_form_layer28_seed43,finished,2026-03-02 14:58:28+00:00,apertus,28,43,train/longfact_test_apertus/span_auc,0.6441270197331371,apertus,span,auc
ha39x6u6,apertus_no_lora_long_form_layer28_seed44,finished,2026-03-02 14:58:28+00:00,apertus,28,44,train/longfact_test_apertus/span_auc,0.6688955473408819,apertus,span,auc
pk12wkry,apertus_no_lora_long_form_layer30_seed42,finished,2026-03-02 14:58:28+00:00,apertus,30,42,train/longfact_test_apertus/span_auc,0.5000632452595398,apertus,span,auc
vhvivjkc,apertus_no_lora_long_form_layer30_seed43,finished,2026-03-02 14:58:28+00:00,apertus,30,43,train/longfact_test_apertus/span_auc,0.6504745746332085,apertus,span,auc
agskbmvs,apertus_no_lora_long_form_layer30_seed44,finished,2026-03-02 14:58:28+00:00,apertus,30,44,train/longfact_test_apertus/span_auc,0.6154336848041935,apertus,span,auc
dxwgjkjh,llama_no_lora_long_form_layer4_seed42,finished,2026-03-02 14:45:37+00:00,llama,4,42,train/longfact_test_apertus/span_auc,0.7415309277252098,apertus,span,auc
e5f00gcl,llama_no_lora_long_form_layer4_seed43,finished,2026-03-02 14:45:37+00:00,llama,4,43,train/longfact_test_apertus/span_auc,0.7430416395887794,apertus,span,auc
cfx6hhoc,llama_no_lora_long_form_layer4_seed44,finished,2026-03-02 14:45:36+00:00,llama,4,44,train/longfact_test_apertus/span_auc,0.7419493553675566,apertus,span,auc
kgoq3e5r,llama_no_lora_long_form_layer10_seed42,finished,2026-03-02 14:45:36+00:00,llama,10,42,train/longfact_test_apertus/span_auc,0.8244259410463572,apertus,span,auc
9oem35be,llama_no_lora_long_form_layer10_seed43,finished,2026-03-02 14:46:11+00:00,llama,10,43,train/longfact_test_apertus/span_auc,0.8257740232153691,apertus,span,auc
rri8v027,llama_no_lora_long_form_layer10_seed44,finished,2026-03-02 14:46:11+00:00,llama,10,44,train/longfact_test_apertus/span_auc,0.8253184371421558,apertus,span,auc
egoe6db0,llama_no_lora_long_form_layer16_seed42,finished,2026-03-02 14:46:11+00:00,llama,16,42,train/longfact_test_apertus/span_auc,0.8326861880511922,apertus,span,auc
x0f4o57o,llama_no_lora_long_form_layer16_seed43,finished,2026-03-02 14:46:11+00:00,llama,16,43,train/longfact_test_apertus/span_auc,0.8344173722106608,apertus,span,auc
wflhsqs9,llama_no_lora_long_form_layer16_seed44,finished,2026-03-02 14:50:44+00:00,llama,16,44,train/longfact_test_apertus/span_auc,0.8340480917150254,apertus,span,auc
qni919ee,llama_no_lora_long_form_layer20_seed42,finished,2026-03-02 14:50:44+00:00,llama,20,42,train/longfact_test_apertus/span_auc,0.8251735032148012,apertus,span,auc
4aryhr4u,llama_no_lora_long_form_layer20_seed43,finished,2026-03-02 14:50:44+00:00,llama,20,43,train/longfact_test_apertus/span_auc,0.827494253239295,apertus,span,auc
v8qejznt,llama_no_lora_long_form_layer20_seed44,finished,2026-03-02 14:50:44+00:00,llama,20,44,train/longfact_test_apertus/span_auc,0.825902802611394,apertus,span,auc
k5b7gy5e,llama_no_lora_long_form_layer24_seed42,finished,2026-03-02 14:50:44+00:00,llama,24,42,train/longfact_test_apertus/span_auc,0.8186875453458466,apertus,span,auc
jg69cqpj,llama_no_lora_long_form_layer24_seed43,finished,2026-03-02 14:50:44+00:00,llama,24,43,train/longfact_test_apertus/span_auc,0.8192826693781186,apertus,span,auc
5o6iy05l,llama_no_lora_long_form_layer24_seed44,finished,2026-03-02 14:50:44+00:00,llama,24,44,train/longfact_test_apertus/span_auc,0.8192514248109188,apertus,span,auc
82vjeyys,llama_no_lora_long_form_layer26_seed42,finished,2026-03-02 14:50:44+00:00,llama,26,42,train/longfact_test_apertus/span_auc,0.8184549842134284,apertus,span,auc
gzg4irhz,llama_no_lora_long_form_layer26_seed43,finished,2026-03-02 14:51:46+00:00,llama,26,43,train/longfact_test_apertus/span_auc,0.819189545219485,apertus,span,auc
7u7entue,llama_no_lora_long_form_layer26_seed44,finished,2026-03-02 14:51:46+00:00,llama,26,44,train/longfact_test_apertus/span_auc,0.8203955986898984,apertus,span,auc
5zoj6oqm,llama_no_lora_long_form_layer28_seed42,finished,2026-03-02 14:51:46+00:00,llama,28,42,train/longfact_test_apertus/span_auc,0.8200641127977737,apertus,span,auc
22zq4z08,llama_no_lora_long_form_layer28_seed43,finished,2026-03-02 14:51:46+00:00,llama,28,43,train/longfact_test_apertus/span_auc,0.8210732487875211,apertus,span,auc
pbg44l09,llama_no_lora_long_form_layer28_seed44,finished,2026-03-02 14:51:46+00:00,llama,28,44,train/longfact_test_apertus/span_auc,0.8219372238059665,apertus,span,auc
ct7o6ek7,llama_no_lora_long_form_layer30_seed42,finished,2026-03-02 14:51:46+00:00,llama,30,42,train/longfact_test_apertus/span_auc,0.8276494906042692,apertus,span,auc
av9rm02w,llama_no_lora_long_form_layer30_seed43,finished,2026-03-02 14:51:46+00:00,llama,30,43,train/longfact_test_apertus/span_auc,0.8271305985226225,apertus,span,auc
ojujrfsw,llama_no_lora_long_form_layer30_seed44,finished,2026-03-02 14:51:46+00:00,llama,30,44,train/longfact_test_apertus/span_auc,0.8290052122055307,apertus,span,auc
f1osa4x3,apertus_no_lora_long_form_layer4_seed42,finished,2026-03-02 14:54:28+00:00,apertus,4,42,train/longfact_test_apertus/span_f1,0.38416792234642744,apertus,span,f1
k9210t28,apertus_no_lora_long_form_layer4_seed43,finished,2026-03-02 14:54:28+00:00,apertus,4,43,train/longfact_test_apertus/span_f1,0.3781770686246823,apertus,span,f1
4dw0ohsb,apertus_no_lora_long_form_layer4_seed44,finished,2026-03-02 14:54:28+00:00,apertus,4,44,train/longfact_test_apertus/span_f1,0.3834849791450344,apertus,span,f1
2msk68xv,apertus_no_lora_long_form_layer10_seed42,finished,2026-03-02 14:54:28+00:00,apertus,10,42,train/longfact_test_apertus/span_f1,0.43322694729578193,apertus,span,f1
ennpfi5c,apertus_no_lora_long_form_layer10_seed43,finished,2026-03-02 14:55:28+00:00,apertus,10,43,train/longfact_test_apertus/span_f1,0.49088473601672766,apertus,span,f1
ckfvtpqq,apertus_no_lora_long_form_layer10_seed44,finished,2026-03-02 14:55:28+00:00,apertus,10,44,train/longfact_test_apertus/span_f1,0.5237544539601175,apertus,span,f1
98q6shel,apertus_no_lora_long_form_layer16_seed42,finished,2026-03-02 14:55:28+00:00,apertus,16,42,train/longfact_test_apertus/span_f1,0.4123811675559186,apertus,span,f1
92fyxrb6,apertus_no_lora_long_form_layer16_seed43,finished,2026-03-02 14:55:28+00:00,apertus,16,43,train/longfact_test_apertus/span_f1,0.4786142352844594,apertus,span,f1
i19xd1q5,apertus_no_lora_long_form_layer16_seed44,finished,2026-03-02 14:56:24+00:00,apertus,16,44,train/longfact_test_apertus/span_f1,0.466364598491864,apertus,span,f1
5w54hojz,apertus_no_lora_long_form_layer20_seed42,finished,2026-03-02 14:56:24+00:00,apertus,20,42,train/longfact_test_apertus/span_f1,0.36343211725687385,apertus,span,f1
h3qhm4bp,apertus_no_lora_long_form_layer20_seed43,finished,2026-03-02 14:56:24+00:00,apertus,20,43,train/longfact_test_apertus/span_f1,0.377784872995601,apertus,span,f1
1sb6t3rt,apertus_no_lora_long_form_layer20_seed44,finished,2026-03-02 14:56:24+00:00,apertus,20,44,train/longfact_test_apertus/span_f1,0.3984282095031281,apertus,span,f1
rjgl9oec,apertus_no_lora_long_form_layer24_seed42,finished,2026-03-02 14:56:59+00:00,apertus,24,42,train/longfact_test_apertus/span_f1,0.29891974731805776,apertus,span,f1
g0y68jcb,apertus_no_lora_long_form_layer24_seed43,finished,2026-03-02 14:56:59+00:00,apertus,24,43,train/longfact_test_apertus/span_f1,0.3612529913919349,apertus,span,f1
p8vm93b7,apertus_no_lora_long_form_layer24_seed44,finished,2026-03-02 14:56:59+00:00,apertus,24,44,train/longfact_test_apertus/span_f1,0.36946184485269606,apertus,span,f1
fjxaywoo,apertus_no_lora_long_form_layer26_seed42,finished,2026-03-02 14:56:59+00:00,apertus,26,42,train/longfact_test_apertus/span_f1,0.3474862772183649,apertus,span,f1
fc3llcx0,apertus_no_lora_long_form_layer26_seed43,finished,2026-03-02 14:58:28+00:00,apertus,26,43,train/longfact_test_apertus/span_f1,0.35925,apertus,span,f1
gtn6g9ne,apertus_no_lora_long_form_layer26_seed44,finished,2026-03-02 14:58:28+00:00,apertus,26,44,train/longfact_test_apertus/span_f1,0.34716449199407234,apertus,span,f1
xowhpuzx,apertus_no_lora_long_form_layer28_seed42,finished,2026-03-02 14:58:28+00:00,apertus,28,42,train/longfact_test_apertus/span_f1,0.4293950577390772,apertus,span,f1
e75d9qzf,apertus_no_lora_long_form_layer28_seed43,finished,2026-03-02 14:58:28+00:00,apertus,28,43,train/longfact_test_apertus/span_f1,0.3639450867052023,apertus,span,f1
ha39x6u6,apertus_no_lora_long_form_layer28_seed44,finished,2026-03-02 14:58:28+00:00,apertus,28,44,train/longfact_test_apertus/span_f1,0.422356630056714,apertus,span,f1
pk12wkry,apertus_no_lora_long_form_layer30_seed42,finished,2026-03-02 14:58:28+00:00,apertus,30,42,train/longfact_test_apertus/span_f1,0.00023109632094657053,apertus,span,f1
vhvivjkc,apertus_no_lora_long_form_layer30_seed43,finished,2026-03-02 14:58:28+00:00,apertus,30,43,train/longfact_test_apertus/span_f1,0.4364717878993882,apertus,span,f1
agskbmvs,apertus_no_lora_long_form_layer30_seed44,finished,2026-03-02 14:58:28+00:00,apertus,30,44,train/longfact_test_apertus/span_f1,0.3672080654692621,apertus,span,f1
dxwgjkjh,llama_no_lora_long_form_layer4_seed42,finished,2026-03-02 14:45:37+00:00,llama,4,42,train/longfact_test_apertus/span_f1,0.200855487075706,apertus,span,f1
e5f00gcl,llama_no_lora_long_form_layer4_seed43,finished,2026-03-02 14:45:37+00:00,llama,4,43,train/longfact_test_apertus/span_f1,0.2055174627926709,apertus,span,f1
cfx6hhoc,llama_no_lora_long_form_layer4_seed44,finished,2026-03-02 14:45:36+00:00,llama,4,44,train/longfact_test_apertus/span_f1,0.20744132799084145,apertus,span,f1
kgoq3e5r,llama_no_lora_long_form_layer10_seed42,finished,2026-03-02 14:45:36+00:00,llama,10,42,train/longfact_test_apertus/span_f1,0.3559736594543744,apertus,span,f1
9oem35be,llama_no_lora_long_form_layer10_seed43,finished,2026-03-02 14:46:11+00:00,llama,10,43,train/longfact_test_apertus/span_f1,0.3683981517932992,apertus,span,f1
rri8v027,llama_no_lora_long_form_layer10_seed44,finished,2026-03-02 14:46:11+00:00,llama,10,44,train/longfact_test_apertus/span_f1,0.36592404958162905,apertus,span,f1
egoe6db0,llama_no_lora_long_form_layer16_seed42,finished,2026-03-02 14:46:11+00:00,llama,16,42,train/longfact_test_apertus/span_f1,0.3975127512141594,apertus,span,f1
x0f4o57o,llama_no_lora_long_form_layer16_seed43,finished,2026-03-02 14:46:11+00:00,llama,16,43,train/longfact_test_apertus/span_f1,0.4023817239144524,apertus,span,f1
wflhsqs9,llama_no_lora_long_form_layer16_seed44,finished,2026-03-02 14:50:44+00:00,llama,16,44,train/longfact_test_apertus/span_f1,0.39863561610460274,apertus,span,f1
qni919ee,llama_no_lora_long_form_layer20_seed42,finished,2026-03-02 14:50:44+00:00,llama,20,42,train/longfact_test_apertus/span_f1,0.385640478924061,apertus,span,f1
4aryhr4u,llama_no_lora_long_form_layer20_seed43,finished,2026-03-02 14:50:44+00:00,llama,20,43,train/longfact_test_apertus/span_f1,0.38440523385986897,apertus,span,f1
v8qejznt,llama_no_lora_long_form_layer20_seed44,finished,2026-03-02 14:50:44+00:00,llama,20,44,train/longfact_test_apertus/span_f1,0.3823197157352065,apertus,span,f1
k5b7gy5e,llama_no_lora_long_form_layer24_seed42,finished,2026-03-02 14:50:44+00:00,llama,24,42,train/longfact_test_apertus/span_f1,0.3814087403598972,apertus,span,f1
jg69cqpj,llama_no_lora_long_form_layer24_seed43,finished,2026-03-02 14:50:44+00:00,llama,24,43,train/longfact_test_apertus/span_f1,0.380987684830512,apertus,span,f1
5o6iy05l,llama_no_lora_long_form_layer24_seed44,finished,2026-03-02 14:50:44+00:00,llama,24,44,train/longfact_test_apertus/span_f1,0.38217947927583584,apertus,span,f1
82vjeyys,llama_no_lora_long_form_layer26_seed42,finished,2026-03-02 14:50:44+00:00,llama,26,42,train/longfact_test_apertus/span_f1,0.3832802711307384,apertus,span,f1
gzg4irhz,llama_no_lora_long_form_layer26_seed43,finished,2026-03-02 14:51:46+00:00,llama,26,43,train/longfact_test_apertus/span_f1,0.3850221170661455,apertus,span,f1
7u7entue,llama_no_lora_long_form_layer26_seed44,finished,2026-03-02 14:51:46+00:00,llama,26,44,train/longfact_test_apertus/span_f1,0.387530211789767,apertus,span,f1
5zoj6oqm,llama_no_lora_long_form_layer28_seed42,finished,2026-03-02 14:51:46+00:00,llama,28,42,train/longfact_test_apertus/span_f1,0.3856858029639678,apertus,span,f1
22zq4z08,llama_no_lora_long_form_layer28_seed43,finished,2026-03-02 14:51:46+00:00,llama,28,43,train/longfact_test_apertus/span_f1,0.38921468115644864,apertus,span,f1
pbg44l09,llama_no_lora_long_form_layer28_seed44,finished,2026-03-02 14:51:46+00:00,llama,28,44,train/longfact_test_apertus/span_f1,0.3912732621085531,apertus,span,f1
ct7o6ek7,llama_no_lora_long_form_layer30_seed42,finished,2026-03-02 14:51:46+00:00,llama,30,42,train/longfact_test_apertus/span_f1,0.45249709639953545,apertus,span,f1
av9rm02w,llama_no_lora_long_form_layer30_seed43,finished,2026-03-02 14:51:46+00:00,llama,30,43,train/longfact_test_apertus/span_f1,0.4523514372046176,apertus,span,f1
ojujrfsw,llama_no_lora_long_form_layer30_seed44,finished,2026-03-02 14:51:46+00:00,llama,30,44,train/longfact_test_apertus/span_f1,0.4526986463194996,apertus,span,f1
f1osa4x3,apertus_no_lora_long_form_layer4_seed42,finished,2026-03-02 14:54:28+00:00,apertus,4,42,train/longfact_test_apertus/span_recall_at_0.1_fpr,0.43737721589201933,apertus,span,recall_at_0.1_fpr
k9210t28,apertus_no_lora_long_form_layer4_seed43,finished,2026-03-02 14:54:28+00:00,apertus,4,43,train/longfact_test_apertus/span_recall_at_0.1_fpr,0.4414912057688308,apertus,span,recall_at_0.1_fpr
4dw0ohsb,apertus_no_lora_long_form_layer4_seed44,finished,2026-03-02 14:54:28+00:00,apertus,4,44,train/longfact_test_apertus/span_recall_at_0.1_fpr,0.44701504610904386,apertus,span,recall_at_0.1_fpr
2msk68xv,apertus_no_lora_long_form_layer10_seed42,finished,2026-03-02 14:54:28+00:00,apertus,10,42,train/longfact_test_apertus/span_recall_at_0.1_fpr,0.5209513023782559,apertus,span,recall_at_0.1_fpr
ennpfi5c,apertus_no_lora_long_form_layer10_seed43,finished,2026-03-02 14:55:28+00:00,apertus,10,43,train/longfact_test_apertus/span_recall_at_0.1_fpr,0.5408047703792729,apertus,span,recall_at_0.1_fpr
ckfvtpqq,apertus_no_lora_long_form_layer10_seed44,finished,2026-03-02 14:55:28+00:00,apertus,10,44,train/longfact_test_apertus/span_recall_at_0.1_fpr,0.5391175722837266,apertus,span,recall_at_0.1_fpr
98q6shel,apertus_no_lora_long_form_layer16_seed42,finished,2026-03-02 14:55:28+00:00,apertus,16,42,train/longfact_test_apertus/span_recall_at_0.1_fpr,0.4931009776504033,apertus,span,recall_at_0.1_fpr
92fyxrb6,apertus_no_lora_long_form_layer16_seed43,finished,2026-03-02 14:55:28+00:00,apertus,16,43,train/longfact_test_apertus/span_recall_at_0.1_fpr,0.5213442115237941,apertus,span,recall_at_0.1_fpr
i19xd1q5,apertus_no_lora_long_form_layer16_seed44,finished,2026-03-02 14:56:24+00:00,apertus,16,44,train/longfact_test_apertus/span_recall_at_0.1_fpr,0.5051887119513717,apertus,span,recall_at_0.1_fpr
5w54hojz,apertus_no_lora_long_form_layer20_seed42,finished,2026-03-02 14:56:24+00:00,apertus,20,42,train/longfact_test_apertus/span_recall_at_0.1_fpr,0.42318626204728776,apertus,span,recall_at_0.1_fpr
h3qhm4bp,apertus_no_lora_long_form_layer20_seed43,finished,2026-03-02 14:56:24+00:00,apertus,20,43,train/longfact_test_apertus/span_recall_at_0.1_fpr,0.440173804516144,apertus,span,recall_at_0.1_fpr
1sb6t3rt,apertus_no_lora_long_form_layer20_seed44,finished,2026-03-02 14:56:24+00:00,apertus,20,44,train/longfact_test_apertus/span_recall_at_0.1_fpr,0.42140661474102664,apertus,span,recall_at_0.1_fpr
rjgl9oec,apertus_no_lora_long_form_layer24_seed42,finished,2026-03-02 14:56:59+00:00,apertus,24,42,train/longfact_test_apertus/span_recall_at_0.1_fpr,0.36626066054961054,apertus,span,recall_at_0.1_fpr
g0y68jcb,apertus_no_lora_long_form_layer24_seed43,finished,2026-03-02 14:56:59+00:00,apertus,24,43,train/longfact_test_apertus/span_recall_at_0.1_fpr,0.3963528786372986,apertus,span,recall_at_0.1_fpr
p8vm93b7,apertus_no_lora_long_form_layer24_seed44,finished,2026-03-02 14:56:59+00:00,apertus,24,44,train/longfact_test_apertus/span_recall_at_0.1_fpr,0.387778214343495,apertus,span,recall_at_0.1_fpr
fjxaywoo,apertus_no_lora_long_form_layer26_seed42,finished,2026-03-02 14:56:59+00:00,apertus,26,42,train/longfact_test_apertus/span_recall_at_0.1_fpr,0.3939029745533548,apertus,span,recall_at_0.1_fpr
fc3llcx0,apertus_no_lora_long_form_layer26_seed43,finished,2026-03-02 14:58:28+00:00,apertus,26,43,train/longfact_test_apertus/span_recall_at_0.1_fpr,0.37804793491575567,apertus,span,recall_at_0.1_fpr
gtn6g9ne,apertus_no_lora_long_form_layer26_seed44,finished,2026-03-02 14:58:28+00:00,apertus,26,44,train/longfact_test_apertus/span_recall_at_0.1_fpr,0.37661497214967526,apertus,span,recall_at_0.1_fpr
xowhpuzx,apertus_no_lora_long_form_layer28_seed42,finished,2026-03-02 14:58:28+00:00,apertus,28,42,train/longfact_test_apertus/span_recall_at_0.1_fpr,0.3936718515265676,apertus,span,recall_at_0.1_fpr
e75d9qzf,apertus_no_lora_long_form_layer28_seed43,finished,2026-03-02 14:58:28+00:00,apertus,28,43,train/longfact_test_apertus/span_recall_at_0.1_fpr,0.3463609679432362,apertus,span,recall_at_0.1_fpr
ha39x6u6,apertus_no_lora_long_form_layer28_seed44,finished,2026-03-02 14:58:28+00:00,apertus,28,44,train/longfact_test_apertus/span_recall_at_0.1_fpr,0.40710009938290154,apertus,span,recall_at_0.1_fpr
pk12wkry,apertus_no_lora_long_form_layer30_seed42,finished,2026-03-02 14:58:28+00:00,apertus,30,42,train/longfact_test_apertus/span_recall_at_0.1_fpr,0.0001386738160722953,apertus,span,recall_at_0.1_fpr
vhvivjkc,apertus_no_lora_long_form_layer30_seed43,finished,2026-03-02 14:58:28+00:00,apertus,30,43,train/longfact_test_apertus/span_recall_at_0.1_fpr,0.34585249728430445,apertus,span,recall_at_0.1_fpr
agskbmvs,apertus_no_lora_long_form_layer30_seed44,finished,2026-03-02 14:58:28+00:00,apertus,30,44,train/longfact_test_apertus/span_recall_at_0.1_fpr,0.2638731596828992,apertus,span,recall_at_0.1_fpr
dxwgjkjh,llama_no_lora_long_form_layer4_seed42,finished,2026-03-02 14:45:37+00:00,llama,4,42,train/longfact_test_apertus/span_recall_at_0.1_fpr,0.38308088176777993,apertus,span,recall_at_0.1_fpr
e5f00gcl,llama_no_lora_long_form_layer4_seed43,finished,2026-03-02 14:45:37+00:00,llama,4,43,train/longfact_test_apertus/span_recall_at_0.1_fpr,0.3825503355704698,apertus,span,recall_at_0.1_fpr
cfx6hhoc,llama_no_lora_long_form_layer4_seed44,finished,2026-03-02 14:45:36+00:00,llama,4,44,train/longfact_test_apertus/span_recall_at_0.1_fpr,0.385494866965541,apertus,span,recall_at_0.1_fpr
kgoq3e5r,llama_no_lora_long_form_layer10_seed42,finished,2026-03-02 14:45:36+00:00,llama,10,42,train/longfact_test_apertus/span_recall_at_0.1_fpr,0.5280791574926387,apertus,span,recall_at_0.1_fpr
9oem35be,llama_no_lora_long_form_layer10_seed43,finished,2026-03-02 14:46:11+00:00,llama,10,43,train/longfact_test_apertus/span_recall_at_0.1_fpr,0.5283974852110247,apertus,span,recall_at_0.1_fpr
rri8v027,llama_no_lora_long_form_layer10_seed44,finished,2026-03-02 14:46:11+00:00,llama,10,44,train/longfact_test_apertus/span_recall_at_0.1_fpr,0.5309175796482478,apertus,span,recall_at_0.1_fpr
egoe6db0,llama_no_lora_long_form_layer16_seed42,finished,2026-03-02 14:46:11+00:00,llama,16,42,train/longfact_test_apertus/span_recall_at_0.1_fpr,0.5428548690877258,apertus,span,recall_at_0.1_fpr
x0f4o57o,llama_no_lora_long_form_layer16_seed43,finished,2026-03-02 14:46:11+00:00,llama,16,43,train/longfact_test_apertus/span_recall_at_0.1_fpr,0.5469135474971483,apertus,span,recall_at_0.1_fpr
wflhsqs9,llama_no_lora_long_form_layer16_seed44,finished,2026-03-02 14:50:44+00:00,llama,16,44,train/longfact_test_apertus/span_recall_at_0.1_fpr,0.5460116189617211,apertus,span,recall_at_0.1_fpr
qni919ee,llama_no_lora_long_form_layer20_seed42,finished,2026-03-02 14:50:44+00:00,llama,20,42,train/longfact_test_apertus/span_recall_at_0.1_fpr,0.5289015040984694,apertus,span,recall_at_0.1_fpr
4aryhr4u,llama_no_lora_long_form_layer20_seed43,finished,2026-03-02 14:50:44+00:00,llama,20,43,train/longfact_test_apertus/span_recall_at_0.1_fpr,0.5309971615778444,apertus,span,recall_at_0.1_fpr
v8qejznt,llama_no_lora_long_form_layer20_seed44,finished,2026-03-02 14:50:44+00:00,llama,20,44,train/longfact_test_apertus/span_recall_at_0.1_fpr,0.531235907366634,apertus,span,recall_at_0.1_fpr
k5b7gy5e,llama_no_lora_long_form_layer24_seed42,finished,2026-03-02 14:50:44+00:00,llama,24,42,train/longfact_test_apertus/span_recall_at_0.1_fpr,0.513276918587686,apertus,span,recall_at_0.1_fpr
jg69cqpj,llama_no_lora_long_form_layer24_seed43,finished,2026-03-02 14:50:44+00:00,llama,24,43,train/longfact_test_apertus/span_recall_at_0.1_fpr,0.515054248348675,apertus,span,recall_at_0.1_fpr
5o6iy05l,llama_no_lora_long_form_layer24_seed44,finished,2026-03-02 14:50:44+00:00,llama,24,44,train/longfact_test_apertus/span_recall_at_0.1_fpr,0.5216064938854551,apertus,span,recall_at_0.1_fpr
82vjeyys,llama_no_lora_long_form_layer26_seed42,finished,2026-03-02 14:50:44+00:00,llama,26,42,train/longfact_test_apertus/span_recall_at_0.1_fpr,0.5220839854630341,apertus,span,recall_at_0.1_fpr
gzg4irhz,llama_no_lora_long_form_layer26_seed43,finished,2026-03-02 14:51:46+00:00,llama,26,43,train/longfact_test_apertus/span_recall_at_0.1_fpr,0.5227736955195373,apertus,span,recall_at_0.1_fpr
7u7entue,llama_no_lora_long_form_layer26_seed44,finished,2026-03-02 14:51:46+00:00,llama,26,44,train/longfact_test_apertus/span_recall_at_0.1_fpr,0.5254264265060881,apertus,span,recall_at_0.1_fpr
5zoj6oqm,llama_no_lora_long_form_layer28_seed42,finished,2026-03-02 14:51:46+00:00,llama,28,42,train/longfact_test_apertus/span_recall_at_0.1_fpr,0.525320317266626,apertus,span,recall_at_0.1_fpr
22zq4z08,llama_no_lora_long_form_layer28_seed43,finished,2026-03-02 14:51:46+00:00,llama,28,43,train/longfact_test_apertus/span_recall_at_0.1_fpr,0.5291667771971245,apertus,span,recall_at_0.1_fpr
pbg44l09,llama_no_lora_long_form_layer28_seed44,finished,2026-03-02 14:51:46+00:00,llama,28,44,train/longfact_test_apertus/span_recall_at_0.1_fpr,0.5285035944504868,apertus,span,recall_at_0.1_fpr
ct7o6ek7,llama_no_lora_long_form_layer30_seed42,finished,2026-03-02 14:51:46+00:00,llama,30,42,train/longfact_test_apertus/span_recall_at_0.1_fpr,0.5435711064540945,apertus,span,recall_at_0.1_fpr
av9rm02w,llama_no_lora_long_form_layer30_seed43,finished,2026-03-02 14:51:46+00:00,llama,30,43,train/longfact_test_apertus/span_recall_at_0.1_fpr,0.5405469931294268,apertus,span,recall_at_0.1_fpr
ojujrfsw,llama_no_lora_long_form_layer30_seed44,finished,2026-03-02 14:51:46+00:00,llama,30,44,train/longfact_test_apertus/span_recall_at_0.1_fpr,0.5448178900177733,apertus,span,recall_at_0.1_fpr
f1osa4x3,apertus_no_lora_long_form_layer4_seed42,finished,2026-03-02 14:54:28+00:00,apertus,4,42,train/longfact_test_apertus/span_max_auc,0.8234381504248477,apertus,span_max,auc
k9210t28,apertus_no_lora_long_form_layer4_seed43,finished,2026-03-02 14:54:28+00:00,apertus,4,43,train/longfact_test_apertus/span_max_auc,0.8223532500140358,apertus,span_max,auc
4dw0ohsb,apertus_no_lora_long_form_layer4_seed44,finished,2026-03-02 14:54:28+00:00,apertus,4,44,train/longfact_test_apertus/span_max_auc,0.8215515738969719,apertus,span_max,auc
2msk68xv,apertus_no_lora_long_form_layer10_seed42,finished,2026-03-02 14:54:28+00:00,apertus,10,42,train/longfact_test_apertus/span_max_auc,0.8682490590818475,apertus,span_max,auc
ennpfi5c,apertus_no_lora_long_form_layer10_seed43,finished,2026-03-02 14:55:28+00:00,apertus,10,43,train/longfact_test_apertus/span_max_auc,0.8689065761865797,apertus,span_max,auc
ckfvtpqq,apertus_no_lora_long_form_layer10_seed44,finished,2026-03-02 14:55:28+00:00,apertus,10,44,train/longfact_test_apertus/span_max_auc,0.8705438410992483,apertus,span_max,auc
98q6shel,apertus_no_lora_long_form_layer16_seed42,finished,2026-03-02 14:55:28+00:00,apertus,16,42,train/longfact_test_apertus/span_max_auc,0.8652983266435131,apertus,span_max,auc
92fyxrb6,apertus_no_lora_long_form_layer16_seed43,finished,2026-03-02 14:55:28+00:00,apertus,16,43,train/longfact_test_apertus/span_max_auc,0.8709511226470459,apertus,span_max,auc
i19xd1q5,apertus_no_lora_long_form_layer16_seed44,finished,2026-03-02 14:56:24+00:00,apertus,16,44,train/longfact_test_apertus/span_max_auc,0.8661665024621359,apertus,span_max,auc
5w54hojz,apertus_no_lora_long_form_layer20_seed42,finished,2026-03-02 14:56:24+00:00,apertus,20,42,train/longfact_test_apertus/span_max_auc,0.844264785180656,apertus,span_max,auc
h3qhm4bp,apertus_no_lora_long_form_layer20_seed43,finished,2026-03-02 14:56:24+00:00,apertus,20,43,train/longfact_test_apertus/span_max_auc,0.8528165969886055,apertus,span_max,auc
1sb6t3rt,apertus_no_lora_long_form_layer20_seed44,finished,2026-03-02 14:56:24+00:00,apertus,20,44,train/longfact_test_apertus/span_max_auc,0.8473290339030696,apertus,span_max,auc
rjgl9oec,apertus_no_lora_long_form_layer24_seed42,finished,2026-03-02 14:56:59+00:00,apertus,24,42,train/longfact_test_apertus/span_max_auc,0.8297399552349429,apertus,span_max,auc
g0y68jcb,apertus_no_lora_long_form_layer24_seed43,finished,2026-03-02 14:56:59+00:00,apertus,24,43,train/longfact_test_apertus/span_max_auc,0.835295407951767,apertus,span_max,auc
p8vm93b7,apertus_no_lora_long_form_layer24_seed44,finished,2026-03-02 14:56:59+00:00,apertus,24,44,train/longfact_test_apertus/span_max_auc,0.8303970866944326,apertus,span_max,auc
fjxaywoo,apertus_no_lora_long_form_layer26_seed42,finished,2026-03-02 14:56:59+00:00,apertus,26,42,train/longfact_test_apertus/span_max_auc,0.8176474139385239,apertus,span_max,auc
fc3llcx0,apertus_no_lora_long_form_layer26_seed43,finished,2026-03-02 14:58:28+00:00,apertus,26,43,train/longfact_test_apertus/span_max_auc,0.8159692063559093,apertus,span_max,auc
gtn6g9ne,apertus_no_lora_long_form_layer26_seed44,finished,2026-03-02 14:58:28+00:00,apertus,26,44,train/longfact_test_apertus/span_max_auc,0.816442135972021,apertus,span_max,auc
xowhpuzx,apertus_no_lora_long_form_layer28_seed42,finished,2026-03-02 14:58:28+00:00,apertus,28,42,train/longfact_test_apertus/span_max_auc,0.7873038660517809,apertus,span_max,auc
e75d9qzf,apertus_no_lora_long_form_layer28_seed43,finished,2026-03-02 14:58:28+00:00,apertus,28,43,train/longfact_test_apertus/span_max_auc,0.785237361915302,apertus,span_max,auc
ha39x6u6,apertus_no_lora_long_form_layer28_seed44,finished,2026-03-02 14:58:28+00:00,apertus,28,44,train/longfact_test_apertus/span_max_auc,0.7995030864634953,apertus,span_max,auc
pk12wkry,apertus_no_lora_long_form_layer30_seed42,finished,2026-03-02 14:58:28+00:00,apertus,30,42,train/longfact_test_apertus/span_max_auc,0.5006405165769446,apertus,span_max,auc
vhvivjkc,apertus_no_lora_long_form_layer30_seed43,finished,2026-03-02 14:58:28+00:00,apertus,30,43,train/longfact_test_apertus/span_max_auc,0.760383337477413,apertus,span_max,auc
agskbmvs,apertus_no_lora_long_form_layer30_seed44,finished,2026-03-02 14:58:28+00:00,apertus,30,44,train/longfact_test_apertus/span_max_auc,0.7283952054526637,apertus,span_max,auc
dxwgjkjh,llama_no_lora_long_form_layer4_seed42,finished,2026-03-02 14:45:37+00:00,llama,4,42,train/longfact_test_apertus/span_max_auc,0.7977934121955553,apertus,span_max,auc
e5f00gcl,llama_no_lora_long_form_layer4_seed43,finished,2026-03-02 14:45:37+00:00,llama,4,43,train/longfact_test_apertus/span_max_auc,0.798915676696494,apertus,span_max,auc
cfx6hhoc,llama_no_lora_long_form_layer4_seed44,finished,2026-03-02 14:45:36+00:00,llama,4,44,train/longfact_test_apertus/span_max_auc,0.7977658874934654,apertus,span_max,auc
kgoq3e5r,llama_no_lora_long_form_layer10_seed42,finished,2026-03-02 14:45:36+00:00,llama,10,42,train/longfact_test_apertus/span_max_auc,0.8660843990891532,apertus,span_max,auc
9oem35be,llama_no_lora_long_form_layer10_seed43,finished,2026-03-02 14:46:11+00:00,llama,10,43,train/longfact_test_apertus/span_max_auc,0.8674093015111012,apertus,span_max,auc
rri8v027,llama_no_lora_long_form_layer10_seed44,finished,2026-03-02 14:46:11+00:00,llama,10,44,train/longfact_test_apertus/span_max_auc,0.8667550295064161,apertus,span_max,auc
egoe6db0,llama_no_lora_long_form_layer16_seed42,finished,2026-03-02 14:46:11+00:00,llama,16,42,train/longfact_test_apertus/span_max_auc,0.8731551516019311,apertus,span_max,auc
x0f4o57o,llama_no_lora_long_form_layer16_seed43,finished,2026-03-02 14:46:11+00:00,llama,16,43,train/longfact_test_apertus/span_max_auc,0.8744055180335979,apertus,span_max,auc
wflhsqs9,llama_no_lora_long_form_layer16_seed44,finished,2026-03-02 14:50:44+00:00,llama,16,44,train/longfact_test_apertus/span_max_auc,0.8738249999758131,apertus,span_max,auc
qni919ee,llama_no_lora_long_form_layer20_seed42,finished,2026-03-02 14:50:44+00:00,llama,20,42,train/longfact_test_apertus/span_max_auc,0.8688144964075992,apertus,span_max,auc
4aryhr4u,llama_no_lora_long_form_layer20_seed43,finished,2026-03-02 14:50:44+00:00,llama,20,43,train/longfact_test_apertus/span_max_auc,0.8704508617150583,apertus,span_max,auc
v8qejznt,llama_no_lora_long_form_layer20_seed44,finished,2026-03-02 14:50:44+00:00,llama,20,44,train/longfact_test_apertus/span_max_auc,0.8695579939184436,apertus,span_max,auc
k5b7gy5e,llama_no_lora_long_form_layer24_seed42,finished,2026-03-02 14:50:44+00:00,llama,24,42,train/longfact_test_apertus/span_max_auc,0.8658930806414111,apertus,span_max,auc
jg69cqpj,llama_no_lora_long_form_layer24_seed43,finished,2026-03-02 14:50:44+00:00,llama,24,43,train/longfact_test_apertus/span_max_auc,0.8670419991157267,apertus,span_max,auc
5o6iy05l,llama_no_lora_long_form_layer24_seed44,finished,2026-03-02 14:50:44+00:00,llama,24,44,train/longfact_test_apertus/span_max_auc,0.8667238042072967,apertus,span_max,auc
82vjeyys,llama_no_lora_long_form_layer26_seed42,finished,2026-03-02 14:50:44+00:00,llama,26,42,train/longfact_test_apertus/span_max_auc,0.8676250003628037,apertus,span_max,auc
gzg4irhz,llama_no_lora_long_form_layer26_seed43,finished,2026-03-02 14:51:46+00:00,llama,26,43,train/longfact_test_apertus/span_max_auc,0.8683686026835858,apertus,span_max,auc
7u7entue,llama_no_lora_long_form_layer26_seed44,finished,2026-03-02 14:51:46+00:00,llama,26,44,train/longfact_test_apertus/span_max_auc,0.8689973655619054,apertus,span_max,auc
5zoj6oqm,llama_no_lora_long_form_layer28_seed42,finished,2026-03-02 14:51:46+00:00,llama,28,42,train/longfact_test_apertus/span_max_auc,0.8694498945612027,apertus,span_max,auc
22zq4z08,llama_no_lora_long_form_layer28_seed43,finished,2026-03-02 14:51:46+00:00,llama,28,43,train/longfact_test_apertus/span_max_auc,0.8702538109699565,apertus,span_max,auc
pbg44l09,llama_no_lora_long_form_layer28_seed44,finished,2026-03-02 14:51:46+00:00,llama,28,44,train/longfact_test_apertus/span_max_auc,0.8709712591801413,apertus,span_max,auc
ct7o6ek7,llama_no_lora_long_form_layer30_seed42,finished,2026-03-02 14:51:46+00:00,llama,30,42,train/longfact_test_apertus/span_max_auc,0.8773484682108235,apertus,span_max,auc
av9rm02w,llama_no_lora_long_form_layer30_seed43,finished,2026-03-02 14:51:46+00:00,llama,30,43,train/longfact_test_apertus/span_max_auc,0.8768075521848682,apertus,span_max,auc
ojujrfsw,llama_no_lora_long_form_layer30_seed44,finished,2026-03-02 14:51:46+00:00,llama,30,44,train/longfact_test_apertus/span_max_auc,0.8775280801947595,apertus,span_max,auc
f1osa4x3,apertus_no_lora_long_form_layer4_seed42,finished,2026-03-02 14:54:28+00:00,apertus,4,42,train/longfact_test_apertus/span_max_f1,0.5453076612360307,apertus,span_max,f1
k9210t28,apertus_no_lora_long_form_layer4_seed43,finished,2026-03-02 14:54:28+00:00,apertus,4,43,train/longfact_test_apertus/span_max_f1,0.5478272568276604,apertus,span_max,f1
4dw0ohsb,apertus_no_lora_long_form_layer4_seed44,finished,2026-03-02 14:54:28+00:00,apertus,4,44,train/longfact_test_apertus/span_max_f1,0.546220772158782,apertus,span_max,f1
2msk68xv,apertus_no_lora_long_form_layer10_seed42,finished,2026-03-02 14:54:28+00:00,apertus,10,42,train/longfact_test_apertus/span_max_f1,0.6256711838404501,apertus,span_max,f1
ennpfi5c,apertus_no_lora_long_form_layer10_seed43,finished,2026-03-02 14:55:28+00:00,apertus,10,43,train/longfact_test_apertus/span_max_f1,0.6383917626869331,apertus,span_max,f1
ckfvtpqq,apertus_no_lora_long_form_layer10_seed44,finished,2026-03-02 14:55:28+00:00,apertus,10,44,train/longfact_test_apertus/span_max_f1,0.6508443633044272,apertus,span_max,f1
98q6shel,apertus_no_lora_long_form_layer16_seed42,finished,2026-03-02 14:55:28+00:00,apertus,16,42,train/longfact_test_apertus/span_max_f1,0.6396084517130237,apertus,span_max,f1
92fyxrb6,apertus_no_lora_long_form_layer16_seed43,finished,2026-03-02 14:55:28+00:00,apertus,16,43,train/longfact_test_apertus/span_max_f1,0.6540534342391927,apertus,span_max,f1
i19xd1q5,apertus_no_lora_long_form_layer16_seed44,finished,2026-03-02 14:56:24+00:00,apertus,16,44,train/longfact_test_apertus/span_max_f1,0.6485688323489323,apertus,span_max,f1
5w54hojz,apertus_no_lora_long_form_layer20_seed42,finished,2026-03-02 14:56:24+00:00,apertus,20,42,train/longfact_test_apertus/span_max_f1,0.6130918262065803,apertus,span_max,f1
h3qhm4bp,apertus_no_lora_long_form_layer20_seed43,finished,2026-03-02 14:56:24+00:00,apertus,20,43,train/longfact_test_apertus/span_max_f1,0.6289351851851852,apertus,span_max,f1
1sb6t3rt,apertus_no_lora_long_form_layer20_seed44,finished,2026-03-02 14:56:24+00:00,apertus,20,44,train/longfact_test_apertus/span_max_f1,0.6199556541019956,apertus,span_max,f1
rjgl9oec,apertus_no_lora_long_form_layer24_seed42,finished,2026-03-02 14:56:59+00:00,apertus,24,42,train/longfact_test_apertus/span_max_f1,0.5980380569672615,apertus,span_max,f1
g0y68jcb,apertus_no_lora_long_form_layer24_seed43,finished,2026-03-02 14:56:59+00:00,apertus,24,43,train/longfact_test_apertus/span_max_f1,0.625503355704698,apertus,span_max,f1
p8vm93b7,apertus_no_lora_long_form_layer24_seed44,finished,2026-03-02 14:56:59+00:00,apertus,24,44,train/longfact_test_apertus/span_max_f1,0.6140629971364938,apertus,span_max,f1
fjxaywoo,apertus_no_lora_long_form_layer26_seed42,finished,2026-03-02 14:56:59+00:00,apertus,26,42,train/longfact_test_apertus/span_max_f1,0.6102060373742214,apertus,span_max,f1
fc3llcx0,apertus_no_lora_long_form_layer26_seed43,finished,2026-03-02 14:58:28+00:00,apertus,26,43,train/longfact_test_apertus/span_max_f1,0.6083923950950613,apertus,span_max,f1
gtn6g9ne,apertus_no_lora_long_form_layer26_seed44,finished,2026-03-02 14:58:28+00:00,apertus,26,44,train/longfact_test_apertus/span_max_f1,0.5996109394667583,apertus,span_max,f1
xowhpuzx,apertus_no_lora_long_form_layer28_seed42,finished,2026-03-02 14:58:28+00:00,apertus,28,42,train/longfact_test_apertus/span_max_f1,0.6192448810510119,apertus,span_max,f1
e75d9qzf,apertus_no_lora_long_form_layer28_seed43,finished,2026-03-02 14:58:28+00:00,apertus,28,43,train/longfact_test_apertus/span_max_f1,0.6055270237221815,apertus,span_max,f1
ha39x6u6,apertus_no_lora_long_form_layer28_seed44,finished,2026-03-02 14:58:28+00:00,apertus,28,44,train/longfact_test_apertus/span_max_f1,0.6278605797441614,apertus,span_max,f1
pk12wkry,apertus_no_lora_long_form_layer30_seed42,finished,2026-03-02 14:58:28+00:00,apertus,30,42,train/longfact_test_apertus/span_max_f1,0.0022512381809995496,apertus,span_max,f1
vhvivjkc,apertus_no_lora_long_form_layer30_seed43,finished,2026-03-02 14:58:28+00:00,apertus,30,43,train/longfact_test_apertus/span_max_f1,0.6132937978749691,apertus,span_max,f1
agskbmvs,apertus_no_lora_long_form_layer30_seed44,finished,2026-03-02 14:58:28+00:00,apertus,30,44,train/longfact_test_apertus/span_max_f1,0.586879664789839,apertus,span_max,f1
dxwgjkjh,llama_no_lora_long_form_layer4_seed42,finished,2026-03-02 14:45:37+00:00,llama,4,42,train/longfact_test_apertus/span_max_f1,0.4226427094927652,apertus,span_max,f1
e5f00gcl,llama_no_lora_long_form_layer4_seed43,finished,2026-03-02 14:45:37+00:00,llama,4,43,train/longfact_test_apertus/span_max_f1,0.4200477326968974,apertus,span_max,f1
cfx6hhoc,llama_no_lora_long_form_layer4_seed44,finished,2026-03-02 14:45:36+00:00,llama,4,44,train/longfact_test_apertus/span_max_f1,0.42312579415501905,apertus,span_max,f1
kgoq3e5r,llama_no_lora_long_form_layer10_seed42,finished,2026-03-02 14:45:36+00:00,llama,10,42,train/longfact_test_apertus/span_max_f1,0.5704927371119339,apertus,span_max,f1
9oem35be,llama_no_lora_long_form_layer10_seed43,finished,2026-03-02 14:46:11+00:00,llama,10,43,train/longfact_test_apertus/span_max_f1,0.5778405081157375,apertus,span_max,f1
rri8v027,llama_no_lora_long_form_layer10_seed44,finished,2026-03-02 14:46:11+00:00,llama,10,44,train/longfact_test_apertus/span_max_f1,0.5732954545454545,apertus,span_max,f1
egoe6db0,llama_no_lora_long_form_layer16_seed42,finished,2026-03-02 14:46:11+00:00,llama,16,42,train/longfact_test_apertus/span_max_f1,0.6029916289282283,apertus,span_max,f1
x0f4o57o,llama_no_lora_long_form_layer16_seed43,finished,2026-03-02 14:46:11+00:00,llama,16,43,train/longfact_test_apertus/span_max_f1,0.6079367243965634,apertus,span_max,f1
wflhsqs9,llama_no_lora_long_form_layer16_seed44,finished,2026-03-02 14:50:44+00:00,llama,16,44,train/longfact_test_apertus/span_max_f1,0.6022274164718823,apertus,span_max,f1
qni919ee,llama_no_lora_long_form_layer20_seed42,finished,2026-03-02 14:50:44+00:00,llama,20,42,train/longfact_test_apertus/span_max_f1,0.5941364457412811,apertus,span_max,f1
4aryhr4u,llama_no_lora_long_form_layer20_seed43,finished,2026-03-02 14:50:44+00:00,llama,20,43,train/longfact_test_apertus/span_max_f1,0.5980324234446446,apertus,span_max,f1
v8qejznt,llama_no_lora_long_form_layer20_seed44,finished,2026-03-02 14:50:44+00:00,llama,20,44,train/longfact_test_apertus/span_max_f1,0.5928185221128518,apertus,span_max,f1
k5b7gy5e,llama_no_lora_long_form_layer24_seed42,finished,2026-03-02 14:50:44+00:00,llama,24,42,train/longfact_test_apertus/span_max_f1,0.5967140687560403,apertus,span_max,f1
jg69cqpj,llama_no_lora_long_form_layer24_seed43,finished,2026-03-02 14:50:44+00:00,llama,24,43,train/longfact_test_apertus/span_max_f1,0.6025817083218896,apertus,span_max,f1
5o6iy05l,llama_no_lora_long_form_layer24_seed44,finished,2026-03-02 14:50:44+00:00,llama,24,44,train/longfact_test_apertus/span_max_f1,0.599338660788096,apertus,span_max,f1
82vjeyys,llama_no_lora_long_form_layer26_seed42,finished,2026-03-02 14:50:44+00:00,llama,26,42,train/longfact_test_apertus/span_max_f1,0.6046766033091754,apertus,span_max,f1
gzg4irhz,llama_no_lora_long_form_layer26_seed43,finished,2026-03-02 14:51:46+00:00,llama,26,43,train/longfact_test_apertus/span_max_f1,0.6075637160865991,apertus,span_max,f1
7u7entue,llama_no_lora_long_form_layer26_seed44,finished,2026-03-02 14:51:46+00:00,llama,26,44,train/longfact_test_apertus/span_max_f1,0.6056627000410341,apertus,span_max,f1
5zoj6oqm,llama_no_lora_long_form_layer28_seed42,finished,2026-03-02 14:51:46+00:00,llama,28,42,train/longfact_test_apertus/span_max_f1,0.602323991797676,apertus,span_max,f1
22zq4z08,llama_no_lora_long_form_layer28_seed43,finished,2026-03-02 14:51:46+00:00,llama,28,43,train/longfact_test_apertus/span_max_f1,0.6093366093366094,apertus,span_max,f1
pbg44l09,llama_no_lora_long_form_layer28_seed44,finished,2026-03-02 14:51:46+00:00,llama,28,44,train/longfact_test_apertus/span_max_f1,0.6097461653318854,apertus,span_max,f1
ct7o6ek7,llama_no_lora_long_form_layer30_seed42,finished,2026-03-02 14:51:46+00:00,llama,30,42,train/longfact_test_apertus/span_max_f1,0.6525551102204409,apertus,span_max,f1
av9rm02w,llama_no_lora_long_form_layer30_seed43,finished,2026-03-02 14:51:46+00:00,llama,30,43,train/longfact_test_apertus/span_max_f1,0.656619753393947,apertus,span_max,f1
ojujrfsw,llama_no_lora_long_form_layer30_seed44,finished,2026-03-02 14:51:46+00:00,llama,30,44,train/longfact_test_apertus/span_max_f1,0.6577466549956233,apertus,span_max,f1
f1osa4x3,apertus_no_lora_long_form_layer4_seed42,finished,2026-03-02 14:54:28+00:00,apertus,4,42,train/longfact_test_apertus/span_max_recall_at_0.1_fpr,0.5321162947937795,apertus,span_max,recall_at_0.1_fpr
k9210t28,apertus_no_lora_long_form_layer4_seed43,finished,2026-03-02 14:54:28+00:00,apertus,4,43,train/longfact_test_apertus/span_max_recall_at_0.1_fpr,0.5357223349109759,apertus,span_max,recall_at_0.1_fpr
4dw0ohsb,apertus_no_lora_long_form_layer4_seed44,finished,2026-03-02 14:54:28+00:00,apertus,4,44,train/longfact_test_apertus/span_max_recall_at_0.1_fpr,0.5372999774622492,apertus,span_max,recall_at_0.1_fpr
2msk68xv,apertus_no_lora_long_form_layer10_seed42,finished,2026-03-02 14:54:28+00:00,apertus,10,42,train/longfact_test_apertus/span_max_recall_at_0.1_fpr,0.6258733378408835,apertus,span_max,recall_at_0.1_fpr
ennpfi5c,apertus_no_lora_long_form_layer10_seed43,finished,2026-03-02 14:55:28+00:00,apertus,10,43,train/longfact_test_apertus/span_max_recall_at_0.1_fpr,0.631282398016678,apertus,span_max,recall_at_0.1_fpr
ckfvtpqq,apertus_no_lora_long_form_layer10_seed44,finished,2026-03-02 14:55:28+00:00,apertus,10,44,train/longfact_test_apertus/span_max_recall_at_0.1_fpr,0.6319585305386523,apertus,span_max,recall_at_0.1_fpr
98q6shel,apertus_no_lora_long_form_layer16_seed42,finished,2026-03-02 14:55:28+00:00,apertus,16,42,train/longfact_test_apertus/span_max_recall_at_0.1_fpr,0.6200135226504395,apertus,span_max,recall_at_0.1_fpr
92fyxrb6,apertus_no_lora_long_form_layer16_seed43,finished,2026-03-02 14:55:28+00:00,apertus,16,43,train/longfact_test_apertus/span_max_recall_at_0.1_fpr,0.6348884381338742,apertus,span_max,recall_at_0.1_fpr
i19xd1q5,apertus_no_lora_long_form_layer16_seed44,finished,2026-03-02 14:56:24+00:00,apertus,16,44,train/longfact_test_apertus/span_max_recall_at_0.1_fpr,0.6303808879873789,apertus,span_max,recall_at_0.1_fpr
5w54hojz,apertus_no_lora_long_form_layer20_seed42,finished,2026-03-02 14:56:24+00:00,apertus,20,42,train/longfact_test_apertus/span_max_recall_at_0.1_fpr,0.5715573585756142,apertus,span_max,recall_at_0.1_fpr
h3qhm4bp,apertus_no_lora_long_form_layer20_seed43,finished,2026-03-02 14:56:24+00:00,apertus,20,43,train/longfact_test_apertus/span_max_recall_at_0.1_fpr,0.5981519044399369,apertus,span_max,recall_at_0.1_fpr
1sb6t3rt,apertus_no_lora_long_form_layer20_seed44,finished,2026-03-02 14:56:24+00:00,apertus,20,44,train/longfact_test_apertus/span_max_recall_at_0.1_fpr,0.5665990534144693,apertus,span_max,recall_at_0.1_fpr
rjgl9oec,apertus_no_lora_long_form_layer24_seed42,finished,2026-03-02 14:56:59+00:00,apertus,24,42,train/longfact_test_apertus/span_max_recall_at_0.1_fpr,0.5566824430921794,apertus,span_max,recall_at_0.1_fpr
g0y68jcb,apertus_no_lora_long_form_layer24_seed43,finished,2026-03-02 14:56:59+00:00,apertus,24,43,train/longfact_test_apertus/span_max_recall_at_0.1_fpr,0.584403876493126,apertus,span_max,recall_at_0.1_fpr
p8vm93b7,apertus_no_lora_long_form_layer24_seed44,finished,2026-03-02 14:56:59+00:00,apertus,24,44,train/longfact_test_apertus/span_max_recall_at_0.1_fpr,0.5724588686049132,apertus,span_max,recall_at_0.1_fpr
fjxaywoo,apertus_no_lora_long_form_layer26_seed42,finished,2026-03-02 14:56:59+00:00,apertus,26,42,train/longfact_test_apertus/span_max_recall_at_0.1_fpr,0.5769664187514086,apertus,span_max,recall_at_0.1_fpr
fc3llcx0,apertus_no_lora_long_form_layer26_seed43,finished,2026-03-02 14:58:28+00:00,apertus,26,43,train/longfact_test_apertus/span_max_recall_at_0.1_fpr,0.0,apertus,span_max,recall_at_0.1_fpr
gtn6g9ne,apertus_no_lora_long_form_layer26_seed44,finished,2026-03-02 14:58:28+00:00,apertus,26,44,train/longfact_test_apertus/span_max_recall_at_0.1_fpr,0.5508226279017354,apertus,span_max,recall_at_0.1_fpr
xowhpuzx,apertus_no_lora_long_form_layer28_seed42,finished,2026-03-02 14:58:28+00:00,apertus,28,42,train/longfact_test_apertus/span_max_recall_at_0.1_fpr,0.5909398242055443,apertus,span_max,recall_at_0.1_fpr
e75d9qzf,apertus_no_lora_long_form_layer28_seed43,finished,2026-03-02 14:58:28+00:00,apertus,28,43,train/longfact_test_apertus/span_max_recall_at_0.1_fpr,0.5735857561415371,apertus,span_max,recall_at_0.1_fpr
ha39x6u6,apertus_no_lora_long_form_layer28_seed44,finished,2026-03-02 14:58:28+00:00,apertus,28,44,train/longfact_test_apertus/span_max_recall_at_0.1_fpr,0.6019833220644579,apertus,span_max,recall_at_0.1_fpr
pk12wkry,apertus_no_lora_long_form_layer30_seed42,finished,2026-03-02 14:58:28+00:00,apertus,30,42,train/longfact_test_apertus/span_max_recall_at_0.1_fpr,0.001352265043948614,apertus,span_max,recall_at_0.1_fpr
vhvivjkc,apertus_no_lora_long_form_layer30_seed43,finished,2026-03-02 14:58:28+00:00,apertus,30,43,train/longfact_test_apertus/span_max_recall_at_0.1_fpr,0.5913905792201938,apertus,span_max,recall_at_0.1_fpr
agskbmvs,apertus_no_lora_long_form_layer30_seed44,finished,2026-03-02 14:58:28+00:00,apertus,30,44,train/longfact_test_apertus/span_max_recall_at_0.1_fpr,0.5321162947937795,apertus,span_max,recall_at_0.1_fpr
dxwgjkjh,llama_no_lora_long_form_layer4_seed42,finished,2026-03-02 14:45:37+00:00,llama,4,42,train/longfact_test_apertus/span_max_recall_at_0.1_fpr,0.5024886877828054,apertus,span_max,recall_at_0.1_fpr
e5f00gcl,llama_no_lora_long_form_layer4_seed43,finished,2026-03-02 14:45:37+00:00,llama,4,43,train/longfact_test_apertus/span_max_recall_at_0.1_fpr,0.4993212669683258,apertus,span_max,recall_at_0.1_fpr
cfx6hhoc,llama_no_lora_long_form_layer4_seed44,finished,2026-03-02 14:45:36+00:00,llama,4,44,train/longfact_test_apertus/span_max_recall_at_0.1_fpr,0.498868778280543,apertus,span_max,recall_at_0.1_fpr
kgoq3e5r,llama_no_lora_long_form_layer10_seed42,finished,2026-03-02 14:45:36+00:00,llama,10,42,train/longfact_test_apertus/span_max_recall_at_0.1_fpr,0.6276018099547511,apertus,span_max,recall_at_0.1_fpr
9oem35be,llama_no_lora_long_form_layer10_seed43,finished,2026-03-02 14:46:11+00:00,llama,10,43,train/longfact_test_apertus/span_max_recall_at_0.1_fpr,0.6316742081447964,apertus,span_max,recall_at_0.1_fpr
rri8v027,llama_no_lora_long_form_layer10_seed44,finished,2026-03-02 14:46:11+00:00,llama,10,44,train/longfact_test_apertus/span_max_recall_at_0.1_fpr,0.6280542986425339,apertus,span_max,recall_at_0.1_fpr
egoe6db0,llama_no_lora_long_form_layer16_seed42,finished,2026-03-02 14:46:11+00:00,llama,16,42,train/longfact_test_apertus/span_max_recall_at_0.1_fpr,0.6445701357466064,apertus,span_max,recall_at_0.1_fpr
x0f4o57o,llama_no_lora_long_form_layer16_seed43,finished,2026-03-02 14:46:11+00:00,llama,16,43,train/longfact_test_apertus/span_max_recall_at_0.1_fpr,0.6479638009049774,apertus,span_max,recall_at_0.1_fpr
wflhsqs9,llama_no_lora_long_form_layer16_seed44,finished,2026-03-02 14:50:44+00:00,llama,16,44,train/longfact_test_apertus/span_max_recall_at_0.1_fpr,0.6447963800904978,apertus,span_max,recall_at_0.1_fpr
qni919ee,llama_no_lora_long_form_layer20_seed42,finished,2026-03-02 14:50:44+00:00,llama,20,42,train/longfact_test_apertus/span_max_recall_at_0.1_fpr,0.6416289592760182,apertus,span_max,recall_at_0.1_fpr
4aryhr4u,llama_no_lora_long_form_layer20_seed43,finished,2026-03-02 14:50:44+00:00,llama,20,43,train/longfact_test_apertus/span_max_recall_at_0.1_fpr,0.6434389140271494,apertus,span_max,recall_at_0.1_fpr
v8qejznt,llama_no_lora_long_form_layer20_seed44,finished,2026-03-02 14:50:44+00:00,llama,20,44,train/longfact_test_apertus/span_max_recall_at_0.1_fpr,0.638235294117647,apertus,span_max,recall_at_0.1_fpr
k5b7gy5e,llama_no_lora_long_form_layer24_seed42,finished,2026-03-02 14:50:44+00:00,llama,24,42,train/longfact_test_apertus/span_max_recall_at_0.1_fpr,0.6287330316742081,apertus,span_max,recall_at_0.1_fpr
jg69cqpj,llama_no_lora_long_form_layer24_seed43,finished,2026-03-02 14:50:44+00:00,llama,24,43,train/longfact_test_apertus/span_max_recall_at_0.1_fpr,0.6287330316742081,apertus,span_max,recall_at_0.1_fpr
5o6iy05l,llama_no_lora_long_form_layer24_seed44,finished,2026-03-02 14:50:44+00:00,llama,24,44,train/longfact_test_apertus/span_max_recall_at_0.1_fpr,0.6287330316742081,apertus,span_max,recall_at_0.1_fpr
82vjeyys,llama_no_lora_long_form_layer26_seed42,finished,2026-03-02 14:50:44+00:00,llama,26,42,train/longfact_test_apertus/span_max_recall_at_0.1_fpr,0.6343891402714932,apertus,span_max,recall_at_0.1_fpr
gzg4irhz,llama_no_lora_long_form_layer26_seed43,finished,2026-03-02 14:51:46+00:00,llama,26,43,train/longfact_test_apertus/span_max_recall_at_0.1_fpr,0.642081447963801,apertus,span_max,recall_at_0.1_fpr
7u7entue,llama_no_lora_long_form_layer26_seed44,finished,2026-03-02 14:51:46+00:00,llama,26,44,train/longfact_test_apertus/span_max_recall_at_0.1_fpr,0.6427601809954752,apertus,span_max,recall_at_0.1_fpr
5zoj6oqm,llama_no_lora_long_form_layer28_seed42,finished,2026-03-02 14:51:46+00:00,llama,28,42,train/longfact_test_apertus/span_max_recall_at_0.1_fpr,0.6391402714932126,apertus,span_max,recall_at_0.1_fpr
22zq4z08,llama_no_lora_long_form_layer28_seed43,finished,2026-03-02 14:51:46+00:00,llama,28,43,train/longfact_test_apertus/span_max_recall_at_0.1_fpr,0.6398190045248868,apertus,span_max,recall_at_0.1_fpr
pbg44l09,llama_no_lora_long_form_layer28_seed44,finished,2026-03-02 14:51:46+00:00,llama,28,44,train/longfact_test_apertus/span_max_recall_at_0.1_fpr,0.6457013574660634,apertus,span_max,recall_at_0.1_fpr
ct7o6ek7,llama_no_lora_long_form_layer30_seed42,finished,2026-03-02 14:51:46+00:00,llama,30,42,train/longfact_test_apertus/span_max_recall_at_0.1_fpr,0.6595022624434389,apertus,span_max,recall_at_0.1_fpr
av9rm02w,llama_no_lora_long_form_layer30_seed43,finished,2026-03-02 14:51:46+00:00,llama,30,43,train/longfact_test_apertus/span_max_recall_at_0.1_fpr,0.6597285067873303,apertus,span_max,recall_at_0.1_fpr
ojujrfsw,llama_no_lora_long_form_layer30_seed44,finished,2026-03-02 14:51:46+00:00,llama,30,44,train/longfact_test_apertus/span_max_recall_at_0.1_fpr,0.6665158371040724,apertus,span_max,recall_at_0.1_fpr
f1osa4x3,apertus_no_lora_long_form_layer4_seed42,finished,2026-03-02 14:54:28+00:00,apertus,4,42,train/longfact_test_llama/all_auc,0.8132476873174145,llama,all,auc
k9210t28,apertus_no_lora_long_form_layer4_seed43,finished,2026-03-02 14:54:28+00:00,apertus,4,43,train/longfact_test_llama/all_auc,0.8239428753846929,llama,all,auc
4dw0ohsb,apertus_no_lora_long_form_layer4_seed44,finished,2026-03-02 14:54:28+00:00,apertus,4,44,train/longfact_test_llama/all_auc,0.8187722005377012,llama,all,auc
2msk68xv,apertus_no_lora_long_form_layer10_seed42,finished,2026-03-02 14:54:28+00:00,apertus,10,42,train/longfact_test_llama/all_auc,0.8250763870485456,llama,all,auc
ennpfi5c,apertus_no_lora_long_form_layer10_seed43,finished,2026-03-02 14:55:28+00:00,apertus,10,43,train/longfact_test_llama/all_auc,0.8226177442482394,llama,all,auc
ckfvtpqq,apertus_no_lora_long_form_layer10_seed44,finished,2026-03-02 14:55:28+00:00,apertus,10,44,train/longfact_test_llama/all_auc,0.811920552468672,llama,all,auc
98q6shel,apertus_no_lora_long_form_layer16_seed42,finished,2026-03-02 14:55:28+00:00,apertus,16,42,train/longfact_test_llama/all_auc,0.803281166690218,llama,all,auc
92fyxrb6,apertus_no_lora_long_form_layer16_seed43,finished,2026-03-02 14:55:28+00:00,apertus,16,43,train/longfact_test_llama/all_auc,0.8030063668939131,llama,all,auc
i19xd1q5,apertus_no_lora_long_form_layer16_seed44,finished,2026-03-02 14:56:24+00:00,apertus,16,44,train/longfact_test_llama/all_auc,0.7898445964954643,llama,all,auc
5w54hojz,apertus_no_lora_long_form_layer20_seed42,finished,2026-03-02 14:56:24+00:00,apertus,20,42,train/longfact_test_llama/all_auc,0.7152865479674657,llama,all,auc
h3qhm4bp,apertus_no_lora_long_form_layer20_seed43,finished,2026-03-02 14:56:24+00:00,apertus,20,43,train/longfact_test_llama/all_auc,0.7258548789563044,llama,all,auc
1sb6t3rt,apertus_no_lora_long_form_layer20_seed44,finished,2026-03-02 14:56:24+00:00,apertus,20,44,train/longfact_test_llama/all_auc,0.7136638775270779,llama,all,auc
rjgl9oec,apertus_no_lora_long_form_layer24_seed42,finished,2026-03-02 14:56:59+00:00,apertus,24,42,train/longfact_test_llama/all_auc,0.6800684038488392,llama,all,auc
g0y68jcb,apertus_no_lora_long_form_layer24_seed43,finished,2026-03-02 14:56:59+00:00,apertus,24,43,train/longfact_test_llama/all_auc,0.6829836626947562,llama,all,auc
p8vm93b7,apertus_no_lora_long_form_layer24_seed44,finished,2026-03-02 14:56:59+00:00,apertus,24,44,train/longfact_test_llama/all_auc,0.6791479029861602,llama,all,auc
fjxaywoo,apertus_no_lora_long_form_layer26_seed42,finished,2026-03-02 14:56:59+00:00,apertus,26,42,train/longfact_test_llama/all_auc,0.6738023828077514,llama,all,auc
fc3llcx0,apertus_no_lora_long_form_layer26_seed43,finished,2026-03-02 14:58:28+00:00,apertus,26,43,train/longfact_test_llama/all_auc,0.6799530804425895,llama,all,auc
gtn6g9ne,apertus_no_lora_long_form_layer26_seed44,finished,2026-03-02 14:58:28+00:00,apertus,26,44,train/longfact_test_llama/all_auc,0.6739930132851973,llama,all,auc
xowhpuzx,apertus_no_lora_long_form_layer28_seed42,finished,2026-03-02 14:58:28+00:00,apertus,28,42,train/longfact_test_llama/all_auc,0.6801092628762144,llama,all,auc
e75d9qzf,apertus_no_lora_long_form_layer28_seed43,finished,2026-03-02 14:58:28+00:00,apertus,28,43,train/longfact_test_llama/all_auc,0.6613288247364254,llama,all,auc
ha39x6u6,apertus_no_lora_long_form_layer28_seed44,finished,2026-03-02 14:58:28+00:00,apertus,28,44,train/longfact_test_llama/all_auc,0.6842334020680467,llama,all,auc
pk12wkry,apertus_no_lora_long_form_layer30_seed42,finished,2026-03-02 14:58:28+00:00,apertus,30,42,train/longfact_test_llama/all_auc,0.5001886318873037,llama,all,auc
vhvivjkc,apertus_no_lora_long_form_layer30_seed43,finished,2026-03-02 14:58:28+00:00,apertus,30,43,train/longfact_test_llama/all_auc,0.6732749241184043,llama,all,auc
agskbmvs,apertus_no_lora_long_form_layer30_seed44,finished,2026-03-02 14:58:28+00:00,apertus,30,44,train/longfact_test_llama/all_auc,0.6459836147502036,llama,all,auc
dxwgjkjh,llama_no_lora_long_form_layer4_seed42,finished,2026-03-02 14:45:37+00:00,llama,4,42,train/longfact_test_llama/all_auc,0.8401707346171544,llama,all,auc
e5f00gcl,llama_no_lora_long_form_layer4_seed43,finished,2026-03-02 14:45:37+00:00,llama,4,43,train/longfact_test_llama/all_auc,0.8424073110148813,llama,all,auc
cfx6hhoc,llama_no_lora_long_form_layer4_seed44,finished,2026-03-02 14:45:36+00:00,llama,4,44,train/longfact_test_llama/all_auc,0.841960652730645,llama,all,auc
kgoq3e5r,llama_no_lora_long_form_layer10_seed42,finished,2026-03-02 14:45:36+00:00,llama,10,42,train/longfact_test_llama/all_auc,0.8727830309840049,llama,all,auc
9oem35be,llama_no_lora_long_form_layer10_seed43,finished,2026-03-02 14:46:11+00:00,llama,10,43,train/longfact_test_llama/all_auc,0.8730621903488596,llama,all,auc
rri8v027,llama_no_lora_long_form_layer10_seed44,finished,2026-03-02 14:46:11+00:00,llama,10,44,train/longfact_test_llama/all_auc,0.8729178685485856,llama,all,auc
egoe6db0,llama_no_lora_long_form_layer16_seed42,finished,2026-03-02 14:46:11+00:00,llama,16,42,train/longfact_test_llama/all_auc,0.8797606515886423,llama,all,auc
x0f4o57o,llama_no_lora_long_form_layer16_seed43,finished,2026-03-02 14:46:11+00:00,llama,16,43,train/longfact_test_llama/all_auc,0.8783906392763406,llama,all,auc
wflhsqs9,llama_no_lora_long_form_layer16_seed44,finished,2026-03-02 14:50:44+00:00,llama,16,44,train/longfact_test_llama/all_auc,0.8787298619004447,llama,all,auc
qni919ee,llama_no_lora_long_form_layer20_seed42,finished,2026-03-02 14:50:44+00:00,llama,20,42,train/longfact_test_llama/all_auc,0.8740952936253458,llama,all,auc
4aryhr4u,llama_no_lora_long_form_layer20_seed43,finished,2026-03-02 14:50:44+00:00,llama,20,43,train/longfact_test_llama/all_auc,0.8723724373418704,llama,all,auc
v8qejznt,llama_no_lora_long_form_layer20_seed44,finished,2026-03-02 14:50:44+00:00,llama,20,44,train/longfact_test_llama/all_auc,0.8732451906537371,llama,all,auc
k5b7gy5e,llama_no_lora_long_form_layer24_seed42,finished,2026-03-02 14:50:44+00:00,llama,24,42,train/longfact_test_llama/all_auc,0.8672945050062288,llama,all,auc
jg69cqpj,llama_no_lora_long_form_layer24_seed43,finished,2026-03-02 14:50:44+00:00,llama,24,43,train/longfact_test_llama/all_auc,0.8644467547773776,llama,all,auc
5o6iy05l,llama_no_lora_long_form_layer24_seed44,finished,2026-03-02 14:50:44+00:00,llama,24,44,train/longfact_test_llama/all_auc,0.8657200279955817,llama,all,auc
82vjeyys,llama_no_lora_long_form_layer26_seed42,finished,2026-03-02 14:50:44+00:00,llama,26,42,train/longfact_test_llama/all_auc,0.8646299536715014,llama,all,auc
gzg4irhz,llama_no_lora_long_form_layer26_seed43,finished,2026-03-02 14:51:46+00:00,llama,26,43,train/longfact_test_llama/all_auc,0.86236904262827,llama,all,auc
7u7entue,llama_no_lora_long_form_layer26_seed44,finished,2026-03-02 14:51:46+00:00,llama,26,44,train/longfact_test_llama/all_auc,0.8619063412484611,llama,all,auc
5zoj6oqm,llama_no_lora_long_form_layer28_seed42,finished,2026-03-02 14:51:46+00:00,llama,28,42,train/longfact_test_llama/all_auc,0.8612639727848483,llama,all,auc
22zq4z08,llama_no_lora_long_form_layer28_seed43,finished,2026-03-02 14:51:46+00:00,llama,28,43,train/longfact_test_llama/all_auc,0.8588805710897361,llama,all,auc
pbg44l09,llama_no_lora_long_form_layer28_seed44,finished,2026-03-02 14:51:46+00:00,llama,28,44,train/longfact_test_llama/all_auc,0.8585536873600218,llama,all,auc
ct7o6ek7,llama_no_lora_long_form_layer30_seed42,finished,2026-03-02 14:51:46+00:00,llama,30,42,train/longfact_test_llama/all_auc,0.8563876862542225,llama,all,auc
av9rm02w,llama_no_lora_long_form_layer30_seed43,finished,2026-03-02 14:51:46+00:00,llama,30,43,train/longfact_test_llama/all_auc,0.8545024766630366,llama,all,auc
ojujrfsw,llama_no_lora_long_form_layer30_seed44,finished,2026-03-02 14:51:46+00:00,llama,30,44,train/longfact_test_llama/all_auc,0.8532671296478973,llama,all,auc
f1osa4x3,apertus_no_lora_long_form_layer4_seed42,finished,2026-03-02 14:54:28+00:00,apertus,4,42,train/longfact_test_llama/all_f1,0.24223019797485823,llama,all,f1
k9210t28,apertus_no_lora_long_form_layer4_seed43,finished,2026-03-02 14:54:28+00:00,apertus,4,43,train/longfact_test_llama/all_f1,0.24709850275807724,llama,all,f1
4dw0ohsb,apertus_no_lora_long_form_layer4_seed44,finished,2026-03-02 14:54:28+00:00,apertus,4,44,train/longfact_test_llama/all_f1,0.24785827572059305,llama,all,f1
2msk68xv,apertus_no_lora_long_form_layer10_seed42,finished,2026-03-02 14:54:28+00:00,apertus,10,42,train/longfact_test_llama/all_f1,0.2697534880358563,llama,all,f1
ennpfi5c,apertus_no_lora_long_form_layer10_seed43,finished,2026-03-02 14:55:28+00:00,apertus,10,43,train/longfact_test_llama/all_f1,0.26802455186734664,llama,all,f1
ckfvtpqq,apertus_no_lora_long_form_layer10_seed44,finished,2026-03-02 14:55:28+00:00,apertus,10,44,train/longfact_test_llama/all_f1,0.25787264768265716,llama,all,f1
98q6shel,apertus_no_lora_long_form_layer16_seed42,finished,2026-03-02 14:55:28+00:00,apertus,16,42,train/longfact_test_llama/all_f1,0.25057888791107286,llama,all,f1
92fyxrb6,apertus_no_lora_long_form_layer16_seed43,finished,2026-03-02 14:55:28+00:00,apertus,16,43,train/longfact_test_llama/all_f1,0.24354091507471537,llama,all,f1
i19xd1q5,apertus_no_lora_long_form_layer16_seed44,finished,2026-03-02 14:56:24+00:00,apertus,16,44,train/longfact_test_llama/all_f1,0.24121697618671972,llama,all,f1
5w54hojz,apertus_no_lora_long_form_layer20_seed42,finished,2026-03-02 14:56:24+00:00,apertus,20,42,train/longfact_test_llama/all_f1,0.20142013178822996,llama,all,f1
h3qhm4bp,apertus_no_lora_long_form_layer20_seed43,finished,2026-03-02 14:56:24+00:00,apertus,20,43,train/longfact_test_llama/all_f1,0.21278362883410817,llama,all,f1
1sb6t3rt,apertus_no_lora_long_form_layer20_seed44,finished,2026-03-02 14:56:24+00:00,apertus,20,44,train/longfact_test_llama/all_f1,0.20511592308933865,llama,all,f1
rjgl9oec,apertus_no_lora_long_form_layer24_seed42,finished,2026-03-02 14:56:59+00:00,apertus,24,42,train/longfact_test_llama/all_f1,0.2028178860476997,llama,all,f1
g0y68jcb,apertus_no_lora_long_form_layer24_seed43,finished,2026-03-02 14:56:59+00:00,apertus,24,43,train/longfact_test_llama/all_f1,0.2132308985339118,llama,all,f1
p8vm93b7,apertus_no_lora_long_form_layer24_seed44,finished,2026-03-02 14:56:59+00:00,apertus,24,44,train/longfact_test_llama/all_f1,0.20142212498290715,llama,all,f1
fjxaywoo,apertus_no_lora_long_form_layer26_seed42,finished,2026-03-02 14:56:59+00:00,apertus,26,42,train/longfact_test_llama/all_f1,0.21943093823158652,llama,all,f1
fc3llcx0,apertus_no_lora_long_form_layer26_seed43,finished,2026-03-02 14:58:28+00:00,apertus,26,43,train/longfact_test_llama/all_f1,0.22484818644345972,llama,all,f1
gtn6g9ne,apertus_no_lora_long_form_layer26_seed44,finished,2026-03-02 14:58:28+00:00,apertus,26,44,train/longfact_test_llama/all_f1,0.21327218178241197,llama,all,f1
xowhpuzx,apertus_no_lora_long_form_layer28_seed42,finished,2026-03-02 14:58:28+00:00,apertus,28,42,train/longfact_test_llama/all_f1,0.25765269632384497,llama,all,f1
e75d9qzf,apertus_no_lora_long_form_layer28_seed43,finished,2026-03-02 14:58:28+00:00,apertus,28,43,train/longfact_test_llama/all_f1,0.2377743038212801,llama,all,f1
ha39x6u6,apertus_no_lora_long_form_layer28_seed44,finished,2026-03-02 14:58:28+00:00,apertus,28,44,train/longfact_test_llama/all_f1,0.2493269711735712,llama,all,f1
pk12wkry,apertus_no_lora_long_form_layer30_seed42,finished,2026-03-02 14:58:28+00:00,apertus,30,42,train/longfact_test_llama/all_f1,0.0005347004890936827,llama,all,f1
vhvivjkc,apertus_no_lora_long_form_layer30_seed43,finished,2026-03-02 14:58:28+00:00,apertus,30,43,train/longfact_test_llama/all_f1,0.27152629354226077,llama,all,f1
agskbmvs,apertus_no_lora_long_form_layer30_seed44,finished,2026-03-02 14:58:28+00:00,apertus,30,44,train/longfact_test_llama/all_f1,0.2765519270373639,llama,all,f1
dxwgjkjh,llama_no_lora_long_form_layer4_seed42,finished,2026-03-02 14:45:37+00:00,llama,4,42,train/longfact_test_llama/all_f1,0.1949243556219649,llama,all,f1
e5f00gcl,llama_no_lora_long_form_layer4_seed43,finished,2026-03-02 14:45:37+00:00,llama,4,43,train/longfact_test_llama/all_f1,0.19858448902806933,llama,all,f1
cfx6hhoc,llama_no_lora_long_form_layer4_seed44,finished,2026-03-02 14:45:36+00:00,llama,4,44,train/longfact_test_llama/all_f1,0.20038358618630345,llama,all,f1
kgoq3e5r,llama_no_lora_long_form_layer10_seed42,finished,2026-03-02 14:45:36+00:00,llama,10,42,train/longfact_test_llama/all_f1,0.2819136400534185,llama,all,f1
9oem35be,llama_no_lora_long_form_layer10_seed43,finished,2026-03-02 14:46:11+00:00,llama,10,43,train/longfact_test_llama/all_f1,0.2834332699311674,llama,all,f1
rri8v027,llama_no_lora_long_form_layer10_seed44,finished,2026-03-02 14:46:11+00:00,llama,10,44,train/longfact_test_llama/all_f1,0.2836655030694891,llama,all,f1
egoe6db0,llama_no_lora_long_form_layer16_seed42,finished,2026-03-02 14:46:11+00:00,llama,16,42,train/longfact_test_llama/all_f1,0.28818685528554955,llama,all,f1
x0f4o57o,llama_no_lora_long_form_layer16_seed43,finished,2026-03-02 14:46:11+00:00,llama,16,43,train/longfact_test_llama/all_f1,0.2880824905810034,llama,all,f1
wflhsqs9,llama_no_lora_long_form_layer16_seed44,finished,2026-03-02 14:50:44+00:00,llama,16,44,train/longfact_test_llama/all_f1,0.2875690386616505,llama,all,f1
qni919ee,llama_no_lora_long_form_layer20_seed42,finished,2026-03-02 14:50:44+00:00,llama,20,42,train/longfact_test_llama/all_f1,0.2771037824962011,llama,all,f1
4aryhr4u,llama_no_lora_long_form_layer20_seed43,finished,2026-03-02 14:50:44+00:00,llama,20,43,train/longfact_test_llama/all_f1,0.27583023549097024,llama,all,f1
v8qejznt,llama_no_lora_long_form_layer20_seed44,finished,2026-03-02 14:50:44+00:00,llama,20,44,train/longfact_test_llama/all_f1,0.2770843570843571,llama,all,f1
k5b7gy5e,llama_no_lora_long_form_layer24_seed42,finished,2026-03-02 14:50:44+00:00,llama,24,42,train/longfact_test_llama/all_f1,0.2700408805289072,llama,all,f1
jg69cqpj,llama_no_lora_long_form_layer24_seed43,finished,2026-03-02 14:50:44+00:00,llama,24,43,train/longfact_test_llama/all_f1,0.2677685407288141,llama,all,f1
5o6iy05l,llama_no_lora_long_form_layer24_seed44,finished,2026-03-02 14:50:44+00:00,llama,24,44,train/longfact_test_llama/all_f1,0.2687008754033602,llama,all,f1
82vjeyys,llama_no_lora_long_form_layer26_seed42,finished,2026-03-02 14:50:44+00:00,llama,26,42,train/longfact_test_llama/all_f1,0.2671533212504907,llama,all,f1
gzg4irhz,llama_no_lora_long_form_layer26_seed43,finished,2026-03-02 14:51:46+00:00,llama,26,43,train/longfact_test_llama/all_f1,0.26628162219458656,llama,all,f1
7u7entue,llama_no_lora_long_form_layer26_seed44,finished,2026-03-02 14:51:46+00:00,llama,26,44,train/longfact_test_llama/all_f1,0.26689825574283826,llama,all,f1
5zoj6oqm,llama_no_lora_long_form_layer28_seed42,finished,2026-03-02 14:51:46+00:00,llama,28,42,train/longfact_test_llama/all_f1,0.26750511299506946,llama,all,f1
22zq4z08,llama_no_lora_long_form_layer28_seed43,finished,2026-03-02 14:51:46+00:00,llama,28,43,train/longfact_test_llama/all_f1,0.2675872740881529,llama,all,f1
pbg44l09,llama_no_lora_long_form_layer28_seed44,finished,2026-03-02 14:51:46+00:00,llama,28,44,train/longfact_test_llama/all_f1,0.26884115356695043,llama,all,f1
ct7o6ek7,llama_no_lora_long_form_layer30_seed42,finished,2026-03-02 14:51:46+00:00,llama,30,42,train/longfact_test_llama/all_f1,0.26794772235348546,llama,all,f1
av9rm02w,llama_no_lora_long_form_layer30_seed43,finished,2026-03-02 14:51:46+00:00,llama,30,43,train/longfact_test_llama/all_f1,0.2667720320705948,llama,all,f1
ojujrfsw,llama_no_lora_long_form_layer30_seed44,finished,2026-03-02 14:51:46+00:00,llama,30,44,train/longfact_test_llama/all_f1,0.2638888888888889,llama,all,f1
f1osa4x3,apertus_no_lora_long_form_layer4_seed42,finished,2026-03-02 14:54:28+00:00,apertus,4,42,train/longfact_test_llama/all_recall_at_0.1_fpr,0.48749508145116865,llama,all,recall_at_0.1_fpr
k9210t28,apertus_no_lora_long_form_layer4_seed43,finished,2026-03-02 14:54:28+00:00,apertus,4,43,train/longfact_test_llama/all_recall_at_0.1_fpr,0.5048555914063115,llama,all,recall_at_0.1_fpr
4dw0ohsb,apertus_no_lora_long_form_layer4_seed44,finished,2026-03-02 14:54:28+00:00,apertus,4,44,train/longfact_test_llama/all_recall_at_0.1_fpr,0.4989848115212088,llama,all,recall_at_0.1_fpr
2msk68xv,apertus_no_lora_long_form_layer10_seed42,finished,2026-03-02 14:54:28+00:00,apertus,10,42,train/longfact_test_llama/all_recall_at_0.1_fpr,0.5157472259384591,llama,all,recall_at_0.1_fpr
ennpfi5c,apertus_no_lora_long_form_layer10_seed43,finished,2026-03-02 14:55:28+00:00,apertus,10,43,train/longfact_test_llama/all_recall_at_0.1_fpr,0.5182340442275911,llama,all,recall_at_0.1_fpr
ckfvtpqq,apertus_no_lora_long_form_layer10_seed44,finished,2026-03-02 14:55:28+00:00,apertus,10,44,train/longfact_test_llama/all_recall_at_0.1_fpr,0.5020539859919729,llama,all,recall_at_0.1_fpr
98q6shel,apertus_no_lora_long_form_layer16_seed42,finished,2026-03-02 14:55:28+00:00,apertus,16,42,train/longfact_test_llama/all_recall_at_0.1_fpr,0.47587943653104586,llama,all,recall_at_0.1_fpr
92fyxrb6,apertus_no_lora_long_form_layer16_seed43,finished,2026-03-02 14:55:28+00:00,apertus,16,43,train/longfact_test_llama/all_recall_at_0.1_fpr,0.473014873691666,llama,all,recall_at_0.1_fpr
i19xd1q5,apertus_no_lora_long_form_layer16_seed44,finished,2026-03-02 14:56:24+00:00,apertus,16,44,train/longfact_test_llama/all_recall_at_0.1_fpr,0.4606594790273078,llama,all,recall_at_0.1_fpr
5w54hojz,apertus_no_lora_long_form_layer20_seed42,finished,2026-03-02 14:56:24+00:00,apertus,20,42,train/longfact_test_llama/all_recall_at_0.1_fpr,0.37936570394270874,llama,all,recall_at_0.1_fpr
h3qhm4bp,apertus_no_lora_long_form_layer20_seed43,finished,2026-03-02 14:56:24+00:00,apertus,20,43,train/longfact_test_llama/all_recall_at_0.1_fpr,0.40028330841268595,llama,all,recall_at_0.1_fpr
1sb6t3rt,apertus_no_lora_long_form_layer20_seed44,finished,2026-03-02 14:56:24+00:00,apertus,20,44,train/longfact_test_llama/all_recall_at_0.1_fpr,0.3870465097977493,llama,all,recall_at_0.1_fpr
rjgl9oec,apertus_no_lora_long_form_layer24_seed42,finished,2026-03-02 14:56:59+00:00,apertus,24,42,train/longfact_test_llama/all_recall_at_0.1_fpr,0.37595026363421735,llama,all,recall_at_0.1_fpr
g0y68jcb,apertus_no_lora_long_form_layer24_seed43,finished,2026-03-02 14:56:59+00:00,apertus,24,43,train/longfact_test_llama/all_recall_at_0.1_fpr,0.3867159833162824,llama,all,recall_at_0.1_fpr
p8vm93b7,apertus_no_lora_long_form_layer24_seed44,finished,2026-03-02 14:56:59+00:00,apertus,24,44,train/longfact_test_llama/all_recall_at_0.1_fpr,0.37495868418981665,llama,all,recall_at_0.1_fpr
fjxaywoo,apertus_no_lora_long_form_layer26_seed42,finished,2026-03-02 14:56:59+00:00,apertus,26,42,train/longfact_test_llama/all_recall_at_0.1_fpr,0.3868733768788857,llama,all,recall_at_0.1_fpr
fc3llcx0,apertus_no_lora_long_form_layer26_seed43,finished,2026-03-02 14:58:28+00:00,apertus,26,43,train/longfact_test_llama/all_recall_at_0.1_fpr,0.39568741638466987,llama,all,recall_at_0.1_fpr
gtn6g9ne,apertus_no_lora_long_form_layer26_seed44,finished,2026-03-02 14:58:28+00:00,apertus,26,44,train/longfact_test_llama/all_recall_at_0.1_fpr,0.3790823955300228,llama,all,recall_at_0.1_fpr
xowhpuzx,apertus_no_lora_long_form_layer28_seed42,finished,2026-03-02 14:58:28+00:00,apertus,28,42,train/longfact_test_llama/all_recall_at_0.1_fpr,0.4424647831903675,llama,all,recall_at_0.1_fpr
e75d9qzf,apertus_no_lora_long_form_layer28_seed43,finished,2026-03-02 14:58:28+00:00,apertus,28,43,train/longfact_test_llama/all_recall_at_0.1_fpr,0.4064373967104745,llama,all,recall_at_0.1_fpr
ha39x6u6,apertus_no_lora_long_form_layer28_seed44,finished,2026-03-02 14:58:28+00:00,apertus,28,44,train/longfact_test_llama/all_recall_at_0.1_fpr,0.4457857873612969,llama,all,recall_at_0.1_fpr
pk12wkry,apertus_no_lora_long_form_layer30_seed42,finished,2026-03-02 14:58:28+00:00,apertus,30,42,train/longfact_test_llama/all_recall_at_0.1_fpr,0.0004092232627685527,llama,all,recall_at_0.1_fpr
vhvivjkc,apertus_no_lora_long_form_layer30_seed43,finished,2026-03-02 14:58:28+00:00,apertus,30,43,train/longfact_test_llama/all_recall_at_0.1_fpr,0.4098843157314866,llama,all,recall_at_0.1_fpr
agskbmvs,apertus_no_lora_long_form_layer30_seed44,finished,2026-03-02 14:58:28+00:00,apertus,30,44,train/longfact_test_llama/all_recall_at_0.1_fpr,0.3317541512552137,llama,all,recall_at_0.1_fpr
dxwgjkjh,llama_no_lora_long_form_layer4_seed42,finished,2026-03-02 14:45:37+00:00,llama,4,42,train/longfact_test_llama/all_recall_at_0.1_fpr,0.5290684057866576,llama,all,recall_at_0.1_fpr
e5f00gcl,llama_no_lora_long_form_layer4_seed43,finished,2026-03-02 14:45:37+00:00,llama,4,43,train/longfact_test_llama/all_recall_at_0.1_fpr,0.5308159331255518,llama,all,recall_at_0.1_fpr
cfx6hhoc,llama_no_lora_long_form_layer4_seed44,finished,2026-03-02 14:45:36+00:00,llama,4,44,train/longfact_test_llama/all_recall_at_0.1_fpr,0.5299511773289856,llama,all,recall_at_0.1_fpr
kgoq3e5r,llama_no_lora_long_form_layer10_seed42,finished,2026-03-02 14:45:36+00:00,llama,10,42,train/longfact_test_llama/all_recall_at_0.1_fpr,0.6144810564433315,llama,all,recall_at_0.1_fpr
9oem35be,llama_no_lora_long_form_layer10_seed43,finished,2026-03-02 14:46:11+00:00,llama,10,43,train/longfact_test_llama/all_recall_at_0.1_fpr,0.6146251824094259,llama,all,recall_at_0.1_fpr
rri8v027,llama_no_lora_long_form_layer10_seed44,finished,2026-03-02 14:46:11+00:00,llama,10,44,train/longfact_test_llama/all_recall_at_0.1_fpr,0.6147332768839966,llama,all,recall_at_0.1_fpr
egoe6db0,llama_no_lora_long_form_layer16_seed42,finished,2026-03-02 14:46:11+00:00,llama,16,42,train/longfact_test_llama/all_recall_at_0.1_fpr,0.6180301583584052,llama,all,recall_at_0.1_fpr
x0f4o57o,llama_no_lora_long_form_layer16_seed43,finished,2026-03-02 14:46:11+00:00,llama,16,43,train/longfact_test_llama/all_recall_at_0.1_fpr,0.6148593871043292,llama,all,recall_at_0.1_fpr
wflhsqs9,llama_no_lora_long_form_layer16_seed44,finished,2026-03-02 14:50:44+00:00,llama,16,44,train/longfact_test_llama/all_recall_at_0.1_fpr,0.6147152611382348,llama,all,recall_at_0.1_fpr
qni919ee,llama_no_lora_long_form_layer20_seed42,finished,2026-03-02 14:50:44+00:00,llama,20,42,train/longfact_test_llama/all_recall_at_0.1_fpr,0.5993117985118994,llama,all,recall_at_0.1_fpr
4aryhr4u,llama_no_lora_long_form_layer20_seed43,finished,2026-03-02 14:50:44+00:00,llama,20,43,train/longfact_test_llama/all_recall_at_0.1_fpr,0.6001585385627038,llama,all,recall_at_0.1_fpr
v8qejznt,llama_no_lora_long_form_layer20_seed44,finished,2026-03-02 14:50:44+00:00,llama,20,44,train/longfact_test_llama/all_recall_at_0.1_fpr,0.6003747275118454,llama,all,recall_at_0.1_fpr
k5b7gy5e,llama_no_lora_long_form_layer24_seed42,finished,2026-03-02 14:50:44+00:00,llama,24,42,train/longfact_test_llama/all_recall_at_0.1_fpr,0.5856918947159818,llama,all,recall_at_0.1_fpr
jg69cqpj,llama_no_lora_long_form_layer24_seed43,finished,2026-03-02 14:50:44+00:00,llama,24,43,train/longfact_test_llama/all_recall_at_0.1_fpr,0.5816023204280542,llama,all,recall_at_0.1_fpr
5o6iy05l,llama_no_lora_long_form_layer24_seed44,finished,2026-03-02 14:50:44+00:00,llama,24,44,train/longfact_test_llama/all_recall_at_0.1_fpr,0.5845749184787504,llama,all,recall_at_0.1_fpr
82vjeyys,llama_no_lora_long_form_layer26_seed42,finished,2026-03-02 14:50:44+00:00,llama,26,42,train/longfact_test_llama/all_recall_at_0.1_fpr,0.583908335885564,llama,all,recall_at_0.1_fpr
gzg4irhz,llama_no_lora_long_form_layer26_seed43,finished,2026-03-02 14:51:46+00:00,llama,26,43,train/longfact_test_llama/all_recall_at_0.1_fpr,0.5794404309366387,llama,all,recall_at_0.1_fpr
7u7entue,llama_no_lora_long_form_layer26_seed44,finished,2026-03-02 14:51:46+00:00,llama,26,44,train/longfact_test_llama/all_recall_at_0.1_fpr,0.5786657538688814,llama,all,recall_at_0.1_fpr
5zoj6oqm,llama_no_lora_long_form_layer28_seed42,finished,2026-03-02 14:51:46+00:00,llama,28,42,train/longfact_test_llama/all_recall_at_0.1_fpr,0.5799088403264453,llama,all,recall_at_0.1_fpr
22zq4z08,llama_no_lora_long_form_layer28_seed43,finished,2026-03-02 14:51:46+00:00,llama,28,43,train/longfact_test_llama/all_recall_at_0.1_fpr,0.5794584466824004,llama,all,recall_at_0.1_fpr
pbg44l09,llama_no_lora_long_form_layer28_seed44,finished,2026-03-02 14:51:46+00:00,llama,28,44,train/longfact_test_llama/all_recall_at_0.1_fpr,0.5763777541571333,llama,all,recall_at_0.1_fpr
ct7o6ek7,llama_no_lora_long_form_layer30_seed42,finished,2026-03-02 14:51:46+00:00,llama,30,42,train/longfact_test_llama/all_recall_at_0.1_fpr,0.5747923685300953,llama,all,recall_at_0.1_fpr
av9rm02w,llama_no_lora_long_form_layer30_seed43,finished,2026-03-02 14:51:46+00:00,llama,30,43,train/longfact_test_llama/all_recall_at_0.1_fpr,0.5745401480894302,llama,all,recall_at_0.1_fpr
ojujrfsw,llama_no_lora_long_form_layer30_seed44,finished,2026-03-02 14:51:46+00:00,llama,30,44,train/longfact_test_llama/all_recall_at_0.1_fpr,0.5710811249031653,llama,all,recall_at_0.1_fpr
f1osa4x3,apertus_no_lora_long_form_layer4_seed42,finished,2026-03-02 14:54:28+00:00,apertus,4,42,train/longfact_test_llama/span_auc,0.7776095326928218,llama,span,auc
k9210t28,apertus_no_lora_long_form_layer4_seed43,finished,2026-03-02 14:54:28+00:00,apertus,4,43,train/longfact_test_llama/span_auc,0.7760851198687242,llama,span,auc
4dw0ohsb,apertus_no_lora_long_form_layer4_seed44,finished,2026-03-02 14:54:28+00:00,apertus,4,44,train/longfact_test_llama/span_auc,0.777283926488621,llama,span,auc
2msk68xv,apertus_no_lora_long_form_layer10_seed42,finished,2026-03-02 14:54:28+00:00,apertus,10,42,train/longfact_test_llama/span_auc,0.8139533745830329,llama,span,auc
ennpfi5c,apertus_no_lora_long_form_layer10_seed43,finished,2026-03-02 14:55:28+00:00,apertus,10,43,train/longfact_test_llama/span_auc,0.8186411677879629,llama,span,auc
ckfvtpqq,apertus_no_lora_long_form_layer10_seed44,finished,2026-03-02 14:55:28+00:00,apertus,10,44,train/longfact_test_llama/span_auc,0.8172171354570108,llama,span,auc
98q6shel,apertus_no_lora_long_form_layer16_seed42,finished,2026-03-02 14:55:28+00:00,apertus,16,42,train/longfact_test_llama/span_auc,0.7945729866432071,llama,span,auc
92fyxrb6,apertus_no_lora_long_form_layer16_seed43,finished,2026-03-02 14:55:28+00:00,apertus,16,43,train/longfact_test_llama/span_auc,0.8018405715582125,llama,span,auc
i19xd1q5,apertus_no_lora_long_form_layer16_seed44,finished,2026-03-02 14:56:24+00:00,apertus,16,44,train/longfact_test_llama/span_auc,0.8035814782720387,llama,span,auc
5w54hojz,apertus_no_lora_long_form_layer20_seed42,finished,2026-03-02 14:56:24+00:00,apertus,20,42,train/longfact_test_llama/span_auc,0.7533504252780392,llama,span,auc
h3qhm4bp,apertus_no_lora_long_form_layer20_seed43,finished,2026-03-02 14:56:24+00:00,apertus,20,43,train/longfact_test_llama/span_auc,0.7623195228087261,llama,span,auc
1sb6t3rt,apertus_no_lora_long_form_layer20_seed44,finished,2026-03-02 14:56:24+00:00,apertus,20,44,train/longfact_test_llama/span_auc,0.7570589324338984,llama,span,auc
rjgl9oec,apertus_no_lora_long_form_layer24_seed42,finished,2026-03-02 14:56:59+00:00,apertus,24,42,train/longfact_test_llama/span_auc,0.7252826672018453,llama,span,auc
g0y68jcb,apertus_no_lora_long_form_layer24_seed43,finished,2026-03-02 14:56:59+00:00,apertus,24,43,train/longfact_test_llama/span_auc,0.7368793608732367,llama,span,auc
p8vm93b7,apertus_no_lora_long_form_layer24_seed44,finished,2026-03-02 14:56:59+00:00,apertus,24,44,train/longfact_test_llama/span_auc,0.7404732636711796,llama,span,auc
fjxaywoo,apertus_no_lora_long_form_layer26_seed42,finished,2026-03-02 14:56:59+00:00,apertus,26,42,train/longfact_test_llama/span_auc,0.6838376003744628,llama,span,auc
fc3llcx0,apertus_no_lora_long_form_layer26_seed43,finished,2026-03-02 14:58:28+00:00,apertus,26,43,train/longfact_test_llama/span_auc,0.6860977780943553,llama,span,auc
gtn6g9ne,apertus_no_lora_long_form_layer26_seed44,finished,2026-03-02 14:58:28+00:00,apertus,26,44,train/longfact_test_llama/span_auc,0.6863596516897853,llama,span,auc
xowhpuzx,apertus_no_lora_long_form_layer28_seed42,finished,2026-03-02 14:58:28+00:00,apertus,28,42,train/longfact_test_llama/span_auc,0.6758588488772196,llama,span,auc
e75d9qzf,apertus_no_lora_long_form_layer28_seed43,finished,2026-03-02 14:58:28+00:00,apertus,28,43,train/longfact_test_llama/span_auc,0.6615155831503243,llama,span,auc
ha39x6u6,apertus_no_lora_long_form_layer28_seed44,finished,2026-03-02 14:58:28+00:00,apertus,28,44,train/longfact_test_llama/span_auc,0.6834033241045986,llama,span,auc
pk12wkry,apertus_no_lora_long_form_layer30_seed42,finished,2026-03-02 14:58:28+00:00,apertus,30,42,train/longfact_test_llama/span_auc,0.5001899691781541,llama,span,auc
vhvivjkc,apertus_no_lora_long_form_layer30_seed43,finished,2026-03-02 14:58:28+00:00,apertus,30,43,train/longfact_test_llama/span_auc,0.6658728226797492,llama,span,auc
agskbmvs,apertus_no_lora_long_form_layer30_seed44,finished,2026-03-02 14:58:28+00:00,apertus,30,44,train/longfact_test_llama/span_auc,0.6358665083930621,llama,span,auc
dxwgjkjh,llama_no_lora_long_form_layer4_seed42,finished,2026-03-02 14:45:37+00:00,llama,4,42,train/longfact_test_llama/span_auc,0.7431722941793386,llama,span,auc
e5f00gcl,llama_no_lora_long_form_layer4_seed43,finished,2026-03-02 14:45:37+00:00,llama,4,43,train/longfact_test_llama/span_auc,0.7458000427927524,llama,span,auc
cfx6hhoc,llama_no_lora_long_form_layer4_seed44,finished,2026-03-02 14:45:36+00:00,llama,4,44,train/longfact_test_llama/span_auc,0.7444208992149278,llama,span,auc
kgoq3e5r,llama_no_lora_long_form_layer10_seed42,finished,2026-03-02 14:45:36+00:00,llama,10,42,train/longfact_test_llama/span_auc,0.8261130584584122,llama,span,auc
9oem35be,llama_no_lora_long_form_layer10_seed43,finished,2026-03-02 14:46:11+00:00,llama,10,43,train/longfact_test_llama/span_auc,0.8277488737065405,llama,span,auc
rri8v027,llama_no_lora_long_form_layer10_seed44,finished,2026-03-02 14:46:11+00:00,llama,10,44,train/longfact_test_llama/span_auc,0.8278622360097336,llama,span,auc
egoe6db0,llama_no_lora_long_form_layer16_seed42,finished,2026-03-02 14:46:11+00:00,llama,16,42,train/longfact_test_llama/span_auc,0.8380559380813104,llama,span,auc
x0f4o57o,llama_no_lora_long_form_layer16_seed43,finished,2026-03-02 14:46:11+00:00,llama,16,43,train/longfact_test_llama/span_auc,0.8406762808424786,llama,span,auc
wflhsqs9,llama_no_lora_long_form_layer16_seed44,finished,2026-03-02 14:50:44+00:00,llama,16,44,train/longfact_test_llama/span_auc,0.840317755106928,llama,span,auc
qni919ee,llama_no_lora_long_form_layer20_seed42,finished,2026-03-02 14:50:44+00:00,llama,20,42,train/longfact_test_llama/span_auc,0.8285624391741049,llama,span,auc
4aryhr4u,llama_no_lora_long_form_layer20_seed43,finished,2026-03-02 14:50:44+00:00,llama,20,43,train/longfact_test_llama/span_auc,0.8307437562311761,llama,span,auc
v8qejznt,llama_no_lora_long_form_layer20_seed44,finished,2026-03-02 14:50:44+00:00,llama,20,44,train/longfact_test_llama/span_auc,0.8300914823228299,llama,span,auc
k5b7gy5e,llama_no_lora_long_form_layer24_seed42,finished,2026-03-02 14:50:44+00:00,llama,24,42,train/longfact_test_llama/span_auc,0.8235005535646664,llama,span,auc
jg69cqpj,llama_no_lora_long_form_layer24_seed43,finished,2026-03-02 14:50:44+00:00,llama,24,43,train/longfact_test_llama/span_auc,0.823692058620924,llama,span,auc
5o6iy05l,llama_no_lora_long_form_layer24_seed44,finished,2026-03-02 14:50:44+00:00,llama,24,44,train/longfact_test_llama/span_auc,0.8243411202184023,llama,span,auc
82vjeyys,llama_no_lora_long_form_layer26_seed42,finished,2026-03-02 14:50:44+00:00,llama,26,42,train/longfact_test_llama/span_auc,0.8228908650414475,llama,span,auc
gzg4irhz,llama_no_lora_long_form_layer26_seed43,finished,2026-03-02 14:51:46+00:00,llama,26,43,train/longfact_test_llama/span_auc,0.8235205816741915,llama,span,auc
7u7entue,llama_no_lora_long_form_layer26_seed44,finished,2026-03-02 14:51:46+00:00,llama,26,44,train/longfact_test_llama/span_auc,0.824966635705541,llama,span,auc
5zoj6oqm,llama_no_lora_long_form_layer28_seed42,finished,2026-03-02 14:51:46+00:00,llama,28,42,train/longfact_test_llama/span_auc,0.826373113534703,llama,span,auc
22zq4z08,llama_no_lora_long_form_layer28_seed43,finished,2026-03-02 14:51:46+00:00,llama,28,43,train/longfact_test_llama/span_auc,0.8267714004452758,llama,span,auc
pbg44l09,llama_no_lora_long_form_layer28_seed44,finished,2026-03-02 14:51:46+00:00,llama,28,44,train/longfact_test_llama/span_auc,0.8276986495896993,llama,span,auc
ct7o6ek7,llama_no_lora_long_form_layer30_seed42,finished,2026-03-02 14:51:46+00:00,llama,30,42,train/longfact_test_llama/span_auc,0.8310315211125916,llama,span,auc
av9rm02w,llama_no_lora_long_form_layer30_seed43,finished,2026-03-02 14:51:46+00:00,llama,30,43,train/longfact_test_llama/span_auc,0.8300707065276327,llama,span,auc
ojujrfsw,llama_no_lora_long_form_layer30_seed44,finished,2026-03-02 14:51:46+00:00,llama,30,44,train/longfact_test_llama/span_auc,0.8323208661773918,llama,span,auc
f1osa4x3,apertus_no_lora_long_form_layer4_seed42,finished,2026-03-02 14:54:28+00:00,apertus,4,42,train/longfact_test_llama/span_f1,0.4494530916604901,llama,span,f1
k9210t28,apertus_no_lora_long_form_layer4_seed43,finished,2026-03-02 14:54:28+00:00,apertus,4,43,train/longfact_test_llama/span_f1,0.443318441440932,llama,span,f1
4dw0ohsb,apertus_no_lora_long_form_layer4_seed44,finished,2026-03-02 14:54:28+00:00,apertus,4,44,train/longfact_test_llama/span_f1,0.45336529307003887,llama,span,f1
2msk68xv,apertus_no_lora_long_form_layer10_seed42,finished,2026-03-02 14:54:28+00:00,apertus,10,42,train/longfact_test_llama/span_f1,0.4938731842897636,llama,span,f1
ennpfi5c,apertus_no_lora_long_form_layer10_seed43,finished,2026-03-02 14:55:28+00:00,apertus,10,43,train/longfact_test_llama/span_f1,0.5458616221819124,llama,span,f1
ckfvtpqq,apertus_no_lora_long_form_layer10_seed44,finished,2026-03-02 14:55:28+00:00,apertus,10,44,train/longfact_test_llama/span_f1,0.5732659162503261,llama,span,f1
98q6shel,apertus_no_lora_long_form_layer16_seed42,finished,2026-03-02 14:55:28+00:00,apertus,16,42,train/longfact_test_llama/span_f1,0.4528463629493441,llama,span,f1
92fyxrb6,apertus_no_lora_long_form_layer16_seed43,finished,2026-03-02 14:55:28+00:00,apertus,16,43,train/longfact_test_llama/span_f1,0.5142760135386052,llama,span,f1
i19xd1q5,apertus_no_lora_long_form_layer16_seed44,finished,2026-03-02 14:56:24+00:00,apertus,16,44,train/longfact_test_llama/span_f1,0.5079412710320437,llama,span,f1
5w54hojz,apertus_no_lora_long_form_layer20_seed42,finished,2026-03-02 14:56:24+00:00,apertus,20,42,train/longfact_test_llama/span_f1,0.4108404977637708,llama,span,f1
h3qhm4bp,apertus_no_lora_long_form_layer20_seed43,finished,2026-03-02 14:56:24+00:00,apertus,20,43,train/longfact_test_llama/span_f1,0.42426054556327336,llama,span,f1
1sb6t3rt,apertus_no_lora_long_form_layer20_seed44,finished,2026-03-02 14:56:24+00:00,apertus,20,44,train/longfact_test_llama/span_f1,0.4426168728302268,llama,span,f1
rjgl9oec,apertus_no_lora_long_form_layer24_seed42,finished,2026-03-02 14:56:59+00:00,apertus,24,42,train/longfact_test_llama/span_f1,0.3635750177738682,llama,span,f1
g0y68jcb,apertus_no_lora_long_form_layer24_seed43,finished,2026-03-02 14:56:59+00:00,apertus,24,43,train/longfact_test_llama/span_f1,0.41475938291503567,llama,span,f1
p8vm93b7,apertus_no_lora_long_form_layer24_seed44,finished,2026-03-02 14:56:59+00:00,apertus,24,44,train/longfact_test_llama/span_f1,0.432520949562939,llama,span,f1
fjxaywoo,apertus_no_lora_long_form_layer26_seed42,finished,2026-03-02 14:56:59+00:00,apertus,26,42,train/longfact_test_llama/span_f1,0.4017663683466792,llama,span,f1
fc3llcx0,apertus_no_lora_long_form_layer26_seed43,finished,2026-03-02 14:58:28+00:00,apertus,26,43,train/longfact_test_llama/span_f1,0.411768105889833,llama,span,f1
gtn6g9ne,apertus_no_lora_long_form_layer26_seed44,finished,2026-03-02 14:58:28+00:00,apertus,26,44,train/longfact_test_llama/span_f1,0.40374767225325886,llama,span,f1
xowhpuzx,apertus_no_lora_long_form_layer28_seed42,finished,2026-03-02 14:58:28+00:00,apertus,28,42,train/longfact_test_llama/span_f1,0.4755566311713456,llama,span,f1
e75d9qzf,apertus_no_lora_long_form_layer28_seed43,finished,2026-03-02 14:58:28+00:00,apertus,28,43,train/longfact_test_llama/span_f1,0.42458359394908146,llama,span,f1
ha39x6u6,apertus_no_lora_long_form_layer28_seed44,finished,2026-03-02 14:58:28+00:00,apertus,28,44,train/longfact_test_llama/span_f1,0.4835885975908868,llama,span,f1
pk12wkry,apertus_no_lora_long_form_layer30_seed42,finished,2026-03-02 14:58:28+00:00,apertus,30,42,train/longfact_test_llama/span_f1,0.0005349781288353212,llama,span,f1
vhvivjkc,apertus_no_lora_long_form_layer30_seed43,finished,2026-03-02 14:58:28+00:00,apertus,30,43,train/longfact_test_llama/span_f1,0.4915767576714558,llama,span,f1
agskbmvs,apertus_no_lora_long_form_layer30_seed44,finished,2026-03-02 14:58:28+00:00,apertus,30,44,train/longfact_test_llama/span_f1,0.4369267745190291,llama,span,f1
dxwgjkjh,llama_no_lora_long_form_layer4_seed42,finished,2026-03-02 14:45:37+00:00,llama,4,42,train/longfact_test_llama/span_f1,0.2527357762339372,llama,span,f1
e5f00gcl,llama_no_lora_long_form_layer4_seed43,finished,2026-03-02 14:45:37+00:00,llama,4,43,train/longfact_test_llama/span_f1,0.2607543077479214,llama,span,f1
cfx6hhoc,llama_no_lora_long_form_layer4_seed44,finished,2026-03-02 14:45:36+00:00,llama,4,44,train/longfact_test_llama/span_f1,0.2623877768921906,llama,span,f1
kgoq3e5r,llama_no_lora_long_form_layer10_seed42,finished,2026-03-02 14:45:36+00:00,llama,10,42,train/longfact_test_llama/span_f1,0.433088393048702,llama,span,f1
9oem35be,llama_no_lora_long_form_layer10_seed43,finished,2026-03-02 14:46:11+00:00,llama,10,43,train/longfact_test_llama/span_f1,0.4425827761647266,llama,span,f1
rri8v027,llama_no_lora_long_form_layer10_seed44,finished,2026-03-02 14:46:11+00:00,llama,10,44,train/longfact_test_llama/span_f1,0.44026902957190134,llama,span,f1
egoe6db0,llama_no_lora_long_form_layer16_seed42,finished,2026-03-02 14:46:11+00:00,llama,16,42,train/longfact_test_llama/span_f1,0.4685549436139523,llama,span,f1
x0f4o57o,llama_no_lora_long_form_layer16_seed43,finished,2026-03-02 14:46:11+00:00,llama,16,43,train/longfact_test_llama/span_f1,0.47456652685769535,llama,span,f1
wflhsqs9,llama_no_lora_long_form_layer16_seed44,finished,2026-03-02 14:50:44+00:00,llama,16,44,train/longfact_test_llama/span_f1,0.47077785931439353,llama,span,f1
qni919ee,llama_no_lora_long_form_layer20_seed42,finished,2026-03-02 14:50:44+00:00,llama,20,42,train/longfact_test_llama/span_f1,0.4488736910733531,llama,span,f1
4aryhr4u,llama_no_lora_long_form_layer20_seed43,finished,2026-03-02 14:50:44+00:00,llama,20,43,train/longfact_test_llama/span_f1,0.44671080734728746,llama,span,f1
v8qejznt,llama_no_lora_long_form_layer20_seed44,finished,2026-03-02 14:50:44+00:00,llama,20,44,train/longfact_test_llama/span_f1,0.4500851426138782,llama,span,f1
k5b7gy5e,llama_no_lora_long_form_layer24_seed42,finished,2026-03-02 14:50:44+00:00,llama,24,42,train/longfact_test_llama/span_f1,0.44099270854237743,llama,span,f1
jg69cqpj,llama_no_lora_long_form_layer24_seed43,finished,2026-03-02 14:50:44+00:00,llama,24,43,train/longfact_test_llama/span_f1,0.4378299238404814,llama,span,f1
5o6iy05l,llama_no_lora_long_form_layer24_seed44,finished,2026-03-02 14:50:44+00:00,llama,24,44,train/longfact_test_llama/span_f1,0.4421114573442285,llama,span,f1
82vjeyys,llama_no_lora_long_form_layer26_seed42,finished,2026-03-02 14:50:44+00:00,llama,26,42,train/longfact_test_llama/span_f1,0.4317414896201712,llama,span,f1
gzg4irhz,llama_no_lora_long_form_layer26_seed43,finished,2026-03-02 14:51:46+00:00,llama,26,43,train/longfact_test_llama/span_f1,0.43136830719307734,llama,span,f1
7u7entue,llama_no_lora_long_form_layer26_seed44,finished,2026-03-02 14:51:46+00:00,llama,26,44,train/longfact_test_llama/span_f1,0.43889879715178415,llama,span,f1
5zoj6oqm,llama_no_lora_long_form_layer28_seed42,finished,2026-03-02 14:51:46+00:00,llama,28,42,train/longfact_test_llama/span_f1,0.4270868616797865,llama,span,f1
22zq4z08,llama_no_lora_long_form_layer28_seed43,finished,2026-03-02 14:51:46+00:00,llama,28,43,train/longfact_test_llama/span_f1,0.4301066547710775,llama,span,f1
pbg44l09,llama_no_lora_long_form_layer28_seed44,finished,2026-03-02 14:51:46+00:00,llama,28,44,train/longfact_test_llama/span_f1,0.43794345302085574,llama,span,f1
ct7o6ek7,llama_no_lora_long_form_layer30_seed42,finished,2026-03-02 14:51:46+00:00,llama,30,42,train/longfact_test_llama/span_f1,0.43625163086607394,llama,span,f1
av9rm02w,llama_no_lora_long_form_layer30_seed43,finished,2026-03-02 14:51:46+00:00,llama,30,43,train/longfact_test_llama/span_f1,0.43584329652890785,llama,span,f1
ojujrfsw,llama_no_lora_long_form_layer30_seed44,finished,2026-03-02 14:51:46+00:00,llama,30,44,train/longfact_test_llama/span_f1,0.434469941822883,llama,span,f1
f1osa4x3,apertus_no_lora_long_form_layer4_seed42,finished,2026-03-02 14:54:28+00:00,apertus,4,42,train/longfact_test_llama/span_recall_at_0.1_fpr,0.441819469583694,llama,span,recall_at_0.1_fpr
k9210t28,apertus_no_lora_long_form_layer4_seed43,finished,2026-03-02 14:54:28+00:00,apertus,4,43,train/longfact_test_llama/span_recall_at_0.1_fpr,0.44152042181474777,llama,span,recall_at_0.1_fpr
4dw0ohsb,apertus_no_lora_long_form_layer4_seed44,finished,2026-03-02 14:54:28+00:00,apertus,4,44,train/longfact_test_llama/span_recall_at_0.1_fpr,0.443298969072165,llama,span,recall_at_0.1_fpr
2msk68xv,apertus_no_lora_long_form_layer10_seed42,finished,2026-03-02 14:54:28+00:00,apertus,10,42,train/longfact_test_llama/span_recall_at_0.1_fpr,0.5034862674116629,llama,span,recall_at_0.1_fpr
ennpfi5c,apertus_no_lora_long_form_layer10_seed43,finished,2026-03-02 14:55:28+00:00,apertus,10,43,train/longfact_test_llama/span_recall_at_0.1_fpr,0.5113087274730463,llama,span,recall_at_0.1_fpr
ckfvtpqq,apertus_no_lora_long_form_layer10_seed44,finished,2026-03-02 14:55:28+00:00,apertus,10,44,train/longfact_test_llama/span_recall_at_0.1_fpr,0.5134650192807114,llama,span,recall_at_0.1_fpr
98q6shel,apertus_no_lora_long_form_layer16_seed42,finished,2026-03-02 14:55:28+00:00,apertus,16,42,train/longfact_test_llama/span_recall_at_0.1_fpr,0.45836153301329974,llama,span,recall_at_0.1_fpr
92fyxrb6,apertus_no_lora_long_form_layer16_seed43,finished,2026-03-02 14:55:28+00:00,apertus,16,43,train/longfact_test_llama/span_recall_at_0.1_fpr,0.4842527740615409,llama,span,recall_at_0.1_fpr
i19xd1q5,apertus_no_lora_long_form_layer16_seed44,finished,2026-03-02 14:56:24+00:00,apertus,16,44,train/longfact_test_llama/span_recall_at_0.1_fpr,0.4817029983473676,llama,span,recall_at_0.1_fpr
5w54hojz,apertus_no_lora_long_form_layer20_seed42,finished,2026-03-02 14:56:24+00:00,apertus,20,42,train/longfact_test_llama/span_recall_at_0.1_fpr,0.4119776501141103,llama,span,recall_at_0.1_fpr
h3qhm4bp,apertus_no_lora_long_form_layer20_seed43,finished,2026-03-02 14:56:24+00:00,apertus,20,43,train/longfact_test_llama/span_recall_at_0.1_fpr,0.42208231683324154,llama,span,recall_at_0.1_fpr
1sb6t3rt,apertus_no_lora_long_form_layer20_seed44,finished,2026-03-02 14:56:24+00:00,apertus,20,44,train/longfact_test_llama/span_recall_at_0.1_fpr,0.4190131423624774,llama,span,recall_at_0.1_fpr
rjgl9oec,apertus_no_lora_long_form_layer24_seed42,finished,2026-03-02 14:56:59+00:00,apertus,24,42,train/longfact_test_llama/span_recall_at_0.1_fpr,0.3789250019674195,llama,span,recall_at_0.1_fpr
g0y68jcb,apertus_no_lora_long_form_layer24_seed43,finished,2026-03-02 14:56:59+00:00,apertus,24,43,train/longfact_test_llama/span_recall_at_0.1_fpr,0.3942393956087196,llama,span,recall_at_0.1_fpr
p8vm93b7,apertus_no_lora_long_form_layer24_seed44,finished,2026-03-02 14:56:59+00:00,apertus,24,44,train/longfact_test_llama/span_recall_at_0.1_fpr,0.39760761784843,llama,span,recall_at_0.1_fpr
fjxaywoo,apertus_no_lora_long_form_layer26_seed42,finished,2026-03-02 14:56:59+00:00,apertus,26,42,train/longfact_test_llama/span_recall_at_0.1_fpr,0.3996852128747934,llama,span,recall_at_0.1_fpr
fc3llcx0,apertus_no_lora_long_form_layer26_seed43,finished,2026-03-02 14:58:28+00:00,apertus,26,43,train/longfact_test_llama/span_recall_at_0.1_fpr,0.3871409459353112,llama,span,recall_at_0.1_fpr
gtn6g9ne,apertus_no_lora_long_form_layer26_seed44,finished,2026-03-02 14:58:28+00:00,apertus,26,44,train/longfact_test_llama/span_recall_at_0.1_fpr,0.3835051546391753,llama,span,recall_at_0.1_fpr
xowhpuzx,apertus_no_lora_long_form_layer28_seed42,finished,2026-03-02 14:58:28+00:00,apertus,28,42,train/longfact_test_llama/span_recall_at_0.1_fpr,0.44021405524514046,llama,span,recall_at_0.1_fpr
e75d9qzf,apertus_no_lora_long_form_layer28_seed43,finished,2026-03-02 14:58:28+00:00,apertus,28,43,train/longfact_test_llama/span_recall_at_0.1_fpr,0.4064373967104745,llama,span,recall_at_0.1_fpr
ha39x6u6,apertus_no_lora_long_form_layer28_seed44,finished,2026-03-02 14:58:28+00:00,apertus,28,44,train/longfact_test_llama/span_recall_at_0.1_fpr,0.4417407728023924,llama,span,recall_at_0.1_fpr
pk12wkry,apertus_no_lora_long_form_layer30_seed42,finished,2026-03-02 14:58:28+00:00,apertus,30,42,train/longfact_test_llama/span_recall_at_0.1_fpr,0.0004092232627685527,llama,span,recall_at_0.1_fpr
vhvivjkc,apertus_no_lora_long_form_layer30_seed43,finished,2026-03-02 14:58:28+00:00,apertus,30,43,train/longfact_test_llama/span_recall_at_0.1_fpr,0.4098843157314866,llama,span,recall_at_0.1_fpr
agskbmvs,apertus_no_lora_long_form_layer30_seed44,finished,2026-03-02 14:58:28+00:00,apertus,30,44,train/longfact_test_llama/span_recall_at_0.1_fpr,0.3317541512552137,llama,span,recall_at_0.1_fpr
dxwgjkjh,llama_no_lora_long_form_layer4_seed42,finished,2026-03-02 14:45:37+00:00,llama,4,42,train/longfact_test_llama/span_recall_at_0.1_fpr,0.3816095267263589,llama,span,recall_at_0.1_fpr
e5f00gcl,llama_no_lora_long_form_layer4_seed43,finished,2026-03-02 14:45:37+00:00,llama,4,43,train/longfact_test_llama/span_recall_at_0.1_fpr,0.38614949465833137,llama,span,recall_at_0.1_fpr
cfx6hhoc,llama_no_lora_long_form_layer4_seed44,finished,2026-03-02 14:45:36+00:00,llama,4,44,train/longfact_test_llama/span_recall_at_0.1_fpr,0.3839515736753923,llama,span,recall_at_0.1_fpr
kgoq3e5r,llama_no_lora_long_form_layer10_seed42,finished,2026-03-02 14:45:36+00:00,llama,10,42,train/longfact_test_llama/span_recall_at_0.1_fpr,0.5233393986344065,llama,span,recall_at_0.1_fpr
9oem35be,llama_no_lora_long_form_layer10_seed43,finished,2026-03-02 14:46:11+00:00,llama,10,43,train/longfact_test_llama/span_recall_at_0.1_fpr,0.5233033671428828,llama,span,recall_at_0.1_fpr
rri8v027,llama_no_lora_long_form_layer10_seed44,finished,2026-03-02 14:46:11+00:00,llama,10,44,train/longfact_test_llama/span_recall_at_0.1_fpr,0.52708667375286,llama,span,recall_at_0.1_fpr
egoe6db0,llama_no_lora_long_form_layer16_seed42,finished,2026-03-02 14:46:11+00:00,llama,16,42,train/longfact_test_llama/span_recall_at_0.1_fpr,0.5521645918532798,llama,span,recall_at_0.1_fpr
x0f4o57o,llama_no_lora_long_form_layer16_seed43,finished,2026-03-02 14:46:11+00:00,llama,16,43,train/longfact_test_llama/span_recall_at_0.1_fpr,0.5590105752427622,llama,span,recall_at_0.1_fpr
wflhsqs9,llama_no_lora_long_form_layer16_seed44,finished,2026-03-02 14:50:44+00:00,llama,16,44,train/longfact_test_llama/span_recall_at_0.1_fpr,0.5586862918190498,llama,span,recall_at_0.1_fpr
qni919ee,llama_no_lora_long_form_layer20_seed42,finished,2026-03-02 14:50:44+00:00,llama,20,42,train/longfact_test_llama/span_recall_at_0.1_fpr,0.5370313654133713,llama,span,recall_at_0.1_fpr
4aryhr4u,llama_no_lora_long_form_layer20_seed43,finished,2026-03-02 14:50:44+00:00,llama,20,43,train/longfact_test_llama/span_recall_at_0.1_fpr,0.5421118057181977,llama,span,recall_at_0.1_fpr
v8qejznt,llama_no_lora_long_form_layer20_seed44,finished,2026-03-02 14:50:44+00:00,llama,20,44,train/longfact_test_llama/span_recall_at_0.1_fpr,0.5395715855657846,llama,span,recall_at_0.1_fpr
k5b7gy5e,llama_no_lora_long_form_layer24_seed42,finished,2026-03-02 14:50:44+00:00,llama,24,42,train/longfact_test_llama/span_recall_at_0.1_fpr,0.5231952726683121,llama,span,recall_at_0.1_fpr
jg69cqpj,llama_no_lora_long_form_layer24_seed43,finished,2026-03-02 14:50:44+00:00,llama,24,43,train/longfact_test_llama/span_recall_at_0.1_fpr,0.5243662961428288,llama,span,recall_at_0.1_fpr
5o6iy05l,llama_no_lora_long_form_layer24_seed44,finished,2026-03-02 14:50:44+00:00,llama,24,44,train/longfact_test_llama/span_recall_at_0.1_fpr,0.5284018231934711,llama,span,recall_at_0.1_fpr
82vjeyys,llama_no_lora_long_form_layer26_seed42,finished,2026-03-02 14:50:44+00:00,llama,26,42,train/longfact_test_llama/span_recall_at_0.1_fpr,0.5252850991766804,llama,span,recall_at_0.1_fpr
gzg4irhz,llama_no_lora_long_form_layer26_seed43,finished,2026-03-02 14:51:46+00:00,llama,26,43,train/longfact_test_llama/span_recall_at_0.1_fpr,0.5308159331255518,llama,span,recall_at_0.1_fpr
7u7entue,llama_no_lora_long_form_layer26_seed44,finished,2026-03-02 14:51:46+00:00,llama,26,44,train/longfact_test_llama/span_recall_at_0.1_fpr,0.5318067991424505,llama,span,recall_at_0.1_fpr
5zoj6oqm,llama_no_lora_long_form_layer28_seed42,finished,2026-03-02 14:51:46+00:00,llama,28,42,train/longfact_test_llama/span_recall_at_0.1_fpr,0.5306898229052192,llama,span,recall_at_0.1_fpr
22zq4z08,llama_no_lora_long_form_layer28_seed43,finished,2026-03-02 14:51:46+00:00,llama,28,43,train/longfact_test_llama/span_recall_at_0.1_fpr,0.5355901057524276,llama,span,recall_at_0.1_fpr
pbg44l09,llama_no_lora_long_form_layer28_seed44,finished,2026-03-02 14:51:46+00:00,llama,28,44,train/longfact_test_llama/span_recall_at_0.1_fpr,0.5364548615489938,llama,span,recall_at_0.1_fpr
ct7o6ek7,llama_no_lora_long_form_layer30_seed42,finished,2026-03-02 14:51:46+00:00,llama,30,42,train/longfact_test_llama/span_recall_at_0.1_fpr,0.5415713333453438,llama,span,recall_at_0.1_fpr
av9rm02w,llama_no_lora_long_form_layer30_seed43,finished,2026-03-02 14:51:46+00:00,llama,30,43,train/longfact_test_llama/span_recall_at_0.1_fpr,0.5405624515826832,llama,span,recall_at_0.1_fpr
ojujrfsw,llama_no_lora_long_form_layer30_seed44,finished,2026-03-02 14:51:46+00:00,llama,30,44,train/longfact_test_llama/span_recall_at_0.1_fpr,0.5458951123281748,llama,span,recall_at_0.1_fpr
f1osa4x3,apertus_no_lora_long_form_layer4_seed42,finished,2026-03-02 14:54:28+00:00,apertus,4,42,train/longfact_test_llama/span_max_auc,0.8114767481358034,llama,span_max,auc
k9210t28,apertus_no_lora_long_form_layer4_seed43,finished,2026-03-02 14:54:28+00:00,apertus,4,43,train/longfact_test_llama/span_max_auc,0.8078236979749966,llama,span_max,auc
4dw0ohsb,apertus_no_lora_long_form_layer4_seed44,finished,2026-03-02 14:54:28+00:00,apertus,4,44,train/longfact_test_llama/span_max_auc,0.8074809178036376,llama,span_max,auc
2msk68xv,apertus_no_lora_long_form_layer10_seed42,finished,2026-03-02 14:54:28+00:00,apertus,10,42,train/longfact_test_llama/span_max_auc,0.8574751331855613,llama,span_max,auc
ennpfi5c,apertus_no_lora_long_form_layer10_seed43,finished,2026-03-02 14:55:28+00:00,apertus,10,43,train/longfact_test_llama/span_max_auc,0.8577265431456805,llama,span_max,auc
ckfvtpqq,apertus_no_lora_long_form_layer10_seed44,finished,2026-03-02 14:55:28+00:00,apertus,10,44,train/longfact_test_llama/span_max_auc,0.8586864674778496,llama,span_max,auc
98q6shel,apertus_no_lora_long_form_layer16_seed42,finished,2026-03-02 14:55:28+00:00,apertus,16,42,train/longfact_test_llama/span_max_auc,0.8577912704681282,llama,span_max,auc
92fyxrb6,apertus_no_lora_long_form_layer16_seed43,finished,2026-03-02 14:55:28+00:00,apertus,16,43,train/longfact_test_llama/span_max_auc,0.8618360136579415,llama,span_max,auc
i19xd1q5,apertus_no_lora_long_form_layer16_seed44,finished,2026-03-02 14:56:24+00:00,apertus,16,44,train/longfact_test_llama/span_max_auc,0.8583634642549417,llama,span_max,auc
5w54hojz,apertus_no_lora_long_form_layer20_seed42,finished,2026-03-02 14:56:24+00:00,apertus,20,42,train/longfact_test_llama/span_max_auc,0.8388654097938774,llama,span_max,auc
h3qhm4bp,apertus_no_lora_long_form_layer20_seed43,finished,2026-03-02 14:56:24+00:00,apertus,20,43,train/longfact_test_llama/span_max_auc,0.8415728147515787,llama,span_max,auc
1sb6t3rt,apertus_no_lora_long_form_layer20_seed44,finished,2026-03-02 14:56:24+00:00,apertus,20,44,train/longfact_test_llama/span_max_auc,0.8377789849446498,llama,span_max,auc
rjgl9oec,apertus_no_lora_long_form_layer24_seed42,finished,2026-03-02 14:56:59+00:00,apertus,24,42,train/longfact_test_llama/span_max_auc,0.8174281097536221,llama,span_max,auc
g0y68jcb,apertus_no_lora_long_form_layer24_seed43,finished,2026-03-02 14:56:59+00:00,apertus,24,43,train/longfact_test_llama/span_max_auc,0.8200176992287629,llama,span_max,auc
p8vm93b7,apertus_no_lora_long_form_layer24_seed44,finished,2026-03-02 14:56:59+00:00,apertus,24,44,train/longfact_test_llama/span_max_auc,0.8174276993173359,llama,span_max,auc
fjxaywoo,apertus_no_lora_long_form_layer26_seed42,finished,2026-03-02 14:56:59+00:00,apertus,26,42,train/longfact_test_llama/span_max_auc,0.8110870464828519,llama,span_max,auc
fc3llcx0,apertus_no_lora_long_form_layer26_seed43,finished,2026-03-02 14:58:28+00:00,apertus,26,43,train/longfact_test_llama/span_max_auc,0.8051164855676516,llama,span_max,auc
gtn6g9ne,apertus_no_lora_long_form_layer26_seed44,finished,2026-03-02 14:58:28+00:00,apertus,26,44,train/longfact_test_llama/span_max_auc,0.8022784807971455,llama,span_max,auc
xowhpuzx,apertus_no_lora_long_form_layer28_seed42,finished,2026-03-02 14:58:28+00:00,apertus,28,42,train/longfact_test_llama/span_max_auc,0.7888265024608037,llama,span_max,auc
e75d9qzf,apertus_no_lora_long_form_layer28_seed43,finished,2026-03-02 14:58:28+00:00,apertus,28,43,train/longfact_test_llama/span_max_auc,0.7895740184142594,llama,span_max,auc
ha39x6u6,apertus_no_lora_long_form_layer28_seed44,finished,2026-03-02 14:58:28+00:00,apertus,28,44,train/longfact_test_llama/span_max_auc,0.7959370273585479,llama,span_max,auc
pk12wkry,apertus_no_lora_long_form_layer30_seed42,finished,2026-03-02 14:58:28+00:00,apertus,30,42,train/longfact_test_llama/span_max_auc,0.5016529637360996,llama,span_max,auc
vhvivjkc,apertus_no_lora_long_form_layer30_seed43,finished,2026-03-02 14:58:28+00:00,apertus,30,43,train/longfact_test_llama/span_max_auc,0.775875530017658,llama,span_max,auc
agskbmvs,apertus_no_lora_long_form_layer30_seed44,finished,2026-03-02 14:58:28+00:00,apertus,30,44,train/longfact_test_llama/span_max_auc,0.757597079379979,llama,span_max,auc
dxwgjkjh,llama_no_lora_long_form_layer4_seed42,finished,2026-03-02 14:45:37+00:00,llama,4,42,train/longfact_test_llama/span_max_auc,0.7913230301013902,llama,span_max,auc
e5f00gcl,llama_no_lora_long_form_layer4_seed43,finished,2026-03-02 14:45:37+00:00,llama,4,43,train/longfact_test_llama/span_max_auc,0.7931897899564061,llama,span_max,auc
cfx6hhoc,llama_no_lora_long_form_layer4_seed44,finished,2026-03-02 14:45:36+00:00,llama,4,44,train/longfact_test_llama/span_max_auc,0.791805953229734,llama,span_max,auc
kgoq3e5r,llama_no_lora_long_form_layer10_seed42,finished,2026-03-02 14:45:36+00:00,llama,10,42,train/longfact_test_llama/span_max_auc,0.8652355144590025,llama,span_max,auc
9oem35be,llama_no_lora_long_form_layer10_seed43,finished,2026-03-02 14:46:11+00:00,llama,10,43,train/longfact_test_llama/span_max_auc,0.8667972029893992,llama,span_max,auc
rri8v027,llama_no_lora_long_form_layer10_seed44,finished,2026-03-02 14:46:11+00:00,llama,10,44,train/longfact_test_llama/span_max_auc,0.8659345377398329,llama,span_max,auc
egoe6db0,llama_no_lora_long_form_layer16_seed42,finished,2026-03-02 14:46:11+00:00,llama,16,42,train/longfact_test_llama/span_max_auc,0.8796587635638786,llama,span_max,auc
x0f4o57o,llama_no_lora_long_form_layer16_seed43,finished,2026-03-02 14:46:11+00:00,llama,16,43,train/longfact_test_llama/span_max_auc,0.8810318159060496,llama,span_max,auc
wflhsqs9,llama_no_lora_long_form_layer16_seed44,finished,2026-03-02 14:50:44+00:00,llama,16,44,train/longfact_test_llama/span_max_auc,0.8808525003635705,llama,span_max,auc
qni919ee,llama_no_lora_long_form_layer20_seed42,finished,2026-03-02 14:50:44+00:00,llama,20,42,train/longfact_test_llama/span_max_auc,0.8745965764971402,llama,span_max,auc
4aryhr4u,llama_no_lora_long_form_layer20_seed43,finished,2026-03-02 14:50:44+00:00,llama,20,43,train/longfact_test_llama/span_max_auc,0.8757667224557364,llama,span_max,auc
v8qejznt,llama_no_lora_long_form_layer20_seed44,finished,2026-03-02 14:50:44+00:00,llama,20,44,train/longfact_test_llama/span_max_auc,0.8755827893456398,llama,span_max,auc
k5b7gy5e,llama_no_lora_long_form_layer24_seed42,finished,2026-03-02 14:50:44+00:00,llama,24,42,train/longfact_test_llama/span_max_auc,0.8704370987494702,llama,span_max,auc
jg69cqpj,llama_no_lora_long_form_layer24_seed43,finished,2026-03-02 14:50:44+00:00,llama,24,43,train/longfact_test_llama/span_max_auc,0.8707389659449257,llama,span_max,auc
5o6iy05l,llama_no_lora_long_form_layer24_seed44,finished,2026-03-02 14:50:44+00:00,llama,24,44,train/longfact_test_llama/span_max_auc,0.8710735484560503,llama,span_max,auc
82vjeyys,llama_no_lora_long_form_layer26_seed42,finished,2026-03-02 14:50:44+00:00,llama,26,42,train/longfact_test_llama/span_max_auc,0.8715595348727156,llama,span_max,auc
gzg4irhz,llama_no_lora_long_form_layer26_seed43,finished,2026-03-02 14:51:46+00:00,llama,26,43,train/longfact_test_llama/span_max_auc,0.871939271963908,llama,span_max,auc
7u7entue,llama_no_lora_long_form_layer26_seed44,finished,2026-03-02 14:51:46+00:00,llama,26,44,train/longfact_test_llama/span_max_auc,0.8727722097356756,llama,span_max,auc
5zoj6oqm,llama_no_lora_long_form_layer28_seed42,finished,2026-03-02 14:51:46+00:00,llama,28,42,train/longfact_test_llama/span_max_auc,0.8735920794892837,llama,span_max,auc
22zq4z08,llama_no_lora_long_form_layer28_seed43,finished,2026-03-02 14:51:46+00:00,llama,28,43,train/longfact_test_llama/span_max_auc,0.8732471451762455,llama,span_max,auc
pbg44l09,llama_no_lora_long_form_layer28_seed44,finished,2026-03-02 14:51:46+00:00,llama,28,44,train/longfact_test_llama/span_max_auc,0.8740940563715873,llama,span_max,auc
ct7o6ek7,llama_no_lora_long_form_layer30_seed42,finished,2026-03-02 14:51:46+00:00,llama,30,42,train/longfact_test_llama/span_max_auc,0.8791740095045839,llama,span_max,auc
av9rm02w,llama_no_lora_long_form_layer30_seed43,finished,2026-03-02 14:51:46+00:00,llama,30,43,train/longfact_test_llama/span_max_auc,0.8783795514629622,llama,span_max,auc
ojujrfsw,llama_no_lora_long_form_layer30_seed44,finished,2026-03-02 14:51:46+00:00,llama,30,44,train/longfact_test_llama/span_max_auc,0.8787603851007129,llama,span_max,auc
f1osa4x3,apertus_no_lora_long_form_layer4_seed42,finished,2026-03-02 14:54:28+00:00,apertus,4,42,train/longfact_test_llama/span_max_f1,0.578584254796333,llama,span_max,f1
k9210t28,apertus_no_lora_long_form_layer4_seed43,finished,2026-03-02 14:54:28+00:00,apertus,4,43,train/longfact_test_llama/span_max_f1,0.5733421375341949,llama,span_max,f1
4dw0ohsb,apertus_no_lora_long_form_layer4_seed44,finished,2026-03-02 14:54:28+00:00,apertus,4,44,train/longfact_test_llama/span_max_f1,0.5737766861893067,llama,span_max,f1
2msk68xv,apertus_no_lora_long_form_layer10_seed42,finished,2026-03-02 14:54:28+00:00,apertus,10,42,train/longfact_test_llama/span_max_f1,0.6395668767196236,llama,span_max,f1
ennpfi5c,apertus_no_lora_long_form_layer10_seed43,finished,2026-03-02 14:55:28+00:00,apertus,10,43,train/longfact_test_llama/span_max_f1,0.6508885707066453,llama,span_max,f1
ckfvtpqq,apertus_no_lora_long_form_layer10_seed44,finished,2026-03-02 14:55:28+00:00,apertus,10,44,train/longfact_test_llama/span_max_f1,0.6580976863753213,llama,span_max,f1
98q6shel,apertus_no_lora_long_form_layer16_seed42,finished,2026-03-02 14:55:28+00:00,apertus,16,42,train/longfact_test_llama/span_max_f1,0.6543710197667687,llama,span_max,f1
92fyxrb6,apertus_no_lora_long_form_layer16_seed43,finished,2026-03-02 14:55:28+00:00,apertus,16,43,train/longfact_test_llama/span_max_f1,0.6650389855871466,llama,span_max,f1
i19xd1q5,apertus_no_lora_long_form_layer16_seed44,finished,2026-03-02 14:56:24+00:00,apertus,16,44,train/longfact_test_llama/span_max_f1,0.65884561238855,llama,span_max,f1
5w54hojz,apertus_no_lora_long_form_layer20_seed42,finished,2026-03-02 14:56:24+00:00,apertus,20,42,train/longfact_test_llama/span_max_f1,0.6432152805411858,llama,span_max,f1
h3qhm4bp,apertus_no_lora_long_form_layer20_seed43,finished,2026-03-02 14:56:24+00:00,apertus,20,43,train/longfact_test_llama/span_max_f1,0.6404207841887153,llama,span_max,f1
1sb6t3rt,apertus_no_lora_long_form_layer20_seed44,finished,2026-03-02 14:56:24+00:00,apertus,20,44,train/longfact_test_llama/span_max_f1,0.6395429630201498,llama,span_max,f1
rjgl9oec,apertus_no_lora_long_form_layer24_seed42,finished,2026-03-02 14:56:59+00:00,apertus,24,42,train/longfact_test_llama/span_max_f1,0.6211543144735774,llama,span_max,f1
g0y68jcb,apertus_no_lora_long_form_layer24_seed43,finished,2026-03-02 14:56:59+00:00,apertus,24,43,train/longfact_test_llama/span_max_f1,0.6327587539615057,llama,span_max,f1
p8vm93b7,apertus_no_lora_long_form_layer24_seed44,finished,2026-03-02 14:56:59+00:00,apertus,24,44,train/longfact_test_llama/span_max_f1,0.6306372369289434,llama,span_max,f1
fjxaywoo,apertus_no_lora_long_form_layer26_seed42,finished,2026-03-02 14:56:59+00:00,apertus,26,42,train/longfact_test_llama/span_max_f1,0.6356324640506946,llama,span_max,f1
fc3llcx0,apertus_no_lora_long_form_layer26_seed43,finished,2026-03-02 14:58:28+00:00,apertus,26,43,train/longfact_test_llama/span_max_f1,0.6270504487774683,llama,span_max,f1
gtn6g9ne,apertus_no_lora_long_form_layer26_seed44,finished,2026-03-02 14:58:28+00:00,apertus,26,44,train/longfact_test_llama/span_max_f1,0.624310239117106,llama,span_max,f1
xowhpuzx,apertus_no_lora_long_form_layer28_seed42,finished,2026-03-02 14:58:28+00:00,apertus,28,42,train/longfact_test_llama/span_max_f1,0.6386280114332381,llama,span_max,f1
e75d9qzf,apertus_no_lora_long_form_layer28_seed43,finished,2026-03-02 14:58:28+00:00,apertus,28,43,train/longfact_test_llama/span_max_f1,0.6311591192355629,llama,span_max,f1
ha39x6u6,apertus_no_lora_long_form_layer28_seed44,finished,2026-03-02 14:58:28+00:00,apertus,28,44,train/longfact_test_llama/span_max_f1,0.6432674903596443,llama,span_max,f1
pk12wkry,apertus_no_lora_long_form_layer30_seed42,finished,2026-03-02 14:58:28+00:00,apertus,30,42,train/longfact_test_llama/span_max_f1,0.00463960231980116,llama,span_max,f1
vhvivjkc,apertus_no_lora_long_form_layer30_seed43,finished,2026-03-02 14:58:28+00:00,apertus,30,43,train/longfact_test_llama/span_max_f1,0.6423202614379085,llama,span_max,f1
agskbmvs,apertus_no_lora_long_form_layer30_seed44,finished,2026-03-02 14:58:28+00:00,apertus,30,44,train/longfact_test_llama/span_max_f1,0.6351139725073952,llama,span_max,f1
dxwgjkjh,llama_no_lora_long_form_layer4_seed42,finished,2026-03-02 14:45:37+00:00,llama,4,42,train/longfact_test_llama/span_max_f1,0.4837719298245614,llama,span_max,f1
e5f00gcl,llama_no_lora_long_form_layer4_seed43,finished,2026-03-02 14:45:37+00:00,llama,4,43,train/longfact_test_llama/span_max_f1,0.48756981710656006,llama,span_max,f1
cfx6hhoc,llama_no_lora_long_form_layer4_seed44,finished,2026-03-02 14:45:36+00:00,llama,4,44,train/longfact_test_llama/span_max_f1,0.4874520547945206,llama,span_max,f1
kgoq3e5r,llama_no_lora_long_form_layer10_seed42,finished,2026-03-02 14:45:36+00:00,llama,10,42,train/longfact_test_llama/span_max_f1,0.6199844176081029,llama,span_max,f1
9oem35be,llama_no_lora_long_form_layer10_seed43,finished,2026-03-02 14:46:11+00:00,llama,10,43,train/longfact_test_llama/span_max_f1,0.6262567672080434,llama,span_max,f1
rri8v027,llama_no_lora_long_form_layer10_seed44,finished,2026-03-02 14:46:11+00:00,llama,10,44,train/longfact_test_llama/span_max_f1,0.6214634146341463,llama,span_max,f1
egoe6db0,llama_no_lora_long_form_layer16_seed42,finished,2026-03-02 14:46:11+00:00,llama,16,42,train/longfact_test_llama/span_max_f1,0.6503909975205036,llama,span_max,f1
x0f4o57o,llama_no_lora_long_form_layer16_seed43,finished,2026-03-02 14:46:11+00:00,llama,16,43,train/longfact_test_llama/span_max_f1,0.6533675311104779,llama,span_max,f1
wflhsqs9,llama_no_lora_long_form_layer16_seed44,finished,2026-03-02 14:50:44+00:00,llama,16,44,train/longfact_test_llama/span_max_f1,0.6473180076628352,llama,span_max,f1
qni919ee,llama_no_lora_long_form_layer20_seed42,finished,2026-03-02 14:50:44+00:00,llama,20,42,train/longfact_test_llama/span_max_f1,0.6372057120802779,llama,span_max,f1
4aryhr4u,llama_no_lora_long_form_layer20_seed43,finished,2026-03-02 14:50:44+00:00,llama,20,43,train/longfact_test_llama/span_max_f1,0.6393284446159784,llama,span_max,f1
v8qejznt,llama_no_lora_long_form_layer20_seed44,finished,2026-03-02 14:50:44+00:00,llama,20,44,train/longfact_test_llama/span_max_f1,0.6340425531914894,llama,span_max,f1
k5b7gy5e,llama_no_lora_long_form_layer24_seed42,finished,2026-03-02 14:50:44+00:00,llama,24,42,train/longfact_test_llama/span_max_f1,0.6346098473941837,llama,span_max,f1
jg69cqpj,llama_no_lora_long_form_layer24_seed43,finished,2026-03-02 14:50:44+00:00,llama,24,43,train/longfact_test_llama/span_max_f1,0.6326726957860304,llama,span_max,f1
5o6iy05l,llama_no_lora_long_form_layer24_seed44,finished,2026-03-02 14:50:44+00:00,llama,24,44,train/longfact_test_llama/span_max_f1,0.631953801732435,llama,span_max,f1
82vjeyys,llama_no_lora_long_form_layer26_seed42,finished,2026-03-02 14:50:44+00:00,llama,26,42,train/longfact_test_llama/span_max_f1,0.6312542176805167,llama,span_max,f1
gzg4irhz,llama_no_lora_long_form_layer26_seed43,finished,2026-03-02 14:51:46+00:00,llama,26,43,train/longfact_test_llama/span_max_f1,0.6297263320762015,llama,span_max,f1
7u7entue,llama_no_lora_long_form_layer26_seed44,finished,2026-03-02 14:51:46+00:00,llama,26,44,train/longfact_test_llama/span_max_f1,0.6316294236117771,llama,span_max,f1
5zoj6oqm,llama_no_lora_long_form_layer28_seed42,finished,2026-03-02 14:51:46+00:00,llama,28,42,train/longfact_test_llama/span_max_f1,0.6315688346623115,llama,span_max,f1
22zq4z08,llama_no_lora_long_form_layer28_seed43,finished,2026-03-02 14:51:46+00:00,llama,28,43,train/longfact_test_llama/span_max_f1,0.6323501060343165,llama,span_max,f1
pbg44l09,llama_no_lora_long_form_layer28_seed44,finished,2026-03-02 14:51:46+00:00,llama,28,44,train/longfact_test_llama/span_max_f1,0.6353686635944701,llama,span_max,f1
ct7o6ek7,llama_no_lora_long_form_layer30_seed42,finished,2026-03-02 14:51:46+00:00,llama,30,42,train/longfact_test_llama/span_max_f1,0.65032184778493,llama,span_max,f1
av9rm02w,llama_no_lora_long_form_layer30_seed43,finished,2026-03-02 14:51:46+00:00,llama,30,43,train/longfact_test_llama/span_max_f1,0.6492007944764967,llama,span_max,f1
ojujrfsw,llama_no_lora_long_form_layer30_seed44,finished,2026-03-02 14:51:46+00:00,llama,30,44,train/longfact_test_llama/span_max_f1,0.647025171624714,llama,span_max,f1
f1osa4x3,apertus_no_lora_long_form_layer4_seed42,finished,2026-03-02 14:54:28+00:00,apertus,4,42,train/longfact_test_llama/span_max_recall_at_0.1_fpr,0.5274962618375145,llama,span_max,recall_at_0.1_fpr
k9210t28,apertus_no_lora_long_form_layer4_seed43,finished,2026-03-02 14:54:28+00:00,apertus,4,43,train/longfact_test_llama/span_max_recall_at_0.1_fpr,0.513374314670211,llama,span_max,recall_at_0.1_fpr
4dw0ohsb,apertus_no_lora_long_form_layer4_seed44,finished,2026-03-02 14:54:28+00:00,apertus,4,44,train/longfact_test_llama/span_max_recall_at_0.1_fpr,0.5175278285429473,llama,span_max,recall_at_0.1_fpr
2msk68xv,apertus_no_lora_long_form_layer10_seed42,finished,2026-03-02 14:54:28+00:00,apertus,10,42,train/longfact_test_llama/span_max_recall_at_0.1_fpr,0.5969430137896661,llama,span_max,recall_at_0.1_fpr
ennpfi5c,apertus_no_lora_long_form_layer10_seed43,finished,2026-03-02 14:55:28+00:00,apertus,10,43,train/longfact_test_llama/span_max_recall_at_0.1_fpr,0.6012626682173119,llama,span_max,recall_at_0.1_fpr
ckfvtpqq,apertus_no_lora_long_form_layer10_seed44,finished,2026-03-02 14:55:28+00:00,apertus,10,44,train/longfact_test_llama/span_max_recall_at_0.1_fpr,0.6050839009802292,llama,span_max,recall_at_0.1_fpr
98q6shel,apertus_no_lora_long_form_layer16_seed42,finished,2026-03-02 14:55:28+00:00,apertus,16,42,train/longfact_test_llama/span_max_recall_at_0.1_fpr,0.6002658248878551,llama,span_max,recall_at_0.1_fpr
92fyxrb6,apertus_no_lora_long_form_layer16_seed43,finished,2026-03-02 14:55:28+00:00,apertus,16,43,train/longfact_test_llama/span_max_recall_at_0.1_fpr,0.6163814587140721,llama,span_max,recall_at_0.1_fpr
i19xd1q5,apertus_no_lora_long_form_layer16_seed44,finished,2026-03-02 14:56:24+00:00,apertus,16,44,train/longfact_test_llama/span_max_recall_at_0.1_fpr,0.604253198205682,llama,span_max,recall_at_0.1_fpr
5w54hojz,apertus_no_lora_long_form_layer20_seed42,finished,2026-03-02 14:56:24+00:00,apertus,20,42,train/longfact_test_llama/span_max_recall_at_0.1_fpr,0.5658747300215983,llama,span_max,recall_at_0.1_fpr
h3qhm4bp,apertus_no_lora_long_form_layer20_seed43,finished,2026-03-02 14:56:24+00:00,apertus,20,43,train/longfact_test_llama/span_max_recall_at_0.1_fpr,0.5731849144376142,llama,span_max,recall_at_0.1_fpr
1sb6t3rt,apertus_no_lora_long_form_layer20_seed44,finished,2026-03-02 14:56:24+00:00,apertus,20,44,train/longfact_test_llama/span_max_recall_at_0.1_fpr,0.5590629672703107,llama,span_max,recall_at_0.1_fpr
rjgl9oec,apertus_no_lora_long_form_layer24_seed42,finished,2026-03-02 14:56:59+00:00,apertus,24,42,train/longfact_test_llama/span_max_recall_at_0.1_fpr,0.5369662734673534,llama,span_max,recall_at_0.1_fpr
g0y68jcb,apertus_no_lora_long_form_layer24_seed43,finished,2026-03-02 14:56:59+00:00,apertus,24,43,train/longfact_test_llama/span_max_recall_at_0.1_fpr,0.5583984050506728,llama,span_max,recall_at_0.1_fpr
p8vm93b7,apertus_no_lora_long_form_layer24_seed44,finished,2026-03-02 14:56:59+00:00,apertus,24,44,train/longfact_test_llama/span_max_recall_at_0.1_fpr,0.0,llama,span_max,recall_at_0.1_fpr
fjxaywoo,apertus_no_lora_long_form_layer26_seed42,finished,2026-03-02 14:56:59+00:00,apertus,26,42,train/longfact_test_llama/span_max_recall_at_0.1_fpr,0.0,llama,span_max,recall_at_0.1_fpr
fc3llcx0,apertus_no_lora_long_form_layer26_seed43,finished,2026-03-02 14:58:28+00:00,apertus,26,43,train/longfact_test_llama/span_max_recall_at_0.1_fpr,0.0,llama,span_max,recall_at_0.1_fpr
gtn6g9ne,apertus_no_lora_long_form_layer26_seed44,finished,2026-03-02 14:58:28+00:00,apertus,26,44,train/longfact_test_llama/span_max_recall_at_0.1_fpr,0.0,llama,span_max,recall_at_0.1_fpr
xowhpuzx,apertus_no_lora_long_form_layer28_seed42,finished,2026-03-02 14:58:28+00:00,apertus,28,42,train/longfact_test_llama/span_max_recall_at_0.1_fpr,0.0,llama,span_max,recall_at_0.1_fpr
e75d9qzf,apertus_no_lora_long_form_layer28_seed43,finished,2026-03-02 14:58:28+00:00,apertus,28,43,train/longfact_test_llama/span_max_recall_at_0.1_fpr,0.0,llama,span_max,recall_at_0.1_fpr
ha39x6u6,apertus_no_lora_long_form_layer28_seed44,finished,2026-03-02 14:58:28+00:00,apertus,28,44,train/longfact_test_llama/span_max_recall_at_0.1_fpr,0.0,llama,span_max,recall_at_0.1_fpr
pk12wkry,apertus_no_lora_long_form_layer30_seed42,finished,2026-03-02 14:58:28+00:00,apertus,30,42,train/longfact_test_llama/span_max_recall_at_0.1_fpr,0.0034889516530985216,llama,span_max,recall_at_0.1_fpr
vhvivjkc,apertus_no_lora_long_form_layer30_seed43,finished,2026-03-02 14:58:28+00:00,apertus,30,43,train/longfact_test_llama/span_max_recall_at_0.1_fpr,0.0,llama,span_max,recall_at_0.1_fpr
agskbmvs,apertus_no_lora_long_form_layer30_seed44,finished,2026-03-02 14:58:28+00:00,apertus,30,44,train/longfact_test_llama/span_max_recall_at_0.1_fpr,0.0,llama,span_max,recall_at_0.1_fpr
dxwgjkjh,llama_no_lora_long_form_layer4_seed42,finished,2026-03-02 14:45:37+00:00,llama,4,42,train/longfact_test_llama/span_max_recall_at_0.1_fpr,0.48609731876861967,llama,span_max,recall_at_0.1_fpr
e5f00gcl,llama_no_lora_long_form_layer4_seed43,finished,2026-03-02 14:45:37+00:00,llama,4,43,train/longfact_test_llama/span_max_recall_at_0.1_fpr,0.4922211188348229,llama,span_max,recall_at_0.1_fpr
cfx6hhoc,llama_no_lora_long_form_layer4_seed44,finished,2026-03-02 14:45:36+00:00,llama,4,44,train/longfact_test_llama/span_max_recall_at_0.1_fpr,0.49172459450513073,llama,span_max,recall_at_0.1_fpr
kgoq3e5r,llama_no_lora_long_form_layer10_seed42,finished,2026-03-02 14:45:36+00:00,llama,10,42,train/longfact_test_llama/span_max_recall_at_0.1_fpr,0.6171797418073486,llama,span_max,recall_at_0.1_fpr
9oem35be,llama_no_lora_long_form_layer10_seed43,finished,2026-03-02 14:46:11+00:00,llama,10,43,train/longfact_test_llama/span_max_recall_at_0.1_fpr,0.6194968553459119,llama,span_max,recall_at_0.1_fpr
rri8v027,llama_no_lora_long_form_layer10_seed44,finished,2026-03-02 14:46:11+00:00,llama,10,44,train/longfact_test_llama/span_max_recall_at_0.1_fpr,0.6175107580271433,llama,span_max,recall_at_0.1_fpr
egoe6db0,llama_no_lora_long_form_layer16_seed42,finished,2026-03-02 14:46:11+00:00,llama,16,42,train/longfact_test_llama/span_max_recall_at_0.1_fpr,0.6618669314796425,llama,span_max,recall_at_0.1_fpr
x0f4o57o,llama_no_lora_long_form_layer16_seed43,finished,2026-03-02 14:46:11+00:00,llama,16,43,train/longfact_test_llama/span_max_recall_at_0.1_fpr,0.6671631909963588,llama,span_max,recall_at_0.1_fpr
wflhsqs9,llama_no_lora_long_form_layer16_seed44,finished,2026-03-02 14:50:44+00:00,llama,16,44,train/longfact_test_llama/span_max_recall_at_0.1_fpr,0.6653426017874876,llama,span_max,recall_at_0.1_fpr
qni919ee,llama_no_lora_long_form_layer20_seed42,finished,2026-03-02 14:50:44+00:00,llama,20,42,train/longfact_test_llama/span_max_recall_at_0.1_fpr,0.651770936775902,llama,span_max,recall_at_0.1_fpr
4aryhr4u,llama_no_lora_long_form_layer20_seed43,finished,2026-03-02 14:50:44+00:00,llama,20,43,train/longfact_test_llama/span_max_recall_at_0.1_fpr,0.656901688182721,llama,span_max,recall_at_0.1_fpr
v8qejznt,llama_no_lora_long_form_layer20_seed44,finished,2026-03-02 14:50:44+00:00,llama,20,44,train/longfact_test_llama/span_max_recall_at_0.1_fpr,0.6504468718967229,llama,span_max,recall_at_0.1_fpr
k5b7gy5e,llama_no_lora_long_form_layer24_seed42,finished,2026-03-02 14:50:44+00:00,llama,24,42,train/longfact_test_llama/span_max_recall_at_0.1_fpr,0.632406487917908,llama,span_max,recall_at_0.1_fpr
jg69cqpj,llama_no_lora_long_form_layer24_seed43,finished,2026-03-02 14:50:44+00:00,llama,24,43,train/longfact_test_llama/span_max_recall_at_0.1_fpr,0.6333995365772923,llama,span_max,recall_at_0.1_fpr
5o6iy05l,llama_no_lora_long_form_layer24_seed44,finished,2026-03-02 14:50:44+00:00,llama,24,44,train/longfact_test_llama/span_max_recall_at_0.1_fpr,0.637537239324727,llama,span_max,recall_at_0.1_fpr
82vjeyys,llama_no_lora_long_form_layer26_seed42,finished,2026-03-02 14:50:44+00:00,llama,26,42,train/longfact_test_llama/span_max_recall_at_0.1_fpr,0.6411784177424694,llama,span_max,recall_at_0.1_fpr
gzg4irhz,llama_no_lora_long_form_layer26_seed43,finished,2026-03-02 14:51:46+00:00,llama,26,43,train/longfact_test_llama/span_max_recall_at_0.1_fpr,0.6340615690168818,llama,span_max,recall_at_0.1_fpr
7u7entue,llama_no_lora_long_form_layer26_seed44,finished,2026-03-02 14:51:46+00:00,llama,26,44,train/longfact_test_llama/span_max_recall_at_0.1_fpr,0.6381992717643165,llama,span_max,recall_at_0.1_fpr
5zoj6oqm,llama_no_lora_long_form_layer28_seed42,finished,2026-03-02 14:51:46+00:00,llama,28,42,train/longfact_test_llama/span_max_recall_at_0.1_fpr,0.6398543528632903,llama,span_max,recall_at_0.1_fpr
22zq4z08,llama_no_lora_long_form_layer28_seed43,finished,2026-03-02 14:51:46+00:00,llama,28,43,train/longfact_test_llama/span_max_recall_at_0.1_fpr,0.6439920556107249,llama,span_max,recall_at_0.1_fpr
pbg44l09,llama_no_lora_long_form_layer28_seed44,finished,2026-03-02 14:51:46+00:00,llama,28,44,train/longfact_test_llama/span_max_recall_at_0.1_fpr,0.6377027474346243,llama,span_max,recall_at_0.1_fpr
ct7o6ek7,llama_no_lora_long_form_layer30_seed42,finished,2026-03-02 14:51:46+00:00,llama,30,42,train/longfact_test_llama/span_max_recall_at_0.1_fpr,0.6582257530619,llama,span_max,recall_at_0.1_fpr
av9rm02w,llama_no_lora_long_form_layer30_seed43,finished,2026-03-02 14:51:46+00:00,llama,30,43,train/longfact_test_llama/span_max_recall_at_0.1_fpr,0.6506123800066204,llama,span_max,recall_at_0.1_fpr
ojujrfsw,llama_no_lora_long_form_layer30_seed44,finished,2026-03-02 14:51:46+00:00,llama,30,44,train/longfact_test_llama/span_max_recall_at_0.1_fpr,0.656901688182721,llama,span_max,recall_at_0.1_fpr
