run_id,probe_id,state,created_at,train_model,variant,layer,seed,lr,probe_dtype,normalize_before_head,final_loss,metric_key,value,test_model,metric_family,metric
2msk68xv,apertus_no_lora_long_form_layer10_seed42,finished,2026-03-02 14:54:28+00:00,apertus,apertus_layers,10,42,,bfloat16,none,0.1188635155558586,train/longfact_test_apertus/all_auc,0.8349790136283437,apertus,all,auc
ennpfi5c,apertus_no_lora_long_form_layer10_seed43,finished,2026-03-02 14:55:28+00:00,apertus,apertus_layers,10,43,,bfloat16,none,0.2892115116119385,train/longfact_test_apertus/all_auc,0.8300675186115706,apertus,all,auc
ckfvtpqq,apertus_no_lora_long_form_layer10_seed44,finished,2026-03-02 14:55:28+00:00,apertus,apertus_layers,10,44,,bfloat16,none,0.14164792001247406,train/longfact_test_apertus/all_auc,0.8233641459041334,apertus,all,auc
5w54hojz,apertus_no_lora_long_form_layer20_seed42,finished,2026-03-02 14:56:24+00:00,apertus,apertus_layers,20,42,,bfloat16,none,0.002515794476494193,train/longfact_test_apertus/all_auc,0.7216130788305651,apertus,all,auc
h3qhm4bp,apertus_no_lora_long_form_layer20_seed43,finished,2026-03-02 14:56:24+00:00,apertus,apertus_layers,20,43,,bfloat16,none,0.4361111521720886,train/longfact_test_apertus/all_auc,0.7325044196056973,apertus,all,auc
1sb6t3rt,apertus_no_lora_long_form_layer20_seed44,finished,2026-03-02 14:56:24+00:00,apertus,apertus_layers,20,44,,bfloat16,none,0.9805268049240112,train/longfact_test_apertus/all_auc,0.7097785804895088,apertus,all,auc
fjxaywoo,apertus_no_lora_long_form_layer26_seed42,finished,2026-03-02 14:56:59+00:00,apertus,apertus_layers,26,42,,bfloat16,none,0.022064460441470143,train/longfact_test_apertus/all_auc,0.6670177726305941,apertus,all,auc
fc3llcx0,apertus_no_lora_long_form_layer26_seed43,finished,2026-03-02 14:58:28+00:00,apertus,apertus_layers,26,43,,bfloat16,none,4.096796035766602,train/longfact_test_apertus/all_auc,0.6698936929266394,apertus,all,auc
gtn6g9ne,apertus_no_lora_long_form_layer26_seed44,finished,2026-03-02 14:58:28+00:00,apertus,apertus_layers,26,44,,bfloat16,none,0.0003512128023430705,train/longfact_test_apertus/all_auc,0.6678283342388164,apertus,all,auc
pk12wkry,apertus_no_lora_long_form_layer30_seed42,finished,2026-03-02 14:58:28+00:00,apertus,apertus_layers,30,42,,bfloat16,none,82.0517578125,train/longfact_test_apertus/all_auc,0.5000533691196455,apertus,all,auc
vhvivjkc,apertus_no_lora_long_form_layer30_seed43,finished,2026-03-02 14:58:28+00:00,apertus,apertus_layers,30,43,,bfloat16,none,10.69191074371338,train/longfact_test_apertus/all_auc,0.6531387502590341,apertus,all,auc
agskbmvs,apertus_no_lora_long_form_layer30_seed44,finished,2026-03-02 14:58:28+00:00,apertus,apertus_layers,30,44,,bfloat16,none,0.0001453680742997676,train/longfact_test_apertus/all_auc,0.620358003757663,apertus,all,auc
o5fobkxj,apertus_no_lora_bf16_only_layer10_seed42_lr1em3,finished,2026-03-16 01:21:45+00:00,apertus,bf16_only,10,42,1e-3,bfloat16,none,0.1060740053653717,train/longfact_test_apertus/all_auc,0.8353890310117517,apertus,all,auc
ngsqu3i1,apertus_no_lora_bf16_only_layer10_seed42_lr1em4,finished,2026-03-16 01:21:45+00:00,apertus,bf16_only,10,42,1e-4,bfloat16,none,0.11451046913862228,train/longfact_test_apertus/all_auc,0.8102487408491148,apertus,all,auc
5xzqhvy4,apertus_no_lora_bf16_only_layer10_seed42_lr3em4,finished,2026-03-16 01:21:45+00:00,apertus,bf16_only,10,42,3e-4,bfloat16,none,0.11626026779413225,train/longfact_test_apertus/all_auc,0.8489650493091135,apertus,all,auc
83kur7ka,apertus_no_lora_bf16_only_layer10_seed42_lr3em5,finished,2026-03-16 01:21:45+00:00,apertus,bf16_only,10,42,3e-5,bfloat16,none,0.4366786777973175,train/longfact_test_apertus/all_auc,0.7073010007607247,apertus,all,auc
j9k3f0jm,apertus_no_lora_bf16_only_layer10_seed43_lr1em3,finished,2026-03-16 01:21:44+00:00,apertus,bf16_only,10,43,1e-3,bfloat16,none,0.3009301424026489,train/longfact_test_apertus/all_auc,0.8273348693791714,apertus,all,auc
ougxjsfh,apertus_no_lora_bf16_only_layer10_seed43_lr1em4,finished,2026-03-16 01:21:44+00:00,apertus,bf16_only,10,43,1e-4,bfloat16,none,0.27749955654144287,train/longfact_test_apertus/all_auc,0.8101206463277887,apertus,all,auc
21sy8y12,apertus_no_lora_bf16_only_layer10_seed43_lr3em4,finished,2026-03-16 01:21:44+00:00,apertus,bf16_only,10,43,3e-4,bfloat16,none,0.2755349278450012,train/longfact_test_apertus/all_auc,0.8494167790032243,apertus,all,auc
t26a4uwp,apertus_no_lora_bf16_only_layer10_seed43_lr3em5,finished,2026-03-16 01:21:44+00:00,apertus,bf16_only,10,43,3e-5,bfloat16,none,0.3126707673072815,train/longfact_test_apertus/all_auc,0.7112373805685943,apertus,all,auc
p9n6ul1e,apertus_no_lora_bf16_only_layer10_seed44_lr1em3,finished,2026-03-16 01:21:44+00:00,apertus,bf16_only,10,44,1e-3,bfloat16,none,0.15629735589027405,train/longfact_test_apertus/all_auc,0.8236520381680573,apertus,all,auc
feljklm1,apertus_no_lora_bf16_only_layer10_seed44_lr1em4,finished,2026-03-16 01:21:44+00:00,apertus,bf16_only,10,44,1e-4,bfloat16,none,0.593794047832489,train/longfact_test_apertus/all_auc,0.8104849144517552,apertus,all,auc
lfafy2oe,apertus_no_lora_bf16_only_layer10_seed44_lr3em4,finished,2026-03-16 01:21:44+00:00,apertus,bf16_only,10,44,3e-4,bfloat16,none,0.2656649947166443,train/longfact_test_apertus/all_auc,0.8465435938959277,apertus,all,auc
r3oezlrl,apertus_no_lora_bf16_only_layer10_seed44_lr3em5,finished,2026-03-16 01:21:44+00:00,apertus,bf16_only,10,44,3e-5,bfloat16,none,0.7305357456207275,train/longfact_test_apertus/all_auc,0.7121733771677046,apertus,all,auc
uw94ef5i,apertus_no_lora_bf16_only_layer20_seed42_lr1em3,finished,2026-03-16 01:21:44+00:00,apertus,bf16_only,20,42,1e-3,bfloat16,none,0.006061427295207977,train/longfact_test_apertus/all_auc,0.7266246832725936,apertus,all,auc
ymsrn4r6,apertus_no_lora_bf16_only_layer20_seed42_lr1em4,finished,2026-03-16 01:21:44+00:00,apertus,bf16_only,20,42,1e-4,bfloat16,none,0.04400371387600899,train/longfact_test_apertus/all_auc,0.7180075507745518,apertus,all,auc
uy0gdnv4,apertus_no_lora_bf16_only_layer20_seed42_lr3em4,finished,2026-03-16 01:21:44+00:00,apertus,bf16_only,20,42,3e-4,bfloat16,none,0.00907330308109522,train/longfact_test_apertus/all_auc,0.7339007410034845,apertus,all,auc
fu81gp5i,apertus_no_lora_bf16_only_layer20_seed42_lr3em5,finished,2026-03-16 01:21:44+00:00,apertus,bf16_only,20,42,3e-5,bfloat16,none,2.1262459754943848,train/longfact_test_apertus/all_auc,0.6264446004589165,apertus,all,auc
2g6rw2bt,apertus_no_lora_bf16_only_layer20_seed43_lr1em3,finished,2026-03-16 01:21:44+00:00,apertus,bf16_only,20,43,1e-3,bfloat16,none,0.5826413631439209,train/longfact_test_apertus/all_auc,0.7355764801963002,apertus,all,auc
7ynpw2cn,apertus_no_lora_bf16_only_layer20_seed43_lr1em4,finished,2026-03-16 01:21:44+00:00,apertus,bf16_only,20,43,1e-4,bfloat16,none,1.368619084358215,train/longfact_test_apertus/all_auc,0.7199341722545447,apertus,all,auc
900ivg46,apertus_no_lora_bf16_only_layer20_seed43_lr3em4,finished,2026-03-16 01:21:44+00:00,apertus,bf16_only,20,43,3e-4,bfloat16,none,0.40857547521591187,train/longfact_test_apertus/all_auc,0.7363455037798762,apertus,all,auc
qo5cb98m,apertus_no_lora_bf16_only_layer20_seed43_lr3em5,finished,2026-03-16 01:21:44+00:00,apertus,bf16_only,20,43,3e-5,bfloat16,none,6.096769332885742,train/longfact_test_apertus/all_auc,0.6281700472685064,apertus,all,auc
99kvtmj8,apertus_no_lora_bf16_only_layer20_seed44_lr1em3,finished,2026-03-16 01:21:44+00:00,apertus,bf16_only,20,44,1e-3,bfloat16,none,0.13294142484664917,train/longfact_test_apertus/all_auc,0.7125403346580952,apertus,all,auc
g1itgrow,apertus_no_lora_bf16_only_layer20_seed44_lr1em4,finished,2026-03-16 01:21:44+00:00,apertus,bf16_only,20,44,1e-4,bfloat16,none,4.639030521502718e-05,train/longfact_test_apertus/all_auc,0.724560495219876,apertus,all,auc
vuc2g8id,apertus_no_lora_bf16_only_layer20_seed44_lr3em4,finished,2026-03-16 01:21:44+00:00,apertus,bf16_only,20,44,3e-4,bfloat16,none,0.2754364609718323,train/longfact_test_apertus/all_auc,0.7283883573904615,apertus,all,auc
v52uwh1g,apertus_no_lora_bf16_only_layer20_seed44_lr3em5,finished,2026-03-16 01:21:44+00:00,apertus,bf16_only,20,44,3e-5,bfloat16,none,23.12533187866211,train/longfact_test_apertus/all_auc,0.6249126445433069,apertus,all,auc
vz5jn274,apertus_no_lora_bf16_only_layer26_seed42_lr1em3,finished,2026-03-16 01:21:44+00:00,apertus,bf16_only,26,42,1e-3,bfloat16,none,0.023973966017365456,train/longfact_test_apertus/all_auc,0.6630812156812712,apertus,all,auc
4drsxr5u,apertus_no_lora_bf16_only_layer26_seed42_lr1em4,finished,2026-03-16 01:21:44+00:00,apertus,bf16_only,26,42,1e-4,bfloat16,none,0.023594362661242485,train/longfact_test_apertus/all_auc,0.6469086226141515,apertus,all,auc
1crms08u,apertus_no_lora_bf16_only_layer26_seed42_lr3em4,finished,2026-03-16 01:21:44+00:00,apertus,bf16_only,26,42,3e-4,bfloat16,none,0.006822563707828522,train/longfact_test_apertus/all_auc,0.6624800218683247,apertus,all,auc
cq95ctu3,apertus_no_lora_bf16_only_layer26_seed42_lr3em5,finished,2026-03-16 01:21:44+00:00,apertus,bf16_only,26,42,3e-5,bfloat16,none,0.9924049973487854,train/longfact_test_apertus/all_auc,0.592282247236744,apertus,all,auc
q08ckrfy,apertus_no_lora_bf16_only_layer26_seed43_lr1em3,finished,2026-03-16 01:21:45+00:00,apertus,bf16_only,26,43,1e-3,bfloat16,none,4.096848487854004,train/longfact_test_apertus/all_auc,0.6693898510509085,apertus,all,auc
hirctdjt,apertus_no_lora_bf16_only_layer26_seed43_lr1em4,finished,2026-03-16 01:21:45+00:00,apertus,bf16_only,26,43,1e-4,bfloat16,none,4.878128528594971,train/longfact_test_apertus/all_auc,0.6500998350497612,apertus,all,auc
psn29j9n,apertus_no_lora_bf16_only_layer26_seed43_lr3em4,finished,2026-03-16 01:21:45+00:00,apertus,bf16_only,26,43,3e-4,bfloat16,none,1.7208261489868164,train/longfact_test_apertus/all_auc,0.6579216517009996,apertus,all,auc
lx8g6b8s,apertus_no_lora_bf16_only_layer26_seed43_lr3em5,finished,2026-03-16 01:21:45+00:00,apertus,bf16_only,26,43,3e-5,bfloat16,none,12.94149684906006,train/longfact_test_apertus/all_auc,0.5913565324077739,apertus,all,auc
wixkxx9v,apertus_no_lora_bf16_only_layer26_seed44_lr1em3,finished,2026-03-16 01:21:44+00:00,apertus,bf16_only,26,44,1e-3,bfloat16,none,10.250615119934082,train/longfact_test_apertus/all_auc,0.669052008461458,apertus,all,auc
2r4mqan8,apertus_no_lora_bf16_only_layer26_seed44_lr1em4,finished,2026-03-16 01:21:44+00:00,apertus,bf16_only,26,44,1e-4,bfloat16,none,0.0004059617640450597,train/longfact_test_apertus/all_auc,0.6497517060768593,apertus,all,auc
v3h0pfq3,apertus_no_lora_bf16_only_layer26_seed44_lr3em4,finished,2026-03-16 01:21:44+00:00,apertus,bf16_only,26,44,3e-4,bfloat16,none,0.3673836886882782,train/longfact_test_apertus/all_auc,0.6586437134040369,apertus,all,auc
muqajhqb,apertus_no_lora_bf16_only_layer26_seed44_lr3em5,finished,2026-03-16 01:21:44+00:00,apertus,bf16_only,26,44,3e-5,bfloat16,none,7.75074577331543,train/longfact_test_apertus/all_auc,0.592428086011359,apertus,all,auc
imd2hxzj,apertus_no_lora_bf16_only_layer30_seed42_lr1em3,finished,2026-03-16 01:21:44+00:00,apertus,bf16_only,30,42,1e-3,bfloat16,none,82.0517578125,train/longfact_test_apertus/all_auc,0.5,apertus,all,auc
g9535ebe,apertus_no_lora_bf16_only_layer30_seed42_lr1em4,finished,2026-03-16 01:21:44+00:00,apertus,bf16_only,30,42,1e-4,bfloat16,none,0.033634547144174576,train/longfact_test_apertus/all_auc,0.6385420971876845,apertus,all,auc
j9yucacb,apertus_no_lora_bf16_only_layer30_seed42_lr3em4,finished,2026-03-16 01:21:44+00:00,apertus,bf16_only,30,42,3e-4,bfloat16,none,0.025012411177158356,train/longfact_test_apertus/all_auc,0.6642246520998935,apertus,all,auc
4bo3xdzv,apertus_no_lora_bf16_only_layer30_seed42_lr3em5,finished,2026-03-16 01:21:44+00:00,apertus,bf16_only,30,42,3e-5,bfloat16,none,33.04824447631836,train/longfact_test_apertus/all_auc,0.5581400319064419,apertus,all,auc
a55rsp1p,apertus_no_lora_bf16_only_layer30_seed43_lr1em3,finished,2026-03-16 01:21:45+00:00,apertus,bf16_only,30,43,1e-3,bfloat16,none,9.379252433776855,train/longfact_test_apertus/all_auc,0.636379634137228,apertus,all,auc
5uzjpj1x,apertus_no_lora_bf16_only_layer30_seed43_lr1em4,finished,2026-03-16 01:21:45+00:00,apertus,bf16_only,30,43,1e-4,bfloat16,none,6.222002029418945,train/longfact_test_apertus/all_auc,0.6346699887842925,apertus,all,auc
fctlmblr,apertus_no_lora_bf16_only_layer30_seed43_lr3em4,finished,2026-03-16 01:21:45+00:00,apertus,bf16_only,30,43,3e-4,bfloat16,none,5.815634250640869,train/longfact_test_apertus/all_auc,0.6530717871766202,apertus,all,auc
580vhzgn,apertus_no_lora_bf16_only_layer30_seed43_lr3em5,finished,2026-03-16 01:21:45+00:00,apertus,bf16_only,30,43,3e-5,bfloat16,none,10.316194534301758,train/longfact_test_apertus/all_auc,0.5525288882860903,apertus,all,auc
uns2a6j2,apertus_no_lora_bf16_only_layer30_seed44_lr1em3,finished,2026-03-16 01:21:44+00:00,apertus,bf16_only,30,44,1e-3,bfloat16,none,0.0,train/longfact_test_apertus/all_auc,0.5001697706830905,apertus,all,auc
m97ar22y,apertus_no_lora_bf16_only_layer30_seed44_lr1em4,finished,2026-03-16 01:21:44+00:00,apertus,bf16_only,30,44,1e-4,bfloat16,none,10.063371658325195,train/longfact_test_apertus/all_auc,0.6322873161998004,apertus,all,auc
hr0vmzt0,apertus_no_lora_bf16_only_layer30_seed44_lr3em4,finished,2026-03-16 01:21:44+00:00,apertus,bf16_only,30,44,3e-4,bfloat16,none,6.532261848449707,train/longfact_test_apertus/all_auc,0.6509746468606527,apertus,all,auc
w644eh9h,apertus_no_lora_bf16_only_layer30_seed44_lr3em5,finished,2026-03-16 01:21:44+00:00,apertus,bf16_only,30,44,3e-5,bfloat16,none,33.25065612792969,train/longfact_test_apertus/all_auc,0.553416017881787,apertus,all,auc
3618z7cg,apertus_no_lora_fp32_only_layer10_seed42_lr1em3,finished,2026-03-16 18:21:39+00:00,apertus,fp32_only,10,42,1e-3,float32,none,0.11816876381635666,train/longfact_test_apertus/all_auc,0.8253295562149812,apertus,all,auc
mhg0ycoh,apertus_no_lora_fp32_only_layer10_seed42_lr1em4,finished,2026-03-16 18:21:39+00:00,apertus,fp32_only,10,42,1e-4,float32,none,0.1332954168319702,train/longfact_test_apertus/all_auc,0.8280937427448298,apertus,all,auc
b71ik25s,apertus_no_lora_fp32_only_layer10_seed42_lr3em4,finished,2026-03-16 18:21:39+00:00,apertus,fp32_only,10,42,3e-4,float32,none,0.1127048209309578,train/longfact_test_apertus/all_auc,0.8441340959339182,apertus,all,auc
8hl54mqx,apertus_no_lora_fp32_only_layer10_seed42_lr3em5,finished,2026-03-16 18:21:39+00:00,apertus,fp32_only,10,42,3e-5,float32,none,0.15368859469890594,train/longfact_test_apertus/all_auc,0.7808221145584091,apertus,all,auc
x3sqior5,apertus_no_lora_fp32_only_layer10_seed43_lr1em3,finished,2026-03-16 18:21:39+00:00,apertus,fp32_only,10,43,1e-3,float32,none,0.29647397994995117,train/longfact_test_apertus/all_auc,0.8249237989189101,apertus,all,auc
dm4602lm,apertus_no_lora_fp32_only_layer10_seed43_lr1em4,finished,2026-03-16 18:21:39+00:00,apertus,fp32_only,10,43,1e-4,float32,none,0.2917933166027069,train/longfact_test_apertus/all_auc,0.8279400046598742,apertus,all,auc
3mcpf9f3,apertus_no_lora_fp32_only_layer10_seed43_lr3em4,finished,2026-03-16 18:21:39+00:00,apertus,fp32_only,10,43,3e-4,float32,none,0.2921086251735687,train/longfact_test_apertus/all_auc,0.8435093124813688,apertus,all,auc
0v0cghh6,apertus_no_lora_fp32_only_layer10_seed43_lr3em5,finished,2026-03-16 18:21:39+00:00,apertus,fp32_only,10,43,3e-5,float32,none,0.27485892176628113,train/longfact_test_apertus/all_auc,0.7788121215343744,apertus,all,auc
k8u6gf39,apertus_no_lora_fp32_only_layer10_seed44_lr1em3,finished,2026-03-16 18:21:39+00:00,apertus,fp32_only,10,44,1e-3,float32,none,0.09856606274843216,train/longfact_test_apertus/all_auc,0.8194290955749719,apertus,all,auc
rgnn8edm,apertus_no_lora_fp32_only_layer10_seed44_lr1em4,finished,2026-03-16 18:21:39+00:00,apertus,fp32_only,10,44,1e-4,float32,none,0.4017370939254761,train/longfact_test_apertus/all_auc,0.826881857961412,apertus,all,auc
1hlg6mhh,apertus_no_lora_fp32_only_layer10_seed44_lr3em4,finished,2026-03-16 18:21:39+00:00,apertus,fp32_only,10,44,3e-4,float32,none,0.3334559202194214,train/longfact_test_apertus/all_auc,0.8406088499891392,apertus,all,auc
h32xr3bj,apertus_no_lora_fp32_only_layer10_seed44_lr3em5,finished,2026-03-16 18:21:39+00:00,apertus,fp32_only,10,44,3e-5,float32,none,0.6063321232795715,train/longfact_test_apertus/all_auc,0.7818781094432283,apertus,all,auc
7otuls41,apertus_no_lora_fp32_only_layer20_seed42_lr1em3,finished,2026-03-16 18:21:39+00:00,apertus,fp32_only,20,42,1e-3,float32,none,0.0014074433129280806,train/longfact_test_apertus/all_auc,0.7331975734143705,apertus,all,auc
h3hhroh2,apertus_no_lora_fp32_only_layer20_seed42_lr1em4,finished,2026-03-16 18:21:39+00:00,apertus,fp32_only,20,42,1e-4,float32,none,0.005417922046035528,train/longfact_test_apertus/all_auc,0.717574397856799,apertus,all,auc
gbg3qolw,apertus_no_lora_fp32_only_layer20_seed42_lr3em4,finished,2026-03-16 18:21:39+00:00,apertus,fp32_only,20,42,3e-4,float32,none,0.012795637361705303,train/longfact_test_apertus/all_auc,0.7280038483278114,apertus,all,auc
vpc4pmw1,apertus_no_lora_fp32_only_layer20_seed42_lr3em5,finished,2026-03-16 18:21:39+00:00,apertus,fp32_only,20,42,3e-5,float32,none,0.4815448522567749,train/longfact_test_apertus/all_auc,0.6916808499621875,apertus,all,auc
4hd86xs1,apertus_no_lora_fp32_only_layer20_seed43_lr1em3,finished,2026-03-16 18:21:39+00:00,apertus,fp32_only,20,43,1e-3,float32,none,0.7915925979614258,train/longfact_test_apertus/all_auc,0.7240335018623104,apertus,all,auc
dtswvc78,apertus_no_lora_fp32_only_layer20_seed43_lr1em4,finished,2026-03-16 18:21:39+00:00,apertus,fp32_only,20,43,1e-4,float32,none,0.9363940954208374,train/longfact_test_apertus/all_auc,0.71689906093922,apertus,all,auc
r4canywa,apertus_no_lora_fp32_only_layer20_seed43_lr3em4,finished,2026-03-16 18:21:39+00:00,apertus,fp32_only,20,43,3e-4,float32,none,0.4842445254325866,train/longfact_test_apertus/all_auc,0.7430862038793238,apertus,all,auc
5pryw2ji,apertus_no_lora_fp32_only_layer20_seed43_lr3em5,finished,2026-03-16 18:21:39+00:00,apertus,fp32_only,20,43,3e-5,float32,none,2.3771839141845703,train/longfact_test_apertus/all_auc,0.6912633330920157,apertus,all,auc
cu47livm,apertus_no_lora_fp32_only_layer20_seed44_lr1em3,finished,2026-03-16 18:21:39+00:00,apertus,fp32_only,20,44,1e-3,float32,none,0.8405814170837402,train/longfact_test_apertus/all_auc,0.719171480737377,apertus,all,auc
7cq66mkt,apertus_no_lora_fp32_only_layer20_seed44_lr1em4,finished,2026-03-16 18:21:39+00:00,apertus,fp32_only,20,44,1e-4,float32,none,0.00021276120969559997,train/longfact_test_apertus/all_auc,0.716951513748345,apertus,all,auc
wrlr6qli,apertus_no_lora_fp32_only_layer20_seed44_lr3em4,finished,2026-03-16 18:21:39+00:00,apertus,fp32_only,20,44,3e-4,float32,none,0.7323926091194153,train/longfact_test_apertus/all_auc,0.7349970332332063,apertus,all,auc
nkk8fdiv,apertus_no_lora_fp32_only_layer20_seed44_lr3em5,finished,2026-03-16 18:21:39+00:00,apertus,fp32_only,20,44,3e-5,float32,none,3.7443130016326904,train/longfact_test_apertus/all_auc,0.6940876021296879,apertus,all,auc
jeyu4ke4,apertus_no_lora_fp32_only_layer26_seed42_lr1em3,finished,2026-03-16 18:21:39+00:00,apertus,fp32_only,26,42,1e-3,float32,none,0.02182931825518608,train/longfact_test_apertus/all_auc,0.6584706539445168,apertus,all,auc
6jnxw4n2,apertus_no_lora_fp32_only_layer26_seed42_lr1em4,finished,2026-03-16 18:21:39+00:00,apertus,fp32_only,26,42,1e-4,float32,none,0.017278315499424934,train/longfact_test_apertus/all_auc,0.6430854877671026,apertus,all,auc
vz2hbt4t,apertus_no_lora_fp32_only_layer26_seed42_lr3em4,finished,2026-03-16 18:21:39+00:00,apertus,fp32_only,26,42,3e-4,float32,none,0.006629477255046368,train/longfact_test_apertus/all_auc,0.6536875188358903,apertus,all,auc
g2rdqxou,apertus_no_lora_fp32_only_layer26_seed42_lr3em5,finished,2026-03-16 18:21:39+00:00,apertus,fp32_only,26,42,3e-5,float32,none,0.029366448521614075,train/longfact_test_apertus/all_auc,0.616003362374581,apertus,all,auc
g557mw8r,apertus_no_lora_fp32_only_layer26_seed43_lr1em3,finished,2026-03-16 18:21:39+00:00,apertus,fp32_only,26,43,1e-3,float32,none,5.589945316314697,train/longfact_test_apertus/all_auc,0.662042372914199,apertus,all,auc
xtj1l55e,apertus_no_lora_fp32_only_layer26_seed43_lr1em4,finished,2026-03-16 18:21:39+00:00,apertus,fp32_only,26,43,1e-4,float32,none,2.261085033416748,train/longfact_test_apertus/all_auc,0.6422084551759878,apertus,all,auc
tn9zon9i,apertus_no_lora_fp32_only_layer26_seed43_lr3em4,finished,2026-03-16 18:21:39+00:00,apertus,fp32_only,26,43,3e-4,float32,none,1.2675254344940186,train/longfact_test_apertus/all_auc,0.654302402762731,apertus,all,auc
gi60xrz3,apertus_no_lora_fp32_only_layer26_seed43_lr3em5,finished,2026-03-16 18:21:39+00:00,apertus,fp32_only,26,43,3e-5,float32,none,5.592858791351318,train/longfact_test_apertus/all_auc,0.619357308765377,apertus,all,auc
p7gub5up,apertus_no_lora_fp32_only_layer26_seed44_lr1em3,finished,2026-03-16 18:21:39+00:00,apertus,fp32_only,26,44,1e-3,float32,none,2.7211620807647705,train/longfact_test_apertus/all_auc,0.6655241618423848,apertus,all,auc
gani1xp7,apertus_no_lora_fp32_only_layer26_seed44_lr1em4,finished,2026-03-16 18:21:39+00:00,apertus,fp32_only,26,44,1e-4,float32,none,0.061501313000917435,train/longfact_test_apertus/all_auc,0.6380411640874779,apertus,all,auc
ill5vvx2,apertus_no_lora_fp32_only_layer26_seed44_lr3em4,finished,2026-03-16 18:21:39+00:00,apertus,fp32_only,26,44,3e-4,float32,none,0.02174818329513073,train/longfact_test_apertus/all_auc,0.6539005296419422,apertus,all,auc
b9ibkxys,apertus_no_lora_fp32_only_layer26_seed44_lr3em5,finished,2026-03-16 18:21:39+00:00,apertus,fp32_only,26,44,3e-5,float32,none,0.0007233090000227094,train/longfact_test_apertus/all_auc,0.6204836399083616,apertus,all,auc
362f178l,apertus_no_lora_fp32_only_layer30_seed42_lr1em3,finished,2026-03-16 18:21:39+00:00,apertus,fp32_only,30,42,1e-3,float32,none,81.83356475830078,train/longfact_test_apertus/all_auc,0.5,apertus,all,auc
572p44e7,apertus_no_lora_fp32_only_layer30_seed42_lr1em4,finished,2026-03-16 18:21:39+00:00,apertus,fp32_only,30,42,1e-4,float32,none,0.03013068065047264,train/longfact_test_apertus/all_auc,0.6394267206188454,apertus,all,auc
9k35iiw5,apertus_no_lora_fp32_only_layer30_seed42_lr3em4,finished,2026-03-16 18:21:39+00:00,apertus,fp32_only,30,42,3e-4,float32,none,0.02508390322327614,train/longfact_test_apertus/all_auc,0.6516644967709464,apertus,all,auc
7u26q4rs,apertus_no_lora_fp32_only_layer30_seed42_lr3em5,finished,2026-03-16 18:21:39+00:00,apertus,fp32_only,30,42,3e-5,float32,none,0.5540672540664673,train/longfact_test_apertus/all_auc,0.6038187526477817,apertus,all,auc
f817tswh,apertus_no_lora_fp32_only_layer30_seed43_lr1em3,finished,2026-03-16 18:21:39+00:00,apertus,fp32_only,30,43,1e-3,float32,none,9.374524116516112,train/longfact_test_apertus/all_auc,0.5,apertus,all,auc
lqmdrcpg,apertus_no_lora_fp32_only_layer30_seed43_lr1em4,finished,2026-03-16 18:21:39+00:00,apertus,fp32_only,30,43,1e-4,float32,none,5.7266106605529785,train/longfact_test_apertus/all_auc,0.6378762202880446,apertus,all,auc
f3nq1ppq,apertus_no_lora_fp32_only_layer30_seed43_lr3em4,finished,2026-03-16 18:21:39+00:00,apertus,fp32_only,30,43,3e-4,float32,none,5.207202911376953,train/longfact_test_apertus/all_auc,0.6508555012509005,apertus,all,auc
z9shqkbl,apertus_no_lora_fp32_only_layer30_seed43_lr3em5,finished,2026-03-16 18:21:39+00:00,apertus,fp32_only,30,43,3e-5,float32,none,6.685286521911621,train/longfact_test_apertus/all_auc,0.5974822448245743,apertus,all,auc
bz9gcqwk,apertus_no_lora_fp32_only_layer30_seed44_lr1em3,finished,2026-03-16 18:21:39+00:00,apertus,fp32_only,30,44,1e-3,float32,none,0.0,train/longfact_test_apertus/all_auc,0.5,apertus,all,auc
nhg2yz2u,apertus_no_lora_fp32_only_layer30_seed44_lr1em4,finished,2026-03-16 18:21:39+00:00,apertus,fp32_only,30,44,1e-4,float32,none,0.01171684730798006,train/longfact_test_apertus/all_auc,0.632867726354373,apertus,all,auc
4yytvlvi,apertus_no_lora_fp32_only_layer30_seed44_lr3em4,finished,2026-03-16 18:21:39+00:00,apertus,fp32_only,30,44,3e-4,float32,none,0.0005547898472286761,train/longfact_test_apertus/all_auc,0.6400696868320922,apertus,all,auc
8kx20a5i,apertus_no_lora_fp32_only_layer30_seed44_lr3em5,finished,2026-03-16 18:21:39+00:00,apertus,fp32_only,30,44,3e-5,float32,none,33.319332122802734,train/longfact_test_apertus/all_auc,0.6042525379777142,apertus,all,auc
kgoq3e5r,llama_no_lora_long_form_layer10_seed42,finished,2026-03-02 14:45:36+00:00,llama,llama_layers,10,42,,bfloat16,none,0.4103353917598725,train/longfact_test_apertus/all_auc,0.8764854912180169,apertus,all,auc
9oem35be,llama_no_lora_long_form_layer10_seed43,finished,2026-03-02 14:46:11+00:00,llama,llama_layers,10,43,,bfloat16,none,0.582381546497345,train/longfact_test_apertus/all_auc,0.8766966881350129,apertus,all,auc
rri8v027,llama_no_lora_long_form_layer10_seed44,finished,2026-03-02 14:46:11+00:00,llama,llama_layers,10,44,,bfloat16,none,0.3619125485420227,train/longfact_test_apertus/all_auc,0.8762741289736549,apertus,all,auc
qni919ee,llama_no_lora_long_form_layer20_seed42,finished,2026-03-02 14:50:44+00:00,llama,llama_layers,20,42,,bfloat16,none,0.4025150239467621,train/longfact_test_apertus/all_auc,0.8781788888265181,apertus,all,auc
4aryhr4u,llama_no_lora_long_form_layer20_seed43,finished,2026-03-02 14:50:44+00:00,llama,llama_layers,20,43,,bfloat16,none,0.6214630007743835,train/longfact_test_apertus/all_auc,0.876278888033536,apertus,all,auc
v8qejznt,llama_no_lora_long_form_layer20_seed44,finished,2026-03-02 14:50:44+00:00,llama,llama_layers,20,44,,bfloat16,none,0.4049457013607025,train/longfact_test_apertus/all_auc,0.8768084294545108,apertus,all,auc
82vjeyys,llama_no_lora_long_form_layer26_seed42,finished,2026-03-02 14:50:44+00:00,llama,llama_layers,26,42,,bfloat16,none,0.38688111305236816,train/longfact_test_apertus/all_auc,0.8667294677910653,apertus,all,auc
gzg4irhz,llama_no_lora_long_form_layer26_seed43,finished,2026-03-02 14:51:46+00:00,llama,llama_layers,26,43,,bfloat16,none,0.6332159042358398,train/longfact_test_apertus/all_auc,0.8645183115930957,apertus,all,auc
7u7entue,llama_no_lora_long_form_layer26_seed44,finished,2026-03-02 14:51:46+00:00,llama,llama_layers,26,44,,bfloat16,none,0.4069174230098725,train/longfact_test_apertus/all_auc,0.8647245555410542,apertus,all,auc
ct7o6ek7,llama_no_lora_long_form_layer30_seed42,finished,2026-03-02 14:51:46+00:00,llama,llama_layers,30,42,,bfloat16,none,0.4142408668994904,train/longfact_test_apertus/all_auc,0.8608810630031158,apertus,all,auc
av9rm02w,llama_no_lora_long_form_layer30_seed43,finished,2026-03-02 14:51:46+00:00,llama,llama_layers,30,43,,bfloat16,none,0.7231071591377258,train/longfact_test_apertus/all_auc,0.8593043208177858,apertus,all,auc
ojujrfsw,llama_no_lora_long_form_layer30_seed44,finished,2026-03-02 14:51:46+00:00,llama,llama_layers,30,44,,bfloat16,none,0.4089251160621643,train/longfact_test_apertus/all_auc,0.8586539142327282,apertus,all,auc
47rfeqmx,apertus_no_lora_ln_bf16_layer10_seed42_lr1em3,finished,2026-03-16 01:21:44+00:00,apertus,ln_bf16,10,42,1e-3,bfloat16,layernorm,0.14300638437271118,train/longfact_test_apertus/all_auc,0.8748862099521317,apertus,all,auc
ltvbxnyc,apertus_no_lora_ln_bf16_layer10_seed42_lr1em4,finished,2026-03-16 01:21:44+00:00,apertus,ln_bf16,10,42,1e-4,bfloat16,layernorm,0.3950393497943878,train/longfact_test_apertus/all_auc,0.8678541700172886,apertus,all,auc
aupa5a3l,apertus_no_lora_ln_bf16_layer10_seed42_lr3em4,finished,2026-03-16 01:21:44+00:00,apertus,ln_bf16,10,42,3e-4,bfloat16,layernorm,0.18207243084907532,train/longfact_test_apertus/all_auc,0.8763925761001808,apertus,all,auc
48kc2gt3,apertus_no_lora_ln_bf16_layer10_seed42_lr3em5,finished,2026-03-16 01:21:44+00:00,apertus,ln_bf16,10,42,3e-5,bfloat16,layernorm,0.942188560962677,train/longfact_test_apertus/all_auc,0.7978574088330104,apertus,all,auc
l92ugb0x,apertus_no_lora_ln_bf16_layer10_seed43_lr1em3,finished,2026-03-16 01:21:44+00:00,apertus,ln_bf16,10,43,1e-3,bfloat16,layernorm,0.2892049551010132,train/longfact_test_apertus/all_auc,0.8769651994412302,apertus,all,auc
ks445ju3,apertus_no_lora_ln_bf16_layer10_seed43_lr1em4,finished,2026-03-16 01:21:44+00:00,apertus,ln_bf16,10,43,1e-4,bfloat16,layernorm,0.26968491077423096,train/longfact_test_apertus/all_auc,0.8689234355348617,apertus,all,auc
v1whaixy,apertus_no_lora_ln_bf16_layer10_seed43_lr3em4,finished,2026-03-16 01:21:44+00:00,apertus,ln_bf16,10,43,3e-4,bfloat16,layernorm,0.26967474818229675,train/longfact_test_apertus/all_auc,0.878245183570568,apertus,all,auc
yrz15txm,apertus_no_lora_ln_bf16_layer10_seed43_lr3em5,finished,2026-03-16 01:21:44+00:00,apertus,ln_bf16,10,43,3e-5,bfloat16,layernorm,0.35177040100097656,train/longfact_test_apertus/all_auc,0.7926145957217068,apertus,all,auc
yjo8ext8,apertus_no_lora_ln_bf16_layer10_seed44_lr1em3,finished,2026-03-16 01:21:45+00:00,apertus,ln_bf16,10,44,1e-3,bfloat16,layernorm,0.20609278976917267,train/longfact_test_apertus/all_auc,0.874468124042113,apertus,all,auc
wjc71sg6,apertus_no_lora_ln_bf16_layer10_seed44_lr1em4,finished,2026-03-16 01:21:45+00:00,apertus,ln_bf16,10,44,1e-4,bfloat16,layernorm,0.3125472366809845,train/longfact_test_apertus/all_auc,0.869344852294712,apertus,all,auc
dd2pwu6g,apertus_no_lora_ln_bf16_layer10_seed44_lr3em4,finished,2026-03-16 01:21:45+00:00,apertus,ln_bf16,10,44,3e-4,bfloat16,layernorm,0.289102166891098,train/longfact_test_apertus/all_auc,0.8788594211190348,apertus,all,auc
gk2y0cx9,apertus_no_lora_ln_bf16_layer10_seed44_lr3em5,finished,2026-03-16 01:21:45+00:00,apertus,ln_bf16,10,44,3e-5,bfloat16,layernorm,0.31844255328178406,train/longfact_test_apertus/all_auc,0.7955113800254457,apertus,all,auc
p3f6sakq,apertus_no_lora_ln_bf16_layer20_seed42_lr1em3,finished,2026-03-16 01:21:44+00:00,apertus,ln_bf16,20,42,1e-3,bfloat16,layernorm,0.11758887767791748,train/longfact_test_apertus/all_auc,0.8649930882680741,apertus,all,auc
2mbvnb3s,apertus_no_lora_ln_bf16_layer20_seed42_lr1em4,finished,2026-03-16 01:21:44+00:00,apertus,ln_bf16,20,42,1e-4,bfloat16,layernorm,0.5318654179573059,train/longfact_test_apertus/all_auc,0.8649504281694971,apertus,all,auc
pw74vso0,apertus_no_lora_ln_bf16_layer20_seed42_lr3em4,finished,2026-03-16 01:21:44+00:00,apertus,ln_bf16,20,42,3e-4,bfloat16,layernorm,0.2455830276012421,train/longfact_test_apertus/all_auc,0.8738176043226513,apertus,all,auc
lcc4r0ui,apertus_no_lora_ln_bf16_layer20_seed42_lr3em5,finished,2026-03-16 01:21:44+00:00,apertus,ln_bf16,20,42,3e-5,bfloat16,layernorm,0.8914243578910828,train/longfact_test_apertus/all_auc,0.758926314403501,apertus,all,auc
ea20dmvq,apertus_no_lora_ln_bf16_layer20_seed43_lr1em3,finished,2026-03-16 01:21:44+00:00,apertus,ln_bf16,20,43,1e-3,bfloat16,layernorm,0.2716436982154846,train/longfact_test_apertus/all_auc,0.8666066926121337,apertus,all,auc
dq6d9cxj,apertus_no_lora_ln_bf16_layer20_seed43_lr1em4,finished,2026-03-16 01:21:44+00:00,apertus,ln_bf16,20,43,1e-4,bfloat16,layernorm,0.28726422786712646,train/longfact_test_apertus/all_auc,0.86624291672366,apertus,all,auc
5rukn8sb,apertus_no_lora_ln_bf16_layer20_seed43_lr3em4,finished,2026-03-16 01:21:44+00:00,apertus,ln_bf16,20,43,3e-4,bfloat16,layernorm,0.279452383518219,train/longfact_test_apertus/all_auc,0.8753525798789473,apertus,all,auc
sg4y1aru,apertus_no_lora_ln_bf16_layer20_seed43_lr3em5,finished,2026-03-16 01:21:44+00:00,apertus,ln_bf16,20,43,3e-5,bfloat16,layernorm,0.383007675409317,train/longfact_test_apertus/all_auc,0.7592578933880871,apertus,all,auc
wjx8fs4d,apertus_no_lora_ln_bf16_layer20_seed44_lr1em3,finished,2026-03-16 01:21:44+00:00,apertus,ln_bf16,20,44,1e-3,bfloat16,layernorm,0.343784362077713,train/longfact_test_apertus/all_auc,0.867905517195297,apertus,all,auc
ug8c0ane,apertus_no_lora_ln_bf16_layer20_seed44_lr1em4,finished,2026-03-16 01:21:44+00:00,apertus,ln_bf16,20,44,1e-4,bfloat16,layernorm,0.39652878046035767,train/longfact_test_apertus/all_auc,0.8653615908876382,apertus,all,auc
xy83pt3c,apertus_no_lora_ln_bf16_layer20_seed44_lr3em4,finished,2026-03-16 01:21:44+00:00,apertus,ln_bf16,20,44,3e-4,bfloat16,layernorm,0.4512102007865906,train/longfact_test_apertus/all_auc,0.8756719281683389,apertus,all,auc
mgy8s31x,apertus_no_lora_ln_bf16_layer20_seed44_lr3em5,finished,2026-03-16 01:21:44+00:00,apertus,ln_bf16,20,44,3e-5,bfloat16,layernorm,0.44538286328315735,train/longfact_test_apertus/all_auc,0.7590924445718601,apertus,all,auc
qbe29z5d,apertus_no_lora_ln_bf16_layer26_seed42_lr1em3,finished,2026-03-16 01:21:44+00:00,apertus,ln_bf16,26,42,1e-3,bfloat16,layernorm,0.1929110735654831,train/longfact_test_apertus/all_auc,0.8393572516535505,apertus,all,auc
nyzlam71,apertus_no_lora_ln_bf16_layer26_seed42_lr1em4,finished,2026-03-16 01:21:44+00:00,apertus,ln_bf16,26,42,1e-4,bfloat16,layernorm,0.5006973147392273,train/longfact_test_apertus/all_auc,0.8443615727837409,apertus,all,auc
p9he43x3,apertus_no_lora_ln_bf16_layer26_seed42_lr3em4,finished,2026-03-16 01:21:44+00:00,apertus,ln_bf16,26,42,3e-4,bfloat16,layernorm,0.27400892972946167,train/longfact_test_apertus/all_auc,0.8526992138680136,apertus,all,auc
jap1923r,apertus_no_lora_ln_bf16_layer26_seed42_lr3em5,finished,2026-03-16 01:21:44+00:00,apertus,ln_bf16,26,42,3e-5,bfloat16,layernorm,0.9109970927238464,train/longfact_test_apertus/all_auc,0.7327635370328762,apertus,all,auc
kffm0190,apertus_no_lora_ln_bf16_layer26_seed43_lr1em3,finished,2026-03-16 01:21:44+00:00,apertus,ln_bf16,26,43,1e-3,bfloat16,layernorm,0.27165380120277405,train/longfact_test_apertus/all_auc,0.8410705253032257,apertus,all,auc
6nfiscpk,apertus_no_lora_ln_bf16_layer26_seed43_lr1em4,finished,2026-03-16 01:21:44+00:00,apertus,ln_bf16,26,43,1e-4,bfloat16,layernorm,0.29313549399375916,train/longfact_test_apertus/all_auc,0.8442804162314307,apertus,all,auc
livazl8t,apertus_no_lora_ln_bf16_layer26_seed43_lr3em4,finished,2026-03-16 01:21:44+00:00,apertus,ln_bf16,26,43,3e-4,bfloat16,layernorm,0.26969656348228455,train/longfact_test_apertus/all_auc,0.8537768727476082,apertus,all,auc
cs5p5dya,apertus_no_lora_ln_bf16_layer26_seed43_lr3em5,finished,2026-03-16 01:21:44+00:00,apertus,ln_bf16,26,43,3e-5,bfloat16,layernorm,0.3752008378505707,train/longfact_test_apertus/all_auc,0.7337965813820023,apertus,all,auc
m9z367ud,apertus_no_lora_ln_bf16_layer26_seed44_lr1em3,finished,2026-03-16 01:21:44+00:00,apertus,ln_bf16,26,44,1e-3,bfloat16,layernorm,0.44535091519355774,train/longfact_test_apertus/all_auc,0.8431853773170704,apertus,all,auc
ycmihac6,apertus_no_lora_ln_bf16_layer26_seed44_lr1em4,finished,2026-03-16 01:21:44+00:00,apertus,ln_bf16,26,44,1e-4,bfloat16,layernorm,0.3027840852737427,train/longfact_test_apertus/all_auc,0.8434612748736853,apertus,all,auc
b7cu6by4,apertus_no_lora_ln_bf16_layer26_seed44_lr3em4,finished,2026-03-16 01:21:44+00:00,apertus,ln_bf16,26,44,3e-4,bfloat16,layernorm,0.33402493596076965,train/longfact_test_apertus/all_auc,0.8552312413184098,apertus,all,auc
82b66i5k,apertus_no_lora_ln_bf16_layer26_seed44_lr3em5,finished,2026-03-16 01:21:44+00:00,apertus,ln_bf16,26,44,3e-5,bfloat16,layernorm,0.3965613543987274,train/longfact_test_apertus/all_auc,0.73567914284187,apertus,all,auc
7hvw78qp,apertus_no_lora_ln_bf16_layer30_seed42_lr1em3,finished,2026-03-16 01:21:44+00:00,apertus,ln_bf16,30,42,1e-3,bfloat16,layernorm,0.18903133273124695,train/longfact_test_apertus/all_auc,0.8360196164951978,apertus,all,auc
hq7zzpsr,apertus_no_lora_ln_bf16_layer30_seed42_lr1em4,finished,2026-03-16 01:21:44+00:00,apertus,ln_bf16,30,42,1e-4,bfloat16,layernorm,0.6139996647834778,train/longfact_test_apertus/all_auc,0.8491938477610221,apertus,all,auc
wehbf6bi,apertus_no_lora_ln_bf16_layer30_seed42_lr3em4,finished,2026-03-16 01:21:44+00:00,apertus,ln_bf16,30,42,3e-4,bfloat16,layernorm,0.2974618077278137,train/longfact_test_apertus/all_auc,0.8518259221772906,apertus,all,auc
inx8ca5d,apertus_no_lora_ln_bf16_layer30_seed42_lr3em5,finished,2026-03-16 01:21:44+00:00,apertus,ln_bf16,30,42,3e-5,bfloat16,layernorm,0.8954324722290039,train/longfact_test_apertus/all_auc,0.7319367445706669,apertus,all,auc
og90cgj0,apertus_no_lora_ln_bf16_layer30_seed43_lr1em3,finished,2026-03-16 01:21:44+00:00,apertus,ln_bf16,30,43,1e-3,bfloat16,layernorm,0.2775192856788635,train/longfact_test_apertus/all_auc,0.8346085052380138,apertus,all,auc
5cwasjvc,apertus_no_lora_ln_bf16_layer30_seed43_lr1em4,finished,2026-03-16 01:21:44+00:00,apertus,ln_bf16,30,43,1e-4,bfloat16,layernorm,0.2989921569824219,train/longfact_test_apertus/all_auc,0.8494892342768154,apertus,all,auc
7jkvxq48,apertus_no_lora_ln_bf16_layer30_seed43_lr3em4,finished,2026-03-16 01:21:44+00:00,apertus,ln_bf16,30,43,3e-4,bfloat16,layernorm,0.28141525387763977,train/longfact_test_apertus/all_auc,0.8527374731975299,apertus,all,auc
74i6ukb7,apertus_no_lora_ln_bf16_layer30_seed43_lr3em5,finished,2026-03-16 01:21:44+00:00,apertus,ln_bf16,30,43,3e-5,bfloat16,layernorm,0.367383748292923,train/longfact_test_apertus/all_auc,0.7331179604372763,apertus,all,auc
4m7o0thq,apertus_no_lora_ln_bf16_layer30_seed44_lr1em3,finished,2026-03-16 01:21:44+00:00,apertus,ln_bf16,30,44,1e-3,bfloat16,layernorm,0.3379320204257965,train/longfact_test_apertus/all_auc,0.8406216640205908,apertus,all,auc
3huyrepp,apertus_no_lora_ln_bf16_layer30_seed44_lr1em4,finished,2026-03-16 01:21:44+00:00,apertus,ln_bf16,30,44,1e-4,bfloat16,layernorm,0.4082537889480591,train/longfact_test_apertus/all_auc,0.84978270326721,apertus,all,auc
khqaa0hj,apertus_no_lora_ln_bf16_layer30_seed44_lr3em4,finished,2026-03-16 01:21:44+00:00,apertus,ln_bf16,30,44,3e-4,bfloat16,layernorm,0.3730915486812592,train/longfact_test_apertus/all_auc,0.8532334155880998,apertus,all,auc
v97a1dax,apertus_no_lora_ln_bf16_layer30_seed44_lr3em5,finished,2026-03-16 01:21:44+00:00,apertus,ln_bf16,30,44,3e-5,bfloat16,layernorm,0.44148337841033936,train/longfact_test_apertus/all_auc,0.7337962356555742,apertus,all,auc
a1vhu02a,apertus_no_lora_ln_fp32_layer10_seed42_lr1em3,finished,2026-03-16 18:21:39+00:00,apertus,ln_fp32,10,42,1e-3,float32,layernorm,0.12267088890075684,train/longfact_test_apertus/all_auc,0.8712371723848953,apertus,all,auc
s5e7uzrk,apertus_no_lora_ln_fp32_layer10_seed42_lr1em4,finished,2026-03-16 18:21:39+00:00,apertus,ln_fp32,10,42,1e-4,float32,layernorm,0.2215098738670349,train/longfact_test_apertus/all_auc,0.8662827821654735,apertus,all,auc
a039mxlm,apertus_no_lora_ln_fp32_layer10_seed42_lr3em4,finished,2026-03-16 18:21:39+00:00,apertus,ln_fp32,10,42,3e-4,float32,layernorm,0.15673403441905975,train/longfact_test_apertus/all_auc,0.8714330526634985,apertus,all,auc
ur0fzre6,apertus_no_lora_ln_fp32_layer10_seed42_lr3em5,finished,2026-03-16 18:21:39+00:00,apertus,ln_fp32,10,42,3e-5,float32,layernorm,0.4890720844268799,train/longfact_test_apertus/all_auc,0.852866906531022,apertus,all,auc
kyx3dh6x,apertus_no_lora_ln_fp32_layer10_seed43_lr1em3,finished,2026-03-16 18:21:39+00:00,apertus,ln_fp32,10,43,1e-3,float32,layernorm,0.2920945882797241,train/longfact_test_apertus/all_auc,0.869518089847485,apertus,all,auc
anpnl7j5,apertus_no_lora_ln_fp32_layer10_seed43_lr1em4,finished,2026-03-16 18:21:39+00:00,apertus,ln_fp32,10,43,1e-4,float32,layernorm,0.26364782452583313,train/longfact_test_apertus/all_auc,0.867937769089859,apertus,all,auc
mu08a37q,apertus_no_lora_ln_fp32_layer10_seed43_lr3em4,finished,2026-03-16 18:21:39+00:00,apertus,ln_fp32,10,43,3e-4,float32,layernorm,0.2802787125110626,train/longfact_test_apertus/all_auc,0.8711898242973334,apertus,all,auc
0q5lbh0o,apertus_no_lora_ln_fp32_layer10_seed43_lr3em5,finished,2026-03-16 18:21:39+00:00,apertus,ln_fp32,10,43,3e-5,float32,layernorm,0.27201464772224426,train/longfact_test_apertus/all_auc,0.853595859666929,apertus,all,auc
b2incihb,apertus_no_lora_ln_fp32_layer10_seed44_lr1em3,finished,2026-03-16 18:21:39+00:00,apertus,ln_fp32,10,44,1e-3,float32,layernorm,0.19783645868301392,train/longfact_test_apertus/all_auc,0.8678363918682998,apertus,all,auc
9s2c6c1h,apertus_no_lora_ln_fp32_layer10_seed44_lr1em4,finished,2026-03-16 18:21:39+00:00,apertus,ln_fp32,10,44,1e-4,float32,layernorm,0.32758116722106934,train/longfact_test_apertus/all_auc,0.868174187907008,apertus,all,auc
u1cqzubx,apertus_no_lora_ln_fp32_layer10_seed44_lr3em4,finished,2026-03-16 18:21:39+00:00,apertus,ln_fp32,10,44,3e-4,float32,layernorm,0.2790237069129944,train/longfact_test_apertus/all_auc,0.8712595859116925,apertus,all,auc
jd8rl3y0,apertus_no_lora_ln_fp32_layer10_seed44_lr3em5,finished,2026-03-16 18:21:39+00:00,apertus,ln_fp32,10,44,3e-5,float32,layernorm,0.29283058643341064,train/longfact_test_apertus/all_auc,0.8533949565506158,apertus,all,auc
tvxgxlk0,apertus_no_lora_ln_fp32_layer20_seed42_lr1em3,finished,2026-03-16 18:21:39+00:00,apertus,ln_fp32,20,42,1e-3,float32,layernorm,0.11203589290380478,train/longfact_test_apertus/all_auc,0.8584084879971844,apertus,all,auc
szjyc7rq,apertus_no_lora_ln_fp32_layer20_seed42_lr1em4,finished,2026-03-16 18:21:39+00:00,apertus,ln_fp32,20,42,1e-4,float32,layernorm,0.3388446271419525,train/longfact_test_apertus/all_auc,0.8624930793466578,apertus,all,auc
j1ydn4mi,apertus_no_lora_ln_fp32_layer20_seed42_lr3em4,finished,2026-03-16 18:21:39+00:00,apertus,ln_fp32,20,42,3e-4,float32,layernorm,0.18392929434776303,train/longfact_test_apertus/all_auc,0.8660319818204225,apertus,all,auc
mru621ko,apertus_no_lora_ln_fp32_layer20_seed42_lr3em5,finished,2026-03-16 18:21:39+00:00,apertus,ln_fp32,20,42,3e-5,float32,layernorm,0.6155123114585876,train/longfact_test_apertus/all_auc,0.8444577311455518,apertus,all,auc
cuinxn0m,apertus_no_lora_ln_fp32_layer20_seed43_lr1em3,finished,2026-03-16 18:21:39+00:00,apertus,ln_fp32,20,43,1e-3,float32,layernorm,0.2761920690536499,train/longfact_test_apertus/all_auc,0.8606675789183147,apertus,all,auc
gfuz02ro,apertus_no_lora_ln_fp32_layer20_seed43_lr1em4,finished,2026-03-16 18:21:39+00:00,apertus,ln_fp32,20,43,1e-4,float32,layernorm,0.28859972953796387,train/longfact_test_apertus/all_auc,0.8641751916789235,apertus,all,auc
bydlptvs,apertus_no_lora_ln_fp32_layer20_seed43_lr3em4,finished,2026-03-16 18:21:39+00:00,apertus,ln_fp32,20,43,3e-4,float32,layernorm,0.27679380774497986,train/longfact_test_apertus/all_auc,0.8682458271197679,apertus,all,auc
5a8w5arg,apertus_no_lora_ln_fp32_layer20_seed43_lr3em5,finished,2026-03-16 18:21:39+00:00,apertus,ln_fp32,20,43,3e-5,float32,layernorm,0.30041441321372986,train/longfact_test_apertus/all_auc,0.8444005884632679,apertus,all,auc
3wystufk,apertus_no_lora_ln_fp32_layer20_seed44_lr1em3,finished,2026-03-16 18:21:39+00:00,apertus,ln_fp32,20,44,1e-3,float32,layernorm,0.37859293818473816,train/longfact_test_apertus/all_auc,0.8599424268500955,apertus,all,auc
ipm80jlq,apertus_no_lora_ln_fp32_layer20_seed44_lr1em4,finished,2026-03-16 18:21:39+00:00,apertus,ln_fp32,20,44,1e-4,float32,layernorm,0.39040952920913696,train/longfact_test_apertus/all_auc,0.8639878845940847,apertus,all,auc
28tm3neg,apertus_no_lora_ln_fp32_layer20_seed44_lr3em4,finished,2026-03-16 18:21:39+00:00,apertus,ln_fp32,20,44,3e-4,float32,layernorm,0.4330550134181976,train/longfact_test_apertus/all_auc,0.86743544409041,apertus,all,auc
zoq512xp,apertus_no_lora_ln_fp32_layer20_seed44_lr3em5,finished,2026-03-16 18:21:39+00:00,apertus,ln_fp32,20,44,3e-5,float32,layernorm,0.37936899065971375,train/longfact_test_apertus/all_auc,0.844971504247726,apertus,all,auc
8hrkgqv3,apertus_no_lora_ln_fp32_layer26_seed42_lr1em3,finished,2026-03-16 18:21:39+00:00,apertus,ln_fp32,26,42,1e-3,float32,layernorm,0.17951826751232147,train/longfact_test_apertus/all_auc,0.8299680843031925,apertus,all,auc
rlqcb2g4,apertus_no_lora_ln_fp32_layer26_seed42_lr1em4,finished,2026-03-16 18:21:39+00:00,apertus,ln_fp32,26,42,1e-4,float32,layernorm,0.3578282594680786,train/longfact_test_apertus/all_auc,0.8424470705121971,apertus,all,auc
r2wu0aof,apertus_no_lora_ln_fp32_layer26_seed42_lr3em4,finished,2026-03-16 18:21:39+00:00,apertus,ln_fp32,26,42,3e-4,float32,layernorm,0.24504521489143372,train/longfact_test_apertus/all_auc,0.8425114904653088,apertus,all,auc
okj43cej,apertus_no_lora_ln_fp32_layer26_seed42_lr3em5,finished,2026-03-16 18:21:39+00:00,apertus,ln_fp32,26,42,3e-5,float32,layernorm,0.6153150200843811,train/longfact_test_apertus/all_auc,0.8218741678608674,apertus,all,auc
44fifewm,apertus_no_lora_ln_fp32_layer26_seed43_lr1em3,finished,2026-03-16 18:21:39+00:00,apertus,ln_fp32,26,43,1e-3,float32,layernorm,0.26287174224853516,train/longfact_test_apertus/all_auc,0.8324296027827489,apertus,all,auc
cfgw5o62,apertus_no_lora_ln_fp32_layer26_seed43_lr1em4,finished,2026-03-16 18:21:39+00:00,apertus,ln_fp32,26,43,1e-4,float32,layernorm,0.27609291672706604,train/longfact_test_apertus/all_auc,0.8419897812434232,apertus,all,auc
5yjm6w2c,apertus_no_lora_ln_fp32_layer26_seed43_lr3em4,finished,2026-03-16 18:21:39+00:00,apertus,ln_fp32,26,43,3e-4,float32,layernorm,0.268221378326416,train/longfact_test_apertus/all_auc,0.8445618717019165,apertus,all,auc
bj0fbt17,apertus_no_lora_ln_fp32_layer26_seed43_lr3em5,finished,2026-03-16 18:21:39+00:00,apertus,ln_fp32,26,43,3e-5,float32,layernorm,0.28795114159584045,train/longfact_test_apertus/all_auc,0.8212496455800288,apertus,all,auc
thtwlsce,apertus_no_lora_ln_fp32_layer26_seed44_lr1em3,finished,2026-03-16 18:21:39+00:00,apertus,ln_fp32,26,44,1e-3,float32,layernorm,0.4517517387866974,train/longfact_test_apertus/all_auc,0.8344495886282212,apertus,all,auc
a2rdvxyc,apertus_no_lora_ln_fp32_layer26_seed44_lr1em4,finished,2026-03-16 18:21:39+00:00,apertus,ln_fp32,26,44,1e-4,float32,layernorm,0.28372296690940857,train/longfact_test_apertus/all_auc,0.8430464683095162,apertus,all,auc
veq9b7kw,apertus_no_lora_ln_fp32_layer26_seed44_lr3em4,finished,2026-03-16 18:21:39+00:00,apertus,ln_fp32,26,44,3e-4,float32,layernorm,0.37059929966926575,train/longfact_test_apertus/all_auc,0.8463241156349119,apertus,all,auc
5aqux06m,apertus_no_lora_ln_fp32_layer26_seed44_lr3em5,finished,2026-03-16 18:21:39+00:00,apertus,ln_fp32,26,44,3e-5,float32,layernorm,0.3035992383956909,train/longfact_test_apertus/all_auc,0.8211600131505488,apertus,all,auc
qg1y3gso,apertus_no_lora_ln_fp32_layer30_seed42_lr1em3,finished,2026-03-16 18:21:39+00:00,apertus,ln_fp32,30,42,1e-3,float32,layernorm,0.1903767287731171,train/longfact_test_apertus/all_auc,0.8269281821948755,apertus,all,auc
r9e2fhqm,apertus_no_lora_ln_fp32_layer30_seed42_lr1em4,finished,2026-03-16 18:21:39+00:00,apertus,ln_fp32,30,42,1e-4,float32,layernorm,0.38982802629470825,train/longfact_test_apertus/all_auc,0.841836300746363,apertus,all,auc
e24v1w1s,apertus_no_lora_ln_fp32_layer30_seed42_lr3em4,finished,2026-03-16 18:21:39+00:00,apertus,ln_fp32,30,42,3e-4,float32,layernorm,0.2570212781429291,train/longfact_test_apertus/all_auc,0.8425555068095136,apertus,all,auc
jtcznw8g,apertus_no_lora_ln_fp32_layer30_seed42_lr3em5,finished,2026-03-16 18:21:39+00:00,apertus,ln_fp32,30,42,3e-5,float32,layernorm,0.6943867206573486,train/longfact_test_apertus/all_auc,0.8270096802002305,apertus,all,auc
v3qqa12o,apertus_no_lora_ln_fp32_layer30_seed43_lr1em3,finished,2026-03-16 18:21:39+00:00,apertus,ln_fp32,30,43,1e-3,float32,layernorm,0.2808498740196228,train/longfact_test_apertus/all_auc,0.8279939450240437,apertus,all,auc
lgm2cr72,apertus_no_lora_ln_fp32_layer30_seed43_lr1em4,finished,2026-03-16 18:21:39+00:00,apertus,ln_fp32,30,43,1e-4,float32,layernorm,0.2797033190727234,train/longfact_test_apertus/all_auc,0.8417489162428032,apertus,all,auc
f873k60o,apertus_no_lora_ln_fp32_layer30_seed43_lr3em4,finished,2026-03-16 18:21:39+00:00,apertus,ln_fp32,30,43,3e-4,float32,layernorm,0.28264516592025757,train/longfact_test_apertus/all_auc,0.8419081356120964,apertus,all,auc
ybsg28sj,apertus_no_lora_ln_fp32_layer30_seed43_lr3em5,finished,2026-03-16 18:21:39+00:00,apertus,ln_fp32,30,43,3e-5,float32,layernorm,0.30628159642219543,train/longfact_test_apertus/all_auc,0.8271404572505674,apertus,all,auc
kn811t36,apertus_no_lora_ln_fp32_layer30_seed44_lr1em3,finished,2026-03-16 18:21:39+00:00,apertus,ln_fp32,30,44,1e-3,float32,layernorm,0.3007677495479584,train/longfact_test_apertus/all_auc,0.8269818939524586,apertus,all,auc
wf8rodcd,apertus_no_lora_ln_fp32_layer30_seed44_lr1em4,finished,2026-03-16 18:21:39+00:00,apertus,ln_fp32,30,44,1e-4,float32,layernorm,0.3687911331653595,train/longfact_test_apertus/all_auc,0.842503090061917,apertus,all,auc
524a5l0b,apertus_no_lora_ln_fp32_layer30_seed44_lr3em4,finished,2026-03-16 18:21:39+00:00,apertus,ln_fp32,30,44,3e-4,float32,layernorm,0.3833605647087097,train/longfact_test_apertus/all_auc,0.8436308275559499,apertus,all,auc
m6zpszut,apertus_no_lora_ln_fp32_layer30_seed44_lr3em5,finished,2026-03-16 18:21:39+00:00,apertus,ln_fp32,30,44,3e-5,float32,layernorm,0.4072107970714569,train/longfact_test_apertus/all_auc,0.8271257376106295,apertus,all,auc
2msk68xv,apertus_no_lora_long_form_layer10_seed42,finished,2026-03-02 14:54:28+00:00,apertus,apertus_layers,10,42,,bfloat16,none,0.1188635155558586,train/longfact_test_apertus/all_f1,0.2715897169678682,apertus,all,f1
ennpfi5c,apertus_no_lora_long_form_layer10_seed43,finished,2026-03-02 14:55:28+00:00,apertus,apertus_layers,10,43,,bfloat16,none,0.2892115116119385,train/longfact_test_apertus/all_f1,0.2801368522126616,apertus,all,f1
ckfvtpqq,apertus_no_lora_long_form_layer10_seed44,finished,2026-03-02 14:55:28+00:00,apertus,apertus_layers,10,44,,bfloat16,none,0.14164792001247406,train/longfact_test_apertus/all_f1,0.2716896087682604,apertus,all,f1
5w54hojz,apertus_no_lora_long_form_layer20_seed42,finished,2026-03-02 14:56:24+00:00,apertus,apertus_layers,20,42,,bfloat16,none,0.002515794476494193,train/longfact_test_apertus/all_f1,0.20019447800335916,apertus,all,f1
h3qhm4bp,apertus_no_lora_long_form_layer20_seed43,finished,2026-03-02 14:56:24+00:00,apertus,apertus_layers,20,43,,bfloat16,none,0.4361111521720886,train/longfact_test_apertus/all_f1,0.21698776400110031,apertus,all,f1
1sb6t3rt,apertus_no_lora_long_form_layer20_seed44,finished,2026-03-02 14:56:24+00:00,apertus,apertus_layers,20,44,,bfloat16,none,0.9805268049240112,train/longfact_test_apertus/all_f1,0.2061640537214404,apertus,all,f1
fjxaywoo,apertus_no_lora_long_form_layer26_seed42,finished,2026-03-02 14:56:59+00:00,apertus,apertus_layers,26,42,,bfloat16,none,0.022064460441470143,train/longfact_test_apertus/all_f1,0.2175095284145856,apertus,all,f1
fc3llcx0,apertus_no_lora_long_form_layer26_seed43,finished,2026-03-02 14:58:28+00:00,apertus,apertus_layers,26,43,,bfloat16,none,4.096796035766602,train/longfact_test_apertus/all_f1,0.21903579827541156,apertus,all,f1
gtn6g9ne,apertus_no_lora_long_form_layer26_seed44,finished,2026-03-02 14:58:28+00:00,apertus,apertus_layers,26,44,,bfloat16,none,0.0003512128023430705,train/longfact_test_apertus/all_f1,0.2112497938087645,apertus,all,f1
pk12wkry,apertus_no_lora_long_form_layer30_seed42,finished,2026-03-02 14:58:28+00:00,apertus,apertus_layers,30,42,,bfloat16,none,82.0517578125,train/longfact_test_apertus/all_f1,0.0002309682187730968,apertus,all,f1
vhvivjkc,apertus_no_lora_long_form_layer30_seed43,finished,2026-03-02 14:58:28+00:00,apertus,apertus_layers,30,43,,bfloat16,none,10.69191074371338,train/longfact_test_apertus/all_f1,0.2794741767688859,apertus,all,f1
agskbmvs,apertus_no_lora_long_form_layer30_seed44,finished,2026-03-02 14:58:28+00:00,apertus,apertus_layers,30,44,,bfloat16,none,0.0001453680742997676,train/longfact_test_apertus/all_f1,0.26669614639285205,apertus,all,f1
o5fobkxj,apertus_no_lora_bf16_only_layer10_seed42_lr1em3,finished,2026-03-16 01:21:45+00:00,apertus,bf16_only,10,42,1e-3,bfloat16,none,0.1060740053653717,train/longfact_test_apertus/all_f1,0.274217554451502,apertus,all,f1
ngsqu3i1,apertus_no_lora_bf16_only_layer10_seed42_lr1em4,finished,2026-03-16 01:21:45+00:00,apertus,bf16_only,10,42,1e-4,bfloat16,none,0.11451046913862228,train/longfact_test_apertus/all_f1,0.24885192865130115,apertus,all,f1
5xzqhvy4,apertus_no_lora_bf16_only_layer10_seed42_lr3em4,finished,2026-03-16 01:21:45+00:00,apertus,bf16_only,10,42,3e-4,bfloat16,none,0.11626026779413225,train/longfact_test_apertus/all_f1,0.28498293515358364,apertus,all,f1
83kur7ka,apertus_no_lora_bf16_only_layer10_seed42_lr3em5,finished,2026-03-16 01:21:45+00:00,apertus,bf16_only,10,42,3e-5,bfloat16,none,0.4366786777973175,train/longfact_test_apertus/all_f1,0.1625865309677715,apertus,all,f1
j9k3f0jm,apertus_no_lora_bf16_only_layer10_seed43_lr1em3,finished,2026-03-16 01:21:44+00:00,apertus,bf16_only,10,43,1e-3,bfloat16,none,0.3009301424026489,train/longfact_test_apertus/all_f1,0.280424396372273,apertus,all,f1
ougxjsfh,apertus_no_lora_bf16_only_layer10_seed43_lr1em4,finished,2026-03-16 01:21:44+00:00,apertus,bf16_only,10,43,1e-4,bfloat16,none,0.27749955654144287,train/longfact_test_apertus/all_f1,0.2441553067745569,apertus,all,f1
21sy8y12,apertus_no_lora_bf16_only_layer10_seed43_lr3em4,finished,2026-03-16 01:21:44+00:00,apertus,bf16_only,10,43,3e-4,bfloat16,none,0.2755349278450012,train/longfact_test_apertus/all_f1,0.2828549527297504,apertus,all,f1
t26a4uwp,apertus_no_lora_bf16_only_layer10_seed43_lr3em5,finished,2026-03-16 01:21:44+00:00,apertus,bf16_only,10,43,3e-5,bfloat16,none,0.3126707673072815,train/longfact_test_apertus/all_f1,0.16289710763394974,apertus,all,f1
p9n6ul1e,apertus_no_lora_bf16_only_layer10_seed44_lr1em3,finished,2026-03-16 01:21:44+00:00,apertus,bf16_only,10,44,1e-3,bfloat16,none,0.15629735589027405,train/longfact_test_apertus/all_f1,0.27254262120404904,apertus,all,f1
feljklm1,apertus_no_lora_bf16_only_layer10_seed44_lr1em4,finished,2026-03-16 01:21:44+00:00,apertus,bf16_only,10,44,1e-4,bfloat16,none,0.593794047832489,train/longfact_test_apertus/all_f1,0.2494945631386263,apertus,all,f1
lfafy2oe,apertus_no_lora_bf16_only_layer10_seed44_lr3em4,finished,2026-03-16 01:21:44+00:00,apertus,bf16_only,10,44,3e-4,bfloat16,none,0.2656649947166443,train/longfact_test_apertus/all_f1,0.288232417098699,apertus,all,f1
r3oezlrl,apertus_no_lora_bf16_only_layer10_seed44_lr3em5,finished,2026-03-16 01:21:44+00:00,apertus,bf16_only,10,44,3e-5,bfloat16,none,0.7305357456207275,train/longfact_test_apertus/all_f1,0.16567213268806089,apertus,all,f1
uw94ef5i,apertus_no_lora_bf16_only_layer20_seed42_lr1em3,finished,2026-03-16 01:21:44+00:00,apertus,bf16_only,20,42,1e-3,bfloat16,none,0.006061427295207977,train/longfact_test_apertus/all_f1,0.20334581009854097,apertus,all,f1
ymsrn4r6,apertus_no_lora_bf16_only_layer20_seed42_lr1em4,finished,2026-03-16 01:21:44+00:00,apertus,bf16_only,20,42,1e-4,bfloat16,none,0.04400371387600899,train/longfact_test_apertus/all_f1,0.18807250048723445,apertus,all,f1
uy0gdnv4,apertus_no_lora_bf16_only_layer20_seed42_lr3em4,finished,2026-03-16 01:21:44+00:00,apertus,bf16_only,20,42,3e-4,bfloat16,none,0.00907330308109522,train/longfact_test_apertus/all_f1,0.2176433400837914,apertus,all,f1
fu81gp5i,apertus_no_lora_bf16_only_layer20_seed42_lr3em5,finished,2026-03-16 01:21:44+00:00,apertus,bf16_only,20,42,3e-5,bfloat16,none,2.1262459754943848,train/longfact_test_apertus/all_f1,0.12646150799722777,apertus,all,f1
2g6rw2bt,apertus_no_lora_bf16_only_layer20_seed43_lr1em3,finished,2026-03-16 01:21:44+00:00,apertus,bf16_only,20,43,1e-3,bfloat16,none,0.5826413631439209,train/longfact_test_apertus/all_f1,0.2253477105797781,apertus,all,f1
7ynpw2cn,apertus_no_lora_bf16_only_layer20_seed43_lr1em4,finished,2026-03-16 01:21:44+00:00,apertus,bf16_only,20,43,1e-4,bfloat16,none,1.368619084358215,train/longfact_test_apertus/all_f1,0.18745708184785573,apertus,all,f1
900ivg46,apertus_no_lora_bf16_only_layer20_seed43_lr3em4,finished,2026-03-16 01:21:44+00:00,apertus,bf16_only,20,43,3e-4,bfloat16,none,0.40857547521591187,train/longfact_test_apertus/all_f1,0.22128454968584885,apertus,all,f1
qo5cb98m,apertus_no_lora_bf16_only_layer20_seed43_lr3em5,finished,2026-03-16 01:21:44+00:00,apertus,bf16_only,20,43,3e-5,bfloat16,none,6.096769332885742,train/longfact_test_apertus/all_f1,0.12788936569182505,apertus,all,f1
99kvtmj8,apertus_no_lora_bf16_only_layer20_seed44_lr1em3,finished,2026-03-16 01:21:44+00:00,apertus,bf16_only,20,44,1e-3,bfloat16,none,0.13294142484664917,train/longfact_test_apertus/all_f1,0.20357425481403324,apertus,all,f1
g1itgrow,apertus_no_lora_bf16_only_layer20_seed44_lr1em4,finished,2026-03-16 01:21:44+00:00,apertus,bf16_only,20,44,1e-4,bfloat16,none,4.639030521502718e-05,train/longfact_test_apertus/all_f1,0.19513727809557255,apertus,all,f1
vuc2g8id,apertus_no_lora_bf16_only_layer20_seed44_lr3em4,finished,2026-03-16 01:21:44+00:00,apertus,bf16_only,20,44,3e-4,bfloat16,none,0.2754364609718323,train/longfact_test_apertus/all_f1,0.2147305947102362,apertus,all,f1
v52uwh1g,apertus_no_lora_bf16_only_layer20_seed44_lr3em5,finished,2026-03-16 01:21:44+00:00,apertus,bf16_only,20,44,3e-5,bfloat16,none,23.12533187866211,train/longfact_test_apertus/all_f1,0.12566615401123074,apertus,all,f1
vz5jn274,apertus_no_lora_bf16_only_layer26_seed42_lr1em3,finished,2026-03-16 01:21:44+00:00,apertus,bf16_only,26,42,1e-3,bfloat16,none,0.023973966017365456,train/longfact_test_apertus/all_f1,0.21111771772500576,apertus,all,f1
4drsxr5u,apertus_no_lora_bf16_only_layer26_seed42_lr1em4,finished,2026-03-16 01:21:44+00:00,apertus,bf16_only,26,42,1e-4,bfloat16,none,0.023594362661242485,train/longfact_test_apertus/all_f1,0.1753754571628667,apertus,all,f1
1crms08u,apertus_no_lora_bf16_only_layer26_seed42_lr3em4,finished,2026-03-16 01:21:44+00:00,apertus,bf16_only,26,42,3e-4,bfloat16,none,0.006822563707828522,train/longfact_test_apertus/all_f1,0.18795506662862335,apertus,all,f1
cq95ctu3,apertus_no_lora_bf16_only_layer26_seed42_lr3em5,finished,2026-03-16 01:21:44+00:00,apertus,bf16_only,26,42,3e-5,bfloat16,none,0.9924049973487854,train/longfact_test_apertus/all_f1,0.11902847363971876,apertus,all,f1
q08ckrfy,apertus_no_lora_bf16_only_layer26_seed43_lr1em3,finished,2026-03-16 01:21:45+00:00,apertus,bf16_only,26,43,1e-3,bfloat16,none,4.096848487854004,train/longfact_test_apertus/all_f1,0.2114915190586468,apertus,all,f1
hirctdjt,apertus_no_lora_bf16_only_layer26_seed43_lr1em4,finished,2026-03-16 01:21:45+00:00,apertus,bf16_only,26,43,1e-4,bfloat16,none,4.878128528594971,train/longfact_test_apertus/all_f1,0.17859798694973658,apertus,all,f1
psn29j9n,apertus_no_lora_bf16_only_layer26_seed43_lr3em4,finished,2026-03-16 01:21:45+00:00,apertus,bf16_only,26,43,3e-4,bfloat16,none,1.7208261489868164,train/longfact_test_apertus/all_f1,0.1927888605416039,apertus,all,f1
lx8g6b8s,apertus_no_lora_bf16_only_layer26_seed43_lr3em5,finished,2026-03-16 01:21:45+00:00,apertus,bf16_only,26,43,3e-5,bfloat16,none,12.94149684906006,train/longfact_test_apertus/all_f1,0.1201423097974822,apertus,all,f1
wixkxx9v,apertus_no_lora_bf16_only_layer26_seed44_lr1em3,finished,2026-03-16 01:21:44+00:00,apertus,bf16_only,26,44,1e-3,bfloat16,none,10.250615119934082,train/longfact_test_apertus/all_f1,0.20971114690786116,apertus,all,f1
2r4mqan8,apertus_no_lora_bf16_only_layer26_seed44_lr1em4,finished,2026-03-16 01:21:44+00:00,apertus,bf16_only,26,44,1e-4,bfloat16,none,0.0004059617640450597,train/longfact_test_apertus/all_f1,0.17893307858615315,apertus,all,f1
v3h0pfq3,apertus_no_lora_bf16_only_layer26_seed44_lr3em4,finished,2026-03-16 01:21:44+00:00,apertus,bf16_only,26,44,3e-4,bfloat16,none,0.3673836886882782,train/longfact_test_apertus/all_f1,0.18581330776452729,apertus,all,f1
muqajhqb,apertus_no_lora_bf16_only_layer26_seed44_lr3em5,finished,2026-03-16 01:21:44+00:00,apertus,bf16_only,26,44,3e-5,bfloat16,none,7.75074577331543,train/longfact_test_apertus/all_f1,0.12014783481809052,apertus,all,f1
imd2hxzj,apertus_no_lora_bf16_only_layer30_seed42_lr1em3,finished,2026-03-16 01:21:44+00:00,apertus,bf16_only,30,42,1e-3,bfloat16,none,82.0517578125,train/longfact_test_apertus/all_f1,0.0,apertus,all,f1
g9535ebe,apertus_no_lora_bf16_only_layer30_seed42_lr1em4,finished,2026-03-16 01:21:44+00:00,apertus,bf16_only,30,42,1e-4,bfloat16,none,0.033634547144174576,train/longfact_test_apertus/all_f1,0.18783676448489792,apertus,all,f1
j9yucacb,apertus_no_lora_bf16_only_layer30_seed42_lr3em4,finished,2026-03-16 01:21:44+00:00,apertus,bf16_only,30,42,3e-4,bfloat16,none,0.025012411177158356,train/longfact_test_apertus/all_f1,0.20662303369054835,apertus,all,f1
4bo3xdzv,apertus_no_lora_bf16_only_layer30_seed42_lr3em5,finished,2026-03-16 01:21:44+00:00,apertus,bf16_only,30,42,3e-5,bfloat16,none,33.04824447631836,train/longfact_test_apertus/all_f1,0.09655075518089216,apertus,all,f1
a55rsp1p,apertus_no_lora_bf16_only_layer30_seed43_lr1em3,finished,2026-03-16 01:21:45+00:00,apertus,bf16_only,30,43,1e-3,bfloat16,none,9.379252433776855,train/longfact_test_apertus/all_f1,0.26887056362353745,apertus,all,f1
5uzjpj1x,apertus_no_lora_bf16_only_layer30_seed43_lr1em4,finished,2026-03-16 01:21:45+00:00,apertus,bf16_only,30,43,1e-4,bfloat16,none,6.222002029418945,train/longfact_test_apertus/all_f1,0.18495526152708772,apertus,all,f1
fctlmblr,apertus_no_lora_bf16_only_layer30_seed43_lr3em4,finished,2026-03-16 01:21:45+00:00,apertus,bf16_only,30,43,3e-4,bfloat16,none,5.815634250640869,train/longfact_test_apertus/all_f1,0.200058326042578,apertus,all,f1
580vhzgn,apertus_no_lora_bf16_only_layer30_seed43_lr3em5,finished,2026-03-16 01:21:45+00:00,apertus,bf16_only,30,43,3e-5,bfloat16,none,10.316194534301758,train/longfact_test_apertus/all_f1,0.0909052339805688,apertus,all,f1
uns2a6j2,apertus_no_lora_bf16_only_layer30_seed44_lr1em3,finished,2026-03-16 01:21:44+00:00,apertus,bf16_only,30,44,1e-3,bfloat16,none,0.0,train/longfact_test_apertus/all_f1,0.0007387058796371107,apertus,all,f1
m97ar22y,apertus_no_lora_bf16_only_layer30_seed44_lr1em4,finished,2026-03-16 01:21:44+00:00,apertus,bf16_only,30,44,1e-4,bfloat16,none,10.063371658325195,train/longfact_test_apertus/all_f1,0.1794786393107736,apertus,all,f1
hr0vmzt0,apertus_no_lora_bf16_only_layer30_seed44_lr3em4,finished,2026-03-16 01:21:44+00:00,apertus,bf16_only,30,44,3e-4,bfloat16,none,6.532261848449707,train/longfact_test_apertus/all_f1,0.1948639144182748,apertus,all,f1
w644eh9h,apertus_no_lora_bf16_only_layer30_seed44_lr3em5,finished,2026-03-16 01:21:44+00:00,apertus,bf16_only,30,44,3e-5,bfloat16,none,33.25065612792969,train/longfact_test_apertus/all_f1,0.091997868342075,apertus,all,f1
3618z7cg,apertus_no_lora_fp32_only_layer10_seed42_lr1em3,finished,2026-03-16 18:21:39+00:00,apertus,fp32_only,10,42,1e-3,float32,none,0.11816876381635666,train/longfact_test_apertus/all_f1,0.25539529569023134,apertus,all,f1
mhg0ycoh,apertus_no_lora_fp32_only_layer10_seed42_lr1em4,finished,2026-03-16 18:21:39+00:00,apertus,fp32_only,10,42,1e-4,float32,none,0.1332954168319702,train/longfact_test_apertus/all_f1,0.2669996570056594,apertus,all,f1
b71ik25s,apertus_no_lora_fp32_only_layer10_seed42_lr3em4,finished,2026-03-16 18:21:39+00:00,apertus,fp32_only,10,42,3e-4,float32,none,0.1127048209309578,train/longfact_test_apertus/all_f1,0.2764892643814239,apertus,all,f1
8hl54mqx,apertus_no_lora_fp32_only_layer10_seed42_lr3em5,finished,2026-03-16 18:21:39+00:00,apertus,fp32_only,10,42,3e-5,float32,none,0.15368859469890594,train/longfact_test_apertus/all_f1,0.2313025873235297,apertus,all,f1
x3sqior5,apertus_no_lora_fp32_only_layer10_seed43_lr1em3,finished,2026-03-16 18:21:39+00:00,apertus,fp32_only,10,43,1e-3,float32,none,0.29647397994995117,train/longfact_test_apertus/all_f1,0.27163006845961074,apertus,all,f1
dm4602lm,apertus_no_lora_fp32_only_layer10_seed43_lr1em4,finished,2026-03-16 18:21:39+00:00,apertus,fp32_only,10,43,1e-4,float32,none,0.2917933166027069,train/longfact_test_apertus/all_f1,0.2654318953300597,apertus,all,f1
3mcpf9f3,apertus_no_lora_fp32_only_layer10_seed43_lr3em4,finished,2026-03-16 18:21:39+00:00,apertus,fp32_only,10,43,3e-4,float32,none,0.2921086251735687,train/longfact_test_apertus/all_f1,0.2847347890778944,apertus,all,f1
0v0cghh6,apertus_no_lora_fp32_only_layer10_seed43_lr3em5,finished,2026-03-16 18:21:39+00:00,apertus,fp32_only,10,43,3e-5,float32,none,0.27485892176628113,train/longfact_test_apertus/all_f1,0.22465215555124357,apertus,all,f1
k8u6gf39,apertus_no_lora_fp32_only_layer10_seed44_lr1em3,finished,2026-03-16 18:21:39+00:00,apertus,fp32_only,10,44,1e-3,float32,none,0.09856606274843216,train/longfact_test_apertus/all_f1,0.26692148692542406,apertus,all,f1
rgnn8edm,apertus_no_lora_fp32_only_layer10_seed44_lr1em4,finished,2026-03-16 18:21:39+00:00,apertus,fp32_only,10,44,1e-4,float32,none,0.4017370939254761,train/longfact_test_apertus/all_f1,0.2724481658692185,apertus,all,f1
1hlg6mhh,apertus_no_lora_fp32_only_layer10_seed44_lr3em4,finished,2026-03-16 18:21:39+00:00,apertus,fp32_only,10,44,3e-4,float32,none,0.3334559202194214,train/longfact_test_apertus/all_f1,0.2857665836872163,apertus,all,f1
h32xr3bj,apertus_no_lora_fp32_only_layer10_seed44_lr3em5,finished,2026-03-16 18:21:39+00:00,apertus,fp32_only,10,44,3e-5,float32,none,0.6063321232795715,train/longfact_test_apertus/all_f1,0.230704191327455,apertus,all,f1
7otuls41,apertus_no_lora_fp32_only_layer20_seed42_lr1em3,finished,2026-03-16 18:21:39+00:00,apertus,fp32_only,20,42,1e-3,float32,none,0.0014074433129280806,train/longfact_test_apertus/all_f1,0.2149221549291309,apertus,all,f1
h3hhroh2,apertus_no_lora_fp32_only_layer20_seed42_lr1em4,finished,2026-03-16 18:21:39+00:00,apertus,fp32_only,20,42,1e-4,float32,none,0.005417922046035528,train/longfact_test_apertus/all_f1,0.1878123108178824,apertus,all,f1
gbg3qolw,apertus_no_lora_fp32_only_layer20_seed42_lr3em4,finished,2026-03-16 18:21:39+00:00,apertus,fp32_only,20,42,3e-4,float32,none,0.012795637361705303,train/longfact_test_apertus/all_f1,0.2094739034630943,apertus,all,f1
vpc4pmw1,apertus_no_lora_fp32_only_layer20_seed42_lr3em5,finished,2026-03-16 18:21:39+00:00,apertus,fp32_only,20,42,3e-5,float32,none,0.4815448522567749,train/longfact_test_apertus/all_f1,0.1733546481697239,apertus,all,f1
4hd86xs1,apertus_no_lora_fp32_only_layer20_seed43_lr1em3,finished,2026-03-16 18:21:39+00:00,apertus,fp32_only,20,43,1e-3,float32,none,0.7915925979614258,train/longfact_test_apertus/all_f1,0.2126881098065156,apertus,all,f1
dtswvc78,apertus_no_lora_fp32_only_layer20_seed43_lr1em4,finished,2026-03-16 18:21:39+00:00,apertus,fp32_only,20,43,1e-4,float32,none,0.9363940954208374,train/longfact_test_apertus/all_f1,0.19149673617930796,apertus,all,f1
r4canywa,apertus_no_lora_fp32_only_layer20_seed43_lr3em4,finished,2026-03-16 18:21:39+00:00,apertus,fp32_only,20,43,3e-4,float32,none,0.4842445254325866,train/longfact_test_apertus/all_f1,0.2259167311057751,apertus,all,f1
5pryw2ji,apertus_no_lora_fp32_only_layer20_seed43_lr3em5,finished,2026-03-16 18:21:39+00:00,apertus,fp32_only,20,43,3e-5,float32,none,2.3771839141845703,train/longfact_test_apertus/all_f1,0.16956102267245535,apertus,all,f1
cu47livm,apertus_no_lora_fp32_only_layer20_seed44_lr1em3,finished,2026-03-16 18:21:39+00:00,apertus,fp32_only,20,44,1e-3,float32,none,0.8405814170837402,train/longfact_test_apertus/all_f1,0.21392789761796333,apertus,all,f1
7cq66mkt,apertus_no_lora_fp32_only_layer20_seed44_lr1em4,finished,2026-03-16 18:21:39+00:00,apertus,fp32_only,20,44,1e-4,float32,none,0.00021276120969559997,train/longfact_test_apertus/all_f1,0.19236310560760864,apertus,all,f1
wrlr6qli,apertus_no_lora_fp32_only_layer20_seed44_lr3em4,finished,2026-03-16 18:21:39+00:00,apertus,fp32_only,20,44,3e-4,float32,none,0.7323926091194153,train/longfact_test_apertus/all_f1,0.2214991217208512,apertus,all,f1
nkk8fdiv,apertus_no_lora_fp32_only_layer20_seed44_lr3em5,finished,2026-03-16 18:21:39+00:00,apertus,fp32_only,20,44,3e-5,float32,none,3.7443130016326904,train/longfact_test_apertus/all_f1,0.17416677238704534,apertus,all,f1
jeyu4ke4,apertus_no_lora_fp32_only_layer26_seed42_lr1em3,finished,2026-03-16 18:21:39+00:00,apertus,fp32_only,26,42,1e-3,float32,none,0.02182931825518608,train/longfact_test_apertus/all_f1,0.2071736759755346,apertus,all,f1
6jnxw4n2,apertus_no_lora_fp32_only_layer26_seed42_lr1em4,finished,2026-03-16 18:21:39+00:00,apertus,fp32_only,26,42,1e-4,float32,none,0.017278315499424934,train/longfact_test_apertus/all_f1,0.1747190207280693,apertus,all,f1
vz2hbt4t,apertus_no_lora_fp32_only_layer26_seed42_lr3em4,finished,2026-03-16 18:21:39+00:00,apertus,fp32_only,26,42,3e-4,float32,none,0.006629477255046368,train/longfact_test_apertus/all_f1,0.17610222171060205,apertus,all,f1
g2rdqxou,apertus_no_lora_fp32_only_layer26_seed42_lr3em5,finished,2026-03-16 18:21:39+00:00,apertus,fp32_only,26,42,3e-5,float32,none,0.029366448521614075,train/longfact_test_apertus/all_f1,0.14818476749575157,apertus,all,f1
g557mw8r,apertus_no_lora_fp32_only_layer26_seed43_lr1em3,finished,2026-03-16 18:21:39+00:00,apertus,fp32_only,26,43,1e-3,float32,none,5.589945316314697,train/longfact_test_apertus/all_f1,0.20816524853949853,apertus,all,f1
xtj1l55e,apertus_no_lora_fp32_only_layer26_seed43_lr1em4,finished,2026-03-16 18:21:39+00:00,apertus,fp32_only,26,43,1e-4,float32,none,2.261085033416748,train/longfact_test_apertus/all_f1,0.17442669241230394,apertus,all,f1
tn9zon9i,apertus_no_lora_fp32_only_layer26_seed43_lr3em4,finished,2026-03-16 18:21:39+00:00,apertus,fp32_only,26,43,3e-4,float32,none,1.2675254344940186,train/longfact_test_apertus/all_f1,0.17587807077349402,apertus,all,f1
gi60xrz3,apertus_no_lora_fp32_only_layer26_seed43_lr3em5,finished,2026-03-16 18:21:39+00:00,apertus,fp32_only,26,43,3e-5,float32,none,5.592858791351318,train/longfact_test_apertus/all_f1,0.14993292745846662,apertus,all,f1
p7gub5up,apertus_no_lora_fp32_only_layer26_seed44_lr1em3,finished,2026-03-16 18:21:39+00:00,apertus,fp32_only,26,44,1e-3,float32,none,2.7211620807647705,train/longfact_test_apertus/all_f1,0.2149249407699391,apertus,all,f1
gani1xp7,apertus_no_lora_fp32_only_layer26_seed44_lr1em4,finished,2026-03-16 18:21:39+00:00,apertus,fp32_only,26,44,1e-4,float32,none,0.061501313000917435,train/longfact_test_apertus/all_f1,0.17268430728951092,apertus,all,f1
ill5vvx2,apertus_no_lora_fp32_only_layer26_seed44_lr3em4,finished,2026-03-16 18:21:39+00:00,apertus,fp32_only,26,44,3e-4,float32,none,0.02174818329513073,train/longfact_test_apertus/all_f1,0.18119229858754832,apertus,all,f1
b9ibkxys,apertus_no_lora_fp32_only_layer26_seed44_lr3em5,finished,2026-03-16 18:21:39+00:00,apertus,fp32_only,26,44,3e-5,float32,none,0.0007233090000227094,train/longfact_test_apertus/all_f1,0.15301066880110234,apertus,all,f1
362f178l,apertus_no_lora_fp32_only_layer30_seed42_lr1em3,finished,2026-03-16 18:21:39+00:00,apertus,fp32_only,30,42,1e-3,float32,none,81.83356475830078,train/longfact_test_apertus/all_f1,0.0,apertus,all,f1
572p44e7,apertus_no_lora_fp32_only_layer30_seed42_lr1em4,finished,2026-03-16 18:21:39+00:00,apertus,fp32_only,30,42,1e-4,float32,none,0.03013068065047264,train/longfact_test_apertus/all_f1,0.17564897304743515,apertus,all,f1
9k35iiw5,apertus_no_lora_fp32_only_layer30_seed42_lr3em4,finished,2026-03-16 18:21:39+00:00,apertus,fp32_only,30,42,3e-4,float32,none,0.02508390322327614,train/longfact_test_apertus/all_f1,0.18629403202328967,apertus,all,f1
7u26q4rs,apertus_no_lora_fp32_only_layer30_seed42_lr3em5,finished,2026-03-16 18:21:39+00:00,apertus,fp32_only,30,42,3e-5,float32,none,0.5540672540664673,train/longfact_test_apertus/all_f1,0.15450966566778307,apertus,all,f1
f817tswh,apertus_no_lora_fp32_only_layer30_seed43_lr1em3,finished,2026-03-16 18:21:39+00:00,apertus,fp32_only,30,43,1e-3,float32,none,9.374524116516112,train/longfact_test_apertus/all_f1,0.0,apertus,all,f1
lqmdrcpg,apertus_no_lora_fp32_only_layer30_seed43_lr1em4,finished,2026-03-16 18:21:39+00:00,apertus,fp32_only,30,43,1e-4,float32,none,5.7266106605529785,train/longfact_test_apertus/all_f1,0.1769363773526723,apertus,all,f1
f3nq1ppq,apertus_no_lora_fp32_only_layer30_seed43_lr3em4,finished,2026-03-16 18:21:39+00:00,apertus,fp32_only,30,43,3e-4,float32,none,5.207202911376953,train/longfact_test_apertus/all_f1,0.1966914356999512,apertus,all,f1
z9shqkbl,apertus_no_lora_fp32_only_layer30_seed43_lr3em5,finished,2026-03-16 18:21:39+00:00,apertus,fp32_only,30,43,3e-5,float32,none,6.685286521911621,train/longfact_test_apertus/all_f1,0.14481105307654002,apertus,all,f1
bz9gcqwk,apertus_no_lora_fp32_only_layer30_seed44_lr1em3,finished,2026-03-16 18:21:39+00:00,apertus,fp32_only,30,44,1e-3,float32,none,0.0,train/longfact_test_apertus/all_f1,0.0,apertus,all,f1
nhg2yz2u,apertus_no_lora_fp32_only_layer30_seed44_lr1em4,finished,2026-03-16 18:21:39+00:00,apertus,fp32_only,30,44,1e-4,float32,none,0.01171684730798006,train/longfact_test_apertus/all_f1,0.17067610534525166,apertus,all,f1
4yytvlvi,apertus_no_lora_fp32_only_layer30_seed44_lr3em4,finished,2026-03-16 18:21:39+00:00,apertus,fp32_only,30,44,3e-4,float32,none,0.0005547898472286761,train/longfact_test_apertus/all_f1,0.1860891212347523,apertus,all,f1
8kx20a5i,apertus_no_lora_fp32_only_layer30_seed44_lr3em5,finished,2026-03-16 18:21:39+00:00,apertus,fp32_only,30,44,3e-5,float32,none,33.319332122802734,train/longfact_test_apertus/all_f1,0.15637860082304528,apertus,all,f1
kgoq3e5r,llama_no_lora_long_form_layer10_seed42,finished,2026-03-02 14:45:36+00:00,llama,llama_layers,10,42,,bfloat16,none,0.4103353917598725,train/longfact_test_apertus/all_f1,0.2614704256495301,apertus,all,f1
9oem35be,llama_no_lora_long_form_layer10_seed43,finished,2026-03-02 14:46:11+00:00,llama,llama_layers,10,43,,bfloat16,none,0.582381546497345,train/longfact_test_apertus/all_f1,0.2660601253984168,apertus,all,f1
rri8v027,llama_no_lora_long_form_layer10_seed44,finished,2026-03-02 14:46:11+00:00,llama,llama_layers,10,44,,bfloat16,none,0.3619125485420227,train/longfact_test_apertus/all_f1,0.2663563407741019,apertus,all,f1
qni919ee,llama_no_lora_long_form_layer20_seed42,finished,2026-03-02 14:50:44+00:00,llama,llama_layers,20,42,,bfloat16,none,0.4025150239467621,train/longfact_test_apertus/all_f1,0.2656629568950907,apertus,all,f1
4aryhr4u,llama_no_lora_long_form_layer20_seed43,finished,2026-03-02 14:50:44+00:00,llama,llama_layers,20,43,,bfloat16,none,0.6214630007743835,train/longfact_test_apertus/all_f1,0.2636331619356202,apertus,all,f1
v8qejznt,llama_no_lora_long_form_layer20_seed44,finished,2026-03-02 14:50:44+00:00,llama,llama_layers,20,44,,bfloat16,none,0.4049457013607025,train/longfact_test_apertus/all_f1,0.2624906575663137,apertus,all,f1
82vjeyys,llama_no_lora_long_form_layer26_seed42,finished,2026-03-02 14:50:44+00:00,llama,llama_layers,26,42,,bfloat16,none,0.38688111305236816,train/longfact_test_apertus/all_f1,0.26128598633359473,apertus,all,f1
gzg4irhz,llama_no_lora_long_form_layer26_seed43,finished,2026-03-02 14:51:46+00:00,llama,llama_layers,26,43,,bfloat16,none,0.6332159042358398,train/longfact_test_apertus/all_f1,0.26180749860100727,apertus,all,f1
7u7entue,llama_no_lora_long_form_layer26_seed44,finished,2026-03-02 14:51:46+00:00,llama,llama_layers,26,44,,bfloat16,none,0.4069174230098725,train/longfact_test_apertus/all_f1,0.26209342272953956,apertus,all,f1
ct7o6ek7,llama_no_lora_long_form_layer30_seed42,finished,2026-03-02 14:51:46+00:00,llama,llama_layers,30,42,,bfloat16,none,0.4142408668994904,train/longfact_test_apertus/all_f1,0.28592047164157197,apertus,all,f1
av9rm02w,llama_no_lora_long_form_layer30_seed43,finished,2026-03-02 14:51:46+00:00,llama,llama_layers,30,43,,bfloat16,none,0.7231071591377258,train/longfact_test_apertus/all_f1,0.2874692269817824,apertus,all,f1
ojujrfsw,llama_no_lora_long_form_layer30_seed44,finished,2026-03-02 14:51:46+00:00,llama,llama_layers,30,44,,bfloat16,none,0.4089251160621643,train/longfact_test_apertus/all_f1,0.2853271815152514,apertus,all,f1
47rfeqmx,apertus_no_lora_ln_bf16_layer10_seed42_lr1em3,finished,2026-03-16 01:21:44+00:00,apertus,ln_bf16,10,42,1e-3,bfloat16,layernorm,0.14300638437271118,train/longfact_test_apertus/all_f1,0.2987669210455179,apertus,all,f1
ltvbxnyc,apertus_no_lora_ln_bf16_layer10_seed42_lr1em4,finished,2026-03-16 01:21:44+00:00,apertus,ln_bf16,10,42,1e-4,bfloat16,layernorm,0.3950393497943878,train/longfact_test_apertus/all_f1,0.2370282183199399,apertus,all,f1
aupa5a3l,apertus_no_lora_ln_bf16_layer10_seed42_lr3em4,finished,2026-03-16 01:21:44+00:00,apertus,ln_bf16,10,42,3e-4,bfloat16,layernorm,0.18207243084907532,train/longfact_test_apertus/all_f1,0.29614024194174327,apertus,all,f1
48kc2gt3,apertus_no_lora_ln_bf16_layer10_seed42_lr3em5,finished,2026-03-16 01:21:44+00:00,apertus,ln_bf16,10,42,3e-5,bfloat16,layernorm,0.942188560962677,train/longfact_test_apertus/all_f1,0.00859939621260635,apertus,all,f1
l92ugb0x,apertus_no_lora_ln_bf16_layer10_seed43_lr1em3,finished,2026-03-16 01:21:44+00:00,apertus,ln_bf16,10,43,1e-3,bfloat16,layernorm,0.2892049551010132,train/longfact_test_apertus/all_f1,0.2986611518617852,apertus,all,f1
ks445ju3,apertus_no_lora_ln_bf16_layer10_seed43_lr1em4,finished,2026-03-16 01:21:44+00:00,apertus,ln_bf16,10,43,1e-4,bfloat16,layernorm,0.26968491077423096,train/longfact_test_apertus/all_f1,0.23561447509853095,apertus,all,f1
v1whaixy,apertus_no_lora_ln_bf16_layer10_seed43_lr3em4,finished,2026-03-16 01:21:44+00:00,apertus,ln_bf16,10,43,3e-4,bfloat16,layernorm,0.26967474818229675,train/longfact_test_apertus/all_f1,0.28749266844618937,apertus,all,f1
yrz15txm,apertus_no_lora_ln_bf16_layer10_seed43_lr3em5,finished,2026-03-16 01:21:44+00:00,apertus,ln_bf16,10,43,3e-5,bfloat16,layernorm,0.35177040100097656,train/longfact_test_apertus/all_f1,0.01189282785017771,apertus,all,f1
yjo8ext8,apertus_no_lora_ln_bf16_layer10_seed44_lr1em3,finished,2026-03-16 01:21:45+00:00,apertus,ln_bf16,10,44,1e-3,bfloat16,layernorm,0.20609278976917267,train/longfact_test_apertus/all_f1,0.30198889161153314,apertus,all,f1
wjc71sg6,apertus_no_lora_ln_bf16_layer10_seed44_lr1em4,finished,2026-03-16 01:21:45+00:00,apertus,ln_bf16,10,44,1e-4,bfloat16,layernorm,0.3125472366809845,train/longfact_test_apertus/all_f1,0.23111333470673065,apertus,all,f1
dd2pwu6g,apertus_no_lora_ln_bf16_layer10_seed44_lr3em4,finished,2026-03-16 01:21:45+00:00,apertus,ln_bf16,10,44,3e-4,bfloat16,layernorm,0.289102166891098,train/longfact_test_apertus/all_f1,0.28945092696795593,apertus,all,f1
gk2y0cx9,apertus_no_lora_ln_bf16_layer10_seed44_lr3em5,finished,2026-03-16 01:21:45+00:00,apertus,ln_bf16,10,44,3e-5,bfloat16,layernorm,0.31844255328178406,train/longfact_test_apertus/all_f1,0.007607350717199028,apertus,all,f1
p3f6sakq,apertus_no_lora_ln_bf16_layer20_seed42_lr1em3,finished,2026-03-16 01:21:44+00:00,apertus,ln_bf16,20,42,1e-3,bfloat16,layernorm,0.11758887767791748,train/longfact_test_apertus/all_f1,0.2960879515753,apertus,all,f1
2mbvnb3s,apertus_no_lora_ln_bf16_layer20_seed42_lr1em4,finished,2026-03-16 01:21:44+00:00,apertus,ln_bf16,20,42,1e-4,bfloat16,layernorm,0.5318654179573059,train/longfact_test_apertus/all_f1,0.24267150635208712,apertus,all,f1
pw74vso0,apertus_no_lora_ln_bf16_layer20_seed42_lr3em4,finished,2026-03-16 01:21:44+00:00,apertus,ln_bf16,20,42,3e-4,bfloat16,layernorm,0.2455830276012421,train/longfact_test_apertus/all_f1,0.29495648164159316,apertus,all,f1
lcc4r0ui,apertus_no_lora_ln_bf16_layer20_seed42_lr3em5,finished,2026-03-16 01:21:44+00:00,apertus,ln_bf16,20,42,3e-5,bfloat16,layernorm,0.8914243578910828,train/longfact_test_apertus/all_f1,0.02615970254957507,apertus,all,f1
ea20dmvq,apertus_no_lora_ln_bf16_layer20_seed43_lr1em3,finished,2026-03-16 01:21:44+00:00,apertus,ln_bf16,20,43,1e-3,bfloat16,layernorm,0.2716436982154846,train/longfact_test_apertus/all_f1,0.2991827938168014,apertus,all,f1
dq6d9cxj,apertus_no_lora_ln_bf16_layer20_seed43_lr1em4,finished,2026-03-16 01:21:44+00:00,apertus,ln_bf16,20,43,1e-4,bfloat16,layernorm,0.28726422786712646,train/longfact_test_apertus/all_f1,0.23830301600872664,apertus,all,f1
5rukn8sb,apertus_no_lora_ln_bf16_layer20_seed43_lr3em4,finished,2026-03-16 01:21:44+00:00,apertus,ln_bf16,20,43,3e-4,bfloat16,layernorm,0.279452383518219,train/longfact_test_apertus/all_f1,0.2930665102751613,apertus,all,f1
sg4y1aru,apertus_no_lora_ln_bf16_layer20_seed43_lr3em5,finished,2026-03-16 01:21:44+00:00,apertus,ln_bf16,20,43,3e-5,bfloat16,layernorm,0.383007675409317,train/longfact_test_apertus/all_f1,0.02397442727757059,apertus,all,f1
wjx8fs4d,apertus_no_lora_ln_bf16_layer20_seed44_lr1em3,finished,2026-03-16 01:21:44+00:00,apertus,ln_bf16,20,44,1e-3,bfloat16,layernorm,0.343784362077713,train/longfact_test_apertus/all_f1,0.3068009438732513,apertus,all,f1
ug8c0ane,apertus_no_lora_ln_bf16_layer20_seed44_lr1em4,finished,2026-03-16 01:21:44+00:00,apertus,ln_bf16,20,44,1e-4,bfloat16,layernorm,0.39652878046035767,train/longfact_test_apertus/all_f1,0.23946284323642816,apertus,all,f1
xy83pt3c,apertus_no_lora_ln_bf16_layer20_seed44_lr3em4,finished,2026-03-16 01:21:44+00:00,apertus,ln_bf16,20,44,3e-4,bfloat16,layernorm,0.4512102007865906,train/longfact_test_apertus/all_f1,0.2925516145481281,apertus,all,f1
mgy8s31x,apertus_no_lora_ln_bf16_layer20_seed44_lr3em5,finished,2026-03-16 01:21:44+00:00,apertus,ln_bf16,20,44,3e-5,bfloat16,layernorm,0.44538286328315735,train/longfact_test_apertus/all_f1,0.026719664348018108,apertus,all,f1
qbe29z5d,apertus_no_lora_ln_bf16_layer26_seed42_lr1em3,finished,2026-03-16 01:21:44+00:00,apertus,ln_bf16,26,42,1e-3,bfloat16,layernorm,0.1929110735654831,train/longfact_test_apertus/all_f1,0.2759809849963479,apertus,all,f1
nyzlam71,apertus_no_lora_ln_bf16_layer26_seed42_lr1em4,finished,2026-03-16 01:21:44+00:00,apertus,ln_bf16,26,42,1e-4,bfloat16,layernorm,0.5006973147392273,train/longfact_test_apertus/all_f1,0.19174113319335256,apertus,all,f1
p9he43x3,apertus_no_lora_ln_bf16_layer26_seed42_lr3em4,finished,2026-03-16 01:21:44+00:00,apertus,ln_bf16,26,42,3e-4,bfloat16,layernorm,0.27400892972946167,train/longfact_test_apertus/all_f1,0.26350745875283327,apertus,all,f1
jap1923r,apertus_no_lora_ln_bf16_layer26_seed42_lr3em5,finished,2026-03-16 01:21:44+00:00,apertus,ln_bf16,26,42,3e-5,bfloat16,layernorm,0.9109970927238464,train/longfact_test_apertus/all_f1,0.023841526562809863,apertus,all,f1
kffm0190,apertus_no_lora_ln_bf16_layer26_seed43_lr1em3,finished,2026-03-16 01:21:44+00:00,apertus,ln_bf16,26,43,1e-3,bfloat16,layernorm,0.27165380120277405,train/longfact_test_apertus/all_f1,0.271504310771975,apertus,all,f1
6nfiscpk,apertus_no_lora_ln_bf16_layer26_seed43_lr1em4,finished,2026-03-16 01:21:44+00:00,apertus,ln_bf16,26,43,1e-4,bfloat16,layernorm,0.29313549399375916,train/longfact_test_apertus/all_f1,0.1905943827563684,apertus,all,f1
livazl8t,apertus_no_lora_ln_bf16_layer26_seed43_lr3em4,finished,2026-03-16 01:21:44+00:00,apertus,ln_bf16,26,43,3e-4,bfloat16,layernorm,0.26969656348228455,train/longfact_test_apertus/all_f1,0.2572202655107017,apertus,all,f1
cs5p5dya,apertus_no_lora_ln_bf16_layer26_seed43_lr3em5,finished,2026-03-16 01:21:44+00:00,apertus,ln_bf16,26,43,3e-5,bfloat16,layernorm,0.3752008378505707,train/longfact_test_apertus/all_f1,0.02433916091624595,apertus,all,f1
m9z367ud,apertus_no_lora_ln_bf16_layer26_seed44_lr1em3,finished,2026-03-16 01:21:44+00:00,apertus,ln_bf16,26,44,1e-3,bfloat16,layernorm,0.44535091519355774,train/longfact_test_apertus/all_f1,0.2777804273178176,apertus,all,f1
ycmihac6,apertus_no_lora_ln_bf16_layer26_seed44_lr1em4,finished,2026-03-16 01:21:44+00:00,apertus,ln_bf16,26,44,1e-4,bfloat16,layernorm,0.3027840852737427,train/longfact_test_apertus/all_f1,0.1940201283262222,apertus,all,f1
b7cu6by4,apertus_no_lora_ln_bf16_layer26_seed44_lr3em4,finished,2026-03-16 01:21:44+00:00,apertus,ln_bf16,26,44,3e-4,bfloat16,layernorm,0.33402493596076965,train/longfact_test_apertus/all_f1,0.257779464382522,apertus,all,f1
82b66i5k,apertus_no_lora_ln_bf16_layer26_seed44_lr3em5,finished,2026-03-16 01:21:44+00:00,apertus,ln_bf16,26,44,3e-5,bfloat16,layernorm,0.3965613543987274,train/longfact_test_apertus/all_f1,0.025027539105529857,apertus,all,f1
7hvw78qp,apertus_no_lora_ln_bf16_layer30_seed42_lr1em3,finished,2026-03-16 01:21:44+00:00,apertus,ln_bf16,30,42,1e-3,bfloat16,layernorm,0.18903133273124695,train/longfact_test_apertus/all_f1,0.2785313154387969,apertus,all,f1
hq7zzpsr,apertus_no_lora_ln_bf16_layer30_seed42_lr1em4,finished,2026-03-16 01:21:44+00:00,apertus,ln_bf16,30,42,1e-4,bfloat16,layernorm,0.6139996647834778,train/longfact_test_apertus/all_f1,0.18371635369067077,apertus,all,f1
wehbf6bi,apertus_no_lora_ln_bf16_layer30_seed42_lr3em4,finished,2026-03-16 01:21:44+00:00,apertus,ln_bf16,30,42,3e-4,bfloat16,layernorm,0.2974618077278137,train/longfact_test_apertus/all_f1,0.2645257320494751,apertus,all,f1
inx8ca5d,apertus_no_lora_ln_bf16_layer30_seed42_lr3em5,finished,2026-03-16 01:21:44+00:00,apertus,ln_bf16,30,42,3e-5,bfloat16,layernorm,0.8954324722290039,train/longfact_test_apertus/all_f1,0.04116761706908613,apertus,all,f1
og90cgj0,apertus_no_lora_ln_bf16_layer30_seed43_lr1em3,finished,2026-03-16 01:21:44+00:00,apertus,ln_bf16,30,43,1e-3,bfloat16,layernorm,0.2775192856788635,train/longfact_test_apertus/all_f1,0.2744395920786809,apertus,all,f1
5cwasjvc,apertus_no_lora_ln_bf16_layer30_seed43_lr1em4,finished,2026-03-16 01:21:44+00:00,apertus,ln_bf16,30,43,1e-4,bfloat16,layernorm,0.2989921569824219,train/longfact_test_apertus/all_f1,0.18617038985251524,apertus,all,f1
7jkvxq48,apertus_no_lora_ln_bf16_layer30_seed43_lr3em4,finished,2026-03-16 01:21:44+00:00,apertus,ln_bf16,30,43,3e-4,bfloat16,layernorm,0.28141525387763977,train/longfact_test_apertus/all_f1,0.256228924051497,apertus,all,f1
74i6ukb7,apertus_no_lora_ln_bf16_layer30_seed43_lr3em5,finished,2026-03-16 01:21:44+00:00,apertus,ln_bf16,30,43,3e-5,bfloat16,layernorm,0.367383748292923,train/longfact_test_apertus/all_f1,0.04057010556723804,apertus,all,f1
4m7o0thq,apertus_no_lora_ln_bf16_layer30_seed44_lr1em3,finished,2026-03-16 01:21:44+00:00,apertus,ln_bf16,30,44,1e-3,bfloat16,layernorm,0.3379320204257965,train/longfact_test_apertus/all_f1,0.279185798474276,apertus,all,f1
3huyrepp,apertus_no_lora_ln_bf16_layer30_seed44_lr1em4,finished,2026-03-16 01:21:44+00:00,apertus,ln_bf16,30,44,1e-4,bfloat16,layernorm,0.4082537889480591,train/longfact_test_apertus/all_f1,0.18982581155977832,apertus,all,f1
khqaa0hj,apertus_no_lora_ln_bf16_layer30_seed44_lr3em4,finished,2026-03-16 01:21:44+00:00,apertus,ln_bf16,30,44,3e-4,bfloat16,layernorm,0.3730915486812592,train/longfact_test_apertus/all_f1,0.25728438623871885,apertus,all,f1
v97a1dax,apertus_no_lora_ln_bf16_layer30_seed44_lr3em5,finished,2026-03-16 01:21:44+00:00,apertus,ln_bf16,30,44,3e-5,bfloat16,layernorm,0.44148337841033936,train/longfact_test_apertus/all_f1,0.04364819470559652,apertus,all,f1
a1vhu02a,apertus_no_lora_ln_fp32_layer10_seed42_lr1em3,finished,2026-03-16 18:21:39+00:00,apertus,ln_fp32,10,42,1e-3,float32,layernorm,0.12267088890075684,train/longfact_test_apertus/all_f1,0.29263344744516295,apertus,all,f1
s5e7uzrk,apertus_no_lora_ln_fp32_layer10_seed42_lr1em4,finished,2026-03-16 18:21:39+00:00,apertus,ln_fp32,10,42,1e-4,float32,layernorm,0.2215098738670349,train/longfact_test_apertus/all_f1,0.27745581684946596,apertus,all,f1
a039mxlm,apertus_no_lora_ln_fp32_layer10_seed42_lr3em4,finished,2026-03-16 18:21:39+00:00,apertus,ln_fp32,10,42,3e-4,float32,layernorm,0.15673403441905975,train/longfact_test_apertus/all_f1,0.2936110207180822,apertus,all,f1
ur0fzre6,apertus_no_lora_ln_fp32_layer10_seed42_lr3em5,finished,2026-03-16 18:21:39+00:00,apertus,ln_fp32,10,42,3e-5,float32,layernorm,0.4890720844268799,train/longfact_test_apertus/all_f1,0.2078158685816658,apertus,all,f1
kyx3dh6x,apertus_no_lora_ln_fp32_layer10_seed43_lr1em3,finished,2026-03-16 18:21:39+00:00,apertus,ln_fp32,10,43,1e-3,float32,layernorm,0.2920945882797241,train/longfact_test_apertus/all_f1,0.2958114359442364,apertus,all,f1
anpnl7j5,apertus_no_lora_ln_fp32_layer10_seed43_lr1em4,finished,2026-03-16 18:21:39+00:00,apertus,ln_fp32,10,43,1e-4,float32,layernorm,0.26364782452583313,train/longfact_test_apertus/all_f1,0.27061533069644017,apertus,all,f1
mu08a37q,apertus_no_lora_ln_fp32_layer10_seed43_lr3em4,finished,2026-03-16 18:21:39+00:00,apertus,ln_fp32,10,43,3e-4,float32,layernorm,0.2802787125110626,train/longfact_test_apertus/all_f1,0.2894663376176704,apertus,all,f1
0q5lbh0o,apertus_no_lora_ln_fp32_layer10_seed43_lr3em5,finished,2026-03-16 18:21:39+00:00,apertus,ln_fp32,10,43,3e-5,float32,layernorm,0.27201464772224426,train/longfact_test_apertus/all_f1,0.2054560298217779,apertus,all,f1
b2incihb,apertus_no_lora_ln_fp32_layer10_seed44_lr1em3,finished,2026-03-16 18:21:39+00:00,apertus,ln_fp32,10,44,1e-3,float32,layernorm,0.19783645868301392,train/longfact_test_apertus/all_f1,0.2977889783623083,apertus,all,f1
9s2c6c1h,apertus_no_lora_ln_fp32_layer10_seed44_lr1em4,finished,2026-03-16 18:21:39+00:00,apertus,ln_fp32,10,44,1e-4,float32,layernorm,0.32758116722106934,train/longfact_test_apertus/all_f1,0.27715346655591927,apertus,all,f1
u1cqzubx,apertus_no_lora_ln_fp32_layer10_seed44_lr3em4,finished,2026-03-16 18:21:39+00:00,apertus,ln_fp32,10,44,3e-4,float32,layernorm,0.2790237069129944,train/longfact_test_apertus/all_f1,0.2955422203171882,apertus,all,f1
jd8rl3y0,apertus_no_lora_ln_fp32_layer10_seed44_lr3em5,finished,2026-03-16 18:21:39+00:00,apertus,ln_fp32,10,44,3e-5,float32,layernorm,0.29283058643341064,train/longfact_test_apertus/all_f1,0.20711934282989264,apertus,all,f1
tvxgxlk0,apertus_no_lora_ln_fp32_layer20_seed42_lr1em3,finished,2026-03-16 18:21:39+00:00,apertus,ln_fp32,20,42,1e-3,float32,layernorm,0.11203589290380478,train/longfact_test_apertus/all_f1,0.28965776774250673,apertus,all,f1
szjyc7rq,apertus_no_lora_ln_fp32_layer20_seed42_lr1em4,finished,2026-03-16 18:21:39+00:00,apertus,ln_fp32,20,42,1e-4,float32,layernorm,0.3388446271419525,train/longfact_test_apertus/all_f1,0.27790956263899186,apertus,all,f1
j1ydn4mi,apertus_no_lora_ln_fp32_layer20_seed42_lr3em4,finished,2026-03-16 18:21:39+00:00,apertus,ln_fp32,20,42,3e-4,float32,layernorm,0.18392929434776303,train/longfact_test_apertus/all_f1,0.2931144530418911,apertus,all,f1
mru621ko,apertus_no_lora_ln_fp32_layer20_seed42_lr3em5,finished,2026-03-16 18:21:39+00:00,apertus,ln_fp32,20,42,3e-5,float32,layernorm,0.6155123114585876,train/longfact_test_apertus/all_f1,0.20762439429816995,apertus,all,f1
cuinxn0m,apertus_no_lora_ln_fp32_layer20_seed43_lr1em3,finished,2026-03-16 18:21:39+00:00,apertus,ln_fp32,20,43,1e-3,float32,layernorm,0.2761920690536499,train/longfact_test_apertus/all_f1,0.297573587477418,apertus,all,f1
gfuz02ro,apertus_no_lora_ln_fp32_layer20_seed43_lr1em4,finished,2026-03-16 18:21:39+00:00,apertus,ln_fp32,20,43,1e-4,float32,layernorm,0.28859972953796387,train/longfact_test_apertus/all_f1,0.27392048696975463,apertus,all,f1
bydlptvs,apertus_no_lora_ln_fp32_layer20_seed43_lr3em4,finished,2026-03-16 18:21:39+00:00,apertus,ln_fp32,20,43,3e-4,float32,layernorm,0.27679380774497986,train/longfact_test_apertus/all_f1,0.2930158402440843,apertus,all,f1
5a8w5arg,apertus_no_lora_ln_fp32_layer20_seed43_lr3em5,finished,2026-03-16 18:21:39+00:00,apertus,ln_fp32,20,43,3e-5,float32,layernorm,0.30041441321372986,train/longfact_test_apertus/all_f1,0.20624536956761613,apertus,all,f1
3wystufk,apertus_no_lora_ln_fp32_layer20_seed44_lr1em3,finished,2026-03-16 18:21:39+00:00,apertus,ln_fp32,20,44,1e-3,float32,layernorm,0.37859293818473816,train/longfact_test_apertus/all_f1,0.3054847388627455,apertus,all,f1
ipm80jlq,apertus_no_lora_ln_fp32_layer20_seed44_lr1em4,finished,2026-03-16 18:21:39+00:00,apertus,ln_fp32,20,44,1e-4,float32,layernorm,0.39040952920913696,train/longfact_test_apertus/all_f1,0.2779022301871764,apertus,all,f1
28tm3neg,apertus_no_lora_ln_fp32_layer20_seed44_lr3em4,finished,2026-03-16 18:21:39+00:00,apertus,ln_fp32,20,44,3e-4,float32,layernorm,0.4330550134181976,train/longfact_test_apertus/all_f1,0.29848209129245623,apertus,all,f1
zoq512xp,apertus_no_lora_ln_fp32_layer20_seed44_lr3em5,finished,2026-03-16 18:21:39+00:00,apertus,ln_fp32,20,44,3e-5,float32,layernorm,0.37936899065971375,train/longfact_test_apertus/all_f1,0.2083477169308018,apertus,all,f1
8hrkgqv3,apertus_no_lora_ln_fp32_layer26_seed42_lr1em3,finished,2026-03-16 18:21:39+00:00,apertus,ln_fp32,26,42,1e-3,float32,layernorm,0.17951826751232147,train/longfact_test_apertus/all_f1,0.26884570082449943,apertus,all,f1
rlqcb2g4,apertus_no_lora_ln_fp32_layer26_seed42_lr1em4,finished,2026-03-16 18:21:39+00:00,apertus,ln_fp32,26,42,1e-4,float32,layernorm,0.3578282594680786,train/longfact_test_apertus/all_f1,0.23630652725786325,apertus,all,f1
r2wu0aof,apertus_no_lora_ln_fp32_layer26_seed42_lr3em4,finished,2026-03-16 18:21:39+00:00,apertus,ln_fp32,26,42,3e-4,float32,layernorm,0.24504521489143372,train/longfact_test_apertus/all_f1,0.2666852057842047,apertus,all,f1
okj43cej,apertus_no_lora_ln_fp32_layer26_seed42_lr3em5,finished,2026-03-16 18:21:39+00:00,apertus,ln_fp32,26,42,3e-5,float32,layernorm,0.6153150200843811,train/longfact_test_apertus/all_f1,0.1572814179052404,apertus,all,f1
44fifewm,apertus_no_lora_ln_fp32_layer26_seed43_lr1em3,finished,2026-03-16 18:21:39+00:00,apertus,ln_fp32,26,43,1e-3,float32,layernorm,0.26287174224853516,train/longfact_test_apertus/all_f1,0.2697391536122318,apertus,all,f1
cfgw5o62,apertus_no_lora_ln_fp32_layer26_seed43_lr1em4,finished,2026-03-16 18:21:39+00:00,apertus,ln_fp32,26,43,1e-4,float32,layernorm,0.27609291672706604,train/longfact_test_apertus/all_f1,0.23152327942615888,apertus,all,f1
5yjm6w2c,apertus_no_lora_ln_fp32_layer26_seed43_lr3em4,finished,2026-03-16 18:21:39+00:00,apertus,ln_fp32,26,43,3e-4,float32,layernorm,0.268221378326416,train/longfact_test_apertus/all_f1,0.2611058386094463,apertus,all,f1
bj0fbt17,apertus_no_lora_ln_fp32_layer26_seed43_lr3em5,finished,2026-03-16 18:21:39+00:00,apertus,ln_fp32,26,43,3e-5,float32,layernorm,0.28795114159584045,train/longfact_test_apertus/all_f1,0.15636592706656402,apertus,all,f1
thtwlsce,apertus_no_lora_ln_fp32_layer26_seed44_lr1em3,finished,2026-03-16 18:21:39+00:00,apertus,ln_fp32,26,44,1e-3,float32,layernorm,0.4517517387866974,train/longfact_test_apertus/all_f1,0.2799216210399937,apertus,all,f1
a2rdvxyc,apertus_no_lora_ln_fp32_layer26_seed44_lr1em4,finished,2026-03-16 18:21:39+00:00,apertus,ln_fp32,26,44,1e-4,float32,layernorm,0.28372296690940857,train/longfact_test_apertus/all_f1,0.2352090264718646,apertus,all,f1
veq9b7kw,apertus_no_lora_ln_fp32_layer26_seed44_lr3em4,finished,2026-03-16 18:21:39+00:00,apertus,ln_fp32,26,44,3e-4,float32,layernorm,0.37059929966926575,train/longfact_test_apertus/all_f1,0.2667405653247342,apertus,all,f1
5aqux06m,apertus_no_lora_ln_fp32_layer26_seed44_lr3em5,finished,2026-03-16 18:21:39+00:00,apertus,ln_fp32,26,44,3e-5,float32,layernorm,0.3035992383956909,train/longfact_test_apertus/all_f1,0.15907943526626395,apertus,all,f1
qg1y3gso,apertus_no_lora_ln_fp32_layer30_seed42_lr1em3,finished,2026-03-16 18:21:39+00:00,apertus,ln_fp32,30,42,1e-3,float32,layernorm,0.1903767287731171,train/longfact_test_apertus/all_f1,0.2648237733241189,apertus,all,f1
r9e2fhqm,apertus_no_lora_ln_fp32_layer30_seed42_lr1em4,finished,2026-03-16 18:21:39+00:00,apertus,ln_fp32,30,42,1e-4,float32,layernorm,0.38982802629470825,train/longfact_test_apertus/all_f1,0.23449348058843372,apertus,all,f1
e24v1w1s,apertus_no_lora_ln_fp32_layer30_seed42_lr3em4,finished,2026-03-16 18:21:39+00:00,apertus,ln_fp32,30,42,3e-4,float32,layernorm,0.2570212781429291,train/longfact_test_apertus/all_f1,0.26140380626899545,apertus,all,f1
jtcznw8g,apertus_no_lora_ln_fp32_layer30_seed42_lr3em5,finished,2026-03-16 18:21:39+00:00,apertus,ln_fp32,30,42,3e-5,float32,layernorm,0.6943867206573486,train/longfact_test_apertus/all_f1,0.1614919811238616,apertus,all,f1
v3qqa12o,apertus_no_lora_ln_fp32_layer30_seed43_lr1em3,finished,2026-03-16 18:21:39+00:00,apertus,ln_fp32,30,43,1e-3,float32,layernorm,0.2808498740196228,train/longfact_test_apertus/all_f1,0.274474078513635,apertus,all,f1
lgm2cr72,apertus_no_lora_ln_fp32_layer30_seed43_lr1em4,finished,2026-03-16 18:21:39+00:00,apertus,ln_fp32,30,43,1e-4,float32,layernorm,0.2797033190727234,train/longfact_test_apertus/all_f1,0.2271784696632901,apertus,all,f1
f873k60o,apertus_no_lora_ln_fp32_layer30_seed43_lr3em4,finished,2026-03-16 18:21:39+00:00,apertus,ln_fp32,30,43,3e-4,float32,layernorm,0.28264516592025757,train/longfact_test_apertus/all_f1,0.26315110881897885,apertus,all,f1
ybsg28sj,apertus_no_lora_ln_fp32_layer30_seed43_lr3em5,finished,2026-03-16 18:21:39+00:00,apertus,ln_fp32,30,43,3e-5,float32,layernorm,0.30628159642219543,train/longfact_test_apertus/all_f1,0.15649419218585006,apertus,all,f1
kn811t36,apertus_no_lora_ln_fp32_layer30_seed44_lr1em3,finished,2026-03-16 18:21:39+00:00,apertus,ln_fp32,30,44,1e-3,float32,layernorm,0.3007677495479584,train/longfact_test_apertus/all_f1,0.2792544718037413,apertus,all,f1
wf8rodcd,apertus_no_lora_ln_fp32_layer30_seed44_lr1em4,finished,2026-03-16 18:21:39+00:00,apertus,ln_fp32,30,44,1e-4,float32,layernorm,0.3687911331653595,train/longfact_test_apertus/all_f1,0.2324940645426034,apertus,all,f1
524a5l0b,apertus_no_lora_ln_fp32_layer30_seed44_lr3em4,finished,2026-03-16 18:21:39+00:00,apertus,ln_fp32,30,44,3e-4,float32,layernorm,0.3833605647087097,train/longfact_test_apertus/all_f1,0.26614401710489477,apertus,all,f1
m6zpszut,apertus_no_lora_ln_fp32_layer30_seed44_lr3em5,finished,2026-03-16 18:21:39+00:00,apertus,ln_fp32,30,44,3e-5,float32,layernorm,0.4072107970714569,train/longfact_test_apertus/all_f1,0.161697985293862,apertus,all,f1
2msk68xv,apertus_no_lora_long_form_layer10_seed42,finished,2026-03-02 14:54:28+00:00,apertus,apertus_layers,10,42,,bfloat16,none,0.1188635155558586,train/longfact_test_apertus/all_recall_at_0.1_fpr,0.5489403009221808,apertus,all,recall_at_0.1_fpr
ennpfi5c,apertus_no_lora_long_form_layer10_seed43,finished,2026-03-02 14:55:28+00:00,apertus,apertus_layers,10,43,,bfloat16,none,0.2892115116119385,train/longfact_test_apertus/all_recall_at_0.1_fpr,0.5524533709293457,apertus,all,recall_at_0.1_fpr
ckfvtpqq,apertus_no_lora_long_form_layer10_seed44,finished,2026-03-02 14:55:28+00:00,apertus,apertus_layers,10,44,,bfloat16,none,0.14164792001247406,train/longfact_test_apertus/all_recall_at_0.1_fpr,0.5391175722837266,apertus,all,recall_at_0.1_fpr
5w54hojz,apertus_no_lora_long_form_layer20_seed42,finished,2026-03-02 14:56:24+00:00,apertus,apertus_layers,20,42,,bfloat16,none,0.002515794476494193,train/longfact_test_apertus/all_recall_at_0.1_fpr,0.3927935840247764,apertus,all,recall_at_0.1_fpr
h3qhm4bp,apertus_no_lora_long_form_layer20_seed43,finished,2026-03-02 14:56:24+00:00,apertus,apertus_layers,20,43,,bfloat16,none,0.4361111521720886,train/longfact_test_apertus/all_recall_at_0.1_fpr,0.4200661011856611,apertus,all,recall_at_0.1_fpr
1sb6t3rt,apertus_no_lora_long_form_layer20_seed44,finished,2026-03-02 14:56:24+00:00,apertus,apertus_layers,20,44,,bfloat16,none,0.9805268049240112,train/longfact_test_apertus/all_recall_at_0.1_fpr,0.39108327362655143,apertus,all,recall_at_0.1_fpr
fjxaywoo,apertus_no_lora_long_form_layer26_seed42,finished,2026-03-02 14:56:59+00:00,apertus,apertus_layers,26,42,,bfloat16,none,0.022064460441470143,train/longfact_test_apertus/all_recall_at_0.1_fpr,0.3869461714470613,apertus,all,recall_at_0.1_fpr
fc3llcx0,apertus_no_lora_long_form_layer26_seed43,finished,2026-03-02 14:58:28+00:00,apertus,apertus_layers,26,43,,bfloat16,none,4.096796035766602,train/longfact_test_apertus/all_recall_at_0.1_fpr,0.3854438717729448,apertus,all,recall_at_0.1_fpr
gtn6g9ne,apertus_no_lora_long_form_layer26_seed44,finished,2026-03-02 14:58:28+00:00,apertus,apertus_layers,26,44,,bfloat16,none,0.0003512128023430705,train/longfact_test_apertus/all_recall_at_0.1_fpr,0.3773083412300368,apertus,all,recall_at_0.1_fpr
pk12wkry,apertus_no_lora_long_form_layer30_seed42,finished,2026-03-02 14:58:28+00:00,apertus,apertus_layers,30,42,,bfloat16,none,82.0517578125,train/longfact_test_apertus/all_recall_at_0.1_fpr,0.0001386738160722953,apertus,all,recall_at_0.1_fpr
vhvivjkc,apertus_no_lora_long_form_layer30_seed43,finished,2026-03-02 14:58:28+00:00,apertus,apertus_layers,30,43,,bfloat16,none,10.69191074371338,train/longfact_test_apertus/all_recall_at_0.1_fpr,0.34585249728430445,apertus,all,recall_at_0.1_fpr
agskbmvs,apertus_no_lora_long_form_layer30_seed44,finished,2026-03-02 14:58:28+00:00,apertus,apertus_layers,30,44,,bfloat16,none,0.0001453680742997676,train/longfact_test_apertus/all_recall_at_0.1_fpr,0.2638731596828992,apertus,all,recall_at_0.1_fpr
o5fobkxj,apertus_no_lora_bf16_only_layer10_seed42_lr1em3,finished,2026-03-16 01:21:45+00:00,apertus,bf16_only,10,42,1e-3,bfloat16,none,0.1060740053653717,train/longfact_test_apertus/all_recall_at_0.1_fpr,0.5529618415882774,apertus,all,recall_at_0.1_fpr
ngsqu3i1,apertus_no_lora_bf16_only_layer10_seed42_lr1em4,finished,2026-03-16 01:21:45+00:00,apertus,bf16_only,10,42,1e-4,bfloat16,none,0.11451046913862228,train/longfact_test_apertus/all_recall_at_0.1_fpr,0.5096262740656852,apertus,all,recall_at_0.1_fpr
5xzqhvy4,apertus_no_lora_bf16_only_layer10_seed42_lr3em4,finished,2026-03-16 01:21:45+00:00,apertus,bf16_only,10,42,3e-4,bfloat16,none,0.11626026779413225,train/longfact_test_apertus/all_recall_at_0.1_fpr,0.5777382300598609,apertus,all,recall_at_0.1_fpr
83kur7ka,apertus_no_lora_bf16_only_layer10_seed42_lr3em5,finished,2026-03-16 01:21:45+00:00,apertus,bf16_only,10,42,3e-5,bfloat16,none,0.4366786777973175,train/longfact_test_apertus/all_recall_at_0.1_fpr,0.35128388841380265,apertus,all,recall_at_0.1_fpr
j9k3f0jm,apertus_no_lora_bf16_only_layer10_seed43_lr1em3,finished,2026-03-16 01:21:44+00:00,apertus,bf16_only,10,43,1e-3,bfloat16,none,0.3009301424026489,train/longfact_test_apertus/all_recall_at_0.1_fpr,0.551621328032912,apertus,all,recall_at_0.1_fpr
ougxjsfh,apertus_no_lora_bf16_only_layer10_seed43_lr1em4,finished,2026-03-16 01:21:44+00:00,apertus,bf16_only,10,43,1e-4,bfloat16,none,0.27749955654144287,train/longfact_test_apertus/all_recall_at_0.1_fpr,0.505489171886195,apertus,all,recall_at_0.1_fpr
21sy8y12,apertus_no_lora_bf16_only_layer10_seed43_lr3em4,finished,2026-03-16 01:21:44+00:00,apertus,bf16_only,10,43,3e-4,bfloat16,none,0.2755349278450012,train/longfact_test_apertus/all_recall_at_0.1_fpr,0.580742829408094,apertus,all,recall_at_0.1_fpr
t26a4uwp,apertus_no_lora_bf16_only_layer10_seed43_lr3em5,finished,2026-03-16 01:21:44+00:00,apertus,bf16_only,10,43,3e-5,bfloat16,none,0.3126707673072815,train/longfact_test_apertus/all_recall_at_0.1_fpr,0.3557214505281161,apertus,all,recall_at_0.1_fpr
p9n6ul1e,apertus_no_lora_bf16_only_layer10_seed44_lr1em3,finished,2026-03-16 01:21:44+00:00,apertus,bf16_only,10,44,1e-3,bfloat16,none,0.15629735589027405,train/longfact_test_apertus/all_recall_at_0.1_fpr,0.5385628770194374,apertus,all,recall_at_0.1_fpr
feljklm1,apertus_no_lora_bf16_only_layer10_seed44_lr1em4,finished,2026-03-16 01:21:44+00:00,apertus,bf16_only,10,44,1e-4,bfloat16,none,0.593794047832489,train/longfact_test_apertus/all_recall_at_0.1_fpr,0.5101578570272957,apertus,all,recall_at_0.1_fpr
lfafy2oe,apertus_no_lora_bf16_only_layer10_seed44_lr3em4,finished,2026-03-16 01:21:44+00:00,apertus,bf16_only,10,44,3e-4,bfloat16,none,0.2656649947166443,train/longfact_test_apertus/all_recall_at_0.1_fpr,0.574386946171447,apertus,all,recall_at_0.1_fpr
r3oezlrl,apertus_no_lora_bf16_only_layer10_seed44_lr3em5,finished,2026-03-16 01:21:44+00:00,apertus,bf16_only,10,44,3e-5,bfloat16,none,0.7305357456207275,train/longfact_test_apertus/all_recall_at_0.1_fpr,0.35796334388795154,apertus,all,recall_at_0.1_fpr
uw94ef5i,apertus_no_lora_bf16_only_layer20_seed42_lr1em3,finished,2026-03-16 01:21:44+00:00,apertus,bf16_only,20,42,1e-3,bfloat16,none,0.006061427295207977,train/longfact_test_apertus/all_recall_at_0.1_fpr,0.4036332539810941,apertus,all,recall_at_0.1_fpr
ymsrn4r6,apertus_no_lora_bf16_only_layer20_seed42_lr1em4,finished,2026-03-16 01:21:44+00:00,apertus,bf16_only,20,42,1e-4,bfloat16,none,0.04400371387600899,train/longfact_test_apertus/all_recall_at_0.1_fpr,0.3740263942496591,apertus,all,recall_at_0.1_fpr
uy0gdnv4,apertus_no_lora_bf16_only_layer20_seed42_lr3em4,finished,2026-03-16 01:21:44+00:00,apertus,bf16_only,20,42,3e-4,bfloat16,none,0.00907330308109522,train/longfact_test_apertus/all_recall_at_0.1_fpr,0.4115145491945362,apertus,all,recall_at_0.1_fpr
fu81gp5i,apertus_no_lora_bf16_only_layer20_seed42_lr3em5,finished,2026-03-16 01:21:44+00:00,apertus,bf16_only,20,42,3e-5,bfloat16,none,2.1262459754943848,train/longfact_test_apertus/all_recall_at_0.1_fpr,0.25097649478817574,apertus,all,recall_at_0.1_fpr
2g6rw2bt,apertus_no_lora_bf16_only_layer20_seed43_lr1em3,finished,2026-03-16 01:21:44+00:00,apertus,bf16_only,20,43,1e-3,bfloat16,none,0.5826413631439209,train/longfact_test_apertus/all_recall_at_0.1_fpr,0.430813321931264,apertus,all,recall_at_0.1_fpr
7ynpw2cn,apertus_no_lora_bf16_only_layer20_seed43_lr1em4,finished,2026-03-16 01:21:44+00:00,apertus,bf16_only,20,43,1e-4,bfloat16,none,1.368619084358215,train/longfact_test_apertus/all_recall_at_0.1_fpr,0.3757829292532415,apertus,all,recall_at_0.1_fpr
900ivg46,apertus_no_lora_bf16_only_layer20_seed43_lr3em4,finished,2026-03-16 01:21:44+00:00,apertus,bf16_only,20,43,3e-4,bfloat16,none,0.40857547521591187,train/longfact_test_apertus/all_recall_at_0.1_fpr,0.4217764115838861,apertus,all,recall_at_0.1_fpr
qo5cb98m,apertus_no_lora_bf16_only_layer20_seed43_lr3em5,finished,2026-03-16 01:21:44+00:00,apertus,bf16_only,20,43,3e-5,bfloat16,none,6.096769332885742,train/longfact_test_apertus/all_recall_at_0.1_fpr,0.2541197679524811,apertus,all,recall_at_0.1_fpr
99kvtmj8,apertus_no_lora_bf16_only_layer20_seed44_lr1em3,finished,2026-03-16 01:21:44+00:00,apertus,bf16_only,20,44,1e-3,bfloat16,none,0.13294142484664917,train/longfact_test_apertus/all_recall_at_0.1_fpr,0.3921233272470936,apertus,all,recall_at_0.1_fpr
g1itgrow,apertus_no_lora_bf16_only_layer20_seed44_lr1em4,finished,2026-03-16 01:21:44+00:00,apertus,bf16_only,20,44,1e-4,bfloat16,none,4.639030521502718e-05,train/longfact_test_apertus/all_recall_at_0.1_fpr,0.382092587884531,apertus,all,recall_at_0.1_fpr
vuc2g8id,apertus_no_lora_bf16_only_layer20_seed44_lr3em4,finished,2026-03-16 01:21:44+00:00,apertus,bf16_only,20,44,3e-4,bfloat16,none,0.2754364609718323,train/longfact_test_apertus/all_recall_at_0.1_fpr,0.4100353618230984,apertus,all,recall_at_0.1_fpr
v52uwh1g,apertus_no_lora_bf16_only_layer20_seed44_lr3em5,finished,2026-03-16 01:21:44+00:00,apertus,bf16_only,20,44,3e-5,bfloat16,none,23.12533187866211,train/longfact_test_apertus/all_recall_at_0.1_fpr,0.2500751149837058,apertus,all,recall_at_0.1_fpr
vz5jn274,apertus_no_lora_bf16_only_layer26_seed42_lr1em3,finished,2026-03-16 01:21:44+00:00,apertus,bf16_only,26,42,1e-3,bfloat16,none,0.023973966017365456,train/longfact_test_apertus/all_recall_at_0.1_fpr,0.3796426838005871,apertus,all,recall_at_0.1_fpr
4drsxr5u,apertus_no_lora_bf16_only_layer26_seed42_lr1em4,finished,2026-03-16 01:21:44+00:00,apertus,bf16_only,26,42,1e-4,bfloat16,none,0.023594362661242485,train/longfact_test_apertus/all_recall_at_0.1_fpr,0.33076016363510297,apertus,all,recall_at_0.1_fpr
1crms08u,apertus_no_lora_bf16_only_layer26_seed42_lr3em4,finished,2026-03-16 01:21:44+00:00,apertus,bf16_only,26,42,3e-4,bfloat16,none,0.006822563707828522,train/longfact_test_apertus/all_recall_at_0.1_fpr,0.36029768645850185,apertus,all,recall_at_0.1_fpr
cq95ctu3,apertus_no_lora_bf16_only_layer26_seed42_lr3em5,finished,2026-03-16 01:21:44+00:00,apertus,bf16_only,26,42,3e-5,bfloat16,none,0.9924049973487854,train/longfact_test_apertus/all_recall_at_0.1_fpr,0.23775625765595024,apertus,all,recall_at_0.1_fpr
q08ckrfy,apertus_no_lora_bf16_only_layer26_seed43_lr1em3,finished,2026-03-16 01:21:45+00:00,apertus,bf16_only,26,43,1e-3,bfloat16,none,4.096848487854004,train/longfact_test_apertus/all_recall_at_0.1_fpr,0.3799662560380891,apertus,all,recall_at_0.1_fpr
hirctdjt,apertus_no_lora_bf16_only_layer26_seed43_lr1em4,finished,2026-03-16 01:21:45+00:00,apertus,bf16_only,26,43,1e-4,bfloat16,none,4.878128528594971,train/longfact_test_apertus/all_recall_at_0.1_fpr,0.3364920146994245,apertus,all,recall_at_0.1_fpr
psn29j9n,apertus_no_lora_bf16_only_layer26_seed43_lr3em4,finished,2026-03-16 01:21:45+00:00,apertus,bf16_only,26,43,3e-4,bfloat16,none,1.7208261489868164,train/longfact_test_apertus/all_recall_at_0.1_fpr,0.364758360875494,apertus,all,recall_at_0.1_fpr
lx8g6b8s,apertus_no_lora_bf16_only_layer26_seed43_lr3em5,finished,2026-03-16 01:21:45+00:00,apertus,bf16_only,26,43,3e-5,bfloat16,none,12.94149684906006,train/longfact_test_apertus/all_recall_at_0.1_fpr,0.23754824693184184,apertus,all,recall_at_0.1_fpr
wixkxx9v,apertus_no_lora_bf16_only_layer26_seed44_lr1em3,finished,2026-03-16 01:21:44+00:00,apertus,bf16_only,26,44,1e-3,bfloat16,none,10.250615119934082,train/longfact_test_apertus/all_recall_at_0.1_fpr,0.3750664478702013,apertus,all,recall_at_0.1_fpr
2r4mqan8,apertus_no_lora_bf16_only_layer26_seed44_lr1em4,finished,2026-03-16 01:21:44+00:00,apertus,bf16_only,26,44,1e-4,bfloat16,none,0.0004059617640450597,train/longfact_test_apertus/all_recall_at_0.1_fpr,0.33901125569140456,apertus,all,recall_at_0.1_fpr
v3h0pfq3,apertus_no_lora_bf16_only_layer26_seed44_lr3em4,finished,2026-03-16 01:21:44+00:00,apertus,bf16_only,26,44,3e-4,bfloat16,none,0.3673836886882782,train/longfact_test_apertus/all_recall_at_0.1_fpr,0.35472762151293136,apertus,all,recall_at_0.1_fpr
muqajhqb,apertus_no_lora_bf16_only_layer26_seed44_lr3em5,finished,2026-03-16 01:21:44+00:00,apertus,bf16_only,26,44,3e-5,bfloat16,none,7.75074577331543,train/longfact_test_apertus/all_recall_at_0.1_fpr,0.23798738068273745,apertus,all,recall_at_0.1_fpr
imd2hxzj,apertus_no_lora_bf16_only_layer30_seed42_lr1em3,finished,2026-03-16 01:21:44+00:00,apertus,bf16_only,30,42,1e-3,bfloat16,none,82.0517578125,train/longfact_test_apertus/all_recall_at_0.1_fpr,0.0,apertus,all,recall_at_0.1_fpr
g9535ebe,apertus_no_lora_bf16_only_layer30_seed42_lr1em4,finished,2026-03-16 01:21:44+00:00,apertus,bf16_only,30,42,1e-4,bfloat16,none,0.033634547144174576,train/longfact_test_apertus/all_recall_at_0.1_fpr,0.3358910948297779,apertus,all,recall_at_0.1_fpr
j9yucacb,apertus_no_lora_bf16_only_layer30_seed42_lr3em4,finished,2026-03-16 01:21:44+00:00,apertus,bf16_only,30,42,3e-4,bfloat16,none,0.025012411177158356,train/longfact_test_apertus/all_recall_at_0.1_fpr,0.36709270344604433,apertus,all,recall_at_0.1_fpr
4bo3xdzv,apertus_no_lora_bf16_only_layer30_seed42_lr3em5,finished,2026-03-16 01:21:44+00:00,apertus,bf16_only,30,42,3e-5,bfloat16,none,33.04824447631836,train/longfact_test_apertus/all_recall_at_0.1_fpr,0.2111077726673909,apertus,all,recall_at_0.1_fpr
a55rsp1p,apertus_no_lora_bf16_only_layer30_seed43_lr1em3,finished,2026-03-16 01:21:45+00:00,apertus,bf16_only,30,43,1e-3,bfloat16,none,9.379252433776855,train/longfact_test_apertus/all_recall_at_0.1_fpr,0.3033027480527885,apertus,all,recall_at_0.1_fpr
5uzjpj1x,apertus_no_lora_bf16_only_layer30_seed43_lr1em4,finished,2026-03-16 01:21:45+00:00,apertus,bf16_only,30,43,1e-4,bfloat16,none,6.222002029418945,train/longfact_test_apertus/all_recall_at_0.1_fpr,0.32900362863152055,apertus,all,recall_at_0.1_fpr
fctlmblr,apertus_no_lora_bf16_only_layer30_seed43_lr3em4,finished,2026-03-16 01:21:45+00:00,apertus,bf16_only,30,43,3e-4,bfloat16,none,5.815634250640869,train/longfact_test_apertus/all_recall_at_0.1_fpr,0.35197725749416414,apertus,all,recall_at_0.1_fpr
580vhzgn,apertus_no_lora_bf16_only_layer30_seed43_lr3em5,finished,2026-03-16 01:21:45+00:00,apertus,bf16_only,30,43,3e-5,bfloat16,none,10.316194534301758,train/longfact_test_apertus/all_recall_at_0.1_fpr,0.20045300113250283,apertus,all,recall_at_0.1_fpr
uns2a6j2,apertus_no_lora_bf16_only_layer30_seed44_lr1em3,finished,2026-03-16 01:21:44+00:00,apertus,bf16_only,30,44,1e-3,bfloat16,none,0.0,train/longfact_test_apertus/all_recall_at_0.1_fpr,0.0003697968428594541,apertus,all,recall_at_0.1_fpr
m97ar22y,apertus_no_lora_bf16_only_layer30_seed44_lr1em4,finished,2026-03-16 01:21:44+00:00,apertus,bf16_only,30,44,1e-4,bfloat16,none,10.063371658325195,train/longfact_test_apertus/all_recall_at_0.1_fpr,0.32304065454041186,apertus,all,recall_at_0.1_fpr
hr0vmzt0,apertus_no_lora_bf16_only_layer30_seed44_lr3em4,finished,2026-03-16 01:21:44+00:00,apertus,bf16_only,30,44,3e-4,bfloat16,none,6.532261848449707,train/longfact_test_apertus/all_recall_at_0.1_fpr,0.34804816603878247,apertus,all,recall_at_0.1_fpr
w644eh9h,apertus_no_lora_bf16_only_layer30_seed44_lr3em5,finished,2026-03-16 01:21:44+00:00,apertus,bf16_only,30,44,3e-5,bfloat16,none,33.25065612792969,train/longfact_test_apertus/all_recall_at_0.1_fpr,0.2008227979753623,apertus,all,recall_at_0.1_fpr
3618z7cg,apertus_no_lora_fp32_only_layer10_seed42_lr1em3,finished,2026-03-16 18:21:39+00:00,apertus,fp32_only,10,42,1e-3,float32,none,0.11816876381635666,train/longfact_test_apertus/all_recall_at_0.1_fpr,0.5298495389095615,apertus,all,recall_at_0.1_fpr
mhg0ycoh,apertus_no_lora_fp32_only_layer10_seed42_lr1em4,finished,2026-03-16 18:21:39+00:00,apertus,fp32_only,10,42,1e-4,float32,none,0.1332954168319702,train/longfact_test_apertus/all_recall_at_0.1_fpr,0.5439480435435783,apertus,all,recall_at_0.1_fpr
b71ik25s,apertus_no_lora_fp32_only_layer10_seed42_lr3em4,finished,2026-03-16 18:21:39+00:00,apertus,fp32_only,10,42,3e-4,float32,none,0.1127048209309578,train/longfact_test_apertus/all_recall_at_0.1_fpr,0.5699031594517762,apertus,all,recall_at_0.1_fpr
8hl54mqx,apertus_no_lora_fp32_only_layer10_seed42_lr3em5,finished,2026-03-16 18:21:39+00:00,apertus,fp32_only,10,42,3e-5,float32,none,0.15368859469890594,train/longfact_test_apertus/all_recall_at_0.1_fpr,0.4716065361591976,apertus,all,recall_at_0.1_fpr
x3sqior5,apertus_no_lora_fp32_only_layer10_seed43_lr1em3,finished,2026-03-16 18:21:39+00:00,apertus,fp32_only,10,43,1e-3,float32,none,0.29647397994995117,train/longfact_test_apertus/all_recall_at_0.1_fpr,0.5413825779462408,apertus,all,recall_at_0.1_fpr
dm4602lm,apertus_no_lora_fp32_only_layer10_seed43_lr1em4,finished,2026-03-16 18:21:39+00:00,apertus,fp32_only,10,43,1e-4,float32,none,0.2917933166027069,train/longfact_test_apertus/all_recall_at_0.1_fpr,0.5433933482792891,apertus,all,recall_at_0.1_fpr
3mcpf9f3,apertus_no_lora_fp32_only_layer10_seed43_lr3em4,finished,2026-03-16 18:21:39+00:00,apertus,fp32_only,10,43,3e-4,float32,none,0.2921086251735687,train/longfact_test_apertus/all_recall_at_0.1_fpr,0.5731388818267964,apertus,all,recall_at_0.1_fpr
0v0cghh6,apertus_no_lora_fp32_only_layer10_seed43_lr3em5,finished,2026-03-16 18:21:39+00:00,apertus,fp32_only,10,43,3e-5,float32,none,0.27485892176628113,train/longfact_test_apertus/all_recall_at_0.1_fpr,0.4668916264127395,apertus,all,recall_at_0.1_fpr
k8u6gf39,apertus_no_lora_fp32_only_layer10_seed44_lr1em3,finished,2026-03-16 18:21:39+00:00,apertus,fp32_only,10,44,1e-3,float32,none,0.09856606274843216,train/longfact_test_apertus/all_recall_at_0.1_fpr,0.5276769824577623,apertus,all,recall_at_0.1_fpr
rgnn8edm,apertus_no_lora_fp32_only_layer10_seed44_lr1em4,finished,2026-03-16 18:21:39+00:00,apertus,fp32_only,10,44,1e-4,float32,none,0.4017370939254761,train/longfact_test_apertus/all_recall_at_0.1_fpr,0.5418217116971363,apertus,all,recall_at_0.1_fpr
1hlg6mhh,apertus_no_lora_fp32_only_layer10_seed44_lr3em4,finished,2026-03-16 18:21:39+00:00,apertus,fp32_only,10,44,3e-4,float32,none,0.3334559202194214,train/longfact_test_apertus/all_recall_at_0.1_fpr,0.5663900894446113,apertus,all,recall_at_0.1_fpr
h32xr3bj,apertus_no_lora_fp32_only_layer10_seed44_lr3em5,finished,2026-03-16 18:21:39+00:00,apertus,fp32_only,10,44,3e-5,float32,none,0.6063321232795715,train/longfact_test_apertus/all_recall_at_0.1_fpr,0.47130607622437426,apertus,all,recall_at_0.1_fpr
7otuls41,apertus_no_lora_fp32_only_layer20_seed42_lr1em3,finished,2026-03-16 18:21:39+00:00,apertus,fp32_only,20,42,1e-3,float32,none,0.0014074433129280806,train/longfact_test_apertus/all_recall_at_0.1_fpr,0.4136177687382994,apertus,all,recall_at_0.1_fpr
h3hhroh2,apertus_no_lora_fp32_only_layer20_seed42_lr1em4,finished,2026-03-16 18:21:39+00:00,apertus,fp32_only,20,42,1e-4,float32,none,0.005417922046035528,train/longfact_test_apertus/all_recall_at_0.1_fpr,0.37601405228002865,apertus,all,recall_at_0.1_fpr
gbg3qolw,apertus_no_lora_fp32_only_layer20_seed42_lr3em4,finished,2026-03-16 18:21:39+00:00,apertus,fp32_only,20,42,3e-4,float32,none,0.012795637361705303,train/longfact_test_apertus/all_recall_at_0.1_fpr,0.4093651050454157,apertus,all,recall_at_0.1_fpr
vpc4pmw1,apertus_no_lora_fp32_only_layer20_seed42_lr3em5,finished,2026-03-16 18:21:39+00:00,apertus,fp32_only,20,42,3e-5,float32,none,0.4815448522567749,train/longfact_test_apertus/all_recall_at_0.1_fpr,0.343448817805718,apertus,all,recall_at_0.1_fpr
4hd86xs1,apertus_no_lora_fp32_only_layer20_seed43_lr1em3,finished,2026-03-16 18:21:39+00:00,apertus,fp32_only,20,43,1e-3,float32,none,0.7915925979614258,train/longfact_test_apertus/all_recall_at_0.1_fpr,0.40710009938290154,apertus,all,recall_at_0.1_fpr
dtswvc78,apertus_no_lora_fp32_only_layer20_seed43_lr1em4,finished,2026-03-16 18:21:39+00:00,apertus,fp32_only,20,43,1e-4,float32,none,0.9363940954208374,train/longfact_test_apertus/all_recall_at_0.1_fpr,0.3737490466175145,apertus,all,recall_at_0.1_fpr
r4canywa,apertus_no_lora_fp32_only_layer20_seed43_lr3em4,finished,2026-03-16 18:21:39+00:00,apertus,fp32_only,20,43,3e-4,float32,none,0.4842445254325866,train/longfact_test_apertus/all_recall_at_0.1_fpr,0.4317840386437701,apertus,all,recall_at_0.1_fpr
5pryw2ji,apertus_no_lora_fp32_only_layer20_seed43_lr3em5,finished,2026-03-16 18:21:39+00:00,apertus,fp32_only,20,43,3e-5,float32,none,2.3771839141845703,train/longfact_test_apertus/all_recall_at_0.1_fpr,0.3395197263503363,apertus,all,recall_at_0.1_fpr
cu47livm,apertus_no_lora_fp32_only_layer20_seed44_lr1em3,finished,2026-03-16 18:21:39+00:00,apertus,fp32_only,20,44,1e-3,float32,none,0.8405814170837402,train/longfact_test_apertus/all_recall_at_0.1_fpr,0.40388748931056,apertus,all,recall_at_0.1_fpr
7cq66mkt,apertus_no_lora_fp32_only_layer20_seed44_lr1em4,finished,2026-03-16 18:21:39+00:00,apertus,fp32_only,20,44,1e-4,float32,none,0.00021276120969559997,train/longfact_test_apertus/all_recall_at_0.1_fpr,0.37851018096933,apertus,all,recall_at_0.1_fpr
wrlr6qli,apertus_no_lora_fp32_only_layer20_seed44_lr3em4,finished,2026-03-16 18:21:39+00:00,apertus,fp32_only,20,44,3e-4,float32,none,0.7323926091194153,train/longfact_test_apertus/all_recall_at_0.1_fpr,0.4200429888829824,apertus,all,recall_at_0.1_fpr
nkk8fdiv,apertus_no_lora_fp32_only_layer20_seed44_lr3em5,finished,2026-03-16 18:21:39+00:00,apertus,fp32_only,20,44,3e-5,float32,none,3.7443130016326904,train/longfact_test_apertus/all_recall_at_0.1_fpr,0.34599117110037675,apertus,all,recall_at_0.1_fpr
jeyu4ke4,apertus_no_lora_fp32_only_layer26_seed42_lr1em3,finished,2026-03-16 18:21:39+00:00,apertus,fp32_only,26,42,1e-3,float32,none,0.02182931825518608,train/longfact_test_apertus/all_recall_at_0.1_fpr,0.3766611967550327,apertus,all,recall_at_0.1_fpr
6jnxw4n2,apertus_no_lora_fp32_only_layer26_seed42_lr1em4,finished,2026-03-16 18:21:39+00:00,apertus,fp32_only,26,42,1e-4,float32,none,0.017278315499424934,train/longfact_test_apertus/all_recall_at_0.1_fpr,0.33616844246192246,apertus,all,recall_at_0.1_fpr
vz2hbt4t,apertus_no_lora_fp32_only_layer26_seed42_lr3em4,finished,2026-03-16 18:21:39+00:00,apertus,fp32_only,26,42,3e-4,float32,none,0.006629477255046368,train/longfact_test_apertus/all_recall_at_0.1_fpr,0.3498278133450436,apertus,all,recall_at_0.1_fpr
g2rdqxou,apertus_no_lora_fp32_only_layer26_seed42_lr3em5,finished,2026-03-16 18:21:39+00:00,apertus,fp32_only,26,42,3e-5,float32,none,0.029366448521614075,train/longfact_test_apertus/all_recall_at_0.1_fpr,0.2847897936071371,apertus,all,recall_at_0.1_fpr
g557mw8r,apertus_no_lora_fp32_only_layer26_seed43_lr1em3,finished,2026-03-16 18:21:39+00:00,apertus,fp32_only,26,43,1e-3,float32,none,5.589945316314697,train/longfact_test_apertus/all_recall_at_0.1_fpr,0.3725009822728638,apertus,all,recall_at_0.1_fpr
xtj1l55e,apertus_no_lora_fp32_only_layer26_seed43_lr1em4,finished,2026-03-16 18:21:39+00:00,apertus,fp32_only,26,43,1e-4,float32,none,2.261085033416748,train/longfact_test_apertus/all_recall_at_0.1_fpr,0.3318464418610026,apertus,all,recall_at_0.1_fpr
tn9zon9i,apertus_no_lora_fp32_only_layer26_seed43_lr3em4,finished,2026-03-16 18:21:39+00:00,apertus,fp32_only,26,43,3e-4,float32,none,1.2675254344940186,train/longfact_test_apertus/all_recall_at_0.1_fpr,0.3456675988628747,apertus,all,recall_at_0.1_fpr
gi60xrz3,apertus_no_lora_fp32_only_layer26_seed43_lr3em5,finished,2026-03-16 18:21:39+00:00,apertus,fp32_only,26,43,3e-5,float32,none,5.592858791351318,train/longfact_test_apertus/all_recall_at_0.1_fpr,0.2881641897982296,apertus,all,recall_at_0.1_fpr
p7gub5up,apertus_no_lora_fp32_only_layer26_seed44_lr1em3,finished,2026-03-16 18:21:39+00:00,apertus,fp32_only,26,44,1e-3,float32,none,2.7211620807647705,train/longfact_test_apertus/all_recall_at_0.1_fpr,0.3771927797166432,apertus,all,recall_at_0.1_fpr
gani1xp7,apertus_no_lora_fp32_only_layer26_seed44_lr1em4,finished,2026-03-16 18:21:39+00:00,apertus,fp32_only,26,44,1e-4,float32,none,0.061501313000917435,train/longfact_test_apertus/all_recall_at_0.1_fpr,0.32784801349758474,apertus,all,recall_at_0.1_fpr
ill5vvx2,apertus_no_lora_fp32_only_layer26_seed44_lr3em4,finished,2026-03-16 18:21:39+00:00,apertus,fp32_only,26,44,3e-4,float32,none,0.02174818329513073,train/longfact_test_apertus/all_recall_at_0.1_fpr,0.34774770610395916,apertus,all,recall_at_0.1_fpr
b9ibkxys,apertus_no_lora_fp32_only_layer26_seed44_lr3em5,finished,2026-03-16 18:21:39+00:00,apertus,fp32_only,26,44,3e-5,float32,none,0.0007233090000227094,train/longfact_test_apertus/all_recall_at_0.1_fpr,0.29197771974021774,apertus,all,recall_at_0.1_fpr
362f178l,apertus_no_lora_fp32_only_layer30_seed42_lr1em3,finished,2026-03-16 18:21:39+00:00,apertus,fp32_only,30,42,1e-3,float32,none,81.83356475830078,train/longfact_test_apertus/all_recall_at_0.1_fpr,0.0,apertus,all,recall_at_0.1_fpr
572p44e7,apertus_no_lora_fp32_only_layer30_seed42_lr1em4,finished,2026-03-16 18:21:39+00:00,apertus,fp32_only,30,42,1e-4,float32,none,0.03013068065047264,train/longfact_test_apertus/all_recall_at_0.1_fpr,0.3272933182332956,apertus,all,recall_at_0.1_fpr
9k35iiw5,apertus_no_lora_fp32_only_layer30_seed42_lr3em4,finished,2026-03-16 18:21:39+00:00,apertus,fp32_only,30,42,3e-4,float32,none,0.02508390322327614,train/longfact_test_apertus/all_recall_at_0.1_fpr,0.34370305313518384,apertus,all,recall_at_0.1_fpr
7u26q4rs,apertus_no_lora_fp32_only_layer30_seed42_lr3em5,finished,2026-03-16 18:21:39+00:00,apertus,fp32_only,30,42,3e-5,float32,none,0.5540672540664673,train/longfact_test_apertus/all_recall_at_0.1_fpr,0.2779485520142372,apertus,all,recall_at_0.1_fpr
f817tswh,apertus_no_lora_fp32_only_layer30_seed43_lr1em3,finished,2026-03-16 18:21:39+00:00,apertus,fp32_only,30,43,1e-3,float32,none,9.374524116516112,train/longfact_test_apertus/all_recall_at_0.1_fpr,0.0,apertus,all,recall_at_0.1_fpr
lqmdrcpg,apertus_no_lora_fp32_only_layer30_seed43_lr1em4,finished,2026-03-16 18:21:39+00:00,apertus,fp32_only,30,43,1e-4,float32,none,5.7266106605529785,train/longfact_test_apertus/all_recall_at_0.1_fpr,0.3266230614556128,apertus,all,recall_at_0.1_fpr
f3nq1ppq,apertus_no_lora_fp32_only_layer30_seed43_lr3em4,finished,2026-03-16 18:21:39+00:00,apertus,fp32_only,30,43,3e-4,float32,none,5.207202911376953,train/longfact_test_apertus/all_recall_at_0.1_fpr,0.3479788291307463,apertus,all,recall_at_0.1_fpr
z9shqkbl,apertus_no_lora_fp32_only_layer30_seed43_lr3em5,finished,2026-03-16 18:21:39+00:00,apertus,fp32_only,30,43,3e-5,float32,none,6.685286521911621,train/longfact_test_apertus/all_recall_at_0.1_fpr,0.26613816534541335,apertus,all,recall_at_0.1_fpr
bz9gcqwk,apertus_no_lora_fp32_only_layer30_seed44_lr1em3,finished,2026-03-16 18:21:39+00:00,apertus,fp32_only,30,44,1e-3,float32,none,0.0,train/longfact_test_apertus/all_recall_at_0.1_fpr,0.0,apertus,all,recall_at_0.1_fpr
nhg2yz2u,apertus_no_lora_fp32_only_layer30_seed44_lr1em4,finished,2026-03-16 18:21:39+00:00,apertus,fp32_only,30,44,1e-4,float32,none,0.01171684730798006,train/longfact_test_apertus/all_recall_at_0.1_fpr,0.31312547669124274,apertus,all,recall_at_0.1_fpr
4yytvlvi,apertus_no_lora_fp32_only_layer30_seed44_lr3em4,finished,2026-03-16 18:21:39+00:00,apertus,fp32_only,30,44,3e-4,float32,none,0.0005547898472286761,train/longfact_test_apertus/all_recall_at_0.1_fpr,0.3345043566690549,apertus,all,recall_at_0.1_fpr
8kx20a5i,apertus_no_lora_fp32_only_layer30_seed44_lr3em5,finished,2026-03-16 18:21:39+00:00,apertus,fp32_only,30,44,3e-5,float32,none,33.319332122802734,train/longfact_test_apertus/all_recall_at_0.1_fpr,0.2777867658954862,apertus,all,recall_at_0.1_fpr
kgoq3e5r,llama_no_lora_long_form_layer10_seed42,finished,2026-03-02 14:45:36+00:00,llama,llama_layers,10,42,,bfloat16,none,0.4103353917598725,train/longfact_test_apertus/all_recall_at_0.1_fpr,0.6467092872111839,apertus,all,recall_at_0.1_fpr
9oem35be,llama_no_lora_long_form_layer10_seed43,finished,2026-03-02 14:46:11+00:00,llama,llama_layers,10,43,,bfloat16,none,0.582381546497345,train/longfact_test_apertus/all_recall_at_0.1_fpr,0.6464970687322599,apertus,all,recall_at_0.1_fpr
rri8v027,llama_no_lora_long_form_layer10_seed44,finished,2026-03-02 14:46:11+00:00,llama,llama_layers,10,44,,bfloat16,none,0.3619125485420227,train/longfact_test_apertus/all_recall_at_0.1_fpr,0.6460991590842773,apertus,all,recall_at_0.1_fpr
qni919ee,llama_no_lora_long_form_layer20_seed42,finished,2026-03-02 14:50:44+00:00,llama,llama_layers,20,42,,bfloat16,none,0.4025150239467621,train/longfact_test_apertus/all_recall_at_0.1_fpr,0.6362309998143089,apertus,all,recall_at_0.1_fpr
4aryhr4u,llama_no_lora_long_form_layer20_seed43,finished,2026-03-02 14:50:44+00:00,llama,llama_layers,20,43,,bfloat16,none,0.6214630007743835,train/longfact_test_apertus/all_recall_at_0.1_fpr,0.6315887205878452,apertus,all,recall_at_0.1_fpr
v8qejznt,llama_no_lora_long_form_layer20_seed44,finished,2026-03-02 14:50:44+00:00,llama,llama_layers,20,44,,bfloat16,none,0.4049457013607025,train/longfact_test_apertus/all_recall_at_0.1_fpr,0.6334721595882962,apertus,all,recall_at_0.1_fpr
82vjeyys,llama_no_lora_long_form_layer26_seed42,finished,2026-03-02 14:50:44+00:00,llama,llama_layers,26,42,,bfloat16,none,0.38688111305236816,train/longfact_test_apertus/all_recall_at_0.1_fpr,0.6076876143990237,apertus,all,recall_at_0.1_fpr
gzg4irhz,llama_no_lora_long_form_layer26_seed43,finished,2026-03-02 14:51:46+00:00,llama,llama_layers,26,43,,bfloat16,none,0.6332159042358398,train/longfact_test_apertus/all_recall_at_0.1_fpr,0.6049022468631456,apertus,all,recall_at_0.1_fpr
7u7entue,llama_no_lora_long_form_layer26_seed44,finished,2026-03-02 14:51:46+00:00,llama,llama_layers,26,44,,bfloat16,none,0.4069174230098725,train/longfact_test_apertus/all_recall_at_0.1_fpr,0.6053001565111282,apertus,all,recall_at_0.1_fpr
ct7o6ek7,llama_no_lora_long_form_layer30_seed42,finished,2026-03-02 14:51:46+00:00,llama,llama_layers,30,42,,bfloat16,none,0.4142408668994904,train/longfact_test_apertus/all_recall_at_0.1_fpr,0.6103934000053055,apertus,all,recall_at_0.1_fpr
av9rm02w,llama_no_lora_long_form_layer30_seed43,finished,2026-03-02 14:51:46+00:00,llama,llama_layers,30,43,,bfloat16,none,0.7231071591377258,train/longfact_test_apertus/all_recall_at_0.1_fpr,0.6082181605963339,apertus,all,recall_at_0.1_fpr
ojujrfsw,llama_no_lora_long_form_layer30_seed44,finished,2026-03-02 14:51:46+00:00,llama,llama_layers,30,44,,bfloat16,none,0.4089251160621643,train/longfact_test_apertus/all_recall_at_0.1_fpr,0.6056980661591108,apertus,all,recall_at_0.1_fpr
47rfeqmx,apertus_no_lora_ln_bf16_layer10_seed42_lr1em3,finished,2026-03-16 01:21:44+00:00,apertus,ln_bf16,10,42,1e-3,bfloat16,layernorm,0.14300638437271118,train/longfact_test_apertus/all_recall_at_0.1_fpr,0.620842674555666,apertus,all,recall_at_0.1_fpr
ltvbxnyc,apertus_no_lora_ln_bf16_layer10_seed42_lr1em4,finished,2026-03-16 01:21:44+00:00,apertus,ln_bf16,10,42,1e-4,bfloat16,layernorm,0.3950393497943878,train/longfact_test_apertus/all_recall_at_0.1_fpr,0.6153188342154529,apertus,all,recall_at_0.1_fpr
aupa5a3l,apertus_no_lora_ln_bf16_layer10_seed42_lr3em4,finished,2026-03-16 01:21:44+00:00,apertus,ln_bf16,10,42,3e-4,bfloat16,layernorm,0.18207243084907532,train/longfact_test_apertus/all_recall_at_0.1_fpr,0.6275683546351724,apertus,all,recall_at_0.1_fpr
48kc2gt3,apertus_no_lora_ln_bf16_layer10_seed42_lr3em5,finished,2026-03-16 01:21:44+00:00,apertus,ln_bf16,10,42,3e-5,bfloat16,layernorm,0.942188560962677,train/longfact_test_apertus/all_recall_at_0.1_fpr,0.48413340421106155,apertus,all,recall_at_0.1_fpr
l92ugb0x,apertus_no_lora_ln_bf16_layer10_seed43_lr1em3,finished,2026-03-16 01:21:44+00:00,apertus,ln_bf16,10,43,1e-3,bfloat16,layernorm,0.2892049551010132,train/longfact_test_apertus/all_recall_at_0.1_fpr,0.6206808884369149,apertus,all,recall_at_0.1_fpr
ks445ju3,apertus_no_lora_ln_bf16_layer10_seed43_lr1em4,finished,2026-03-16 01:21:44+00:00,apertus,ln_bf16,10,43,1e-4,bfloat16,layernorm,0.26968491077423096,train/longfact_test_apertus/all_recall_at_0.1_fpr,0.6161739894145654,apertus,all,recall_at_0.1_fpr
v1whaixy,apertus_no_lora_ln_bf16_layer10_seed43_lr3em4,finished,2026-03-16 01:21:44+00:00,apertus,ln_bf16,10,43,3e-4,bfloat16,layernorm,0.26967474818229675,train/longfact_test_apertus/all_recall_at_0.1_fpr,0.631659232209305,apertus,all,recall_at_0.1_fpr
yrz15txm,apertus_no_lora_ln_bf16_layer10_seed43_lr3em5,finished,2026-03-16 01:21:44+00:00,apertus,ln_bf16,10,43,3e-5,bfloat16,layernorm,0.35177040100097656,train/longfact_test_apertus/all_recall_at_0.1_fpr,0.478239767027989,apertus,all,recall_at_0.1_fpr
yjo8ext8,apertus_no_lora_ln_bf16_layer10_seed44_lr1em3,finished,2026-03-16 01:21:45+00:00,apertus,ln_bf16,10,44,1e-3,bfloat16,layernorm,0.20609278976917267,train/longfact_test_apertus/all_recall_at_0.1_fpr,0.6166593477708184,apertus,all,recall_at_0.1_fpr
wjc71sg6,apertus_no_lora_ln_bf16_layer10_seed44_lr1em4,finished,2026-03-16 01:21:45+00:00,apertus,ln_bf16,10,44,1e-4,bfloat16,layernorm,0.3125472366809845,train/longfact_test_apertus/all_recall_at_0.1_fpr,0.6170291446136779,apertus,all,recall_at_0.1_fpr
dd2pwu6g,apertus_no_lora_ln_bf16_layer10_seed44_lr3em4,finished,2026-03-16 01:21:45+00:00,apertus,ln_bf16,10,44,3e-4,bfloat16,layernorm,0.289102166891098,train/longfact_test_apertus/all_recall_at_0.1_fpr,0.6324681628030601,apertus,all,recall_at_0.1_fpr
gk2y0cx9,apertus_no_lora_ln_bf16_layer10_seed44_lr3em5,finished,2026-03-16 01:21:45+00:00,apertus,ln_bf16,10,44,3e-5,bfloat16,layernorm,0.31844255328178406,train/longfact_test_apertus/all_recall_at_0.1_fpr,0.4874153511914392,apertus,all,recall_at_0.1_fpr
p3f6sakq,apertus_no_lora_ln_bf16_layer20_seed42_lr1em3,finished,2026-03-16 01:21:44+00:00,apertus,ln_bf16,20,42,1e-3,bfloat16,layernorm,0.11758887767791748,train/longfact_test_apertus/all_recall_at_0.1_fpr,0.6097256569672036,apertus,all,recall_at_0.1_fpr
2mbvnb3s,apertus_no_lora_ln_bf16_layer20_seed42_lr1em4,finished,2026-03-16 01:21:44+00:00,apertus,ln_bf16,20,42,1e-4,bfloat16,layernorm,0.5318654179573059,train/longfact_test_apertus/all_recall_at_0.1_fpr,0.6213973698199552,apertus,all,recall_at_0.1_fpr
pw74vso0,apertus_no_lora_ln_bf16_layer20_seed42_lr3em4,finished,2026-03-16 01:21:44+00:00,apertus,ln_bf16,20,42,3e-4,bfloat16,layernorm,0.2455830276012421,train/longfact_test_apertus/all_recall_at_0.1_fpr,0.6277070284512446,apertus,all,recall_at_0.1_fpr
lcc4r0ui,apertus_no_lora_ln_bf16_layer20_seed42_lr3em5,finished,2026-03-16 01:21:44+00:00,apertus,ln_bf16,20,42,3e-5,bfloat16,layernorm,0.8914243578910828,train/longfact_test_apertus/all_recall_at_0.1_fpr,0.4343495042411075,apertus,all,recall_at_0.1_fpr
ea20dmvq,apertus_no_lora_ln_bf16_layer20_seed43_lr1em3,finished,2026-03-16 01:21:44+00:00,apertus,ln_bf16,20,43,1e-3,bfloat16,layernorm,0.2716436982154846,train/longfact_test_apertus/all_recall_at_0.1_fpr,0.6145099036216979,apertus,all,recall_at_0.1_fpr
dq6d9cxj,apertus_no_lora_ln_bf16_layer20_seed43_lr1em4,finished,2026-03-16 01:21:44+00:00,apertus,ln_bf16,20,43,1e-4,bfloat16,layernorm,0.28726422786712646,train/longfact_test_apertus/all_recall_at_0.1_fpr,0.626458964106594,apertus,all,recall_at_0.1_fpr
5rukn8sb,apertus_no_lora_ln_bf16_layer20_seed43_lr3em4,finished,2026-03-16 01:21:44+00:00,apertus,ln_bf16,20,43,3e-4,bfloat16,layernorm,0.279452383518219,train/longfact_test_apertus/all_recall_at_0.1_fpr,0.6321214782628793,apertus,all,recall_at_0.1_fpr
sg4y1aru,apertus_no_lora_ln_bf16_layer20_seed43_lr3em5,finished,2026-03-16 01:21:44+00:00,apertus,ln_bf16,20,43,3e-5,bfloat16,layernorm,0.383007675409317,train/longfact_test_apertus/all_recall_at_0.1_fpr,0.43656828529826425,apertus,all,recall_at_0.1_fpr
wjx8fs4d,apertus_no_lora_ln_bf16_layer20_seed44_lr1em3,finished,2026-03-16 01:21:44+00:00,apertus,ln_bf16,20,44,1e-3,bfloat16,layernorm,0.343784362077713,train/longfact_test_apertus/all_recall_at_0.1_fpr,0.6175376152726096,apertus,all,recall_at_0.1_fpr
ug8c0ane,apertus_no_lora_ln_bf16_layer20_seed44_lr1em4,finished,2026-03-16 01:21:44+00:00,apertus,ln_bf16,20,44,1e-4,bfloat16,layernorm,0.39652878046035767,train/longfact_test_apertus/all_recall_at_0.1_fpr,0.6209582360690595,apertus,all,recall_at_0.1_fpr
xy83pt3c,apertus_no_lora_ln_bf16_layer20_seed44_lr3em4,finished,2026-03-16 01:21:44+00:00,apertus,ln_bf16,20,44,3e-4,bfloat16,layernorm,0.4512102007865906,train/longfact_test_apertus/all_recall_at_0.1_fpr,0.6331846441861002,apertus,all,recall_at_0.1_fpr
mgy8s31x,apertus_no_lora_ln_bf16_layer20_seed44_lr3em5,finished,2026-03-16 01:21:44+00:00,apertus,ln_bf16,20,44,3e-5,bfloat16,layernorm,0.44538286328315735,train/longfact_test_apertus/all_recall_at_0.1_fpr,0.4367762960223727,apertus,all,recall_at_0.1_fpr
qbe29z5d,apertus_no_lora_ln_bf16_layer26_seed42_lr1em3,finished,2026-03-16 01:21:44+00:00,apertus,ln_bf16,26,42,1e-3,bfloat16,layernorm,0.1929110735654831,train/longfact_test_apertus/all_recall_at_0.1_fpr,0.5780155776920054,apertus,all,recall_at_0.1_fpr
nyzlam71,apertus_no_lora_ln_bf16_layer26_seed42_lr1em4,finished,2026-03-16 01:21:44+00:00,apertus,ln_bf16,26,42,1e-4,bfloat16,layernorm,0.5006973147392273,train/longfact_test_apertus/all_recall_at_0.1_fpr,0.5873529479742067,apertus,all,recall_at_0.1_fpr
p9he43x3,apertus_no_lora_ln_bf16_layer26_seed42_lr3em4,finished,2026-03-16 01:21:44+00:00,apertus,ln_bf16,26,42,3e-4,bfloat16,layernorm,0.27400892972946167,train/longfact_test_apertus/all_recall_at_0.1_fpr,0.5989784362216007,apertus,all,recall_at_0.1_fpr
jap1923r,apertus_no_lora_ln_bf16_layer26_seed42_lr3em5,finished,2026-03-16 01:21:44+00:00,apertus,ln_bf16,26,42,3e-5,bfloat16,layernorm,0.9109970927238464,train/longfact_test_apertus/all_recall_at_0.1_fpr,0.40176115746411817,apertus,all,recall_at_0.1_fpr
kffm0190,apertus_no_lora_ln_bf16_layer26_seed43_lr1em3,finished,2026-03-16 01:21:44+00:00,apertus,ln_bf16,26,43,1e-3,bfloat16,layernorm,0.27165380120277405,train/longfact_test_apertus/all_recall_at_0.1_fpr,0.5811819631589895,apertus,all,recall_at_0.1_fpr
6nfiscpk,apertus_no_lora_ln_bf16_layer26_seed43_lr1em4,finished,2026-03-16 01:21:44+00:00,apertus,ln_bf16,26,43,1e-4,bfloat16,layernorm,0.29313549399375916,train/longfact_test_apertus/all_recall_at_0.1_fpr,0.5879538678438533,apertus,all,recall_at_0.1_fpr
livazl8t,apertus_no_lora_ln_bf16_layer26_seed43_lr3em4,finished,2026-03-16 01:21:44+00:00,apertus,ln_bf16,26,43,3e-4,bfloat16,layernorm,0.26969656348228455,train/longfact_test_apertus/all_recall_at_0.1_fpr,0.6009198696466129,apertus,all,recall_at_0.1_fpr
cs5p5dya,apertus_no_lora_ln_bf16_layer26_seed43_lr3em5,finished,2026-03-16 01:21:44+00:00,apertus,ln_bf16,26,43,3e-5,bfloat16,layernorm,0.3752008378505707,train/longfact_test_apertus/all_recall_at_0.1_fpr,0.40617560727575286,apertus,all,recall_at_0.1_fpr
m9z367ud,apertus_no_lora_ln_bf16_layer26_seed44_lr1em3,finished,2026-03-16 01:21:44+00:00,apertus,ln_bf16,26,44,1e-3,bfloat16,layernorm,0.44535091519355774,train/longfact_test_apertus/all_recall_at_0.1_fpr,0.5836087549402547,apertus,all,recall_at_0.1_fpr
ycmihac6,apertus_no_lora_ln_bf16_layer26_seed44_lr1em4,finished,2026-03-16 01:21:44+00:00,apertus,ln_bf16,26,44,1e-4,bfloat16,layernorm,0.3027840852737427,train/longfact_test_apertus/all_recall_at_0.1_fpr,0.5896641782420783,apertus,all,recall_at_0.1_fpr
b7cu6by4,apertus_no_lora_ln_bf16_layer26_seed44_lr3em4,finished,2026-03-16 01:21:44+00:00,apertus,ln_bf16,26,44,3e-4,bfloat16,layernorm,0.33402493596076965,train/longfact_test_apertus/all_recall_at_0.1_fpr,0.6042711535350267,apertus,all,recall_at_0.1_fpr
82b66i5k,apertus_no_lora_ln_bf16_layer26_seed44_lr3em5,finished,2026-03-16 01:21:44+00:00,apertus,ln_bf16,26,44,3e-5,bfloat16,layernorm,0.3965613543987274,train/longfact_test_apertus/all_recall_at_0.1_fpr,0.40844061293826706,apertus,all,recall_at_0.1_fpr
7hvw78qp,apertus_no_lora_ln_bf16_layer30_seed42_lr1em3,finished,2026-03-16 01:21:44+00:00,apertus,ln_bf16,30,42,1e-3,bfloat16,layernorm,0.18903133273124695,train/longfact_test_apertus/all_recall_at_0.1_fpr,0.579032519009869,apertus,all,recall_at_0.1_fpr
hq7zzpsr,apertus_no_lora_ln_bf16_layer30_seed42_lr1em4,finished,2026-03-16 01:21:44+00:00,apertus,ln_bf16,30,42,1e-4,bfloat16,layernorm,0.6139996647834778,train/longfact_test_apertus/all_recall_at_0.1_fpr,0.6110661705225692,apertus,all,recall_at_0.1_fpr
wehbf6bi,apertus_no_lora_ln_bf16_layer30_seed42_lr3em4,finished,2026-03-16 01:21:44+00:00,apertus,ln_bf16,30,42,3e-4,bfloat16,layernorm,0.2974618077278137,train/longfact_test_apertus/all_recall_at_0.1_fpr,0.6089398386761273,apertus,all,recall_at_0.1_fpr
inx8ca5d,apertus_no_lora_ln_bf16_layer30_seed42_lr3em5,finished,2026-03-16 01:21:44+00:00,apertus,ln_bf16,30,42,3e-5,bfloat16,layernorm,0.8954324722290039,train/longfact_test_apertus/all_recall_at_0.1_fpr,0.40673030254004205,apertus,all,recall_at_0.1_fpr
og90cgj0,apertus_no_lora_ln_bf16_layer30_seed43_lr1em3,finished,2026-03-16 01:21:44+00:00,apertus,ln_bf16,30,43,1e-3,bfloat16,layernorm,0.2775192856788635,train/longfact_test_apertus/all_recall_at_0.1_fpr,0.5772528717036078,apertus,all,recall_at_0.1_fpr
5cwasjvc,apertus_no_lora_ln_bf16_layer30_seed43_lr1em4,finished,2026-03-16 01:21:44+00:00,apertus,ln_bf16,30,43,1e-4,bfloat16,layernorm,0.2989921569824219,train/longfact_test_apertus/all_recall_at_0.1_fpr,0.6157579679663485,apertus,all,recall_at_0.1_fpr
7jkvxq48,apertus_no_lora_ln_bf16_layer30_seed43_lr3em4,finished,2026-03-16 01:21:44+00:00,apertus,ln_bf16,30,43,3e-4,bfloat16,layernorm,0.28141525387763977,train/longfact_test_apertus/all_recall_at_0.1_fpr,0.6102572399288141,apertus,all,recall_at_0.1_fpr
74i6ukb7,apertus_no_lora_ln_bf16_layer30_seed43_lr3em5,finished,2026-03-16 01:21:44+00:00,apertus,ln_bf16,30,43,3e-5,bfloat16,layernorm,0.367383748292923,train/longfact_test_apertus/all_recall_at_0.1_fpr,0.4112140892597129,apertus,all,recall_at_0.1_fpr
4m7o0thq,apertus_no_lora_ln_bf16_layer30_seed44_lr1em3,finished,2026-03-16 01:21:44+00:00,apertus,ln_bf16,30,44,1e-3,bfloat16,layernorm,0.3379320204257965,train/longfact_test_apertus/all_recall_at_0.1_fpr,0.5901957612036888,apertus,all,recall_at_0.1_fpr
3huyrepp,apertus_no_lora_ln_bf16_layer30_seed44_lr1em4,finished,2026-03-16 01:21:44+00:00,apertus,ln_bf16,30,44,1e-4,bfloat16,layernorm,0.4082537889480591,train/longfact_test_apertus/all_recall_at_0.1_fpr,0.6130538285529388,apertus,all,recall_at_0.1_fpr
khqaa0hj,apertus_no_lora_ln_bf16_layer30_seed44_lr3em4,finished,2026-03-16 01:21:44+00:00,apertus,ln_bf16,30,44,3e-4,bfloat16,layernorm,0.3730915486812592,train/longfact_test_apertus/all_recall_at_0.1_fpr,0.6100954538100631,apertus,all,recall_at_0.1_fpr
v97a1dax,apertus_no_lora_ln_bf16_layer30_seed44_lr3em5,finished,2026-03-16 01:21:44+00:00,apertus,ln_bf16,30,44,3e-5,bfloat16,layernorm,0.44148337841033936,train/longfact_test_apertus/all_recall_at_0.1_fpr,0.4139875655811589,apertus,all,recall_at_0.1_fpr
a1vhu02a,apertus_no_lora_ln_fp32_layer10_seed42_lr1em3,finished,2026-03-16 18:21:39+00:00,apertus,ln_fp32,10,42,1e-3,float32,layernorm,0.12267088890075684,train/longfact_test_apertus/all_recall_at_0.1_fpr,0.6124991332886496,apertus,all,recall_at_0.1_fpr
s5e7uzrk,apertus_no_lora_ln_fp32_layer10_seed42_lr1em4,finished,2026-03-16 18:21:39+00:00,apertus,ln_fp32,10,42,1e-4,float32,layernorm,0.2215098738670349,train/longfact_test_apertus/all_recall_at_0.1_fpr,0.6134005130931195,apertus,all,recall_at_0.1_fpr
a039mxlm,apertus_no_lora_ln_fp32_layer10_seed42_lr3em4,finished,2026-03-16 18:21:39+00:00,apertus,ln_fp32,10,42,3e-4,float32,layernorm,0.15673403441905975,train/longfact_test_apertus/all_recall_at_0.1_fpr,0.6163126632306377,apertus,all,recall_at_0.1_fpr
ur0fzre6,apertus_no_lora_ln_fp32_layer10_seed42_lr3em5,finished,2026-03-16 18:21:39+00:00,apertus,ln_fp32,10,42,3e-5,float32,layernorm,0.4890720844268799,train/longfact_test_apertus/all_recall_at_0.1_fpr,0.5914207132456607,apertus,all,recall_at_0.1_fpr
kyx3dh6x,apertus_no_lora_ln_fp32_layer10_seed43_lr1em3,finished,2026-03-16 18:21:39+00:00,apertus,ln_fp32,10,43,1e-3,float32,layernorm,0.2920945882797241,train/longfact_test_apertus/all_recall_at_0.1_fpr,0.6094714216377378,apertus,all,recall_at_0.1_fpr
anpnl7j5,apertus_no_lora_ln_fp32_layer10_seed43_lr1em4,finished,2026-03-16 18:21:39+00:00,apertus,ln_fp32,10,43,1e-4,float32,layernorm,0.26364782452583313,train/longfact_test_apertus/all_recall_at_0.1_fpr,0.6166593477708184,apertus,all,recall_at_0.1_fpr
mu08a37q,apertus_no_lora_ln_fp32_layer10_seed43_lr3em4,finished,2026-03-16 18:21:39+00:00,apertus,ln_fp32,10,43,3e-4,float32,layernorm,0.2802787125110626,train/longfact_test_apertus/all_recall_at_0.1_fpr,0.6148334758591999,apertus,all,recall_at_0.1_fpr
0q5lbh0o,apertus_no_lora_ln_fp32_layer10_seed43_lr3em5,finished,2026-03-16 18:21:39+00:00,apertus,ln_fp32,10,43,3e-5,float32,layernorm,0.27201464772224426,train/longfact_test_apertus/all_recall_at_0.1_fpr,0.5927150021956687,apertus,all,recall_at_0.1_fpr
b2incihb,apertus_no_lora_ln_fp32_layer10_seed44_lr1em3,finished,2026-03-16 18:21:39+00:00,apertus,ln_fp32,10,44,1e-3,float32,layernorm,0.19783645868301392,train/longfact_test_apertus/all_recall_at_0.1_fpr,0.6049414103127094,apertus,all,recall_at_0.1_fpr
9s2c6c1h,apertus_no_lora_ln_fp32_layer10_seed44_lr1em4,finished,2026-03-16 18:21:39+00:00,apertus,ln_fp32,10,44,1e-4,float32,layernorm,0.32758116722106934,train/longfact_test_apertus/all_recall_at_0.1_fpr,0.6170522569163566,apertus,all,recall_at_0.1_fpr
u1cqzubx,apertus_no_lora_ln_fp32_layer10_seed44_lr3em4,finished,2026-03-16 18:21:39+00:00,apertus,ln_fp32,10,44,3e-4,float32,layernorm,0.2790237069129944,train/longfact_test_apertus/all_recall_at_0.1_fpr,0.6151801603993806,apertus,all,recall_at_0.1_fpr
jd8rl3y0,apertus_no_lora_ln_fp32_layer10_seed44_lr3em5,finished,2026-03-16 18:21:39+00:00,apertus,ln_fp32,10,44,3e-5,float32,layernorm,0.29283058643341064,train/longfact_test_apertus/all_recall_at_0.1_fpr,0.5924838791688816,apertus,all,recall_at_0.1_fpr
tvxgxlk0,apertus_no_lora_ln_fp32_layer20_seed42_lr1em3,finished,2026-03-16 18:21:39+00:00,apertus,ln_fp32,20,42,1e-3,float32,layernorm,0.11203589290380478,train/longfact_test_apertus/all_recall_at_0.1_fpr,0.5998104791180345,apertus,all,recall_at_0.1_fpr
szjyc7rq,apertus_no_lora_ln_fp32_layer20_seed42_lr1em4,finished,2026-03-16 18:21:39+00:00,apertus,ln_fp32,20,42,1e-4,float32,layernorm,0.3388446271419525,train/longfact_test_apertus/all_recall_at_0.1_fpr,0.6129382670395451,apertus,all,recall_at_0.1_fpr
j1ydn4mi,apertus_no_lora_ln_fp32_layer20_seed42_lr3em4,finished,2026-03-16 18:21:39+00:00,apertus,ln_fp32,20,42,3e-4,float32,layernorm,0.18392929434776303,train/longfact_test_apertus/all_recall_at_0.1_fpr,0.6122680102618624,apertus,all,recall_at_0.1_fpr
mru621ko,apertus_no_lora_ln_fp32_layer20_seed42_lr3em5,finished,2026-03-16 18:21:39+00:00,apertus,ln_fp32,20,42,3e-5,float32,layernorm,0.6155123114585876,train/longfact_test_apertus/all_recall_at_0.1_fpr,0.5916056116670904,apertus,all,recall_at_0.1_fpr
cuinxn0m,apertus_no_lora_ln_fp32_layer20_seed43_lr1em3,finished,2026-03-16 18:21:39+00:00,apertus,ln_fp32,20,43,1e-3,float32,layernorm,0.2761920690536499,train/longfact_test_apertus/all_recall_at_0.1_fpr,0.6071370790671875,apertus,all,recall_at_0.1_fpr
gfuz02ro,apertus_no_lora_ln_fp32_layer20_seed43_lr1em4,finished,2026-03-16 18:21:39+00:00,apertus,ln_fp32,20,43,1e-4,float32,layernorm,0.28859972953796387,train/longfact_test_apertus/all_recall_at_0.1_fpr,0.6169829200083204,apertus,all,recall_at_0.1_fpr
bydlptvs,apertus_no_lora_ln_fp32_layer20_seed43_lr3em4,finished,2026-03-16 18:21:39+00:00,apertus,ln_fp32,20,43,3e-4,float32,layernorm,0.27679380774497986,train/longfact_test_apertus/all_recall_at_0.1_fpr,0.6191554764601197,apertus,all,recall_at_0.1_fpr
5a8w5arg,apertus_no_lora_ln_fp32_layer20_seed43_lr3em5,finished,2026-03-16 18:21:39+00:00,apertus,ln_fp32,20,43,3e-5,float32,layernorm,0.30041441321372986,train/longfact_test_apertus/all_recall_at_0.1_fpr,0.5932003605519218,apertus,all,recall_at_0.1_fpr
3wystufk,apertus_no_lora_ln_fp32_layer20_seed44_lr1em3,finished,2026-03-16 18:21:39+00:00,apertus,ln_fp32,20,44,1e-3,float32,layernorm,0.37859293818473816,train/longfact_test_apertus/all_recall_at_0.1_fpr,0.6046178380752074,apertus,all,recall_at_0.1_fpr
ipm80jlq,apertus_no_lora_ln_fp32_layer20_seed44_lr1em4,finished,2026-03-16 18:21:39+00:00,apertus,ln_fp32,20,44,1e-4,float32,layernorm,0.39040952920913696,train/longfact_test_apertus/all_recall_at_0.1_fpr,0.6159197540850995,apertus,all,recall_at_0.1_fpr
28tm3neg,apertus_no_lora_ln_fp32_layer20_seed44_lr3em4,finished,2026-03-16 18:21:39+00:00,apertus,ln_fp32,20,44,3e-4,float32,layernorm,0.4330550134181976,train/longfact_test_apertus/all_recall_at_0.1_fpr,0.6168442461922481,apertus,all,recall_at_0.1_fpr
zoq512xp,apertus_no_lora_ln_fp32_layer20_seed44_lr3em5,finished,2026-03-16 18:21:39+00:00,apertus,ln_fp32,20,44,3e-5,float32,layernorm,0.37936899065971375,train/longfact_test_apertus/all_recall_at_0.1_fpr,0.5935008204867451,apertus,all,recall_at_0.1_fpr
8hrkgqv3,apertus_no_lora_ln_fp32_layer26_seed42_lr1em3,finished,2026-03-16 18:21:39+00:00,apertus,ln_fp32,26,42,1e-3,float32,layernorm,0.17951826751232147,train/longfact_test_apertus/all_recall_at_0.1_fpr,0.566182078720503,apertus,all,recall_at_0.1_fpr
rlqcb2g4,apertus_no_lora_ln_fp32_layer26_seed42_lr1em4,finished,2026-03-16 18:21:39+00:00,apertus,ln_fp32,26,42,1e-4,float32,layernorm,0.3578282594680786,train/longfact_test_apertus/all_recall_at_0.1_fpr,0.5895717290313633,apertus,all,recall_at_0.1_fpr
r2wu0aof,apertus_no_lora_ln_fp32_layer26_seed42_lr3em4,finished,2026-03-16 18:21:39+00:00,apertus,ln_fp32,26,42,3e-4,float32,layernorm,0.24504521489143372,train/longfact_test_apertus/all_recall_at_0.1_fpr,0.5851341669170499,apertus,all,recall_at_0.1_fpr
okj43cej,apertus_no_lora_ln_fp32_layer26_seed42_lr3em5,finished,2026-03-16 18:21:39+00:00,apertus,ln_fp32,26,42,3e-5,float32,layernorm,0.6153150200843811,train/longfact_test_apertus/all_recall_at_0.1_fpr,0.5593408371276031,apertus,all,recall_at_0.1_fpr
44fifewm,apertus_no_lora_ln_fp32_layer26_seed43_lr1em3,finished,2026-03-16 18:21:39+00:00,apertus,ln_fp32,26,43,1e-3,float32,layernorm,0.26287174224853516,train/longfact_test_apertus/all_recall_at_0.1_fpr,0.5707814269535674,apertus,all,recall_at_0.1_fpr
cfgw5o62,apertus_no_lora_ln_fp32_layer26_seed43_lr1em4,finished,2026-03-16 18:21:39+00:00,apertus,ln_fp32,26,43,1e-4,float32,layernorm,0.27609291672706604,train/longfact_test_apertus/all_recall_at_0.1_fpr,0.5889245845563593,apertus,all,recall_at_0.1_fpr
5yjm6w2c,apertus_no_lora_ln_fp32_layer26_seed43_lr3em4,finished,2026-03-16 18:21:39+00:00,apertus,ln_fp32,26,43,3e-4,float32,layernorm,0.268221378326416,train/longfact_test_apertus/all_recall_at_0.1_fpr,0.5869831511313472,apertus,all,recall_at_0.1_fpr
bj0fbt17,apertus_no_lora_ln_fp32_layer26_seed43_lr3em5,finished,2026-03-16 18:21:39+00:00,apertus,ln_fp32,26,43,3e-5,float32,layernorm,0.28795114159584045,train/longfact_test_apertus/all_recall_at_0.1_fpr,0.5607969121963621,apertus,all,recall_at_0.1_fpr
thtwlsce,apertus_no_lora_ln_fp32_layer26_seed44_lr1em3,finished,2026-03-16 18:21:39+00:00,apertus,ln_fp32,26,44,1e-3,float32,layernorm,0.4517517387866974,train/longfact_test_apertus/all_recall_at_0.1_fpr,0.5729539834053666,apertus,all,recall_at_0.1_fpr
a2rdvxyc,apertus_no_lora_ln_fp32_layer26_seed44_lr1em4,finished,2026-03-16 18:21:39+00:00,apertus,ln_fp32,26,44,1e-4,float32,layernorm,0.28372296690940857,train/longfact_test_apertus/all_recall_at_0.1_fpr,0.5905886703492269,apertus,all,recall_at_0.1_fpr
veq9b7kw,apertus_no_lora_ln_fp32_layer26_seed44_lr3em4,finished,2026-03-16 18:21:39+00:00,apertus,ln_fp32,26,44,3e-4,float32,layernorm,0.37059929966926575,train/longfact_test_apertus/all_recall_at_0.1_fpr,0.5900801996902951,apertus,all,recall_at_0.1_fpr
5aqux06m,apertus_no_lora_ln_fp32_layer26_seed44_lr3em5,finished,2026-03-16 18:21:39+00:00,apertus,ln_fp32,26,44,3e-5,float32,layernorm,0.3035992383956909,train/longfact_test_apertus/all_recall_at_0.1_fpr,0.5603577784454665,apertus,all,recall_at_0.1_fpr
qg1y3gso,apertus_no_lora_ln_fp32_layer30_seed42_lr1em3,finished,2026-03-16 18:21:39+00:00,apertus,ln_fp32,30,42,1e-3,float32,layernorm,0.1903767287731171,train/longfact_test_apertus/all_recall_at_0.1_fpr,0.5666905493794346,apertus,all,recall_at_0.1_fpr
r9e2fhqm,apertus_no_lora_ln_fp32_layer30_seed42_lr1em4,finished,2026-03-16 18:21:39+00:00,apertus,ln_fp32,30,42,1e-4,float32,layernorm,0.38982802629470825,train/longfact_test_apertus/all_recall_at_0.1_fpr,0.6014745649109021,apertus,all,recall_at_0.1_fpr
e24v1w1s,apertus_no_lora_ln_fp32_layer30_seed42_lr3em4,finished,2026-03-16 18:21:39+00:00,apertus,ln_fp32,30,42,3e-4,float32,layernorm,0.2570212781429291,train/longfact_test_apertus/all_recall_at_0.1_fpr,0.5929230129197772,apertus,all,recall_at_0.1_fpr
jtcznw8g,apertus_no_lora_ln_fp32_layer30_seed42_lr3em5,finished,2026-03-16 18:21:39+00:00,apertus,ln_fp32,30,42,3e-5,float32,layernorm,0.6943867206573486,train/longfact_test_apertus/all_recall_at_0.1_fpr,0.583747428756327,apertus,all,recall_at_0.1_fpr
v3qqa12o,apertus_no_lora_ln_fp32_layer30_seed43_lr1em3,finished,2026-03-16 18:21:39+00:00,apertus,ln_fp32,30,43,1e-3,float32,layernorm,0.2808498740196228,train/longfact_test_apertus/all_recall_at_0.1_fpr,0.5721450528116117,apertus,all,recall_at_0.1_fpr
lgm2cr72,apertus_no_lora_ln_fp32_layer30_seed43_lr1em4,finished,2026-03-16 18:21:39+00:00,apertus,ln_fp32,30,43,1e-4,float32,layernorm,0.2797033190727234,train/longfact_test_apertus/all_recall_at_0.1_fpr,0.6004807358957173,apertus,all,recall_at_0.1_fpr
f873k60o,apertus_no_lora_ln_fp32_layer30_seed43_lr3em4,finished,2026-03-16 18:21:39+00:00,apertus,ln_fp32,30,43,3e-4,float32,layernorm,0.28264516592025757,train/longfact_test_apertus/all_recall_at_0.1_fpr,0.5919522962072711,apertus,all,recall_at_0.1_fpr
ybsg28sj,apertus_no_lora_ln_fp32_layer30_seed43_lr3em5,finished,2026-03-16 18:21:39+00:00,apertus,ln_fp32,30,43,3e-5,float32,layernorm,0.30628159642219543,train/longfact_test_apertus/all_recall_at_0.1_fpr,0.5841634502045439,apertus,all,recall_at_0.1_fpr
kn811t36,apertus_no_lora_ln_fp32_layer30_seed44_lr1em3,finished,2026-03-16 18:21:39+00:00,apertus,ln_fp32,30,44,1e-3,float32,layernorm,0.3007677495479584,train/longfact_test_apertus/all_recall_at_0.1_fpr,0.5695333626089167,apertus,all,recall_at_0.1_fpr
wf8rodcd,apertus_no_lora_ln_fp32_layer30_seed44_lr1em4,finished,2026-03-16 18:21:39+00:00,apertus,ln_fp32,30,44,1e-4,float32,layernorm,0.3687911331653595,train/longfact_test_apertus/all_recall_at_0.1_fpr,0.6032542122171632,apertus,all,recall_at_0.1_fpr
524a5l0b,apertus_no_lora_ln_fp32_layer30_seed44_lr3em4,finished,2026-03-16 18:21:39+00:00,apertus,ln_fp32,30,44,3e-4,float32,layernorm,0.3833605647087097,train/longfact_test_apertus/all_recall_at_0.1_fpr,0.5960200614787251,apertus,all,recall_at_0.1_fpr
m6zpszut,apertus_no_lora_ln_fp32_layer30_seed44_lr3em5,finished,2026-03-16 18:21:39+00:00,apertus,ln_fp32,30,44,3e-5,float32,layernorm,0.4072107970714569,train/longfact_test_apertus/all_recall_at_0.1_fpr,0.5852035038250861,apertus,all,recall_at_0.1_fpr
2msk68xv,apertus_no_lora_long_form_layer10_seed42,finished,2026-03-02 14:54:28+00:00,apertus,apertus_layers,10,42,,bfloat16,none,0.1188635155558586,train/longfact_test_apertus/span_auc,0.823749663399917,apertus,span,auc
ennpfi5c,apertus_no_lora_long_form_layer10_seed43,finished,2026-03-02 14:55:28+00:00,apertus,apertus_layers,10,43,,bfloat16,none,0.2892115116119385,train/longfact_test_apertus/span_auc,0.828807559160539,apertus,span,auc
ckfvtpqq,apertus_no_lora_long_form_layer10_seed44,finished,2026-03-02 14:55:28+00:00,apertus,apertus_layers,10,44,,bfloat16,none,0.14164792001247406,train/longfact_test_apertus/span_auc,0.8285622203159897,apertus,span,auc
5w54hojz,apertus_no_lora_long_form_layer20_seed42,finished,2026-03-02 14:56:24+00:00,apertus,apertus_layers,20,42,,bfloat16,none,0.002515794476494193,train/longfact_test_apertus/span_auc,0.7579270098229404,apertus,span,auc
h3qhm4bp,apertus_no_lora_long_form_layer20_seed43,finished,2026-03-02 14:56:24+00:00,apertus,apertus_layers,20,43,,bfloat16,none,0.4361111521720886,train/longfact_test_apertus/span_auc,0.7675462313865282,apertus,span,auc
1sb6t3rt,apertus_no_lora_long_form_layer20_seed44,finished,2026-03-02 14:56:24+00:00,apertus,apertus_layers,20,44,,bfloat16,none,0.9805268049240112,train/longfact_test_apertus/span_auc,0.7545094567459225,apertus,span,auc
fjxaywoo,apertus_no_lora_long_form_layer26_seed42,finished,2026-03-02 14:56:59+00:00,apertus,apertus_layers,26,42,,bfloat16,none,0.022064460441470143,train/longfact_test_apertus/span_auc,0.6723649946790452,apertus,span,auc
fc3llcx0,apertus_no_lora_long_form_layer26_seed43,finished,2026-03-02 14:58:28+00:00,apertus,apertus_layers,26,43,,bfloat16,none,4.096796035766602,train/longfact_test_apertus/span_auc,0.672824099653761,apertus,span,auc
gtn6g9ne,apertus_no_lora_long_form_layer26_seed44,finished,2026-03-02 14:58:28+00:00,apertus,apertus_layers,26,44,,bfloat16,none,0.0003512128023430705,train/longfact_test_apertus/span_auc,0.6750514206774699,apertus,span,auc
pk12wkry,apertus_no_lora_long_form_layer30_seed42,finished,2026-03-02 14:58:28+00:00,apertus,apertus_layers,30,42,,bfloat16,none,82.0517578125,train/longfact_test_apertus/span_auc,0.5000632452595398,apertus,span,auc
vhvivjkc,apertus_no_lora_long_form_layer30_seed43,finished,2026-03-02 14:58:28+00:00,apertus,apertus_layers,30,43,,bfloat16,none,10.69191074371338,train/longfact_test_apertus/span_auc,0.6504745746332085,apertus,span,auc
agskbmvs,apertus_no_lora_long_form_layer30_seed44,finished,2026-03-02 14:58:28+00:00,apertus,apertus_layers,30,44,,bfloat16,none,0.0001453680742997676,train/longfact_test_apertus/span_auc,0.6154336848041935,apertus,span,auc
o5fobkxj,apertus_no_lora_bf16_only_layer10_seed42_lr1em3,finished,2026-03-16 01:21:45+00:00,apertus,bf16_only,10,42,1e-3,bfloat16,none,0.1060740053653717,train/longfact_test_apertus/span_auc,0.8240666535649641,apertus,span,auc
ngsqu3i1,apertus_no_lora_bf16_only_layer10_seed42_lr1em4,finished,2026-03-16 01:21:45+00:00,apertus,bf16_only,10,42,1e-4,bfloat16,none,0.11451046913862228,train/longfact_test_apertus/span_auc,0.7862309772755465,apertus,span,auc
5xzqhvy4,apertus_no_lora_bf16_only_layer10_seed42_lr3em4,finished,2026-03-16 01:21:45+00:00,apertus,bf16_only,10,42,3e-4,bfloat16,none,0.11626026779413225,train/longfact_test_apertus/span_auc,0.8259093842049676,apertus,span,auc
83kur7ka,apertus_no_lora_bf16_only_layer10_seed42_lr3em5,finished,2026-03-16 01:21:45+00:00,apertus,bf16_only,10,42,3e-5,bfloat16,none,0.4366786777973175,train/longfact_test_apertus/span_auc,0.691882888080045,apertus,span,auc
j9k3f0jm,apertus_no_lora_bf16_only_layer10_seed43_lr1em3,finished,2026-03-16 01:21:44+00:00,apertus,bf16_only,10,43,1e-3,bfloat16,none,0.3009301424026489,train/longfact_test_apertus/span_auc,0.8287938741777823,apertus,span,auc
ougxjsfh,apertus_no_lora_bf16_only_layer10_seed43_lr1em4,finished,2026-03-16 01:21:44+00:00,apertus,bf16_only,10,43,1e-4,bfloat16,none,0.27749955654144287,train/longfact_test_apertus/span_auc,0.7828584314035001,apertus,span,auc
21sy8y12,apertus_no_lora_bf16_only_layer10_seed43_lr3em4,finished,2026-03-16 01:21:44+00:00,apertus,bf16_only,10,43,3e-4,bfloat16,none,0.2755349278450012,train/longfact_test_apertus/span_auc,0.8253201035616345,apertus,span,auc
t26a4uwp,apertus_no_lora_bf16_only_layer10_seed43_lr3em5,finished,2026-03-16 01:21:44+00:00,apertus,bf16_only,10,43,3e-5,bfloat16,none,0.3126707673072815,train/longfact_test_apertus/span_auc,0.6915207715889617,apertus,span,auc
p9n6ul1e,apertus_no_lora_bf16_only_layer10_seed44_lr1em3,finished,2026-03-16 01:21:44+00:00,apertus,bf16_only,10,44,1e-3,bfloat16,none,0.15629735589027405,train/longfact_test_apertus/span_auc,0.8287874876835296,apertus,span,auc
feljklm1,apertus_no_lora_bf16_only_layer10_seed44_lr1em4,finished,2026-03-16 01:21:44+00:00,apertus,bf16_only,10,44,1e-4,bfloat16,none,0.593794047832489,train/longfact_test_apertus/span_auc,0.7851279894338004,apertus,span,auc
lfafy2oe,apertus_no_lora_bf16_only_layer10_seed44_lr3em4,finished,2026-03-16 01:21:44+00:00,apertus,bf16_only,10,44,3e-4,bfloat16,none,0.2656649947166443,train/longfact_test_apertus/span_auc,0.8287402046466776,apertus,span,auc
r3oezlrl,apertus_no_lora_bf16_only_layer10_seed44_lr3em5,finished,2026-03-16 01:21:44+00:00,apertus,bf16_only,10,44,3e-5,bfloat16,none,0.7305357456207275,train/longfact_test_apertus/span_auc,0.6928459141620072,apertus,span,auc
uw94ef5i,apertus_no_lora_bf16_only_layer20_seed42_lr1em3,finished,2026-03-16 01:21:44+00:00,apertus,bf16_only,20,42,1e-3,bfloat16,none,0.006061427295207977,train/longfact_test_apertus/span_auc,0.7551431508193684,apertus,span,auc
ymsrn4r6,apertus_no_lora_bf16_only_layer20_seed42_lr1em4,finished,2026-03-16 01:21:44+00:00,apertus,bf16_only,20,42,1e-4,bfloat16,none,0.04400371387600899,train/longfact_test_apertus/span_auc,0.7279896751684699,apertus,span,auc
uy0gdnv4,apertus_no_lora_bf16_only_layer20_seed42_lr3em4,finished,2026-03-16 01:21:44+00:00,apertus,bf16_only,20,42,3e-4,bfloat16,none,0.00907330308109522,train/longfact_test_apertus/span_auc,0.7545329096559957,apertus,span,auc
fu81gp5i,apertus_no_lora_bf16_only_layer20_seed42_lr3em5,finished,2026-03-16 01:21:44+00:00,apertus,bf16_only,20,42,3e-5,bfloat16,none,2.1262459754943848,train/longfact_test_apertus/span_auc,0.635712703234589,apertus,span,auc
2g6rw2bt,apertus_no_lora_bf16_only_layer20_seed43_lr1em3,finished,2026-03-16 01:21:44+00:00,apertus,bf16_only,20,43,1e-3,bfloat16,none,0.5826413631439209,train/longfact_test_apertus/span_auc,0.7714300323371956,apertus,span,auc
7ynpw2cn,apertus_no_lora_bf16_only_layer20_seed43_lr1em4,finished,2026-03-16 01:21:44+00:00,apertus,bf16_only,20,43,1e-4,bfloat16,none,1.368619084358215,train/longfact_test_apertus/span_auc,0.7270421610146739,apertus,span,auc
900ivg46,apertus_no_lora_bf16_only_layer20_seed43_lr3em4,finished,2026-03-16 01:21:44+00:00,apertus,bf16_only,20,43,3e-4,bfloat16,none,0.40857547521591187,train/longfact_test_apertus/span_auc,0.7681648252457483,apertus,span,auc
qo5cb98m,apertus_no_lora_bf16_only_layer20_seed43_lr3em5,finished,2026-03-16 01:21:44+00:00,apertus,bf16_only,20,43,3e-5,bfloat16,none,6.096769332885742,train/longfact_test_apertus/span_auc,0.6372829772463582,apertus,span,auc
99kvtmj8,apertus_no_lora_bf16_only_layer20_seed44_lr1em3,finished,2026-03-16 01:21:44+00:00,apertus,bf16_only,20,44,1e-3,bfloat16,none,0.13294142484664917,train/longfact_test_apertus/span_auc,0.7624380437261291,apertus,span,auc
g1itgrow,apertus_no_lora_bf16_only_layer20_seed44_lr1em4,finished,2026-03-16 01:21:44+00:00,apertus,bf16_only,20,44,1e-4,bfloat16,none,4.639030521502718e-05,train/longfact_test_apertus/span_auc,0.7275257543797358,apertus,span,auc
vuc2g8id,apertus_no_lora_bf16_only_layer20_seed44_lr3em4,finished,2026-03-16 01:21:44+00:00,apertus,bf16_only,20,44,3e-4,bfloat16,none,0.2754364609718323,train/longfact_test_apertus/span_auc,0.7615335836705784,apertus,span,auc
v52uwh1g,apertus_no_lora_bf16_only_layer20_seed44_lr3em5,finished,2026-03-16 01:21:44+00:00,apertus,bf16_only,20,44,3e-5,bfloat16,none,23.12533187866211,train/longfact_test_apertus/span_auc,0.6355517674374815,apertus,span,auc
vz5jn274,apertus_no_lora_bf16_only_layer26_seed42_lr1em3,finished,2026-03-16 01:21:44+00:00,apertus,bf16_only,26,42,1e-3,bfloat16,none,0.023973966017365456,train/longfact_test_apertus/span_auc,0.667157302489733,apertus,span,auc
4drsxr5u,apertus_no_lora_bf16_only_layer26_seed42_lr1em4,finished,2026-03-16 01:21:44+00:00,apertus,bf16_only,26,42,1e-4,bfloat16,none,0.023594362661242485,train/longfact_test_apertus/span_auc,0.6687845146808327,apertus,span,auc
1crms08u,apertus_no_lora_bf16_only_layer26_seed42_lr3em4,finished,2026-03-16 01:21:44+00:00,apertus,bf16_only,26,42,3e-4,bfloat16,none,0.006822563707828522,train/longfact_test_apertus/span_auc,0.7124790677536128,apertus,span,auc
cq95ctu3,apertus_no_lora_bf16_only_layer26_seed42_lr3em5,finished,2026-03-16 01:21:44+00:00,apertus,bf16_only,26,42,3e-5,bfloat16,none,0.9924049973487854,train/longfact_test_apertus/span_auc,0.5889429337061052,apertus,span,auc
q08ckrfy,apertus_no_lora_bf16_only_layer26_seed43_lr1em3,finished,2026-03-16 01:21:45+00:00,apertus,bf16_only,26,43,1e-3,bfloat16,none,4.096848487854004,train/longfact_test_apertus/span_auc,0.681887256905644,apertus,span,auc
hirctdjt,apertus_no_lora_bf16_only_layer26_seed43_lr1em4,finished,2026-03-16 01:21:45+00:00,apertus,bf16_only,26,43,1e-4,bfloat16,none,4.878128528594971,train/longfact_test_apertus/span_auc,0.6638679771843928,apertus,span,auc
psn29j9n,apertus_no_lora_bf16_only_layer26_seed43_lr3em4,finished,2026-03-16 01:21:45+00:00,apertus,bf16_only,26,43,3e-4,bfloat16,none,1.7208261489868164,train/longfact_test_apertus/span_auc,0.7104437581995987,apertus,span,auc
lx8g6b8s,apertus_no_lora_bf16_only_layer26_seed43_lr3em5,finished,2026-03-16 01:21:45+00:00,apertus,bf16_only,26,43,3e-5,bfloat16,none,12.94149684906006,train/longfact_test_apertus/span_auc,0.5888135920257468,apertus,span,auc
wixkxx9v,apertus_no_lora_bf16_only_layer26_seed44_lr1em3,finished,2026-03-16 01:21:44+00:00,apertus,bf16_only,26,44,1e-3,bfloat16,none,10.250615119934082,train/longfact_test_apertus/span_auc,0.6853252317826141,apertus,span,auc
2r4mqan8,apertus_no_lora_bf16_only_layer26_seed44_lr1em4,finished,2026-03-16 01:21:44+00:00,apertus,bf16_only,26,44,1e-4,bfloat16,none,0.0004059617640450597,train/longfact_test_apertus/span_auc,0.6685010082361869,apertus,span,auc
v3h0pfq3,apertus_no_lora_bf16_only_layer26_seed44_lr3em4,finished,2026-03-16 01:21:44+00:00,apertus,bf16_only,26,44,3e-4,bfloat16,none,0.3673836886882782,train/longfact_test_apertus/span_auc,0.7145510018252772,apertus,span,auc
muqajhqb,apertus_no_lora_bf16_only_layer26_seed44_lr3em5,finished,2026-03-16 01:21:44+00:00,apertus,bf16_only,26,44,3e-5,bfloat16,none,7.75074577331543,train/longfact_test_apertus/span_auc,0.5884694339504201,apertus,span,auc
imd2hxzj,apertus_no_lora_bf16_only_layer30_seed42_lr1em3,finished,2026-03-16 01:21:44+00:00,apertus,bf16_only,30,42,1e-3,bfloat16,none,82.0517578125,train/longfact_test_apertus/span_auc,0.5,apertus,span,auc
g9535ebe,apertus_no_lora_bf16_only_layer30_seed42_lr1em4,finished,2026-03-16 01:21:44+00:00,apertus,bf16_only,30,42,1e-4,bfloat16,none,0.033634547144174576,train/longfact_test_apertus/span_auc,0.6439348449295945,apertus,span,auc
j9yucacb,apertus_no_lora_bf16_only_layer30_seed42_lr3em4,finished,2026-03-16 01:21:44+00:00,apertus,bf16_only,30,42,3e-4,bfloat16,none,0.025012411177158356,train/longfact_test_apertus/span_auc,0.6764989086099878,apertus,span,auc
4bo3xdzv,apertus_no_lora_bf16_only_layer30_seed42_lr3em5,finished,2026-03-16 01:21:44+00:00,apertus,bf16_only,30,42,3e-5,bfloat16,none,33.04824447631836,train/longfact_test_apertus/span_auc,0.5572744513377811,apertus,span,auc
a55rsp1p,apertus_no_lora_bf16_only_layer30_seed43_lr1em3,finished,2026-03-16 01:21:45+00:00,apertus,bf16_only,30,43,1e-3,bfloat16,none,9.379252433776855,train/longfact_test_apertus/span_auc,0.6335759223868463,apertus,span,auc
5uzjpj1x,apertus_no_lora_bf16_only_layer30_seed43_lr1em4,finished,2026-03-16 01:21:45+00:00,apertus,bf16_only,30,43,1e-4,bfloat16,none,6.222002029418945,train/longfact_test_apertus/span_auc,0.6394589199185927,apertus,span,auc
fctlmblr,apertus_no_lora_bf16_only_layer30_seed43_lr3em4,finished,2026-03-16 01:21:45+00:00,apertus,bf16_only,30,43,3e-4,bfloat16,none,5.815634250640869,train/longfact_test_apertus/span_auc,0.6675529165001122,apertus,span,auc
580vhzgn,apertus_no_lora_bf16_only_layer30_seed43_lr3em5,finished,2026-03-16 01:21:45+00:00,apertus,bf16_only,30,43,3e-5,bfloat16,none,10.316194534301758,train/longfact_test_apertus/span_auc,0.552228230286343,apertus,span,auc
uns2a6j2,apertus_no_lora_bf16_only_layer30_seed44_lr1em3,finished,2026-03-16 01:21:44+00:00,apertus,bf16_only,30,44,1e-3,bfloat16,none,0.0,train/longfact_test_apertus/span_auc,0.5001239763042644,apertus,span,auc
m97ar22y,apertus_no_lora_bf16_only_layer30_seed44_lr1em4,finished,2026-03-16 01:21:44+00:00,apertus,bf16_only,30,44,1e-4,bfloat16,none,10.063371658325195,train/longfact_test_apertus/span_auc,0.6377697043684165,apertus,span,auc
hr0vmzt0,apertus_no_lora_bf16_only_layer30_seed44_lr3em4,finished,2026-03-16 01:21:44+00:00,apertus,bf16_only,30,44,3e-4,bfloat16,none,6.532261848449707,train/longfact_test_apertus/span_auc,0.6756320427964059,apertus,span,auc
w644eh9h,apertus_no_lora_bf16_only_layer30_seed44_lr3em5,finished,2026-03-16 01:21:44+00:00,apertus,bf16_only,30,44,3e-5,bfloat16,none,33.25065612792969,train/longfact_test_apertus/span_auc,0.5542467150459873,apertus,span,auc
3618z7cg,apertus_no_lora_fp32_only_layer10_seed42_lr1em3,finished,2026-03-16 18:21:39+00:00,apertus,fp32_only,10,42,1e-3,float32,none,0.11816876381635666,train/longfact_test_apertus/span_auc,0.8210941512890872,apertus,span,auc
mhg0ycoh,apertus_no_lora_fp32_only_layer10_seed42_lr1em4,finished,2026-03-16 18:21:39+00:00,apertus,fp32_only,10,42,1e-4,float32,none,0.1332954168319702,train/longfact_test_apertus/span_auc,0.8090507215759346,apertus,span,auc
b71ik25s,apertus_no_lora_fp32_only_layer10_seed42_lr3em4,finished,2026-03-16 18:21:39+00:00,apertus,fp32_only,10,42,3e-4,float32,none,0.1127048209309578,train/longfact_test_apertus/span_auc,0.8266154371442432,apertus,span,auc
8hl54mqx,apertus_no_lora_fp32_only_layer10_seed42_lr3em5,finished,2026-03-16 18:21:39+00:00,apertus,fp32_only,10,42,3e-5,float32,none,0.15368859469890594,train/longfact_test_apertus/span_auc,0.7718617296106467,apertus,span,auc
x3sqior5,apertus_no_lora_fp32_only_layer10_seed43_lr1em3,finished,2026-03-16 18:21:39+00:00,apertus,fp32_only,10,43,1e-3,float32,none,0.29647397994995117,train/longfact_test_apertus/span_auc,0.8263827002100741,apertus,span,auc
dm4602lm,apertus_no_lora_fp32_only_layer10_seed43_lr1em4,finished,2026-03-16 18:21:39+00:00,apertus,fp32_only,10,43,1e-4,float32,none,0.2917933166027069,train/longfact_test_apertus/span_auc,0.8079195424528698,apertus,span,auc
3mcpf9f3,apertus_no_lora_fp32_only_layer10_seed43_lr3em4,finished,2026-03-16 18:21:39+00:00,apertus,fp32_only,10,43,3e-4,float32,none,0.2921086251735687,train/longfact_test_apertus/span_auc,0.8305973459786202,apertus,span,auc
0v0cghh6,apertus_no_lora_fp32_only_layer10_seed43_lr3em5,finished,2026-03-16 18:21:39+00:00,apertus,fp32_only,10,43,3e-5,float32,none,0.27485892176628113,train/longfact_test_apertus/span_auc,0.7701113949570524,apertus,span,auc
k8u6gf39,apertus_no_lora_fp32_only_layer10_seed44_lr1em3,finished,2026-03-16 18:21:39+00:00,apertus,fp32_only,10,44,1e-3,float32,none,0.09856606274843216,train/longfact_test_apertus/span_auc,0.8280109982896513,apertus,span,auc
rgnn8edm,apertus_no_lora_fp32_only_layer10_seed44_lr1em4,finished,2026-03-16 18:21:39+00:00,apertus,fp32_only,10,44,1e-4,float32,none,0.4017370939254761,train/longfact_test_apertus/span_auc,0.8112337156238263,apertus,span,auc
1hlg6mhh,apertus_no_lora_fp32_only_layer10_seed44_lr3em4,finished,2026-03-16 18:21:39+00:00,apertus,fp32_only,10,44,3e-4,float32,none,0.3334559202194214,train/longfact_test_apertus/span_auc,0.8306734460343942,apertus,span,auc
h32xr3bj,apertus_no_lora_fp32_only_layer10_seed44_lr3em5,finished,2026-03-16 18:21:39+00:00,apertus,fp32_only,10,44,3e-5,float32,none,0.6063321232795715,train/longfact_test_apertus/span_auc,0.771658858270541,apertus,span,auc
7otuls41,apertus_no_lora_fp32_only_layer20_seed42_lr1em3,finished,2026-03-16 18:21:39+00:00,apertus,fp32_only,20,42,1e-3,float32,none,0.0014074433129280806,train/longfact_test_apertus/span_auc,0.7529264357945809,apertus,span,auc
h3hhroh2,apertus_no_lora_fp32_only_layer20_seed42_lr1em4,finished,2026-03-16 18:21:39+00:00,apertus,fp32_only,20,42,1e-4,float32,none,0.005417922046035528,train/longfact_test_apertus/span_auc,0.7341820333441071,apertus,span,auc
gbg3qolw,apertus_no_lora_fp32_only_layer20_seed42_lr3em4,finished,2026-03-16 18:21:39+00:00,apertus,fp32_only,20,42,3e-4,float32,none,0.012795637361705303,train/longfact_test_apertus/span_auc,0.7585042354426731,apertus,span,auc
vpc4pmw1,apertus_no_lora_fp32_only_layer20_seed42_lr3em5,finished,2026-03-16 18:21:39+00:00,apertus,fp32_only,20,42,3e-5,float32,none,0.4815448522567749,train/longfact_test_apertus/span_auc,0.7161640840896898,apertus,span,auc
4hd86xs1,apertus_no_lora_fp32_only_layer20_seed43_lr1em3,finished,2026-03-16 18:21:39+00:00,apertus,fp32_only,20,43,1e-3,float32,none,0.7915925979614258,train/longfact_test_apertus/span_auc,0.7613474223687344,apertus,span,auc
dtswvc78,apertus_no_lora_fp32_only_layer20_seed43_lr1em4,finished,2026-03-16 18:21:39+00:00,apertus,fp32_only,20,43,1e-4,float32,none,0.9363940954208374,train/longfact_test_apertus/span_auc,0.734272437361599,apertus,span,auc
r4canywa,apertus_no_lora_fp32_only_layer20_seed43_lr3em4,finished,2026-03-16 18:21:39+00:00,apertus,fp32_only,20,43,3e-4,float32,none,0.4842445254325866,train/longfact_test_apertus/span_auc,0.7692674989514474,apertus,span,auc
5pryw2ji,apertus_no_lora_fp32_only_layer20_seed43_lr3em5,finished,2026-03-16 18:21:39+00:00,apertus,fp32_only,20,43,3e-5,float32,none,2.3771839141845703,train/longfact_test_apertus/span_auc,0.7141514987796608,apertus,span,auc
cu47livm,apertus_no_lora_fp32_only_layer20_seed44_lr1em3,finished,2026-03-16 18:21:39+00:00,apertus,fp32_only,20,44,1e-3,float32,none,0.8405814170837402,train/longfact_test_apertus/span_auc,0.7618219569006673,apertus,span,auc
7cq66mkt,apertus_no_lora_fp32_only_layer20_seed44_lr1em4,finished,2026-03-16 18:21:39+00:00,apertus,fp32_only,20,44,1e-4,float32,none,0.00021276120969559997,train/longfact_test_apertus/span_auc,0.733733391028781,apertus,span,auc
wrlr6qli,apertus_no_lora_fp32_only_layer20_seed44_lr3em4,finished,2026-03-16 18:21:39+00:00,apertus,fp32_only,20,44,3e-4,float32,none,0.7323926091194153,train/longfact_test_apertus/span_auc,0.7627426269957782,apertus,span,auc
nkk8fdiv,apertus_no_lora_fp32_only_layer20_seed44_lr3em5,finished,2026-03-16 18:21:39+00:00,apertus,fp32_only,20,44,3e-5,float32,none,3.7443130016326904,train/longfact_test_apertus/span_auc,0.71463147528563,apertus,span,auc
jeyu4ke4,apertus_no_lora_fp32_only_layer26_seed42_lr1em3,finished,2026-03-16 18:21:39+00:00,apertus,fp32_only,26,42,1e-3,float32,none,0.02182931825518608,train/longfact_test_apertus/span_auc,0.6585459658045654,apertus,span,auc
6jnxw4n2,apertus_no_lora_fp32_only_layer26_seed42_lr1em4,finished,2026-03-16 18:21:39+00:00,apertus,fp32_only,26,42,1e-4,float32,none,0.017278315499424934,train/longfact_test_apertus/span_auc,0.6832520166666849,apertus,span,auc
vz2hbt4t,apertus_no_lora_fp32_only_layer26_seed42_lr3em4,finished,2026-03-16 18:21:39+00:00,apertus,fp32_only,26,42,3e-4,float32,none,0.006629477255046368,train/longfact_test_apertus/span_auc,0.7057891486344391,apertus,span,auc
g2rdqxou,apertus_no_lora_fp32_only_layer26_seed42_lr3em5,finished,2026-03-16 18:21:39+00:00,apertus,fp32_only,26,42,3e-5,float32,none,0.029366448521614075,train/longfact_test_apertus/span_auc,0.6441377961061585,apertus,span,auc
g557mw8r,apertus_no_lora_fp32_only_layer26_seed43_lr1em3,finished,2026-03-16 18:21:39+00:00,apertus,fp32_only,26,43,1e-3,float32,none,5.589945316314697,train/longfact_test_apertus/span_auc,0.6687116286409286,apertus,span,auc
xtj1l55e,apertus_no_lora_fp32_only_layer26_seed43_lr1em4,finished,2026-03-16 18:21:39+00:00,apertus,fp32_only,26,43,1e-4,float32,none,2.261085033416748,train/longfact_test_apertus/span_auc,0.6805386238275791,apertus,span,auc
tn9zon9i,apertus_no_lora_fp32_only_layer26_seed43_lr3em4,finished,2026-03-16 18:21:39+00:00,apertus,fp32_only,26,43,3e-4,float32,none,1.2675254344940186,train/longfact_test_apertus/span_auc,0.7125304469499175,apertus,span,auc
gi60xrz3,apertus_no_lora_fp32_only_layer26_seed43_lr3em5,finished,2026-03-16 18:21:39+00:00,apertus,fp32_only,26,43,3e-5,float32,none,5.592858791351318,train/longfact_test_apertus/span_auc,0.6421111832347073,apertus,span,auc
p7gub5up,apertus_no_lora_fp32_only_layer26_seed44_lr1em3,finished,2026-03-16 18:21:39+00:00,apertus,fp32_only,26,44,1e-3,float32,none,2.7211620807647705,train/longfact_test_apertus/span_auc,0.6745286388757632,apertus,span,auc
gani1xp7,apertus_no_lora_fp32_only_layer26_seed44_lr1em4,finished,2026-03-16 18:21:39+00:00,apertus,fp32_only,26,44,1e-4,float32,none,0.061501313000917435,train/longfact_test_apertus/span_auc,0.6858424764260764,apertus,span,auc
ill5vvx2,apertus_no_lora_fp32_only_layer26_seed44_lr3em4,finished,2026-03-16 18:21:39+00:00,apertus,fp32_only,26,44,3e-4,float32,none,0.02174818329513073,train/longfact_test_apertus/span_auc,0.7153753239588883,apertus,span,auc
b9ibkxys,apertus_no_lora_fp32_only_layer26_seed44_lr3em5,finished,2026-03-16 18:21:39+00:00,apertus,fp32_only,26,44,3e-5,float32,none,0.0007233090000227094,train/longfact_test_apertus/span_auc,0.6454310294407729,apertus,span,auc
362f178l,apertus_no_lora_fp32_only_layer30_seed42_lr1em3,finished,2026-03-16 18:21:39+00:00,apertus,fp32_only,30,42,1e-3,float32,none,81.83356475830078,train/longfact_test_apertus/span_auc,0.5,apertus,span,auc
572p44e7,apertus_no_lora_fp32_only_layer30_seed42_lr1em4,finished,2026-03-16 18:21:39+00:00,apertus,fp32_only,30,42,1e-4,float32,none,0.03013068065047264,train/longfact_test_apertus/span_auc,0.6547164497030323,apertus,span,auc
9k35iiw5,apertus_no_lora_fp32_only_layer30_seed42_lr3em4,finished,2026-03-16 18:21:39+00:00,apertus,fp32_only,30,42,3e-4,float32,none,0.02508390322327614,train/longfact_test_apertus/span_auc,0.6661401726339194,apertus,span,auc
7u26q4rs,apertus_no_lora_fp32_only_layer30_seed42_lr3em5,finished,2026-03-16 18:21:39+00:00,apertus,fp32_only,30,42,3e-5,float32,none,0.5540672540664673,train/longfact_test_apertus/span_auc,0.6111428121145314,apertus,span,auc
f817tswh,apertus_no_lora_fp32_only_layer30_seed43_lr1em3,finished,2026-03-16 18:21:39+00:00,apertus,fp32_only,30,43,1e-3,float32,none,9.374524116516112,train/longfact_test_apertus/span_auc,0.5,apertus,span,auc
lqmdrcpg,apertus_no_lora_fp32_only_layer30_seed43_lr1em4,finished,2026-03-16 18:21:39+00:00,apertus,fp32_only,30,43,1e-4,float32,none,5.7266106605529785,train/longfact_test_apertus/span_auc,0.6498569682397421,apertus,span,auc
f3nq1ppq,apertus_no_lora_fp32_only_layer30_seed43_lr3em4,finished,2026-03-16 18:21:39+00:00,apertus,fp32_only,30,43,3e-4,float32,none,5.207202911376953,train/longfact_test_apertus/span_auc,0.6701109215423429,apertus,span,auc
z9shqkbl,apertus_no_lora_fp32_only_layer30_seed43_lr3em5,finished,2026-03-16 18:21:39+00:00,apertus,fp32_only,30,43,3e-5,float32,none,6.685286521911621,train/longfact_test_apertus/span_auc,0.6056824020516823,apertus,span,auc
bz9gcqwk,apertus_no_lora_fp32_only_layer30_seed44_lr1em3,finished,2026-03-16 18:21:39+00:00,apertus,fp32_only,30,44,1e-3,float32,none,0.0,train/longfact_test_apertus/span_auc,0.5,apertus,span,auc
nhg2yz2u,apertus_no_lora_fp32_only_layer30_seed44_lr1em4,finished,2026-03-16 18:21:39+00:00,apertus,fp32_only,30,44,1e-4,float32,none,0.01171684730798006,train/longfact_test_apertus/span_auc,0.6545091620128105,apertus,span,auc
4yytvlvi,apertus_no_lora_fp32_only_layer30_seed44_lr3em4,finished,2026-03-16 18:21:39+00:00,apertus,fp32_only,30,44,3e-4,float32,none,0.0005547898472286761,train/longfact_test_apertus/span_auc,0.6723193597652002,apertus,span,auc
8kx20a5i,apertus_no_lora_fp32_only_layer30_seed44_lr3em5,finished,2026-03-16 18:21:39+00:00,apertus,fp32_only,30,44,3e-5,float32,none,33.319332122802734,train/longfact_test_apertus/span_auc,0.61053418147922,apertus,span,auc
kgoq3e5r,llama_no_lora_long_form_layer10_seed42,finished,2026-03-02 14:45:36+00:00,llama,llama_layers,10,42,,bfloat16,none,0.4103353917598725,train/longfact_test_apertus/span_auc,0.8244259410463572,apertus,span,auc
9oem35be,llama_no_lora_long_form_layer10_seed43,finished,2026-03-02 14:46:11+00:00,llama,llama_layers,10,43,,bfloat16,none,0.582381546497345,train/longfact_test_apertus/span_auc,0.8257740232153691,apertus,span,auc
rri8v027,llama_no_lora_long_form_layer10_seed44,finished,2026-03-02 14:46:11+00:00,llama,llama_layers,10,44,,bfloat16,none,0.3619125485420227,train/longfact_test_apertus/span_auc,0.8253184371421558,apertus,span,auc
qni919ee,llama_no_lora_long_form_layer20_seed42,finished,2026-03-02 14:50:44+00:00,llama,llama_layers,20,42,,bfloat16,none,0.4025150239467621,train/longfact_test_apertus/span_auc,0.8251735032148012,apertus,span,auc
4aryhr4u,llama_no_lora_long_form_layer20_seed43,finished,2026-03-02 14:50:44+00:00,llama,llama_layers,20,43,,bfloat16,none,0.6214630007743835,train/longfact_test_apertus/span_auc,0.827494253239295,apertus,span,auc
v8qejznt,llama_no_lora_long_form_layer20_seed44,finished,2026-03-02 14:50:44+00:00,llama,llama_layers,20,44,,bfloat16,none,0.4049457013607025,train/longfact_test_apertus/span_auc,0.825902802611394,apertus,span,auc
82vjeyys,llama_no_lora_long_form_layer26_seed42,finished,2026-03-02 14:50:44+00:00,llama,llama_layers,26,42,,bfloat16,none,0.38688111305236816,train/longfact_test_apertus/span_auc,0.8184549842134284,apertus,span,auc
gzg4irhz,llama_no_lora_long_form_layer26_seed43,finished,2026-03-02 14:51:46+00:00,llama,llama_layers,26,43,,bfloat16,none,0.6332159042358398,train/longfact_test_apertus/span_auc,0.819189545219485,apertus,span,auc
7u7entue,llama_no_lora_long_form_layer26_seed44,finished,2026-03-02 14:51:46+00:00,llama,llama_layers,26,44,,bfloat16,none,0.4069174230098725,train/longfact_test_apertus/span_auc,0.8203955986898984,apertus,span,auc
ct7o6ek7,llama_no_lora_long_form_layer30_seed42,finished,2026-03-02 14:51:46+00:00,llama,llama_layers,30,42,,bfloat16,none,0.4142408668994904,train/longfact_test_apertus/span_auc,0.8276494906042692,apertus,span,auc
av9rm02w,llama_no_lora_long_form_layer30_seed43,finished,2026-03-02 14:51:46+00:00,llama,llama_layers,30,43,,bfloat16,none,0.7231071591377258,train/longfact_test_apertus/span_auc,0.8271305985226225,apertus,span,auc
ojujrfsw,llama_no_lora_long_form_layer30_seed44,finished,2026-03-02 14:51:46+00:00,llama,llama_layers,30,44,,bfloat16,none,0.4089251160621643,train/longfact_test_apertus/span_auc,0.8290052122055307,apertus,span,auc
47rfeqmx,apertus_no_lora_ln_bf16_layer10_seed42_lr1em3,finished,2026-03-16 01:21:44+00:00,apertus,ln_bf16,10,42,1e-3,bfloat16,layernorm,0.14300638437271118,train/longfact_test_apertus/span_auc,0.8352294470131175,apertus,span,auc
ltvbxnyc,apertus_no_lora_ln_bf16_layer10_seed42_lr1em4,finished,2026-03-16 01:21:44+00:00,apertus,ln_bf16,10,42,1e-4,bfloat16,layernorm,0.3950393497943878,train/longfact_test_apertus/span_auc,0.7921802323090784,apertus,span,auc
aupa5a3l,apertus_no_lora_ln_bf16_layer10_seed42_lr3em4,finished,2026-03-16 01:21:44+00:00,apertus,ln_bf16,10,42,3e-4,bfloat16,layernorm,0.18207243084907532,train/longfact_test_apertus/span_auc,0.8242285786582908,apertus,span,auc
48kc2gt3,apertus_no_lora_ln_bf16_layer10_seed42_lr3em5,finished,2026-03-16 01:21:44+00:00,apertus,ln_bf16,10,42,3e-5,bfloat16,layernorm,0.942188560962677,train/longfact_test_apertus/span_auc,0.6777817289893922,apertus,span,auc
l92ugb0x,apertus_no_lora_ln_bf16_layer10_seed43_lr1em3,finished,2026-03-16 01:21:44+00:00,apertus,ln_bf16,10,43,1e-3,bfloat16,layernorm,0.2892049551010132,train/longfact_test_apertus/span_auc,0.834201901104383,apertus,span,auc
ks445ju3,apertus_no_lora_ln_bf16_layer10_seed43_lr1em4,finished,2026-03-16 01:21:44+00:00,apertus,ln_bf16,10,43,1e-4,bfloat16,layernorm,0.26968491077423096,train/longfact_test_apertus/span_auc,0.790326990291141,apertus,span,auc
v1whaixy,apertus_no_lora_ln_bf16_layer10_seed43_lr3em4,finished,2026-03-16 01:21:44+00:00,apertus,ln_bf16,10,43,3e-4,bfloat16,layernorm,0.26967474818229675,train/longfact_test_apertus/span_auc,0.8234744261537295,apertus,span,auc
yrz15txm,apertus_no_lora_ln_bf16_layer10_seed43_lr3em5,finished,2026-03-16 01:21:44+00:00,apertus,ln_bf16,10,43,3e-5,bfloat16,layernorm,0.35177040100097656,train/longfact_test_apertus/span_auc,0.6791887392743083,apertus,span,auc
yjo8ext8,apertus_no_lora_ln_bf16_layer10_seed44_lr1em3,finished,2026-03-16 01:21:45+00:00,apertus,ln_bf16,10,44,1e-3,bfloat16,layernorm,0.20609278976917267,train/longfact_test_apertus/span_auc,0.8359268159422839,apertus,span,auc
wjc71sg6,apertus_no_lora_ln_bf16_layer10_seed44_lr1em4,finished,2026-03-16 01:21:45+00:00,apertus,ln_bf16,10,44,1e-4,bfloat16,layernorm,0.3125472366809845,train/longfact_test_apertus/span_auc,0.791541708200305,apertus,span,auc
dd2pwu6g,apertus_no_lora_ln_bf16_layer10_seed44_lr3em4,finished,2026-03-16 01:21:45+00:00,apertus,ln_bf16,10,44,3e-4,bfloat16,layernorm,0.289102166891098,train/longfact_test_apertus/span_auc,0.8241650512254485,apertus,span,auc
gk2y0cx9,apertus_no_lora_ln_bf16_layer10_seed44_lr3em5,finished,2026-03-16 01:21:45+00:00,apertus,ln_bf16,10,44,3e-5,bfloat16,layernorm,0.31844255328178406,train/longfact_test_apertus/span_auc,0.6786762252578142,apertus,span,auc
p3f6sakq,apertus_no_lora_ln_bf16_layer20_seed42_lr1em3,finished,2026-03-16 01:21:44+00:00,apertus,ln_bf16,20,42,1e-3,bfloat16,layernorm,0.11758887767791748,train/longfact_test_apertus/span_auc,0.8368776670347505,apertus,span,auc
2mbvnb3s,apertus_no_lora_ln_bf16_layer20_seed42_lr1em4,finished,2026-03-16 01:21:44+00:00,apertus,ln_bf16,20,42,1e-4,bfloat16,layernorm,0.5318654179573059,train/longfact_test_apertus/span_auc,0.7890894928016103,apertus,span,auc
pw74vso0,apertus_no_lora_ln_bf16_layer20_seed42_lr3em4,finished,2026-03-16 01:21:44+00:00,apertus,ln_bf16,20,42,3e-4,bfloat16,layernorm,0.2455830276012421,train/longfact_test_apertus/span_auc,0.8251772189708061,apertus,span,auc
lcc4r0ui,apertus_no_lora_ln_bf16_layer20_seed42_lr3em5,finished,2026-03-16 01:21:44+00:00,apertus,ln_bf16,20,42,3e-5,bfloat16,layernorm,0.8914243578910828,train/longfact_test_apertus/span_auc,0.6408421062721521,apertus,span,auc
ea20dmvq,apertus_no_lora_ln_bf16_layer20_seed43_lr1em3,finished,2026-03-16 01:21:44+00:00,apertus,ln_bf16,20,43,1e-3,bfloat16,layernorm,0.2716436982154846,train/longfact_test_apertus/span_auc,0.836526831561956,apertus,span,auc
dq6d9cxj,apertus_no_lora_ln_bf16_layer20_seed43_lr1em4,finished,2026-03-16 01:21:44+00:00,apertus,ln_bf16,20,43,1e-4,bfloat16,layernorm,0.28726422786712646,train/longfact_test_apertus/span_auc,0.7868202994563667,apertus,span,auc
5rukn8sb,apertus_no_lora_ln_bf16_layer20_seed43_lr3em4,finished,2026-03-16 01:21:44+00:00,apertus,ln_bf16,20,43,3e-4,bfloat16,layernorm,0.279452383518219,train/longfact_test_apertus/span_auc,0.8251026343996903,apertus,span,auc
sg4y1aru,apertus_no_lora_ln_bf16_layer20_seed43_lr3em5,finished,2026-03-16 01:21:44+00:00,apertus,ln_bf16,20,43,3e-5,bfloat16,layernorm,0.383007675409317,train/longfact_test_apertus/span_auc,0.638934192613632,apertus,span,auc
wjx8fs4d,apertus_no_lora_ln_bf16_layer20_seed44_lr1em3,finished,2026-03-16 01:21:44+00:00,apertus,ln_bf16,20,44,1e-3,bfloat16,layernorm,0.343784362077713,train/longfact_test_apertus/span_auc,0.8391008899277361,apertus,span,auc
ug8c0ane,apertus_no_lora_ln_bf16_layer20_seed44_lr1em4,finished,2026-03-16 01:21:44+00:00,apertus,ln_bf16,20,44,1e-4,bfloat16,layernorm,0.39652878046035767,train/longfact_test_apertus/span_auc,0.7896942953702675,apertus,span,auc
xy83pt3c,apertus_no_lora_ln_bf16_layer20_seed44_lr3em4,finished,2026-03-16 01:21:44+00:00,apertus,ln_bf16,20,44,3e-4,bfloat16,layernorm,0.4512102007865906,train/longfact_test_apertus/span_auc,0.8251209928425688,apertus,span,auc
mgy8s31x,apertus_no_lora_ln_bf16_layer20_seed44_lr3em5,finished,2026-03-16 01:21:44+00:00,apertus,ln_bf16,20,44,3e-5,bfloat16,layernorm,0.44538286328315735,train/longfact_test_apertus/span_auc,0.6444162155462766,apertus,span,auc
qbe29z5d,apertus_no_lora_ln_bf16_layer26_seed42_lr1em3,finished,2026-03-16 01:21:44+00:00,apertus,ln_bf16,26,42,1e-3,bfloat16,layernorm,0.1929110735654831,train/longfact_test_apertus/span_auc,0.817069944479536,apertus,span,auc
nyzlam71,apertus_no_lora_ln_bf16_layer26_seed42_lr1em4,finished,2026-03-16 01:21:44+00:00,apertus,ln_bf16,26,42,1e-4,bfloat16,layernorm,0.5006973147392273,train/longfact_test_apertus/span_auc,0.7602347144733861,apertus,span,auc
p9he43x3,apertus_no_lora_ln_bf16_layer26_seed42_lr3em4,finished,2026-03-16 01:21:44+00:00,apertus,ln_bf16,26,42,3e-4,bfloat16,layernorm,0.27400892972946167,train/longfact_test_apertus/span_auc,0.805546812907969,apertus,span,auc
jap1923r,apertus_no_lora_ln_bf16_layer26_seed42_lr3em5,finished,2026-03-16 01:21:44+00:00,apertus,ln_bf16,26,42,3e-5,bfloat16,layernorm,0.9109970927238464,train/longfact_test_apertus/span_auc,0.6313185441334128,apertus,span,auc
kffm0190,apertus_no_lora_ln_bf16_layer26_seed43_lr1em3,finished,2026-03-16 01:21:44+00:00,apertus,ln_bf16,26,43,1e-3,bfloat16,layernorm,0.27165380120277405,train/longfact_test_apertus/span_auc,0.8178844073033589,apertus,span,auc
6nfiscpk,apertus_no_lora_ln_bf16_layer26_seed43_lr1em4,finished,2026-03-16 01:21:44+00:00,apertus,ln_bf16,26,43,1e-4,bfloat16,layernorm,0.29313549399375916,train/longfact_test_apertus/span_auc,0.7604659001584165,apertus,span,auc
livazl8t,apertus_no_lora_ln_bf16_layer26_seed43_lr3em4,finished,2026-03-16 01:21:44+00:00,apertus,ln_bf16,26,43,3e-4,bfloat16,layernorm,0.26969656348228455,train/longfact_test_apertus/span_auc,0.8046721595899747,apertus,span,auc
cs5p5dya,apertus_no_lora_ln_bf16_layer26_seed43_lr3em5,finished,2026-03-16 01:21:44+00:00,apertus,ln_bf16,26,43,3e-5,bfloat16,layernorm,0.3752008378505707,train/longfact_test_apertus/span_auc,0.6341022566997421,apertus,span,auc
m9z367ud,apertus_no_lora_ln_bf16_layer26_seed44_lr1em3,finished,2026-03-16 01:21:44+00:00,apertus,ln_bf16,26,44,1e-3,bfloat16,layernorm,0.44535091519355774,train/longfact_test_apertus/span_auc,0.8194946446019143,apertus,span,auc
ycmihac6,apertus_no_lora_ln_bf16_layer26_seed44_lr1em4,finished,2026-03-16 01:21:44+00:00,apertus,ln_bf16,26,44,1e-4,bfloat16,layernorm,0.3027840852737427,train/longfact_test_apertus/span_auc,0.7633103953041154,apertus,span,auc
b7cu6by4,apertus_no_lora_ln_bf16_layer26_seed44_lr3em4,finished,2026-03-16 01:21:44+00:00,apertus,ln_bf16,26,44,3e-4,bfloat16,layernorm,0.33402493596076965,train/longfact_test_apertus/span_auc,0.8059560193921931,apertus,span,auc
82b66i5k,apertus_no_lora_ln_bf16_layer26_seed44_lr3em5,finished,2026-03-16 01:21:44+00:00,apertus,ln_bf16,26,44,3e-5,bfloat16,layernorm,0.3965613543987274,train/longfact_test_apertus/span_auc,0.6363955740318854,apertus,span,auc
7hvw78qp,apertus_no_lora_ln_bf16_layer30_seed42_lr1em3,finished,2026-03-16 01:21:44+00:00,apertus,ln_bf16,30,42,1e-3,bfloat16,layernorm,0.18903133273124695,train/longfact_test_apertus/span_auc,0.8213685521533299,apertus,span,auc
hq7zzpsr,apertus_no_lora_ln_bf16_layer30_seed42_lr1em4,finished,2026-03-16 01:21:44+00:00,apertus,ln_bf16,30,42,1e-4,bfloat16,layernorm,0.6139996647834778,train/longfact_test_apertus/span_auc,0.7703884594302591,apertus,span,auc
wehbf6bi,apertus_no_lora_ln_bf16_layer30_seed42_lr3em4,finished,2026-03-16 01:21:44+00:00,apertus,ln_bf16,30,42,3e-4,bfloat16,layernorm,0.2974618077278137,train/longfact_test_apertus/span_auc,0.8100177848200376,apertus,span,auc
inx8ca5d,apertus_no_lora_ln_bf16_layer30_seed42_lr3em5,finished,2026-03-16 01:21:44+00:00,apertus,ln_bf16,30,42,3e-5,bfloat16,layernorm,0.8954324722290039,train/longfact_test_apertus/span_auc,0.6518982328613632,apertus,span,auc
og90cgj0,apertus_no_lora_ln_bf16_layer30_seed43_lr1em3,finished,2026-03-16 01:21:44+00:00,apertus,ln_bf16,30,43,1e-3,bfloat16,layernorm,0.2775192856788635,train/longfact_test_apertus/span_auc,0.8219137385715786,apertus,span,auc
5cwasjvc,apertus_no_lora_ln_bf16_layer30_seed43_lr1em4,finished,2026-03-16 01:21:44+00:00,apertus,ln_bf16,30,43,1e-4,bfloat16,layernorm,0.2989921569824219,train/longfact_test_apertus/span_auc,0.7688031026640894,apertus,span,auc
7jkvxq48,apertus_no_lora_ln_bf16_layer30_seed43_lr3em4,finished,2026-03-16 01:21:44+00:00,apertus,ln_bf16,30,43,3e-4,bfloat16,layernorm,0.28141525387763977,train/longfact_test_apertus/span_auc,0.8109905985420217,apertus,span,auc
74i6ukb7,apertus_no_lora_ln_bf16_layer30_seed43_lr3em5,finished,2026-03-16 01:21:44+00:00,apertus,ln_bf16,30,43,3e-5,bfloat16,layernorm,0.367383748292923,train/longfact_test_apertus/span_auc,0.6515053963712262,apertus,span,auc
4m7o0thq,apertus_no_lora_ln_bf16_layer30_seed44_lr1em3,finished,2026-03-16 01:21:44+00:00,apertus,ln_bf16,30,44,1e-3,bfloat16,layernorm,0.3379320204257965,train/longfact_test_apertus/span_auc,0.8233524996892545,apertus,span,auc
3huyrepp,apertus_no_lora_ln_bf16_layer30_seed44_lr1em4,finished,2026-03-16 01:21:44+00:00,apertus,ln_bf16,30,44,1e-4,bfloat16,layernorm,0.4082537889480591,train/longfact_test_apertus/span_auc,0.7715100286092639,apertus,span,auc
khqaa0hj,apertus_no_lora_ln_bf16_layer30_seed44_lr3em4,finished,2026-03-16 01:21:44+00:00,apertus,ln_bf16,30,44,3e-4,bfloat16,layernorm,0.3730915486812592,train/longfact_test_apertus/span_auc,0.8116844460779131,apertus,span,auc
v97a1dax,apertus_no_lora_ln_bf16_layer30_seed44_lr3em5,finished,2026-03-16 01:21:44+00:00,apertus,ln_bf16,30,44,3e-5,bfloat16,layernorm,0.44148337841033936,train/longfact_test_apertus/span_auc,0.6539992275446705,apertus,span,auc
a1vhu02a,apertus_no_lora_ln_fp32_layer10_seed42_lr1em3,finished,2026-03-16 18:21:39+00:00,apertus,ln_fp32,10,42,1e-3,float32,layernorm,0.12267088890075684,train/longfact_test_apertus/span_auc,0.8363982996513895,apertus,span,auc
s5e7uzrk,apertus_no_lora_ln_fp32_layer10_seed42_lr1em4,finished,2026-03-16 18:21:39+00:00,apertus,ln_fp32,10,42,1e-4,float32,layernorm,0.2215098738670349,train/longfact_test_apertus/span_auc,0.8140869129434849,apertus,span,auc
a039mxlm,apertus_no_lora_ln_fp32_layer10_seed42_lr3em4,finished,2026-03-16 18:21:39+00:00,apertus,ln_fp32,10,42,3e-4,float32,layernorm,0.15673403441905975,train/longfact_test_apertus/span_auc,0.8289724625620967,apertus,span,auc
ur0fzre6,apertus_no_lora_ln_fp32_layer10_seed42_lr3em5,finished,2026-03-16 18:21:39+00:00,apertus,ln_fp32,10,42,3e-5,float32,layernorm,0.4890720844268799,train/longfact_test_apertus/span_auc,0.7782405402729532,apertus,span,auc
kyx3dh6x,apertus_no_lora_ln_fp32_layer10_seed43_lr1em3,finished,2026-03-16 18:21:39+00:00,apertus,ln_fp32,10,43,1e-3,float32,layernorm,0.2920945882797241,train/longfact_test_apertus/span_auc,0.8369279524574955,apertus,span,auc
anpnl7j5,apertus_no_lora_ln_fp32_layer10_seed43_lr1em4,finished,2026-03-16 18:21:39+00:00,apertus,ln_fp32,10,43,1e-4,float32,layernorm,0.26364782452583313,train/longfact_test_apertus/span_auc,0.813358480732575,apertus,span,auc
mu08a37q,apertus_no_lora_ln_fp32_layer10_seed43_lr3em4,finished,2026-03-16 18:21:39+00:00,apertus,ln_fp32,10,43,3e-4,float32,layernorm,0.2802787125110626,train/longfact_test_apertus/span_auc,0.8287550291646328,apertus,span,auc
0q5lbh0o,apertus_no_lora_ln_fp32_layer10_seed43_lr3em5,finished,2026-03-16 18:21:39+00:00,apertus,ln_fp32,10,43,3e-5,float32,layernorm,0.27201464772224426,train/longfact_test_apertus/span_auc,0.7782732167580536,apertus,span,auc
b2incihb,apertus_no_lora_ln_fp32_layer10_seed44_lr1em3,finished,2026-03-16 18:21:39+00:00,apertus,ln_fp32,10,44,1e-3,float32,layernorm,0.19783645868301392,train/longfact_test_apertus/span_auc,0.8369390463458847,apertus,span,auc
9s2c6c1h,apertus_no_lora_ln_fp32_layer10_seed44_lr1em4,finished,2026-03-16 18:21:39+00:00,apertus,ln_fp32,10,44,1e-4,float32,layernorm,0.32758116722106934,train/longfact_test_apertus/span_auc,0.8143394819860935,apertus,span,auc
u1cqzubx,apertus_no_lora_ln_fp32_layer10_seed44_lr3em4,finished,2026-03-16 18:21:39+00:00,apertus,ln_fp32,10,44,3e-4,float32,layernorm,0.2790237069129944,train/longfact_test_apertus/span_auc,0.830103068045424,apertus,span,auc
jd8rl3y0,apertus_no_lora_ln_fp32_layer10_seed44_lr3em5,finished,2026-03-16 18:21:39+00:00,apertus,ln_fp32,10,44,3e-5,float32,layernorm,0.29283058643341064,train/longfact_test_apertus/span_auc,0.7780565287824778,apertus,span,auc
tvxgxlk0,apertus_no_lora_ln_fp32_layer20_seed42_lr1em3,finished,2026-03-16 18:21:39+00:00,apertus,ln_fp32,20,42,1e-3,float32,layernorm,0.11203589290380478,train/longfact_test_apertus/span_auc,0.837978645870169,apertus,span,auc
szjyc7rq,apertus_no_lora_ln_fp32_layer20_seed42_lr1em4,finished,2026-03-16 18:21:39+00:00,apertus,ln_fp32,20,42,1e-4,float32,layernorm,0.3388446271419525,train/longfact_test_apertus/span_auc,0.8136485230656219,apertus,span,auc
j1ydn4mi,apertus_no_lora_ln_fp32_layer20_seed42_lr3em4,finished,2026-03-16 18:21:39+00:00,apertus,ln_fp32,20,42,3e-4,float32,layernorm,0.18392929434776303,train/longfact_test_apertus/span_auc,0.8313711075564358,apertus,span,auc
mru621ko,apertus_no_lora_ln_fp32_layer20_seed42_lr3em5,finished,2026-03-16 18:21:39+00:00,apertus,ln_fp32,20,42,3e-5,float32,layernorm,0.6155123114585876,train/longfact_test_apertus/span_auc,0.7688019173672527,apertus,span,auc
cuinxn0m,apertus_no_lora_ln_fp32_layer20_seed43_lr1em3,finished,2026-03-16 18:21:39+00:00,apertus,ln_fp32,20,43,1e-3,float32,layernorm,0.2761920690536499,train/longfact_test_apertus/span_auc,0.83898277181721,apertus,span,auc
gfuz02ro,apertus_no_lora_ln_fp32_layer20_seed43_lr1em4,finished,2026-03-16 18:21:39+00:00,apertus,ln_fp32,20,43,1e-4,float32,layernorm,0.28859972953796387,train/longfact_test_apertus/span_auc,0.8135239456646368,apertus,span,auc
bydlptvs,apertus_no_lora_ln_fp32_layer20_seed43_lr3em4,finished,2026-03-16 18:21:39+00:00,apertus,ln_fp32,20,43,3e-4,float32,layernorm,0.27679380774497986,train/longfact_test_apertus/span_auc,0.831568769532433,apertus,span,auc
5a8w5arg,apertus_no_lora_ln_fp32_layer20_seed43_lr3em5,finished,2026-03-16 18:21:39+00:00,apertus,ln_fp32,20,43,3e-5,float32,layernorm,0.30041441321372986,train/longfact_test_apertus/span_auc,0.7680134572919938,apertus,span,auc
3wystufk,apertus_no_lora_ln_fp32_layer20_seed44_lr1em3,finished,2026-03-16 18:21:39+00:00,apertus,ln_fp32,20,44,1e-3,float32,layernorm,0.37859293818473816,train/longfact_test_apertus/span_auc,0.8404795140571564,apertus,span,auc
ipm80jlq,apertus_no_lora_ln_fp32_layer20_seed44_lr1em4,finished,2026-03-16 18:21:39+00:00,apertus,ln_fp32,20,44,1e-4,float32,layernorm,0.39040952920913696,train/longfact_test_apertus/span_auc,0.814717605616673,apertus,span,auc
28tm3neg,apertus_no_lora_ln_fp32_layer20_seed44_lr3em4,finished,2026-03-16 18:21:39+00:00,apertus,ln_fp32,20,44,3e-4,float32,layernorm,0.4330550134181976,train/longfact_test_apertus/span_auc,0.8324379713016482,apertus,span,auc
zoq512xp,apertus_no_lora_ln_fp32_layer20_seed44_lr3em5,finished,2026-03-16 18:21:39+00:00,apertus,ln_fp32,20,44,3e-5,float32,layernorm,0.37936899065971375,train/longfact_test_apertus/span_auc,0.769750801131684,apertus,span,auc
8hrkgqv3,apertus_no_lora_ln_fp32_layer26_seed42_lr1em3,finished,2026-03-16 18:21:39+00:00,apertus,ln_fp32,26,42,1e-3,float32,layernorm,0.17951826751232147,train/longfact_test_apertus/span_auc,0.8184173429789998,apertus,span,auc
rlqcb2g4,apertus_no_lora_ln_fp32_layer26_seed42_lr1em4,finished,2026-03-16 18:21:39+00:00,apertus,ln_fp32,26,42,1e-4,float32,layernorm,0.3578282594680786,train/longfact_test_apertus/span_auc,0.7924578528213927,apertus,span,auc
r2wu0aof,apertus_no_lora_ln_fp32_layer26_seed42_lr3em4,finished,2026-03-16 18:21:39+00:00,apertus,ln_fp32,26,42,3e-4,float32,layernorm,0.24504521489143372,train/longfact_test_apertus/span_auc,0.8132763851981477,apertus,span,auc
okj43cej,apertus_no_lora_ln_fp32_layer26_seed42_lr3em5,finished,2026-03-16 18:21:39+00:00,apertus,ln_fp32,26,42,3e-5,float32,layernorm,0.6153150200843811,train/longfact_test_apertus/span_auc,0.7395106001842365,apertus,span,auc
44fifewm,apertus_no_lora_ln_fp32_layer26_seed43_lr1em3,finished,2026-03-16 18:21:39+00:00,apertus,ln_fp32,26,43,1e-3,float32,layernorm,0.26287174224853516,train/longfact_test_apertus/span_auc,0.8195852678528553,apertus,span,auc
cfgw5o62,apertus_no_lora_ln_fp32_layer26_seed43_lr1em4,finished,2026-03-16 18:21:39+00:00,apertus,ln_fp32,26,43,1e-4,float32,layernorm,0.27609291672706604,train/longfact_test_apertus/span_auc,0.791796169521862,apertus,span,auc
5yjm6w2c,apertus_no_lora_ln_fp32_layer26_seed43_lr3em4,finished,2026-03-16 18:21:39+00:00,apertus,ln_fp32,26,43,3e-4,float32,layernorm,0.268221378326416,train/longfact_test_apertus/span_auc,0.812759440328618,apertus,span,auc
bj0fbt17,apertus_no_lora_ln_fp32_layer26_seed43_lr3em5,finished,2026-03-16 18:21:39+00:00,apertus,ln_fp32,26,43,3e-5,float32,layernorm,0.28795114159584045,train/longfact_test_apertus/span_auc,0.7388713248805687,apertus,span,auc
thtwlsce,apertus_no_lora_ln_fp32_layer26_seed44_lr1em3,finished,2026-03-16 18:21:39+00:00,apertus,ln_fp32,26,44,1e-3,float32,layernorm,0.4517517387866974,train/longfact_test_apertus/span_auc,0.8218709151119907,apertus,span,auc
a2rdvxyc,apertus_no_lora_ln_fp32_layer26_seed44_lr1em4,finished,2026-03-16 18:21:39+00:00,apertus,ln_fp32,26,44,1e-4,float32,layernorm,0.28372296690940857,train/longfact_test_apertus/span_auc,0.7932592102160082,apertus,span,auc
veq9b7kw,apertus_no_lora_ln_fp32_layer26_seed44_lr3em4,finished,2026-03-16 18:21:39+00:00,apertus,ln_fp32,26,44,3e-4,float32,layernorm,0.37059929966926575,train/longfact_test_apertus/span_auc,0.8140264315460984,apertus,span,auc
5aqux06m,apertus_no_lora_ln_fp32_layer26_seed44_lr3em5,finished,2026-03-16 18:21:39+00:00,apertus,ln_fp32,26,44,3e-5,float32,layernorm,0.3035992383956909,train/longfact_test_apertus/span_auc,0.7409456582701346,apertus,span,auc
qg1y3gso,apertus_no_lora_ln_fp32_layer30_seed42_lr1em3,finished,2026-03-16 18:21:39+00:00,apertus,ln_fp32,30,42,1e-3,float32,layernorm,0.1903767287731171,train/longfact_test_apertus/span_auc,0.8212133841531244,apertus,span,auc
r9e2fhqm,apertus_no_lora_ln_fp32_layer30_seed42_lr1em4,finished,2026-03-16 18:21:39+00:00,apertus,ln_fp32,30,42,1e-4,float32,layernorm,0.38982802629470825,train/longfact_test_apertus/span_auc,0.7973011631073138,apertus,span,auc
e24v1w1s,apertus_no_lora_ln_fp32_layer30_seed42_lr3em4,finished,2026-03-16 18:21:39+00:00,apertus,ln_fp32,30,42,3e-4,float32,layernorm,0.2570212781429291,train/longfact_test_apertus/span_auc,0.8155595541477534,apertus,span,auc
jtcznw8g,apertus_no_lora_ln_fp32_layer30_seed42_lr3em5,finished,2026-03-16 18:21:39+00:00,apertus,ln_fp32,30,42,3e-5,float32,layernorm,0.6943867206573486,train/longfact_test_apertus/span_auc,0.7548319329569839,apertus,span,auc
v3qqa12o,apertus_no_lora_ln_fp32_layer30_seed43_lr1em3,finished,2026-03-16 18:21:39+00:00,apertus,ln_fp32,30,43,1e-3,float32,layernorm,0.2808498740196228,train/longfact_test_apertus/span_auc,0.8221059808207358,apertus,span,auc
lgm2cr72,apertus_no_lora_ln_fp32_layer30_seed43_lr1em4,finished,2026-03-16 18:21:39+00:00,apertus,ln_fp32,30,43,1e-4,float32,layernorm,0.2797033190727234,train/longfact_test_apertus/span_auc,0.7978726412060708,apertus,span,auc
f873k60o,apertus_no_lora_ln_fp32_layer30_seed43_lr3em4,finished,2026-03-16 18:21:39+00:00,apertus,ln_fp32,30,43,3e-4,float32,layernorm,0.28264516592025757,train/longfact_test_apertus/span_auc,0.8163925303000001,apertus,span,auc
ybsg28sj,apertus_no_lora_ln_fp32_layer30_seed43_lr3em5,finished,2026-03-16 18:21:39+00:00,apertus,ln_fp32,30,43,3e-5,float32,layernorm,0.30628159642219543,train/longfact_test_apertus/span_auc,0.7550044412388155,apertus,span,auc
kn811t36,apertus_no_lora_ln_fp32_layer30_seed44_lr1em3,finished,2026-03-16 18:21:39+00:00,apertus,ln_fp32,30,44,1e-3,float32,layernorm,0.3007677495479584,train/longfact_test_apertus/span_auc,0.8241357943315779,apertus,span,auc
wf8rodcd,apertus_no_lora_ln_fp32_layer30_seed44_lr1em4,finished,2026-03-16 18:21:39+00:00,apertus,ln_fp32,30,44,1e-4,float32,layernorm,0.3687911331653595,train/longfact_test_apertus/span_auc,0.7979950330312069,apertus,span,auc
524a5l0b,apertus_no_lora_ln_fp32_layer30_seed44_lr3em4,finished,2026-03-16 18:21:39+00:00,apertus,ln_fp32,30,44,3e-4,float32,layernorm,0.3833605647087097,train/longfact_test_apertus/span_auc,0.8175034768650886,apertus,span,auc
m6zpszut,apertus_no_lora_ln_fp32_layer30_seed44_lr3em5,finished,2026-03-16 18:21:39+00:00,apertus,ln_fp32,30,44,3e-5,float32,layernorm,0.4072107970714569,train/longfact_test_apertus/span_auc,0.756031647807401,apertus,span,auc
2msk68xv,apertus_no_lora_long_form_layer10_seed42,finished,2026-03-02 14:54:28+00:00,apertus,apertus_layers,10,42,,bfloat16,none,0.1188635155558586,train/longfact_test_apertus/span_f1,0.43322694729578193,apertus,span,f1
ennpfi5c,apertus_no_lora_long_form_layer10_seed43,finished,2026-03-02 14:55:28+00:00,apertus,apertus_layers,10,43,,bfloat16,none,0.2892115116119385,train/longfact_test_apertus/span_f1,0.49088473601672766,apertus,span,f1
ckfvtpqq,apertus_no_lora_long_form_layer10_seed44,finished,2026-03-02 14:55:28+00:00,apertus,apertus_layers,10,44,,bfloat16,none,0.14164792001247406,train/longfact_test_apertus/span_f1,0.5237544539601175,apertus,span,f1
5w54hojz,apertus_no_lora_long_form_layer20_seed42,finished,2026-03-02 14:56:24+00:00,apertus,apertus_layers,20,42,,bfloat16,none,0.002515794476494193,train/longfact_test_apertus/span_f1,0.36343211725687385,apertus,span,f1
h3qhm4bp,apertus_no_lora_long_form_layer20_seed43,finished,2026-03-02 14:56:24+00:00,apertus,apertus_layers,20,43,,bfloat16,none,0.4361111521720886,train/longfact_test_apertus/span_f1,0.377784872995601,apertus,span,f1
1sb6t3rt,apertus_no_lora_long_form_layer20_seed44,finished,2026-03-02 14:56:24+00:00,apertus,apertus_layers,20,44,,bfloat16,none,0.9805268049240112,train/longfact_test_apertus/span_f1,0.3984282095031281,apertus,span,f1
fjxaywoo,apertus_no_lora_long_form_layer26_seed42,finished,2026-03-02 14:56:59+00:00,apertus,apertus_layers,26,42,,bfloat16,none,0.022064460441470143,train/longfact_test_apertus/span_f1,0.3474862772183649,apertus,span,f1
fc3llcx0,apertus_no_lora_long_form_layer26_seed43,finished,2026-03-02 14:58:28+00:00,apertus,apertus_layers,26,43,,bfloat16,none,4.096796035766602,train/longfact_test_apertus/span_f1,0.35925,apertus,span,f1
gtn6g9ne,apertus_no_lora_long_form_layer26_seed44,finished,2026-03-02 14:58:28+00:00,apertus,apertus_layers,26,44,,bfloat16,none,0.0003512128023430705,train/longfact_test_apertus/span_f1,0.34716449199407234,apertus,span,f1
pk12wkry,apertus_no_lora_long_form_layer30_seed42,finished,2026-03-02 14:58:28+00:00,apertus,apertus_layers,30,42,,bfloat16,none,82.0517578125,train/longfact_test_apertus/span_f1,0.00023109632094657053,apertus,span,f1
vhvivjkc,apertus_no_lora_long_form_layer30_seed43,finished,2026-03-02 14:58:28+00:00,apertus,apertus_layers,30,43,,bfloat16,none,10.69191074371338,train/longfact_test_apertus/span_f1,0.4364717878993882,apertus,span,f1
agskbmvs,apertus_no_lora_long_form_layer30_seed44,finished,2026-03-02 14:58:28+00:00,apertus,apertus_layers,30,44,,bfloat16,none,0.0001453680742997676,train/longfact_test_apertus/span_f1,0.3672080654692621,apertus,span,f1
o5fobkxj,apertus_no_lora_bf16_only_layer10_seed42_lr1em3,finished,2026-03-16 01:21:45+00:00,apertus,bf16_only,10,42,1e-3,bfloat16,none,0.1060740053653717,train/longfact_test_apertus/span_f1,0.445712728078096,apertus,span,f1
ngsqu3i1,apertus_no_lora_bf16_only_layer10_seed42_lr1em4,finished,2026-03-16 01:21:45+00:00,apertus,bf16_only,10,42,1e-4,bfloat16,none,0.11451046913862228,train/longfact_test_apertus/span_f1,0.3959373326654345,apertus,span,f1
5xzqhvy4,apertus_no_lora_bf16_only_layer10_seed42_lr3em4,finished,2026-03-16 01:21:45+00:00,apertus,bf16_only,10,42,3e-4,bfloat16,none,0.11626026779413225,train/longfact_test_apertus/span_f1,0.4580316079939794,apertus,span,f1
83kur7ka,apertus_no_lora_bf16_only_layer10_seed42_lr3em5,finished,2026-03-16 01:21:45+00:00,apertus,bf16_only,10,42,3e-5,bfloat16,none,0.4366786777973175,train/longfact_test_apertus/span_f1,0.2622132677769357,apertus,span,f1
j9k3f0jm,apertus_no_lora_bf16_only_layer10_seed43_lr1em3,finished,2026-03-16 01:21:44+00:00,apertus,bf16_only,10,43,1e-3,bfloat16,none,0.3009301424026489,train/longfact_test_apertus/span_f1,0.4978915319363715,apertus,span,f1
ougxjsfh,apertus_no_lora_bf16_only_layer10_seed43_lr1em4,finished,2026-03-16 01:21:44+00:00,apertus,bf16_only,10,43,1e-4,bfloat16,none,0.27749955654144287,train/longfact_test_apertus/span_f1,0.374361143421099,apertus,span,f1
21sy8y12,apertus_no_lora_bf16_only_layer10_seed43_lr3em4,finished,2026-03-16 01:21:44+00:00,apertus,bf16_only,10,43,3e-4,bfloat16,none,0.2755349278450012,train/longfact_test_apertus/span_f1,0.4494214764192435,apertus,span,f1
t26a4uwp,apertus_no_lora_bf16_only_layer10_seed43_lr3em5,finished,2026-03-16 01:21:44+00:00,apertus,bf16_only,10,43,3e-5,bfloat16,none,0.3126707673072815,train/longfact_test_apertus/span_f1,0.25550349546333484,apertus,span,f1
p9n6ul1e,apertus_no_lora_bf16_only_layer10_seed44_lr1em3,finished,2026-03-16 01:21:44+00:00,apertus,bf16_only,10,44,1e-3,bfloat16,none,0.15629735589027405,train/longfact_test_apertus/span_f1,0.5178167555000237,apertus,span,f1
feljklm1,apertus_no_lora_bf16_only_layer10_seed44_lr1em4,finished,2026-03-16 01:21:44+00:00,apertus,bf16_only,10,44,1e-4,bfloat16,none,0.593794047832489,train/longfact_test_apertus/span_f1,0.39504421103632054,apertus,span,f1
lfafy2oe,apertus_no_lora_bf16_only_layer10_seed44_lr3em4,finished,2026-03-16 01:21:44+00:00,apertus,bf16_only,10,44,3e-4,bfloat16,none,0.2656649947166443,train/longfact_test_apertus/span_f1,0.4831917615033944,apertus,span,f1
r3oezlrl,apertus_no_lora_bf16_only_layer10_seed44_lr3em5,finished,2026-03-16 01:21:44+00:00,apertus,bf16_only,10,44,3e-5,bfloat16,none,0.7305357456207275,train/longfact_test_apertus/span_f1,0.2613352109544368,apertus,span,f1
uw94ef5i,apertus_no_lora_bf16_only_layer20_seed42_lr1em3,finished,2026-03-16 01:21:44+00:00,apertus,bf16_only,20,42,1e-3,bfloat16,none,0.006061427295207977,train/longfact_test_apertus/span_f1,0.3385107271967591,apertus,span,f1
ymsrn4r6,apertus_no_lora_bf16_only_layer20_seed42_lr1em4,finished,2026-03-16 01:21:44+00:00,apertus,bf16_only,20,42,1e-4,bfloat16,none,0.04400371387600899,train/longfact_test_apertus/span_f1,0.3649898566172678,apertus,span,f1
uy0gdnv4,apertus_no_lora_bf16_only_layer20_seed42_lr3em4,finished,2026-03-16 01:21:44+00:00,apertus,bf16_only,20,42,3e-4,bfloat16,none,0.00907330308109522,train/longfact_test_apertus/span_f1,0.3631422748238996,apertus,span,f1
fu81gp5i,apertus_no_lora_bf16_only_layer20_seed42_lr3em5,finished,2026-03-16 01:21:44+00:00,apertus,bf16_only,20,42,3e-5,bfloat16,none,2.1262459754943848,train/longfact_test_apertus/span_f1,0.25202245780193366,apertus,span,f1
2g6rw2bt,apertus_no_lora_bf16_only_layer20_seed43_lr1em3,finished,2026-03-16 01:21:44+00:00,apertus,bf16_only,20,43,1e-3,bfloat16,none,0.5826413631439209,train/longfact_test_apertus/span_f1,0.4015035500487262,apertus,span,f1
7ynpw2cn,apertus_no_lora_bf16_only_layer20_seed43_lr1em4,finished,2026-03-16 01:21:44+00:00,apertus,bf16_only,20,43,1e-4,bfloat16,none,1.368619084358215,train/longfact_test_apertus/span_f1,0.3484281567996643,apertus,span,f1
900ivg46,apertus_no_lora_bf16_only_layer20_seed43_lr3em4,finished,2026-03-16 01:21:44+00:00,apertus,bf16_only,20,43,3e-4,bfloat16,none,0.40857547521591187,train/longfact_test_apertus/span_f1,0.4105337247429229,apertus,span,f1
qo5cb98m,apertus_no_lora_bf16_only_layer20_seed43_lr3em5,finished,2026-03-16 01:21:44+00:00,apertus,bf16_only,20,43,3e-5,bfloat16,none,6.096769332885742,train/longfact_test_apertus/span_f1,0.25427951746760113,apertus,span,f1
99kvtmj8,apertus_no_lora_bf16_only_layer20_seed44_lr1em3,finished,2026-03-16 01:21:44+00:00,apertus,bf16_only,20,44,1e-3,bfloat16,none,0.13294142484664917,train/longfact_test_apertus/span_f1,0.4176842674965328,apertus,span,f1
g1itgrow,apertus_no_lora_bf16_only_layer20_seed44_lr1em4,finished,2026-03-16 01:21:44+00:00,apertus,bf16_only,20,44,1e-4,bfloat16,none,4.639030521502718e-05,train/longfact_test_apertus/span_f1,0.3648363799716645,apertus,span,f1
vuc2g8id,apertus_no_lora_bf16_only_layer20_seed44_lr3em4,finished,2026-03-16 01:21:44+00:00,apertus,bf16_only,20,44,3e-4,bfloat16,none,0.2754364609718323,train/longfact_test_apertus/span_f1,0.4191842645919639,apertus,span,f1
v52uwh1g,apertus_no_lora_bf16_only_layer20_seed44_lr3em5,finished,2026-03-16 01:21:44+00:00,apertus,bf16_only,20,44,3e-5,bfloat16,none,23.12533187866211,train/longfact_test_apertus/span_f1,0.2521394355837026,apertus,span,f1
vz5jn274,apertus_no_lora_bf16_only_layer26_seed42_lr1em3,finished,2026-03-16 01:21:44+00:00,apertus,bf16_only,26,42,1e-3,bfloat16,none,0.023973966017365456,train/longfact_test_apertus/span_f1,0.32316665428337915,apertus,span,f1
4drsxr5u,apertus_no_lora_bf16_only_layer26_seed42_lr1em4,finished,2026-03-16 01:21:44+00:00,apertus,bf16_only,26,42,1e-4,bfloat16,none,0.023594362661242485,train/longfact_test_apertus/span_f1,0.32356477576584175,apertus,span,f1
1crms08u,apertus_no_lora_bf16_only_layer26_seed42_lr3em4,finished,2026-03-16 01:21:44+00:00,apertus,bf16_only,26,42,3e-4,bfloat16,none,0.006822563707828522,train/longfact_test_apertus/span_f1,0.32484658094681473,apertus,span,f1
cq95ctu3,apertus_no_lora_bf16_only_layer26_seed42_lr3em5,finished,2026-03-16 01:21:44+00:00,apertus,bf16_only,26,42,3e-5,bfloat16,none,0.9924049973487854,train/longfact_test_apertus/span_f1,0.21428306298949557,apertus,span,f1
q08ckrfy,apertus_no_lora_bf16_only_layer26_seed43_lr1em3,finished,2026-03-16 01:21:45+00:00,apertus,bf16_only,26,43,1e-3,bfloat16,none,4.096848487854004,train/longfact_test_apertus/span_f1,0.3612615823235923,apertus,span,f1
hirctdjt,apertus_no_lora_bf16_only_layer26_seed43_lr1em4,finished,2026-03-16 01:21:45+00:00,apertus,bf16_only,26,43,1e-4,bfloat16,none,4.878128528594971,train/longfact_test_apertus/span_f1,0.30962540627893886,apertus,span,f1
psn29j9n,apertus_no_lora_bf16_only_layer26_seed43_lr3em4,finished,2026-03-16 01:21:45+00:00,apertus,bf16_only,26,43,3e-4,bfloat16,none,1.7208261489868164,train/longfact_test_apertus/span_f1,0.33776118331298915,apertus,span,f1
lx8g6b8s,apertus_no_lora_bf16_only_layer26_seed43_lr3em5,finished,2026-03-16 01:21:45+00:00,apertus,bf16_only,26,43,3e-5,bfloat16,none,12.94149684906006,train/longfact_test_apertus/span_f1,0.2127849965511456,apertus,span,f1
wixkxx9v,apertus_no_lora_bf16_only_layer26_seed44_lr1em3,finished,2026-03-16 01:21:44+00:00,apertus,bf16_only,26,44,1e-3,bfloat16,none,10.250615119934082,train/longfact_test_apertus/span_f1,0.369997705166905,apertus,span,f1
2r4mqan8,apertus_no_lora_bf16_only_layer26_seed44_lr1em4,finished,2026-03-16 01:21:44+00:00,apertus,bf16_only,26,44,1e-4,bfloat16,none,0.0004059617640450597,train/longfact_test_apertus/span_f1,0.32123772385904104,apertus,span,f1
v3h0pfq3,apertus_no_lora_bf16_only_layer26_seed44_lr3em4,finished,2026-03-16 01:21:44+00:00,apertus,bf16_only,26,44,3e-4,bfloat16,none,0.3673836886882782,train/longfact_test_apertus/span_f1,0.3346645080050369,apertus,span,f1
muqajhqb,apertus_no_lora_bf16_only_layer26_seed44_lr3em5,finished,2026-03-16 01:21:44+00:00,apertus,bf16_only,26,44,3e-5,bfloat16,none,7.75074577331543,train/longfact_test_apertus/span_f1,0.21029015854023336,apertus,span,f1
imd2hxzj,apertus_no_lora_bf16_only_layer30_seed42_lr1em3,finished,2026-03-16 01:21:44+00:00,apertus,bf16_only,30,42,1e-3,bfloat16,none,82.0517578125,train/longfact_test_apertus/span_f1,0.0,apertus,span,f1
g9535ebe,apertus_no_lora_bf16_only_layer30_seed42_lr1em4,finished,2026-03-16 01:21:44+00:00,apertus,bf16_only,30,42,1e-4,bfloat16,none,0.033634547144174576,train/longfact_test_apertus/span_f1,0.31874396663206017,apertus,span,f1
j9yucacb,apertus_no_lora_bf16_only_layer30_seed42_lr3em4,finished,2026-03-16 01:21:44+00:00,apertus,bf16_only,30,42,3e-4,bfloat16,none,0.025012411177158356,train/longfact_test_apertus/span_f1,0.35826904918850544,apertus,span,f1
4bo3xdzv,apertus_no_lora_bf16_only_layer30_seed42_lr3em5,finished,2026-03-16 01:21:44+00:00,apertus,bf16_only,30,42,3e-5,bfloat16,none,33.04824447631836,train/longfact_test_apertus/span_f1,0.13975148963862283,apertus,span,f1
a55rsp1p,apertus_no_lora_bf16_only_layer30_seed43_lr1em3,finished,2026-03-16 01:21:45+00:00,apertus,bf16_only,30,43,1e-3,bfloat16,none,9.379252433776855,train/longfact_test_apertus/span_f1,0.39082776422333015,apertus,span,f1
5uzjpj1x,apertus_no_lora_bf16_only_layer30_seed43_lr1em4,finished,2026-03-16 01:21:45+00:00,apertus,bf16_only,30,43,1e-4,bfloat16,none,6.222002029418945,train/longfact_test_apertus/span_f1,0.3115237415078101,apertus,span,f1
fctlmblr,apertus_no_lora_bf16_only_layer30_seed43_lr3em4,finished,2026-03-16 01:21:45+00:00,apertus,bf16_only,30,43,3e-4,bfloat16,none,5.815634250640869,train/longfact_test_apertus/span_f1,0.33587204874333587,apertus,span,f1
580vhzgn,apertus_no_lora_bf16_only_layer30_seed43_lr3em5,finished,2026-03-16 01:21:45+00:00,apertus,bf16_only,30,43,3e-5,bfloat16,none,10.316194534301758,train/longfact_test_apertus/span_f1,0.13144119090462947,apertus,span,f1
uns2a6j2,apertus_no_lora_bf16_only_layer30_seed44_lr1em3,finished,2026-03-16 01:21:44+00:00,apertus,bf16_only,30,44,1e-3,bfloat16,none,0.0,train/longfact_test_apertus/span_f1,0.0007391495160880512,apertus,span,f1
m97ar22y,apertus_no_lora_bf16_only_layer30_seed44_lr1em4,finished,2026-03-16 01:21:44+00:00,apertus,bf16_only,30,44,1e-4,bfloat16,none,10.063371658325195,train/longfact_test_apertus/span_f1,0.2988114822276853,apertus,span,f1
hr0vmzt0,apertus_no_lora_bf16_only_layer30_seed44_lr3em4,finished,2026-03-16 01:21:44+00:00,apertus,bf16_only,30,44,3e-4,bfloat16,none,6.532261848449707,train/longfact_test_apertus/span_f1,0.3535340898936645,apertus,span,f1
w644eh9h,apertus_no_lora_bf16_only_layer30_seed44_lr3em5,finished,2026-03-16 01:21:44+00:00,apertus,bf16_only,30,44,3e-5,bfloat16,none,33.25065612792969,train/longfact_test_apertus/span_f1,0.13400335008375208,apertus,span,f1
3618z7cg,apertus_no_lora_fp32_only_layer10_seed42_lr1em3,finished,2026-03-16 18:21:39+00:00,apertus,fp32_only,10,42,1e-3,float32,none,0.11816876381635666,train/longfact_test_apertus/span_f1,0.4143696655939555,apertus,span,f1
mhg0ycoh,apertus_no_lora_fp32_only_layer10_seed42_lr1em4,finished,2026-03-16 18:21:39+00:00,apertus,fp32_only,10,42,1e-4,float32,none,0.1332954168319702,train/longfact_test_apertus/span_f1,0.4250200481154772,apertus,span,f1
b71ik25s,apertus_no_lora_fp32_only_layer10_seed42_lr3em4,finished,2026-03-16 18:21:39+00:00,apertus,fp32_only,10,42,3e-4,float32,none,0.1127048209309578,train/longfact_test_apertus/span_f1,0.4385306066709911,apertus,span,f1
8hl54mqx,apertus_no_lora_fp32_only_layer10_seed42_lr3em5,finished,2026-03-16 18:21:39+00:00,apertus,fp32_only,10,42,3e-5,float32,none,0.15368859469890594,train/longfact_test_apertus/span_f1,0.37242152859321054,apertus,span,f1
x3sqior5,apertus_no_lora_fp32_only_layer10_seed43_lr1em3,finished,2026-03-16 18:21:39+00:00,apertus,fp32_only,10,43,1e-3,float32,none,0.29647397994995117,train/longfact_test_apertus/span_f1,0.4713350327385415,apertus,span,f1
dm4602lm,apertus_no_lora_fp32_only_layer10_seed43_lr1em4,finished,2026-03-16 18:21:39+00:00,apertus,fp32_only,10,43,1e-4,float32,none,0.2917933166027069,train/longfact_test_apertus/span_f1,0.4165502973881562,apertus,span,f1
3mcpf9f3,apertus_no_lora_fp32_only_layer10_seed43_lr3em4,finished,2026-03-16 18:21:39+00:00,apertus,fp32_only,10,43,3e-4,float32,none,0.2921086251735687,train/longfact_test_apertus/span_f1,0.4708170559388247,apertus,span,f1
0v0cghh6,apertus_no_lora_fp32_only_layer10_seed43_lr3em5,finished,2026-03-16 18:21:39+00:00,apertus,fp32_only,10,43,3e-5,float32,none,0.27485892176628113,train/longfact_test_apertus/span_f1,0.35165267107378956,apertus,span,f1
k8u6gf39,apertus_no_lora_fp32_only_layer10_seed44_lr1em3,finished,2026-03-16 18:21:39+00:00,apertus,fp32_only,10,44,1e-3,float32,none,0.09856606274843216,train/longfact_test_apertus/span_f1,0.5157047320211721,apertus,span,f1
rgnn8edm,apertus_no_lora_fp32_only_layer10_seed44_lr1em4,finished,2026-03-16 18:21:39+00:00,apertus,fp32_only,10,44,1e-4,float32,none,0.4017370939254761,train/longfact_test_apertus/span_f1,0.4544275596049613,apertus,span,f1
1hlg6mhh,apertus_no_lora_fp32_only_layer10_seed44_lr3em4,finished,2026-03-16 18:21:39+00:00,apertus,fp32_only,10,44,3e-4,float32,none,0.3334559202194214,train/longfact_test_apertus/span_f1,0.5023085214201831,apertus,span,f1
h32xr3bj,apertus_no_lora_fp32_only_layer10_seed44_lr3em5,finished,2026-03-16 18:21:39+00:00,apertus,fp32_only,10,44,3e-5,float32,none,0.6063321232795715,train/longfact_test_apertus/span_f1,0.3696080501020336,apertus,span,f1
7otuls41,apertus_no_lora_fp32_only_layer20_seed42_lr1em3,finished,2026-03-16 18:21:39+00:00,apertus,fp32_only,20,42,1e-3,float32,none,0.0014074433129280806,train/longfact_test_apertus/span_f1,0.3621113366812694,apertus,span,f1
h3hhroh2,apertus_no_lora_fp32_only_layer20_seed42_lr1em4,finished,2026-03-16 18:21:39+00:00,apertus,fp32_only,20,42,1e-4,float32,none,0.005417922046035528,train/longfact_test_apertus/span_f1,0.33042096902303414,apertus,span,f1
gbg3qolw,apertus_no_lora_fp32_only_layer20_seed42_lr3em4,finished,2026-03-16 18:21:39+00:00,apertus,fp32_only,20,42,3e-4,float32,none,0.012795637361705303,train/longfact_test_apertus/span_f1,0.3468946862008242,apertus,span,f1
vpc4pmw1,apertus_no_lora_fp32_only_layer20_seed42_lr3em5,finished,2026-03-16 18:21:39+00:00,apertus,fp32_only,20,42,3e-5,float32,none,0.4815448522567749,train/longfact_test_apertus/span_f1,0.3379879906319886,apertus,span,f1
4hd86xs1,apertus_no_lora_fp32_only_layer20_seed43_lr1em3,finished,2026-03-16 18:21:39+00:00,apertus,fp32_only,20,43,1e-3,float32,none,0.7915925979614258,train/longfact_test_apertus/span_f1,0.36749709795517455,apertus,span,f1
dtswvc78,apertus_no_lora_fp32_only_layer20_seed43_lr1em4,finished,2026-03-16 18:21:39+00:00,apertus,fp32_only,20,43,1e-4,float32,none,0.9363940954208374,train/longfact_test_apertus/span_f1,0.35134514493649643,apertus,span,f1
r4canywa,apertus_no_lora_fp32_only_layer20_seed43_lr3em4,finished,2026-03-16 18:21:39+00:00,apertus,fp32_only,20,43,3e-4,float32,none,0.4842445254325866,train/longfact_test_apertus/span_f1,0.3896874287018024,apertus,span,f1
5pryw2ji,apertus_no_lora_fp32_only_layer20_seed43_lr3em5,finished,2026-03-16 18:21:39+00:00,apertus,fp32_only,20,43,3e-5,float32,none,2.3771839141845703,train/longfact_test_apertus/span_f1,0.3252776195899772,apertus,span,f1
cu47livm,apertus_no_lora_fp32_only_layer20_seed44_lr1em3,finished,2026-03-16 18:21:39+00:00,apertus,fp32_only,20,44,1e-3,float32,none,0.8405814170837402,train/longfact_test_apertus/span_f1,0.3997082674909267,apertus,span,f1
7cq66mkt,apertus_no_lora_fp32_only_layer20_seed44_lr1em4,finished,2026-03-16 18:21:39+00:00,apertus,fp32_only,20,44,1e-4,float32,none,0.00021276120969559997,train/longfact_test_apertus/span_f1,0.358681720014749,apertus,span,f1
wrlr6qli,apertus_no_lora_fp32_only_layer20_seed44_lr3em4,finished,2026-03-16 18:21:39+00:00,apertus,fp32_only,20,44,3e-4,float32,none,0.7323926091194153,train/longfact_test_apertus/span_f1,0.39916278908858177,apertus,span,f1
nkk8fdiv,apertus_no_lora_fp32_only_layer20_seed44_lr3em5,finished,2026-03-16 18:21:39+00:00,apertus,fp32_only,20,44,3e-5,float32,none,3.7443130016326904,train/longfact_test_apertus/span_f1,0.33806483386980457,apertus,span,f1
jeyu4ke4,apertus_no_lora_fp32_only_layer26_seed42_lr1em3,finished,2026-03-16 18:21:39+00:00,apertus,fp32_only,26,42,1e-3,float32,none,0.02182931825518608,train/longfact_test_apertus/span_f1,0.3226985709538053,apertus,span,f1
6jnxw4n2,apertus_no_lora_fp32_only_layer26_seed42_lr1em4,finished,2026-03-16 18:21:39+00:00,apertus,fp32_only,26,42,1e-4,float32,none,0.017278315499424934,train/longfact_test_apertus/span_f1,0.2949034763382323,apertus,span,f1
vz2hbt4t,apertus_no_lora_fp32_only_layer26_seed42_lr3em4,finished,2026-03-16 18:21:39+00:00,apertus,fp32_only,26,42,3e-4,float32,none,0.006629477255046368,train/longfact_test_apertus/span_f1,0.28735653774630426,apertus,span,f1
g2rdqxou,apertus_no_lora_fp32_only_layer26_seed42_lr3em5,finished,2026-03-16 18:21:39+00:00,apertus,fp32_only,26,42,3e-5,float32,none,0.029366448521614075,train/longfact_test_apertus/span_f1,0.2686583885724956,apertus,span,f1
g557mw8r,apertus_no_lora_fp32_only_layer26_seed43_lr1em3,finished,2026-03-16 18:21:39+00:00,apertus,fp32_only,26,43,1e-3,float32,none,5.589945316314697,train/longfact_test_apertus/span_f1,0.3364748858447489,apertus,span,f1
xtj1l55e,apertus_no_lora_fp32_only_layer26_seed43_lr1em4,finished,2026-03-16 18:21:39+00:00,apertus,fp32_only,26,43,1e-4,float32,none,2.261085033416748,train/longfact_test_apertus/span_f1,0.3067401781802249,apertus,span,f1
tn9zon9i,apertus_no_lora_fp32_only_layer26_seed43_lr3em4,finished,2026-03-16 18:21:39+00:00,apertus,fp32_only,26,43,3e-4,float32,none,1.2675254344940186,train/longfact_test_apertus/span_f1,0.29801744056048296,apertus,span,f1
gi60xrz3,apertus_no_lora_fp32_only_layer26_seed43_lr3em5,finished,2026-03-16 18:21:39+00:00,apertus,fp32_only,26,43,3e-5,float32,none,5.592858791351318,train/longfact_test_apertus/span_f1,0.2701898581177827,apertus,span,f1
p7gub5up,apertus_no_lora_fp32_only_layer26_seed44_lr1em3,finished,2026-03-16 18:21:39+00:00,apertus,fp32_only,26,44,1e-3,float32,none,2.7211620807647705,train/longfact_test_apertus/span_f1,0.36884343595752994,apertus,span,f1
gani1xp7,apertus_no_lora_fp32_only_layer26_seed44_lr1em4,finished,2026-03-16 18:21:39+00:00,apertus,fp32_only,26,44,1e-4,float32,none,0.061501313000917435,train/longfact_test_apertus/span_f1,0.324101674705978,apertus,span,f1
ill5vvx2,apertus_no_lora_fp32_only_layer26_seed44_lr3em4,finished,2026-03-16 18:21:39+00:00,apertus,fp32_only,26,44,3e-4,float32,none,0.02174818329513073,train/longfact_test_apertus/span_f1,0.3318460176671424,apertus,span,f1
b9ibkxys,apertus_no_lora_fp32_only_layer26_seed44_lr3em5,finished,2026-03-16 18:21:39+00:00,apertus,fp32_only,26,44,3e-5,float32,none,0.0007233090000227094,train/longfact_test_apertus/span_f1,0.27933560224918613,apertus,span,f1
362f178l,apertus_no_lora_fp32_only_layer30_seed42_lr1em3,finished,2026-03-16 18:21:39+00:00,apertus,fp32_only,30,42,1e-3,float32,none,81.83356475830078,train/longfact_test_apertus/span_f1,0.0,apertus,span,f1
572p44e7,apertus_no_lora_fp32_only_layer30_seed42_lr1em4,finished,2026-03-16 18:21:39+00:00,apertus,fp32_only,30,42,1e-4,float32,none,0.03013068065047264,train/longfact_test_apertus/span_f1,0.2916987005194172,apertus,span,f1
9k35iiw5,apertus_no_lora_fp32_only_layer30_seed42_lr3em4,finished,2026-03-16 18:21:39+00:00,apertus,fp32_only,30,42,3e-4,float32,none,0.02508390322327614,train/longfact_test_apertus/span_f1,0.29902803738317757,apertus,span,f1
7u26q4rs,apertus_no_lora_fp32_only_layer30_seed42_lr3em5,finished,2026-03-16 18:21:39+00:00,apertus,fp32_only,30,42,3e-5,float32,none,0.5540672540664673,train/longfact_test_apertus/span_f1,0.2511412908524822,apertus,span,f1
f817tswh,apertus_no_lora_fp32_only_layer30_seed43_lr1em3,finished,2026-03-16 18:21:39+00:00,apertus,fp32_only,30,43,1e-3,float32,none,9.374524116516112,train/longfact_test_apertus/span_f1,0.0,apertus,span,f1
lqmdrcpg,apertus_no_lora_fp32_only_layer30_seed43_lr1em4,finished,2026-03-16 18:21:39+00:00,apertus,fp32_only,30,43,1e-4,float32,none,5.7266106605529785,train/longfact_test_apertus/span_f1,0.2983084835768795,apertus,span,f1
f3nq1ppq,apertus_no_lora_fp32_only_layer30_seed43_lr3em4,finished,2026-03-16 18:21:39+00:00,apertus,fp32_only,30,43,3e-4,float32,none,5.207202911376953,train/longfact_test_apertus/span_f1,0.32960081436777433,apertus,span,f1
z9shqkbl,apertus_no_lora_fp32_only_layer30_seed43_lr3em5,finished,2026-03-16 18:21:39+00:00,apertus,fp32_only,30,43,3e-5,float32,none,6.685286521911621,train/longfact_test_apertus/span_f1,0.24008755592250533,apertus,span,f1
bz9gcqwk,apertus_no_lora_fp32_only_layer30_seed44_lr1em3,finished,2026-03-16 18:21:39+00:00,apertus,fp32_only,30,44,1e-3,float32,none,0.0,train/longfact_test_apertus/span_f1,0.0,apertus,span,f1
nhg2yz2u,apertus_no_lora_fp32_only_layer30_seed44_lr1em4,finished,2026-03-16 18:21:39+00:00,apertus,fp32_only,30,44,1e-4,float32,none,0.01171684730798006,train/longfact_test_apertus/span_f1,0.3126316367832091,apertus,span,f1
4yytvlvi,apertus_no_lora_fp32_only_layer30_seed44_lr3em4,finished,2026-03-16 18:21:39+00:00,apertus,fp32_only,30,44,3e-4,float32,none,0.0005547898472286761,train/longfact_test_apertus/span_f1,0.3376454433764544,apertus,span,f1
8kx20a5i,apertus_no_lora_fp32_only_layer30_seed44_lr3em5,finished,2026-03-16 18:21:39+00:00,apertus,fp32_only,30,44,3e-5,float32,none,33.319332122802734,train/longfact_test_apertus/span_f1,0.2611535919947135,apertus,span,f1
kgoq3e5r,llama_no_lora_long_form_layer10_seed42,finished,2026-03-02 14:45:36+00:00,llama,llama_layers,10,42,,bfloat16,none,0.4103353917598725,train/longfact_test_apertus/span_f1,0.3559736594543744,apertus,span,f1
9oem35be,llama_no_lora_long_form_layer10_seed43,finished,2026-03-02 14:46:11+00:00,llama,llama_layers,10,43,,bfloat16,none,0.582381546497345,train/longfact_test_apertus/span_f1,0.3683981517932992,apertus,span,f1
rri8v027,llama_no_lora_long_form_layer10_seed44,finished,2026-03-02 14:46:11+00:00,llama,llama_layers,10,44,,bfloat16,none,0.3619125485420227,train/longfact_test_apertus/span_f1,0.36592404958162905,apertus,span,f1
qni919ee,llama_no_lora_long_form_layer20_seed42,finished,2026-03-02 14:50:44+00:00,llama,llama_layers,20,42,,bfloat16,none,0.4025150239467621,train/longfact_test_apertus/span_f1,0.385640478924061,apertus,span,f1
4aryhr4u,llama_no_lora_long_form_layer20_seed43,finished,2026-03-02 14:50:44+00:00,llama,llama_layers,20,43,,bfloat16,none,0.6214630007743835,train/longfact_test_apertus/span_f1,0.38440523385986897,apertus,span,f1
v8qejznt,llama_no_lora_long_form_layer20_seed44,finished,2026-03-02 14:50:44+00:00,llama,llama_layers,20,44,,bfloat16,none,0.4049457013607025,train/longfact_test_apertus/span_f1,0.3823197157352065,apertus,span,f1
82vjeyys,llama_no_lora_long_form_layer26_seed42,finished,2026-03-02 14:50:44+00:00,llama,llama_layers,26,42,,bfloat16,none,0.38688111305236816,train/longfact_test_apertus/span_f1,0.3832802711307384,apertus,span,f1
gzg4irhz,llama_no_lora_long_form_layer26_seed43,finished,2026-03-02 14:51:46+00:00,llama,llama_layers,26,43,,bfloat16,none,0.6332159042358398,train/longfact_test_apertus/span_f1,0.3850221170661455,apertus,span,f1
7u7entue,llama_no_lora_long_form_layer26_seed44,finished,2026-03-02 14:51:46+00:00,llama,llama_layers,26,44,,bfloat16,none,0.4069174230098725,train/longfact_test_apertus/span_f1,0.387530211789767,apertus,span,f1
ct7o6ek7,llama_no_lora_long_form_layer30_seed42,finished,2026-03-02 14:51:46+00:00,llama,llama_layers,30,42,,bfloat16,none,0.4142408668994904,train/longfact_test_apertus/span_f1,0.45249709639953545,apertus,span,f1
av9rm02w,llama_no_lora_long_form_layer30_seed43,finished,2026-03-02 14:51:46+00:00,llama,llama_layers,30,43,,bfloat16,none,0.7231071591377258,train/longfact_test_apertus/span_f1,0.4523514372046176,apertus,span,f1
ojujrfsw,llama_no_lora_long_form_layer30_seed44,finished,2026-03-02 14:51:46+00:00,llama,llama_layers,30,44,,bfloat16,none,0.4089251160621643,train/longfact_test_apertus/span_f1,0.4526986463194996,apertus,span,f1
47rfeqmx,apertus_no_lora_ln_bf16_layer10_seed42_lr1em3,finished,2026-03-16 01:21:44+00:00,apertus,ln_bf16,10,42,1e-3,bfloat16,layernorm,0.14300638437271118,train/longfact_test_apertus/span_f1,0.4752501447118168,apertus,span,f1
ltvbxnyc,apertus_no_lora_ln_bf16_layer10_seed42_lr1em4,finished,2026-03-16 01:21:44+00:00,apertus,ln_bf16,10,42,1e-4,bfloat16,layernorm,0.3950393497943878,train/longfact_test_apertus/span_f1,0.31213139231056364,apertus,span,f1
aupa5a3l,apertus_no_lora_ln_bf16_layer10_seed42_lr3em4,finished,2026-03-16 01:21:44+00:00,apertus,ln_bf16,10,42,3e-4,bfloat16,layernorm,0.18207243084907532,train/longfact_test_apertus/span_f1,0.44991745561133384,apertus,span,f1
48kc2gt3,apertus_no_lora_ln_bf16_layer10_seed42_lr3em5,finished,2026-03-16 01:21:44+00:00,apertus,ln_bf16,10,42,3e-5,bfloat16,layernorm,0.942188560962677,train/longfact_test_apertus/span_f1,0.00864705747073569,apertus,span,f1
l92ugb0x,apertus_no_lora_ln_bf16_layer10_seed43_lr1em3,finished,2026-03-16 01:21:44+00:00,apertus,ln_bf16,10,43,1e-3,bfloat16,layernorm,0.2892049551010132,train/longfact_test_apertus/span_f1,0.4651958728294606,apertus,span,f1
ks445ju3,apertus_no_lora_ln_bf16_layer10_seed43_lr1em4,finished,2026-03-16 01:21:44+00:00,apertus,ln_bf16,10,43,1e-4,bfloat16,layernorm,0.26968491077423096,train/longfact_test_apertus/span_f1,0.30700853423966834,apertus,span,f1
v1whaixy,apertus_no_lora_ln_bf16_layer10_seed43_lr3em4,finished,2026-03-16 01:21:44+00:00,apertus,ln_bf16,10,43,3e-4,bfloat16,layernorm,0.26967474818229675,train/longfact_test_apertus/span_f1,0.4177334075413942,apertus,span,f1
yrz15txm,apertus_no_lora_ln_bf16_layer10_seed43_lr3em5,finished,2026-03-16 01:21:44+00:00,apertus,ln_bf16,10,43,3e-5,bfloat16,layernorm,0.35177040100097656,train/longfact_test_apertus/span_f1,0.011979620874833617,apertus,span,f1
yjo8ext8,apertus_no_lora_ln_bf16_layer10_seed44_lr1em3,finished,2026-03-16 01:21:45+00:00,apertus,ln_bf16,10,44,1e-3,bfloat16,layernorm,0.20609278976917267,train/longfact_test_apertus/span_f1,0.4858409986859395,apertus,span,f1
wjc71sg6,apertus_no_lora_ln_bf16_layer10_seed44_lr1em4,finished,2026-03-16 01:21:45+00:00,apertus,ln_bf16,10,44,1e-4,bfloat16,layernorm,0.3125472366809845,train/longfact_test_apertus/span_f1,0.2968885864428566,apertus,span,f1
dd2pwu6g,apertus_no_lora_ln_bf16_layer10_seed44_lr3em4,finished,2026-03-16 01:21:45+00:00,apertus,ln_bf16,10,44,3e-4,bfloat16,layernorm,0.289102166891098,train/longfact_test_apertus/span_f1,0.4232901392834869,apertus,span,f1
gk2y0cx9,apertus_no_lora_ln_bf16_layer10_seed44_lr3em5,finished,2026-03-16 01:21:45+00:00,apertus,ln_bf16,10,44,3e-5,bfloat16,layernorm,0.31844255328178406,train/longfact_test_apertus/span_f1,0.007640790775816437,apertus,span,f1
p3f6sakq,apertus_no_lora_ln_bf16_layer20_seed42_lr1em3,finished,2026-03-16 01:21:44+00:00,apertus,ln_bf16,20,42,1e-3,bfloat16,layernorm,0.11758887767791748,train/longfact_test_apertus/span_f1,0.4640163577246673,apertus,span,f1
2mbvnb3s,apertus_no_lora_ln_bf16_layer20_seed42_lr1em4,finished,2026-03-16 01:21:44+00:00,apertus,ln_bf16,20,42,1e-4,bfloat16,layernorm,0.5318654179573059,train/longfact_test_apertus/span_f1,0.3124462556548398,apertus,span,f1
pw74vso0,apertus_no_lora_ln_bf16_layer20_seed42_lr3em4,finished,2026-03-16 01:21:44+00:00,apertus,ln_bf16,20,42,3e-4,bfloat16,layernorm,0.2455830276012421,train/longfact_test_apertus/span_f1,0.437046273679176,apertus,span,f1
lcc4r0ui,apertus_no_lora_ln_bf16_layer20_seed42_lr3em5,finished,2026-03-16 01:21:44+00:00,apertus,ln_bf16,20,42,3e-5,bfloat16,layernorm,0.8914243578910828,train/longfact_test_apertus/span_f1,0.02682340126174375,apertus,span,f1
ea20dmvq,apertus_no_lora_ln_bf16_layer20_seed43_lr1em3,finished,2026-03-16 01:21:44+00:00,apertus,ln_bf16,20,43,1e-3,bfloat16,layernorm,0.2716436982154846,train/longfact_test_apertus/span_f1,0.4615929920502304,apertus,span,f1
dq6d9cxj,apertus_no_lora_ln_bf16_layer20_seed43_lr1em4,finished,2026-03-16 01:21:44+00:00,apertus,ln_bf16,20,43,1e-4,bfloat16,layernorm,0.28726422786712646,train/longfact_test_apertus/span_f1,0.3038893170667519,apertus,span,f1
5rukn8sb,apertus_no_lora_ln_bf16_layer20_seed43_lr3em4,finished,2026-03-16 01:21:44+00:00,apertus,ln_bf16,20,43,3e-4,bfloat16,layernorm,0.279452383518219,train/longfact_test_apertus/span_f1,0.424066088221541,apertus,span,f1
sg4y1aru,apertus_no_lora_ln_bf16_layer20_seed43_lr3em5,finished,2026-03-16 01:21:44+00:00,apertus,ln_bf16,20,43,3e-5,bfloat16,layernorm,0.383007675409317,train/longfact_test_apertus/span_f1,0.024539877300613498,apertus,span,f1
wjx8fs4d,apertus_no_lora_ln_bf16_layer20_seed44_lr1em3,finished,2026-03-16 01:21:44+00:00,apertus,ln_bf16,20,44,1e-3,bfloat16,layernorm,0.343784362077713,train/longfact_test_apertus/span_f1,0.4830972365059881,apertus,span,f1
ug8c0ane,apertus_no_lora_ln_bf16_layer20_seed44_lr1em4,finished,2026-03-16 01:21:44+00:00,apertus,ln_bf16,20,44,1e-4,bfloat16,layernorm,0.39652878046035767,train/longfact_test_apertus/span_f1,0.30692046073770646,apertus,span,f1
xy83pt3c,apertus_no_lora_ln_bf16_layer20_seed44_lr3em4,finished,2026-03-16 01:21:44+00:00,apertus,ln_bf16,20,44,3e-4,bfloat16,layernorm,0.4512102007865906,train/longfact_test_apertus/span_f1,0.4262340399799582,apertus,span,f1
mgy8s31x,apertus_no_lora_ln_bf16_layer20_seed44_lr3em5,finished,2026-03-16 01:21:44+00:00,apertus,ln_bf16,20,44,3e-5,bfloat16,layernorm,0.44538286328315735,train/longfact_test_apertus/span_f1,0.02744760003629435,apertus,span,f1
qbe29z5d,apertus_no_lora_ln_bf16_layer26_seed42_lr1em3,finished,2026-03-16 01:21:44+00:00,apertus,ln_bf16,26,42,1e-3,bfloat16,layernorm,0.1929110735654831,train/longfact_test_apertus/span_f1,0.40435087719298246,apertus,span,f1
nyzlam71,apertus_no_lora_ln_bf16_layer26_seed42_lr1em4,finished,2026-03-16 01:21:44+00:00,apertus,ln_bf16,26,42,1e-4,bfloat16,layernorm,0.5006973147392273,train/longfact_test_apertus/span_f1,0.23225552050473183,apertus,span,f1
p9he43x3,apertus_no_lora_ln_bf16_layer26_seed42_lr3em4,finished,2026-03-16 01:21:44+00:00,apertus,ln_bf16,26,42,3e-4,bfloat16,layernorm,0.27400892972946167,train/longfact_test_apertus/span_f1,0.3611798493578744,apertus,span,f1
jap1923r,apertus_no_lora_ln_bf16_layer26_seed42_lr3em5,finished,2026-03-16 01:21:44+00:00,apertus,ln_bf16,26,42,3e-5,bfloat16,layernorm,0.9109970927238464,train/longfact_test_apertus/span_f1,0.024458610244586104,apertus,span,f1
kffm0190,apertus_no_lora_ln_bf16_layer26_seed43_lr1em3,finished,2026-03-16 01:21:44+00:00,apertus,ln_bf16,26,43,1e-3,bfloat16,layernorm,0.27165380120277405,train/longfact_test_apertus/span_f1,0.3905002850627138,apertus,span,f1
6nfiscpk,apertus_no_lora_ln_bf16_layer26_seed43_lr1em4,finished,2026-03-16 01:21:44+00:00,apertus,ln_bf16,26,43,1e-4,bfloat16,layernorm,0.29313549399375916,train/longfact_test_apertus/span_f1,0.23056257901390645,apertus,span,f1
livazl8t,apertus_no_lora_ln_bf16_layer26_seed43_lr3em4,finished,2026-03-16 01:21:44+00:00,apertus,ln_bf16,26,43,3e-4,bfloat16,layernorm,0.26969656348228455,train/longfact_test_apertus/span_f1,0.347472825092413,apertus,span,f1
cs5p5dya,apertus_no_lora_ln_bf16_layer26_seed43_lr3em5,finished,2026-03-16 01:21:44+00:00,apertus,ln_bf16,26,43,3e-5,bfloat16,layernorm,0.3752008378505707,train/longfact_test_apertus/span_f1,0.024962691629358297,apertus,span,f1
m9z367ud,apertus_no_lora_ln_bf16_layer26_seed44_lr1em3,finished,2026-03-16 01:21:44+00:00,apertus,ln_bf16,26,44,1e-3,bfloat16,layernorm,0.44535091519355774,train/longfact_test_apertus/span_f1,0.40884443274545934,apertus,span,f1
ycmihac6,apertus_no_lora_ln_bf16_layer26_seed44_lr1em4,finished,2026-03-16 01:21:44+00:00,apertus,ln_bf16,26,44,1e-4,bfloat16,layernorm,0.3027840852737427,train/longfact_test_apertus/span_f1,0.23504113318471465,apertus,span,f1
b7cu6by4,apertus_no_lora_ln_bf16_layer26_seed44_lr3em4,finished,2026-03-16 01:21:44+00:00,apertus,ln_bf16,26,44,3e-4,bfloat16,layernorm,0.33402493596076965,train/longfact_test_apertus/span_f1,0.3481922196796339,apertus,span,f1
82b66i5k,apertus_no_lora_ln_bf16_layer26_seed44_lr3em5,finished,2026-03-16 01:21:44+00:00,apertus,ln_bf16,26,44,3e-5,bfloat16,layernorm,0.3965613543987274,train/longfact_test_apertus/span_f1,0.02567173623194956,apertus,span,f1
7hvw78qp,apertus_no_lora_ln_bf16_layer30_seed42_lr1em3,finished,2026-03-16 01:21:44+00:00,apertus,ln_bf16,30,42,1e-3,bfloat16,layernorm,0.18903133273124695,train/longfact_test_apertus/span_f1,0.40898687957511487,apertus,span,f1
hq7zzpsr,apertus_no_lora_ln_bf16_layer30_seed42_lr1em4,finished,2026-03-16 01:21:44+00:00,apertus,ln_bf16,30,42,1e-4,bfloat16,layernorm,0.6139996647834778,train/longfact_test_apertus/span_f1,0.21952969310482265,apertus,span,f1
wehbf6bi,apertus_no_lora_ln_bf16_layer30_seed42_lr3em4,finished,2026-03-16 01:21:44+00:00,apertus,ln_bf16,30,42,3e-4,bfloat16,layernorm,0.2974618077278137,train/longfact_test_apertus/span_f1,0.36222290362727944,apertus,span,f1
inx8ca5d,apertus_no_lora_ln_bf16_layer30_seed42_lr3em5,finished,2026-03-16 01:21:44+00:00,apertus,ln_bf16,30,42,3e-5,bfloat16,layernorm,0.8954324722290039,train/longfact_test_apertus/span_f1,0.04345782889878488,apertus,span,f1
og90cgj0,apertus_no_lora_ln_bf16_layer30_seed43_lr1em3,finished,2026-03-16 01:21:44+00:00,apertus,ln_bf16,30,43,1e-3,bfloat16,layernorm,0.2775192856788635,train/longfact_test_apertus/span_f1,0.40103945693678406,apertus,span,f1
5cwasjvc,apertus_no_lora_ln_bf16_layer30_seed43_lr1em4,finished,2026-03-16 01:21:44+00:00,apertus,ln_bf16,30,43,1e-4,bfloat16,layernorm,0.2989921569824219,train/longfact_test_apertus/span_f1,0.22234150414504683,apertus,span,f1
7jkvxq48,apertus_no_lora_ln_bf16_layer30_seed43_lr3em4,finished,2026-03-16 01:21:44+00:00,apertus,ln_bf16,30,43,3e-4,bfloat16,layernorm,0.28141525387763977,train/longfact_test_apertus/span_f1,0.34426590358793746,apertus,span,f1
74i6ukb7,apertus_no_lora_ln_bf16_layer30_seed43_lr3em5,finished,2026-03-16 01:21:44+00:00,apertus,ln_bf16,30,43,3e-5,bfloat16,layernorm,0.367383748292923,train/longfact_test_apertus/span_f1,0.04276374708937847,apertus,span,f1
4m7o0thq,apertus_no_lora_ln_bf16_layer30_seed44_lr1em3,finished,2026-03-16 01:21:44+00:00,apertus,ln_bf16,30,44,1e-3,bfloat16,layernorm,0.3379320204257965,train/longfact_test_apertus/span_f1,0.4064638382987683,apertus,span,f1
3huyrepp,apertus_no_lora_ln_bf16_layer30_seed44_lr1em4,finished,2026-03-16 01:21:44+00:00,apertus,ln_bf16,30,44,1e-4,bfloat16,layernorm,0.4082537889480591,train/longfact_test_apertus/span_f1,0.22790826632867273,apertus,span,f1
khqaa0hj,apertus_no_lora_ln_bf16_layer30_seed44_lr3em4,finished,2026-03-16 01:21:44+00:00,apertus,ln_bf16,30,44,3e-4,bfloat16,layernorm,0.3730915486812592,train/longfact_test_apertus/span_f1,0.3466510632851213,apertus,span,f1
v97a1dax,apertus_no_lora_ln_bf16_layer30_seed44_lr3em5,finished,2026-03-16 01:21:44+00:00,apertus,ln_bf16,30,44,3e-5,bfloat16,layernorm,0.44148337841033936,train/longfact_test_apertus/span_f1,0.04615006589675431,apertus,span,f1
a1vhu02a,apertus_no_lora_ln_fp32_layer10_seed42_lr1em3,finished,2026-03-16 18:21:39+00:00,apertus,ln_fp32,10,42,1e-3,float32,layernorm,0.12267088890075684,train/longfact_test_apertus/span_f1,0.4639895461627381,apertus,span,f1
s5e7uzrk,apertus_no_lora_ln_fp32_layer10_seed42_lr1em4,finished,2026-03-16 18:21:39+00:00,apertus,ln_fp32,10,42,1e-4,float32,layernorm,0.2215098738670349,train/longfact_test_apertus/span_f1,0.40425680390788554,apertus,span,f1
a039mxlm,apertus_no_lora_ln_fp32_layer10_seed42_lr3em4,finished,2026-03-16 18:21:39+00:00,apertus,ln_fp32,10,42,3e-4,float32,layernorm,0.15673403441905975,train/longfact_test_apertus/span_f1,0.4552380632032157,apertus,span,f1
ur0fzre6,apertus_no_lora_ln_fp32_layer10_seed42_lr3em5,finished,2026-03-16 18:21:39+00:00,apertus,ln_fp32,10,42,3e-5,float32,layernorm,0.4890720844268799,train/longfact_test_apertus/span_f1,0.2639159356020438,apertus,span,f1
kyx3dh6x,apertus_no_lora_ln_fp32_layer10_seed43_lr1em3,finished,2026-03-16 18:21:39+00:00,apertus,ln_fp32,10,43,1e-3,float32,layernorm,0.2920945882797241,train/longfact_test_apertus/span_f1,0.47135120679280607,apertus,span,f1
anpnl7j5,apertus_no_lora_ln_fp32_layer10_seed43_lr1em4,finished,2026-03-16 18:21:39+00:00,apertus,ln_fp32,10,43,1e-4,float32,layernorm,0.26364782452583313,train/longfact_test_apertus/span_f1,0.3842872378243868,apertus,span,f1
mu08a37q,apertus_no_lora_ln_fp32_layer10_seed43_lr3em4,finished,2026-03-16 18:21:39+00:00,apertus,ln_fp32,10,43,3e-4,float32,layernorm,0.2802787125110626,train/longfact_test_apertus/span_f1,0.4423549488054607,apertus,span,f1
0q5lbh0o,apertus_no_lora_ln_fp32_layer10_seed43_lr3em5,finished,2026-03-16 18:21:39+00:00,apertus,ln_fp32,10,43,3e-5,float32,layernorm,0.27201464772224426,train/longfact_test_apertus/span_f1,0.2584182586120045,apertus,span,f1
b2incihb,apertus_no_lora_ln_fp32_layer10_seed44_lr1em3,finished,2026-03-16 18:21:39+00:00,apertus,ln_fp32,10,44,1e-3,float32,layernorm,0.19783645868301392,train/longfact_test_apertus/span_f1,0.4932574559329496,apertus,span,f1
9s2c6c1h,apertus_no_lora_ln_fp32_layer10_seed44_lr1em4,finished,2026-03-16 18:21:39+00:00,apertus,ln_fp32,10,44,1e-4,float32,layernorm,0.32758116722106934,train/longfact_test_apertus/span_f1,0.39856663563385974,apertus,span,f1
u1cqzubx,apertus_no_lora_ln_fp32_layer10_seed44_lr3em4,finished,2026-03-16 18:21:39+00:00,apertus,ln_fp32,10,44,3e-4,float32,layernorm,0.2790237069129944,train/longfact_test_apertus/span_f1,0.4620229838844775,apertus,span,f1
jd8rl3y0,apertus_no_lora_ln_fp32_layer10_seed44_lr3em5,finished,2026-03-16 18:21:39+00:00,apertus,ln_fp32,10,44,3e-5,float32,layernorm,0.29283058643341064,train/longfact_test_apertus/span_f1,0.2606322228459707,apertus,span,f1
tvxgxlk0,apertus_no_lora_ln_fp32_layer20_seed42_lr1em3,finished,2026-03-16 18:21:39+00:00,apertus,ln_fp32,20,42,1e-3,float32,layernorm,0.11203589290380478,train/longfact_test_apertus/span_f1,0.44706766660402825,apertus,span,f1
szjyc7rq,apertus_no_lora_ln_fp32_layer20_seed42_lr1em4,finished,2026-03-16 18:21:39+00:00,apertus,ln_fp32,20,42,1e-4,float32,layernorm,0.3388446271419525,train/longfact_test_apertus/span_f1,0.3959444473781486,apertus,span,f1
j1ydn4mi,apertus_no_lora_ln_fp32_layer20_seed42_lr3em4,finished,2026-03-16 18:21:39+00:00,apertus,ln_fp32,20,42,3e-4,float32,layernorm,0.18392929434776303,train/longfact_test_apertus/span_f1,0.4453442673154465,apertus,span,f1
mru621ko,apertus_no_lora_ln_fp32_layer20_seed42_lr3em5,finished,2026-03-16 18:21:39+00:00,apertus,ln_fp32,20,42,3e-5,float32,layernorm,0.6155123114585876,train/longfact_test_apertus/span_f1,0.25750238248050256,apertus,span,f1
cuinxn0m,apertus_no_lora_ln_fp32_layer20_seed43_lr1em3,finished,2026-03-16 18:21:39+00:00,apertus,ln_fp32,20,43,1e-3,float32,layernorm,0.2761920690536499,train/longfact_test_apertus/span_f1,0.46430922440712297,apertus,span,f1
gfuz02ro,apertus_no_lora_ln_fp32_layer20_seed43_lr1em4,finished,2026-03-16 18:21:39+00:00,apertus,ln_fp32,20,43,1e-4,float32,layernorm,0.28859972953796387,train/longfact_test_apertus/span_f1,0.38452637388069,apertus,span,f1
bydlptvs,apertus_no_lora_ln_fp32_layer20_seed43_lr3em4,finished,2026-03-16 18:21:39+00:00,apertus,ln_fp32,20,43,3e-4,float32,layernorm,0.27679380774497986,train/longfact_test_apertus/span_f1,0.4382645095987236,apertus,span,f1
5a8w5arg,apertus_no_lora_ln_fp32_layer20_seed43_lr3em5,finished,2026-03-16 18:21:39+00:00,apertus,ln_fp32,20,43,3e-5,float32,layernorm,0.30041441321372986,train/longfact_test_apertus/span_f1,0.25493443485376927,apertus,span,f1
3wystufk,apertus_no_lora_ln_fp32_layer20_seed44_lr1em3,finished,2026-03-16 18:21:39+00:00,apertus,ln_fp32,20,44,1e-3,float32,layernorm,0.37859293818473816,train/longfact_test_apertus/span_f1,0.4963326784544859,apertus,span,f1
ipm80jlq,apertus_no_lora_ln_fp32_layer20_seed44_lr1em4,finished,2026-03-16 18:21:39+00:00,apertus,ln_fp32,20,44,1e-4,float32,layernorm,0.39040952920913696,train/longfact_test_apertus/span_f1,0.3945090279495424,apertus,span,f1
28tm3neg,apertus_no_lora_ln_fp32_layer20_seed44_lr3em4,finished,2026-03-16 18:21:39+00:00,apertus,ln_fp32,20,44,3e-4,float32,layernorm,0.4330550134181976,train/longfact_test_apertus/span_f1,0.4603697478991597,apertus,span,f1
zoq512xp,apertus_no_lora_ln_fp32_layer20_seed44_lr3em5,finished,2026-03-16 18:21:39+00:00,apertus,ln_fp32,20,44,3e-5,float32,layernorm,0.37936899065971375,train/longfact_test_apertus/span_f1,0.25826655255582354,apertus,span,f1
8hrkgqv3,apertus_no_lora_ln_fp32_layer26_seed42_lr1em3,finished,2026-03-16 18:21:39+00:00,apertus,ln_fp32,26,42,1e-3,float32,layernorm,0.17951826751232147,train/longfact_test_apertus/span_f1,0.3905951977753614,apertus,span,f1
rlqcb2g4,apertus_no_lora_ln_fp32_layer26_seed42_lr1em4,finished,2026-03-16 18:21:39+00:00,apertus,ln_fp32,26,42,1e-4,float32,layernorm,0.3578282594680786,train/longfact_test_apertus/span_f1,0.30847578214225535,apertus,span,f1
r2wu0aof,apertus_no_lora_ln_fp32_layer26_seed42_lr3em4,finished,2026-03-16 18:21:39+00:00,apertus,ln_fp32,26,42,3e-4,float32,layernorm,0.24504521489143372,train/longfact_test_apertus/span_f1,0.37718106407322655,apertus,span,f1
okj43cej,apertus_no_lora_ln_fp32_layer26_seed42_lr3em5,finished,2026-03-16 18:21:39+00:00,apertus,ln_fp32,26,42,3e-5,float32,layernorm,0.6153150200843811,train/longfact_test_apertus/span_f1,0.18394369070692643,apertus,span,f1
44fifewm,apertus_no_lora_ln_fp32_layer26_seed43_lr1em3,finished,2026-03-16 18:21:39+00:00,apertus,ln_fp32,26,43,1e-3,float32,layernorm,0.26287174224853516,train/longfact_test_apertus/span_f1,0.3954248366013072,apertus,span,f1
cfgw5o62,apertus_no_lora_ln_fp32_layer26_seed43_lr1em4,finished,2026-03-16 18:21:39+00:00,apertus,ln_fp32,26,43,1e-4,float32,layernorm,0.27609291672706604,train/longfact_test_apertus/span_f1,0.29947655851395527,apertus,span,f1
5yjm6w2c,apertus_no_lora_ln_fp32_layer26_seed43_lr3em4,finished,2026-03-16 18:21:39+00:00,apertus,ln_fp32,26,43,3e-4,float32,layernorm,0.268221378326416,train/longfact_test_apertus/span_f1,0.3639526665820996,apertus,span,f1
bj0fbt17,apertus_no_lora_ln_fp32_layer26_seed43_lr3em5,finished,2026-03-16 18:21:39+00:00,apertus,ln_fp32,26,43,3e-5,float32,layernorm,0.28795114159584045,train/longfact_test_apertus/span_f1,0.1826767790338737,apertus,span,f1
thtwlsce,apertus_no_lora_ln_fp32_layer26_seed44_lr1em3,finished,2026-03-16 18:21:39+00:00,apertus,ln_fp32,26,44,1e-3,float32,layernorm,0.4517517387866974,train/longfact_test_apertus/span_f1,0.4268393782383419,apertus,span,f1
a2rdvxyc,apertus_no_lora_ln_fp32_layer26_seed44_lr1em4,finished,2026-03-16 18:21:39+00:00,apertus,ln_fp32,26,44,1e-4,float32,layernorm,0.28372296690940857,train/longfact_test_apertus/span_f1,0.3059669194437649,apertus,span,f1
veq9b7kw,apertus_no_lora_ln_fp32_layer26_seed44_lr3em4,finished,2026-03-16 18:21:39+00:00,apertus,ln_fp32,26,44,3e-4,float32,layernorm,0.37059929966926575,train/longfact_test_apertus/span_f1,0.3787922152261019,apertus,span,f1
5aqux06m,apertus_no_lora_ln_fp32_layer26_seed44_lr3em5,finished,2026-03-16 18:21:39+00:00,apertus,ln_fp32,26,44,3e-5,float32,layernorm,0.3035992383956909,train/longfact_test_apertus/span_f1,0.18632628509675184,apertus,span,f1
qg1y3gso,apertus_no_lora_ln_fp32_layer30_seed42_lr1em3,finished,2026-03-16 18:21:39+00:00,apertus,ln_fp32,30,42,1e-3,float32,layernorm,0.1903767287731171,train/longfact_test_apertus/span_f1,0.3788398971833265,apertus,span,f1
r9e2fhqm,apertus_no_lora_ln_fp32_layer30_seed42_lr1em4,finished,2026-03-16 18:21:39+00:00,apertus,ln_fp32,30,42,1e-4,float32,layernorm,0.38982802629470825,train/longfact_test_apertus/span_f1,0.3014044679046093,apertus,span,f1
e24v1w1s,apertus_no_lora_ln_fp32_layer30_seed42_lr3em4,finished,2026-03-16 18:21:39+00:00,apertus,ln_fp32,30,42,3e-4,float32,layernorm,0.2570212781429291,train/longfact_test_apertus/span_f1,0.3623542175210198,apertus,span,f1
jtcznw8g,apertus_no_lora_ln_fp32_layer30_seed42_lr3em5,finished,2026-03-16 18:21:39+00:00,apertus,ln_fp32,30,42,3e-5,float32,layernorm,0.6943867206573486,train/longfact_test_apertus/span_f1,0.1886301230550188,apertus,span,f1
v3qqa12o,apertus_no_lora_ln_fp32_layer30_seed43_lr1em3,finished,2026-03-16 18:21:39+00:00,apertus,ln_fp32,30,43,1e-3,float32,layernorm,0.2808498740196228,train/longfact_test_apertus/span_f1,0.40380918790230136,apertus,span,f1
lgm2cr72,apertus_no_lora_ln_fp32_layer30_seed43_lr1em4,finished,2026-03-16 18:21:39+00:00,apertus,ln_fp32,30,43,1e-4,float32,layernorm,0.2797033190727234,train/longfact_test_apertus/span_f1,0.28991356661462897,apertus,span,f1
f873k60o,apertus_no_lora_ln_fp32_layer30_seed43_lr3em4,finished,2026-03-16 18:21:39+00:00,apertus,ln_fp32,30,43,3e-4,float32,layernorm,0.28264516592025757,train/longfact_test_apertus/span_f1,0.368238732724714,apertus,span,f1
ybsg28sj,apertus_no_lora_ln_fp32_layer30_seed43_lr3em5,finished,2026-03-16 18:21:39+00:00,apertus,ln_fp32,30,43,3e-5,float32,layernorm,0.30628159642219543,train/longfact_test_apertus/span_f1,0.18186280525217816,apertus,span,f1
kn811t36,apertus_no_lora_ln_fp32_layer30_seed44_lr1em3,finished,2026-03-16 18:21:39+00:00,apertus,ln_fp32,30,44,1e-3,float32,layernorm,0.3007677495479584,train/longfact_test_apertus/span_f1,0.4247711026879208,apertus,span,f1
wf8rodcd,apertus_no_lora_ln_fp32_layer30_seed44_lr1em4,finished,2026-03-16 18:21:39+00:00,apertus,ln_fp32,30,44,1e-4,float32,layernorm,0.3687911331653595,train/longfact_test_apertus/span_f1,0.29952986046862906,apertus,span,f1
524a5l0b,apertus_no_lora_ln_fp32_layer30_seed44_lr3em4,finished,2026-03-16 18:21:39+00:00,apertus,ln_fp32,30,44,3e-4,float32,layernorm,0.3833605647087097,train/longfact_test_apertus/span_f1,0.37469987457444903,apertus,span,f1
m6zpszut,apertus_no_lora_ln_fp32_layer30_seed44_lr3em5,finished,2026-03-16 18:21:39+00:00,apertus,ln_fp32,30,44,3e-5,float32,layernorm,0.4072107970714569,train/longfact_test_apertus/span_f1,0.1892419742035236,apertus,span,f1
2msk68xv,apertus_no_lora_long_form_layer10_seed42,finished,2026-03-02 14:54:28+00:00,apertus,apertus_layers,10,42,,bfloat16,none,0.1188635155558586,train/longfact_test_apertus/span_recall_at_0.1_fpr,0.5209513023782559,apertus,span,recall_at_0.1_fpr
ennpfi5c,apertus_no_lora_long_form_layer10_seed43,finished,2026-03-02 14:55:28+00:00,apertus,apertus_layers,10,43,,bfloat16,none,0.2892115116119385,train/longfact_test_apertus/span_recall_at_0.1_fpr,0.5408047703792729,apertus,span,recall_at_0.1_fpr
ckfvtpqq,apertus_no_lora_long_form_layer10_seed44,finished,2026-03-02 14:55:28+00:00,apertus,apertus_layers,10,44,,bfloat16,none,0.14164792001247406,train/longfact_test_apertus/span_recall_at_0.1_fpr,0.5391175722837266,apertus,span,recall_at_0.1_fpr
5w54hojz,apertus_no_lora_long_form_layer20_seed42,finished,2026-03-02 14:56:24+00:00,apertus,apertus_layers,20,42,,bfloat16,none,0.002515794476494193,train/longfact_test_apertus/span_recall_at_0.1_fpr,0.42318626204728776,apertus,span,recall_at_0.1_fpr
h3qhm4bp,apertus_no_lora_long_form_layer20_seed43,finished,2026-03-02 14:56:24+00:00,apertus,apertus_layers,20,43,,bfloat16,none,0.4361111521720886,train/longfact_test_apertus/span_recall_at_0.1_fpr,0.440173804516144,apertus,span,recall_at_0.1_fpr
1sb6t3rt,apertus_no_lora_long_form_layer20_seed44,finished,2026-03-02 14:56:24+00:00,apertus,apertus_layers,20,44,,bfloat16,none,0.9805268049240112,train/longfact_test_apertus/span_recall_at_0.1_fpr,0.42140661474102664,apertus,span,recall_at_0.1_fpr
fjxaywoo,apertus_no_lora_long_form_layer26_seed42,finished,2026-03-02 14:56:59+00:00,apertus,apertus_layers,26,42,,bfloat16,none,0.022064460441470143,train/longfact_test_apertus/span_recall_at_0.1_fpr,0.3939029745533548,apertus,span,recall_at_0.1_fpr
fc3llcx0,apertus_no_lora_long_form_layer26_seed43,finished,2026-03-02 14:58:28+00:00,apertus,apertus_layers,26,43,,bfloat16,none,4.096796035766602,train/longfact_test_apertus/span_recall_at_0.1_fpr,0.37804793491575567,apertus,span,recall_at_0.1_fpr
gtn6g9ne,apertus_no_lora_long_form_layer26_seed44,finished,2026-03-02 14:58:28+00:00,apertus,apertus_layers,26,44,,bfloat16,none,0.0003512128023430705,train/longfact_test_apertus/span_recall_at_0.1_fpr,0.37661497214967526,apertus,span,recall_at_0.1_fpr
pk12wkry,apertus_no_lora_long_form_layer30_seed42,finished,2026-03-02 14:58:28+00:00,apertus,apertus_layers,30,42,,bfloat16,none,82.0517578125,train/longfact_test_apertus/span_recall_at_0.1_fpr,0.0001386738160722953,apertus,span,recall_at_0.1_fpr
vhvivjkc,apertus_no_lora_long_form_layer30_seed43,finished,2026-03-02 14:58:28+00:00,apertus,apertus_layers,30,43,,bfloat16,none,10.69191074371338,train/longfact_test_apertus/span_recall_at_0.1_fpr,0.34585249728430445,apertus,span,recall_at_0.1_fpr
agskbmvs,apertus_no_lora_long_form_layer30_seed44,finished,2026-03-02 14:58:28+00:00,apertus,apertus_layers,30,44,,bfloat16,none,0.0001453680742997676,train/longfact_test_apertus/span_recall_at_0.1_fpr,0.2638731596828992,apertus,span,recall_at_0.1_fpr
o5fobkxj,apertus_no_lora_bf16_only_layer10_seed42_lr1em3,finished,2026-03-16 01:21:45+00:00,apertus,bf16_only,10,42,1e-3,bfloat16,none,0.1060740053653717,train/longfact_test_apertus/span_recall_at_0.1_fpr,0.5267987149559711,apertus,span,recall_at_0.1_fpr
ngsqu3i1,apertus_no_lora_bf16_only_layer10_seed42_lr1em4,finished,2026-03-16 01:21:45+00:00,apertus,bf16_only,10,42,1e-4,bfloat16,none,0.11451046913862228,train/longfact_test_apertus/span_recall_at_0.1_fpr,0.449118265652807,apertus,span,recall_at_0.1_fpr
5xzqhvy4,apertus_no_lora_bf16_only_layer10_seed42_lr3em4,finished,2026-03-16 01:21:45+00:00,apertus,bf16_only,10,42,3e-4,bfloat16,none,0.11626026779413225,train/longfact_test_apertus/span_recall_at_0.1_fpr,0.5247417200175654,apertus,span,recall_at_0.1_fpr
83kur7ka,apertus_no_lora_bf16_only_layer10_seed42_lr3em5,finished,2026-03-16 01:21:45+00:00,apertus,bf16_only,10,42,3e-5,bfloat16,none,0.4366786777973175,train/longfact_test_apertus/span_recall_at_0.1_fpr,0.29035985855270763,apertus,span,recall_at_0.1_fpr
j9k3f0jm,apertus_no_lora_bf16_only_layer10_seed43_lr1em3,finished,2026-03-16 01:21:44+00:00,apertus,bf16_only,10,43,1e-3,bfloat16,none,0.3009301424026489,train/longfact_test_apertus/span_recall_at_0.1_fpr,0.5445489634132249,apertus,span,recall_at_0.1_fpr
ougxjsfh,apertus_no_lora_bf16_only_layer10_seed43_lr1em4,finished,2026-03-16 01:21:44+00:00,apertus,bf16_only,10,43,1e-4,bfloat16,none,0.27749955654144287,train/longfact_test_apertus/span_recall_at_0.1_fpr,0.4419072272170476,apertus,span,recall_at_0.1_fpr
21sy8y12,apertus_no_lora_bf16_only_layer10_seed43_lr3em4,finished,2026-03-16 01:21:44+00:00,apertus,bf16_only,10,43,3e-4,bfloat16,none,0.2755349278450012,train/longfact_test_apertus/span_recall_at_0.1_fpr,0.5285090253541961,apertus,span,recall_at_0.1_fpr
t26a4uwp,apertus_no_lora_bf16_only_layer10_seed43_lr3em5,finished,2026-03-16 01:21:44+00:00,apertus,bf16_only,10,43,3e-5,bfloat16,none,0.3126707673072815,train/longfact_test_apertus/span_recall_at_0.1_fpr,0.2889268957866272,apertus,span,recall_at_0.1_fpr
p9n6ul1e,apertus_no_lora_bf16_only_layer10_seed44_lr1em3,finished,2026-03-16 01:21:44+00:00,apertus,bf16_only,10,44,1e-3,bfloat16,none,0.15629735589027405,train/longfact_test_apertus/span_recall_at_0.1_fpr,0.537291700372108,apertus,span,recall_at_0.1_fpr
feljklm1,apertus_no_lora_bf16_only_layer10_seed44_lr1em4,finished,2026-03-16 01:21:44+00:00,apertus,bf16_only,10,44,1e-4,bfloat16,none,0.593794047832489,train/longfact_test_apertus/span_recall_at_0.1_fpr,0.4479626505188712,apertus,span,recall_at_0.1_fpr
lfafy2oe,apertus_no_lora_bf16_only_layer10_seed44_lr3em4,finished,2026-03-16 01:21:44+00:00,apertus,bf16_only,10,44,3e-4,bfloat16,none,0.2656649947166443,train/longfact_test_apertus/span_recall_at_0.1_fpr,0.5334319458247625,apertus,span,recall_at_0.1_fpr
r3oezlrl,apertus_no_lora_bf16_only_layer10_seed44_lr3em5,finished,2026-03-16 01:21:44+00:00,apertus,bf16_only,10,44,3e-5,bfloat16,none,0.7305357456207275,train/longfact_test_apertus/span_recall_at_0.1_fpr,0.29105322763306907,apertus,span,recall_at_0.1_fpr
uw94ef5i,apertus_no_lora_bf16_only_layer20_seed42_lr1em3,finished,2026-03-16 01:21:44+00:00,apertus,bf16_only,20,42,1e-3,bfloat16,none,0.006061427295207977,train/longfact_test_apertus/span_recall_at_0.1_fpr,0.4195345182240507,apertus,span,recall_at_0.1_fpr
ymsrn4r6,apertus_no_lora_bf16_only_layer20_seed42_lr1em4,finished,2026-03-16 01:21:44+00:00,apertus,bf16_only,20,42,1e-4,bfloat16,none,0.04400371387600899,train/longfact_test_apertus/span_recall_at_0.1_fpr,0.3639956548870964,apertus,span,recall_at_0.1_fpr
uy0gdnv4,apertus_no_lora_bf16_only_layer20_seed42_lr3em4,finished,2026-03-16 01:21:44+00:00,apertus,bf16_only,20,42,3e-4,bfloat16,none,0.00907330308109522,train/longfact_test_apertus/span_recall_at_0.1_fpr,0.41703838953474937,apertus,span,recall_at_0.1_fpr
fu81gp5i,apertus_no_lora_bf16_only_layer20_seed42_lr3em5,finished,2026-03-16 01:21:44+00:00,apertus,bf16_only,20,42,3e-5,bfloat16,none,2.1262459754943848,train/longfact_test_apertus/span_recall_at_0.1_fpr,0.22465158203711835,apertus,span,recall_at_0.1_fpr
2g6rw2bt,apertus_no_lora_bf16_only_layer20_seed43_lr1em3,finished,2026-03-16 01:21:44+00:00,apertus,bf16_only,20,43,1e-3,bfloat16,none,0.5826413631439209,train/longfact_test_apertus/span_recall_at_0.1_fpr,0.4613677860725264,apertus,span,recall_at_0.1_fpr
7ynpw2cn,apertus_no_lora_bf16_only_layer20_seed43_lr1em4,finished,2026-03-16 01:21:44+00:00,apertus,bf16_only,20,43,1e-4,bfloat16,none,1.368619084358215,train/longfact_test_apertus/span_recall_at_0.1_fpr,0.35867982527099174,apertus,span,recall_at_0.1_fpr
900ivg46,apertus_no_lora_bf16_only_layer20_seed43_lr3em4,finished,2026-03-16 01:21:44+00:00,apertus,bf16_only,20,43,3e-4,bfloat16,none,0.40857547521591187,train/longfact_test_apertus/span_recall_at_0.1_fpr,0.4499734208519195,apertus,span,recall_at_0.1_fpr
qo5cb98m,apertus_no_lora_bf16_only_layer20_seed43_lr3em5,finished,2026-03-16 01:21:44+00:00,apertus,bf16_only,20,43,3e-5,bfloat16,none,6.096769332885742,train/longfact_test_apertus/span_recall_at_0.1_fpr,0.22765618138535143,apertus,span,recall_at_0.1_fpr
99kvtmj8,apertus_no_lora_bf16_only_layer20_seed44_lr1em3,finished,2026-03-16 01:21:44+00:00,apertus,bf16_only,20,44,1e-3,bfloat16,none,0.13294142484664917,train/longfact_test_apertus/span_recall_at_0.1_fpr,0.4349041995053967,apertus,span,recall_at_0.1_fpr
g1itgrow,apertus_no_lora_bf16_only_layer20_seed44_lr1em4,finished,2026-03-16 01:21:44+00:00,apertus,bf16_only,20,44,1e-4,bfloat16,none,4.639030521502718e-05,train/longfact_test_apertus/span_recall_at_0.1_fpr,0.3653130561397832,apertus,span,recall_at_0.1_fpr
vuc2g8id,apertus_no_lora_bf16_only_layer20_seed44_lr3em4,finished,2026-03-16 01:21:44+00:00,apertus,bf16_only,20,44,3e-4,bfloat16,none,0.2754364609718323,train/longfact_test_apertus/span_recall_at_0.1_fpr,0.43083643423394274,apertus,span,recall_at_0.1_fpr
v52uwh1g,apertus_no_lora_bf16_only_layer20_seed44_lr3em5,finished,2026-03-16 01:21:44+00:00,apertus,bf16_only,20,44,3e-5,bfloat16,none,23.12533187866211,train/longfact_test_apertus/span_recall_at_0.1_fpr,0.22479025585319065,apertus,span,recall_at_0.1_fpr
vz5jn274,apertus_no_lora_bf16_only_layer26_seed42_lr1em3,finished,2026-03-16 01:21:44+00:00,apertus,bf16_only,26,42,1e-3,bfloat16,none,0.023973966017365456,train/longfact_test_apertus/span_recall_at_0.1_fpr,0.38239304781935424,apertus,span,recall_at_0.1_fpr
4drsxr5u,apertus_no_lora_bf16_only_layer26_seed42_lr1em4,finished,2026-03-16 01:21:44+00:00,apertus,bf16_only,26,42,1e-4,bfloat16,none,0.023594362661242485,train/longfact_test_apertus/span_recall_at_0.1_fpr,0.33076016363510297,apertus,span,recall_at_0.1_fpr
1crms08u,apertus_no_lora_bf16_only_layer26_seed42_lr3em4,finished,2026-03-16 01:21:44+00:00,apertus,bf16_only,26,42,3e-4,bfloat16,none,0.006822563707828522,train/longfact_test_apertus/span_recall_at_0.1_fpr,0.3682945431853375,apertus,span,recall_at_0.1_fpr
cq95ctu3,apertus_no_lora_bf16_only_layer26_seed42_lr3em5,finished,2026-03-16 01:21:44+00:00,apertus,bf16_only,26,42,3e-5,bfloat16,none,0.9924049973487854,train/longfact_test_apertus/span_recall_at_0.1_fpr,0.20833429634594497,apertus,span,recall_at_0.1_fpr
q08ckrfy,apertus_no_lora_bf16_only_layer26_seed43_lr1em3,finished,2026-03-16 01:21:45+00:00,apertus,bf16_only,26,43,1e-3,bfloat16,none,4.096848487854004,train/longfact_test_apertus/span_recall_at_0.1_fpr,0.3788568655095107,apertus,span,recall_at_0.1_fpr
hirctdjt,apertus_no_lora_bf16_only_layer26_seed43_lr1em4,finished,2026-03-16 01:21:45+00:00,apertus,bf16_only,26,43,1e-4,bfloat16,none,4.878128528594971,train/longfact_test_apertus/span_recall_at_0.1_fpr,0.3250514248734601,apertus,span,recall_at_0.1_fpr
psn29j9n,apertus_no_lora_bf16_only_layer26_seed43_lr3em4,finished,2026-03-16 01:21:45+00:00,apertus,bf16_only,26,43,3e-4,bfloat16,none,1.7208261489868164,train/longfact_test_apertus/span_recall_at_0.1_fpr,0.35937319435135323,apertus,span,recall_at_0.1_fpr
lx8g6b8s,apertus_no_lora_bf16_only_layer26_seed43_lr3em5,finished,2026-03-16 01:21:45+00:00,apertus,bf16_only,26,43,3e-5,bfloat16,none,12.94149684906006,train/longfact_test_apertus/span_recall_at_0.1_fpr,0.20819562252987264,apertus,span,recall_at_0.1_fpr
wixkxx9v,apertus_no_lora_bf16_only_layer26_seed44_lr1em3,finished,2026-03-16 01:21:44+00:00,apertus,bf16_only,26,44,1e-3,bfloat16,none,10.250615119934082,train/longfact_test_apertus/span_recall_at_0.1_fpr,0.3860910162479488,apertus,span,recall_at_0.1_fpr
2r4mqan8,apertus_no_lora_bf16_only_layer26_seed44_lr1em4,finished,2026-03-16 01:21:44+00:00,apertus,bf16_only,26,44,1e-4,bfloat16,none,0.0004059617640450597,train/longfact_test_apertus/span_recall_at_0.1_fpr,0.3383641112164005,apertus,span,recall_at_0.1_fpr
v3h0pfq3,apertus_no_lora_bf16_only_layer26_seed44_lr3em4,finished,2026-03-16 01:21:44+00:00,apertus,bf16_only,26,44,3e-4,bfloat16,none,0.3673836886882782,train/longfact_test_apertus/span_recall_at_0.1_fpr,0.3615919754085099,apertus,span,recall_at_0.1_fpr
muqajhqb,apertus_no_lora_bf16_only_layer26_seed44_lr3em5,finished,2026-03-16 01:21:44+00:00,apertus,bf16_only,26,44,3e-5,bfloat16,none,7.75074577331543,train/longfact_test_apertus/span_recall_at_0.1_fpr,0.20905077772898512,apertus,span,recall_at_0.1_fpr
imd2hxzj,apertus_no_lora_bf16_only_layer30_seed42_lr1em3,finished,2026-03-16 01:21:44+00:00,apertus,bf16_only,30,42,1e-3,bfloat16,none,82.0517578125,train/longfact_test_apertus/span_recall_at_0.1_fpr,0.0,apertus,span,recall_at_0.1_fpr
g9535ebe,apertus_no_lora_bf16_only_layer30_seed42_lr1em4,finished,2026-03-16 01:21:44+00:00,apertus,bf16_only,30,42,1e-4,bfloat16,none,0.033634547144174576,train/longfact_test_apertus/span_recall_at_0.1_fpr,0.3424781010932119,apertus,span,recall_at_0.1_fpr
j9yucacb,apertus_no_lora_bf16_only_layer30_seed42_lr3em4,finished,2026-03-16 01:21:44+00:00,apertus,bf16_only,30,42,3e-4,bfloat16,none,0.025012411177158356,train/longfact_test_apertus/span_recall_at_0.1_fpr,0.3767767582684262,apertus,span,recall_at_0.1_fpr
4bo3xdzv,apertus_no_lora_bf16_only_layer30_seed42_lr3em5,finished,2026-03-16 01:21:44+00:00,apertus,bf16_only,30,42,3e-5,bfloat16,none,33.04824447631836,train/longfact_test_apertus/span_recall_at_0.1_fpr,0.21173180483971615,apertus,span,recall_at_0.1_fpr
a55rsp1p,apertus_no_lora_bf16_only_layer30_seed43_lr1em3,finished,2026-03-16 01:21:45+00:00,apertus,bf16_only,30,43,1e-3,bfloat16,none,9.379252433776855,train/longfact_test_apertus/span_recall_at_0.1_fpr,0.3033027480527885,apertus,span,recall_at_0.1_fpr
5uzjpj1x,apertus_no_lora_bf16_only_layer30_seed43_lr1em4,finished,2026-03-16 01:21:45+00:00,apertus,bf16_only,30,43,1e-4,bfloat16,none,6.222002029418945,train/longfact_test_apertus/span_recall_at_0.1_fpr,0.3333487415351191,apertus,span,recall_at_0.1_fpr
fctlmblr,apertus_no_lora_bf16_only_layer30_seed43_lr3em4,finished,2026-03-16 01:21:45+00:00,apertus,bf16_only,30,43,3e-4,bfloat16,none,5.815634250640869,train/longfact_test_apertus/span_recall_at_0.1_fpr,0.356299258095084,apertus,span,recall_at_0.1_fpr
580vhzgn,apertus_no_lora_bf16_only_layer30_seed43_lr3em5,finished,2026-03-16 01:21:45+00:00,apertus,bf16_only,30,43,3e-5,bfloat16,none,10.316194534301758,train/longfact_test_apertus/span_recall_at_0.1_fpr,0.20045300113250283,apertus,span,recall_at_0.1_fpr
uns2a6j2,apertus_no_lora_bf16_only_layer30_seed44_lr1em3,finished,2026-03-16 01:21:44+00:00,apertus,bf16_only,30,44,1e-3,bfloat16,none,0.0,train/longfact_test_apertus/span_recall_at_0.1_fpr,0.0003697968428594541,apertus,span,recall_at_0.1_fpr
m97ar22y,apertus_no_lora_bf16_only_layer30_seed44_lr1em4,finished,2026-03-16 01:21:44+00:00,apertus,bf16_only,30,44,1e-4,bfloat16,none,10.063371658325195,train/longfact_test_apertus/span_recall_at_0.1_fpr,0.3303903667922435,apertus,span,recall_at_0.1_fpr
hr0vmzt0,apertus_no_lora_bf16_only_layer30_seed44_lr3em4,finished,2026-03-16 01:21:44+00:00,apertus,bf16_only,30,44,3e-4,bfloat16,none,6.532261848449707,train/longfact_test_apertus/span_recall_at_0.1_fpr,0.3731943513532253,apertus,span,recall_at_0.1_fpr
w644eh9h,apertus_no_lora_bf16_only_layer30_seed44_lr3em5,finished,2026-03-16 01:21:44+00:00,apertus,bf16_only,30,44,3e-5,bfloat16,none,33.25065612792969,train/longfact_test_apertus/span_recall_at_0.1_fpr,0.2047981140361014,apertus,span,recall_at_0.1_fpr
3618z7cg,apertus_no_lora_fp32_only_layer10_seed42_lr1em3,finished,2026-03-16 18:21:39+00:00,apertus,fp32_only,10,42,1e-3,float32,none,0.11816876381635666,train/longfact_test_apertus/span_recall_at_0.1_fpr,0.5164906279612638,apertus,span,recall_at_0.1_fpr
mhg0ycoh,apertus_no_lora_fp32_only_layer10_seed42_lr1em4,finished,2026-03-16 18:21:39+00:00,apertus,fp32_only,10,42,1e-4,float32,none,0.1332954168319702,train/longfact_test_apertus/span_recall_at_0.1_fpr,0.4946495019298773,apertus,span,recall_at_0.1_fpr
b71ik25s,apertus_no_lora_fp32_only_layer10_seed42_lr3em4,finished,2026-03-16 18:21:39+00:00,apertus,fp32_only,10,42,3e-4,float32,none,0.1127048209309578,train/longfact_test_apertus/span_recall_at_0.1_fpr,0.5271916241015092,apertus,span,recall_at_0.1_fpr
8hl54mqx,apertus_no_lora_fp32_only_layer10_seed42_lr3em5,finished,2026-03-16 18:21:39+00:00,apertus,fp32_only,10,42,3e-5,float32,none,0.15368859469890594,train/longfact_test_apertus/span_recall_at_0.1_fpr,0.4236485081008621,apertus,span,recall_at_0.1_fpr
x3sqior5,apertus_no_lora_fp32_only_layer10_seed43_lr1em3,finished,2026-03-16 18:21:39+00:00,apertus,fp32_only,10,43,1e-3,float32,none,0.29647397994995117,train/longfact_test_apertus/span_recall_at_0.1_fpr,0.5371068019506784,apertus,span,recall_at_0.1_fpr
dm4602lm,apertus_no_lora_fp32_only_layer10_seed43_lr1em4,finished,2026-03-16 18:21:39+00:00,apertus,fp32_only,10,43,1e-4,float32,none,0.2917933166027069,train/longfact_test_apertus/span_recall_at_0.1_fpr,0.4935863360066563,apertus,span,recall_at_0.1_fpr
3mcpf9f3,apertus_no_lora_fp32_only_layer10_seed43_lr3em4,finished,2026-03-16 18:21:39+00:00,apertus,fp32_only,10,43,3e-4,float32,none,0.2921086251735687,train/longfact_test_apertus/span_recall_at_0.1_fpr,0.5409665564980239,apertus,span,recall_at_0.1_fpr
0v0cghh6,apertus_no_lora_fp32_only_layer10_seed43_lr3em5,finished,2026-03-16 18:21:39+00:00,apertus,fp32_only,10,43,3e-5,float32,none,0.27485892176628113,train/longfact_test_apertus/span_recall_at_0.1_fpr,0.4197656412508378,apertus,span,recall_at_0.1_fpr
k8u6gf39,apertus_no_lora_fp32_only_layer10_seed44_lr1em3,finished,2026-03-16 18:21:39+00:00,apertus,fp32_only,10,44,1e-3,float32,none,0.09856606274843216,train/longfact_test_apertus/span_recall_at_0.1_fpr,0.536644555897104,apertus,span,recall_at_0.1_fpr
rgnn8edm,apertus_no_lora_fp32_only_layer10_seed44_lr1em4,finished,2026-03-16 18:21:39+00:00,apertus,fp32_only,10,44,1e-4,float32,none,0.4017370939254761,train/longfact_test_apertus/span_recall_at_0.1_fpr,0.5009129359558093,apertus,span,recall_at_0.1_fpr
1hlg6mhh,apertus_no_lora_fp32_only_layer10_seed44_lr3em4,finished,2026-03-16 18:21:39+00:00,apertus,fp32_only,10,44,3e-4,float32,none,0.3334559202194214,train/longfact_test_apertus/span_recall_at_0.1_fpr,0.5420297224212448,apertus,span,recall_at_0.1_fpr
h32xr3bj,apertus_no_lora_fp32_only_layer10_seed44_lr3em5,finished,2026-03-16 18:21:39+00:00,apertus,fp32_only,10,44,3e-5,float32,none,0.6063321232795715,train/longfact_test_apertus/span_recall_at_0.1_fpr,0.4245730002080107,apertus,span,recall_at_0.1_fpr
7otuls41,apertus_no_lora_fp32_only_layer20_seed42_lr1em3,finished,2026-03-16 18:21:39+00:00,apertus,fp32_only,20,42,1e-3,float32,none,0.0014074433129280806,train/longfact_test_apertus/span_recall_at_0.1_fpr,0.413086185776689,apertus,span,recall_at_0.1_fpr
h3hhroh2,apertus_no_lora_fp32_only_layer20_seed42_lr1em4,finished,2026-03-16 18:21:39+00:00,apertus,fp32_only,20,42,1e-4,float32,none,0.005417922046035528,train/longfact_test_apertus/span_recall_at_0.1_fpr,0.378671967088081,apertus,span,recall_at_0.1_fpr
gbg3qolw,apertus_no_lora_fp32_only_layer20_seed42_lr3em4,finished,2026-03-16 18:21:39+00:00,apertus,fp32_only,20,42,3e-4,float32,none,0.012795637361705303,train/longfact_test_apertus/span_recall_at_0.1_fpr,0.4275544872535651,apertus,span,recall_at_0.1_fpr
vpc4pmw1,apertus_no_lora_fp32_only_layer20_seed42_lr3em5,finished,2026-03-16 18:21:39+00:00,apertus,fp32_only,20,42,3e-5,float32,none,0.4815448522567749,train/longfact_test_apertus/span_recall_at_0.1_fpr,0.3483486259736058,apertus,span,recall_at_0.1_fpr
4hd86xs1,apertus_no_lora_fp32_only_layer20_seed43_lr1em3,finished,2026-03-16 18:21:39+00:00,apertus,fp32_only,20,43,1e-3,float32,none,0.7915925979614258,train/longfact_test_apertus/span_recall_at_0.1_fpr,0.4330552152910994,apertus,span,recall_at_0.1_fpr
dtswvc78,apertus_no_lora_fp32_only_layer20_seed43_lr1em4,finished,2026-03-16 18:21:39+00:00,apertus,fp32_only,20,43,1e-4,float32,none,0.9363940954208374,train/longfact_test_apertus/span_recall_at_0.1_fpr,0.37428062957912495,apertus,span,recall_at_0.1_fpr
r4canywa,apertus_no_lora_fp32_only_layer20_seed43_lr3em4,finished,2026-03-16 18:21:39+00:00,apertus,fp32_only,20,43,3e-4,float32,none,0.4842445254325866,train/longfact_test_apertus/span_recall_at_0.1_fpr,0.44669147387154184,apertus,span,recall_at_0.1_fpr
5pryw2ji,apertus_no_lora_fp32_only_layer20_seed43_lr3em5,finished,2026-03-16 18:21:39+00:00,apertus,fp32_only,20,43,3e-5,float32,none,2.3771839141845703,train/longfact_test_apertus/span_recall_at_0.1_fpr,0.3431945824762521,apertus,span,recall_at_0.1_fpr
cu47livm,apertus_no_lora_fp32_only_layer20_seed44_lr1em3,finished,2026-03-16 18:21:39+00:00,apertus,fp32_only,20,44,1e-3,float32,none,0.8405814170837402,train/longfact_test_apertus/span_recall_at_0.1_fpr,0.4378394619455936,apertus,span,recall_at_0.1_fpr
7cq66mkt,apertus_no_lora_fp32_only_layer20_seed44_lr1em4,finished,2026-03-16 18:21:39+00:00,apertus,fp32_only,20,44,1e-4,float32,none,0.00021276120969559997,train/longfact_test_apertus/span_recall_at_0.1_fpr,0.3791111008389766,apertus,span,recall_at_0.1_fpr
wrlr6qli,apertus_no_lora_fp32_only_layer20_seed44_lr3em4,finished,2026-03-16 18:21:39+00:00,apertus,fp32_only,20,44,3e-4,float32,none,0.7323926091194153,train/longfact_test_apertus/span_recall_at_0.1_fpr,0.4364989483902281,apertus,span,recall_at_0.1_fpr
nkk8fdiv,apertus_no_lora_fp32_only_layer20_seed44_lr3em5,finished,2026-03-16 18:21:39+00:00,apertus,fp32_only,20,44,3e-5,float32,none,3.7443130016326904,train/longfact_test_apertus/span_recall_at_0.1_fpr,0.34719301083966997,apertus,span,recall_at_0.1_fpr
jeyu4ke4,apertus_no_lora_fp32_only_layer26_seed42_lr1em3,finished,2026-03-16 18:21:39+00:00,apertus,fp32_only,26,42,1e-3,float32,none,0.02182931825518608,train/longfact_test_apertus/span_recall_at_0.1_fpr,0.3715996024683939,apertus,span,recall_at_0.1_fpr
6jnxw4n2,apertus_no_lora_fp32_only_layer26_seed42_lr1em4,finished,2026-03-16 18:21:39+00:00,apertus,fp32_only,26,42,1e-4,float32,none,0.017278315499424934,train/longfact_test_apertus/span_recall_at_0.1_fpr,0.33762451753068157,apertus,span,recall_at_0.1_fpr
vz2hbt4t,apertus_no_lora_fp32_only_layer26_seed42_lr3em4,finished,2026-03-16 18:21:39+00:00,apertus,fp32_only,26,42,3e-4,float32,none,0.006629477255046368,train/longfact_test_apertus/span_recall_at_0.1_fpr,0.35070608084683474,apertus,span,recall_at_0.1_fpr
g2rdqxou,apertus_no_lora_fp32_only_layer26_seed42_lr3em5,finished,2026-03-16 18:21:39+00:00,apertus,fp32_only,26,42,3e-5,float32,none,0.029366448521614075,train/longfact_test_apertus/span_recall_at_0.1_fpr,0.2940809392839809,apertus,span,recall_at_0.1_fpr
g557mw8r,apertus_no_lora_fp32_only_layer26_seed43_lr1em3,finished,2026-03-16 18:21:39+00:00,apertus,fp32_only,26,43,1e-3,float32,none,5.589945316314697,train/longfact_test_apertus/span_recall_at_0.1_fpr,0.37832528254790027,apertus,span,recall_at_0.1_fpr
xtj1l55e,apertus_no_lora_fp32_only_layer26_seed43_lr1em4,finished,2026-03-16 18:21:39+00:00,apertus,fp32_only,26,43,1e-4,float32,none,2.261085033416748,train/longfact_test_apertus/span_recall_at_0.1_fpr,0.3253287725056047,apertus,span,recall_at_0.1_fpr
tn9zon9i,apertus_no_lora_fp32_only_layer26_seed43_lr3em4,finished,2026-03-16 18:21:39+00:00,apertus,fp32_only,26,43,3e-4,float32,none,1.2675254344940186,train/longfact_test_apertus/span_recall_at_0.1_fpr,0.35546721519865027,apertus,span,recall_at_0.1_fpr
gi60xrz3,apertus_no_lora_fp32_only_layer26_seed43_lr3em5,finished,2026-03-16 18:21:39+00:00,apertus,fp32_only,26,43,3e-5,float32,none,5.592858791351318,train/longfact_test_apertus/span_recall_at_0.1_fpr,0.29012873552592044,apertus,span,recall_at_0.1_fpr
p7gub5up,apertus_no_lora_fp32_only_layer26_seed44_lr1em3,finished,2026-03-16 18:21:39+00:00,apertus,fp32_only,26,44,1e-3,float32,none,2.7211620807647705,train/longfact_test_apertus/span_recall_at_0.1_fpr,0.3862528023666998,apertus,span,recall_at_0.1_fpr
gani1xp7,apertus_no_lora_fp32_only_layer26_seed44_lr1em4,finished,2026-03-16 18:21:39+00:00,apertus,fp32_only,26,44,1e-4,float32,none,0.061501313000917435,train/longfact_test_apertus/span_recall_at_0.1_fpr,0.3404904430628424,apertus,span,recall_at_0.1_fpr
ill5vvx2,apertus_no_lora_fp32_only_layer26_seed44_lr3em4,finished,2026-03-16 18:21:39+00:00,apertus,fp32_only,26,44,3e-4,float32,none,0.02174818329513073,train/longfact_test_apertus/span_recall_at_0.1_fpr,0.3632098365960201,apertus,span,recall_at_0.1_fpr
b9ibkxys,apertus_no_lora_fp32_only_layer26_seed44_lr3em5,finished,2026-03-16 18:21:39+00:00,apertus,fp32_only,26,44,3e-5,float32,none,0.0007233090000227094,train/longfact_test_apertus/span_recall_at_0.1_fpr,0.2959992604063143,apertus,span,recall_at_0.1_fpr
362f178l,apertus_no_lora_fp32_only_layer30_seed42_lr1em3,finished,2026-03-16 18:21:39+00:00,apertus,fp32_only,30,42,1e-3,float32,none,81.83356475830078,train/longfact_test_apertus/span_recall_at_0.1_fpr,0.0,apertus,span,recall_at_0.1_fpr
572p44e7,apertus_no_lora_fp32_only_layer30_seed42_lr1em4,finished,2026-03-16 18:21:39+00:00,apertus,fp32_only,30,42,1e-4,float32,none,0.03013068065047264,train/longfact_test_apertus/span_recall_at_0.1_fpr,0.34446575912358146,apertus,span,recall_at_0.1_fpr
9k35iiw5,apertus_no_lora_fp32_only_layer30_seed42_lr3em4,finished,2026-03-16 18:21:39+00:00,apertus,fp32_only,30,42,3e-4,float32,none,0.02508390322327614,train/longfact_test_apertus/span_recall_at_0.1_fpr,0.3477245938012804,apertus,span,recall_at_0.1_fpr
7u26q4rs,apertus_no_lora_fp32_only_layer30_seed42_lr3em5,finished,2026-03-16 18:21:39+00:00,apertus,fp32_only,30,42,3e-5,float32,none,0.5540672540664673,train/longfact_test_apertus/span_recall_at_0.1_fpr,0.28837220052233803,apertus,span,recall_at_0.1_fpr
f817tswh,apertus_no_lora_fp32_only_layer30_seed43_lr1em3,finished,2026-03-16 18:21:39+00:00,apertus,fp32_only,30,43,1e-3,float32,none,9.374524116516112,train/longfact_test_apertus/span_recall_at_0.1_fpr,0.0,apertus,span,recall_at_0.1_fpr
lqmdrcpg,apertus_no_lora_fp32_only_layer30_seed43_lr1em4,finished,2026-03-16 18:21:39+00:00,apertus,fp32_only,30,43,1e-4,float32,none,5.7266106605529785,train/longfact_test_apertus/span_recall_at_0.1_fpr,0.3348741535119144,apertus,span,recall_at_0.1_fpr
f3nq1ppq,apertus_no_lora_fp32_only_layer30_seed43_lr3em4,finished,2026-03-16 18:21:39+00:00,apertus,fp32_only,30,43,3e-4,float32,none,5.207202911376953,train/longfact_test_apertus/span_recall_at_0.1_fpr,0.3492037811727182,apertus,span,recall_at_0.1_fpr
z9shqkbl,apertus_no_lora_fp32_only_layer30_seed43_lr3em5,finished,2026-03-16 18:21:39+00:00,apertus,fp32_only,30,43,3e-5,float32,none,6.685286521911621,train/longfact_test_apertus/span_recall_at_0.1_fpr,0.2780178889222733,apertus,span,recall_at_0.1_fpr
bz9gcqwk,apertus_no_lora_fp32_only_layer30_seed44_lr1em3,finished,2026-03-16 18:21:39+00:00,apertus,fp32_only,30,44,1e-3,float32,none,0.0,train/longfact_test_apertus/span_recall_at_0.1_fpr,0.0,apertus,span,recall_at_0.1_fpr
nhg2yz2u,apertus_no_lora_fp32_only_layer30_seed44_lr1em4,finished,2026-03-16 18:21:39+00:00,apertus,fp32_only,30,44,1e-4,float32,none,0.01171684730798006,train/longfact_test_apertus/span_recall_at_0.1_fpr,0.3386876834539025,apertus,span,recall_at_0.1_fpr
4yytvlvi,apertus_no_lora_fp32_only_layer30_seed44_lr3em4,finished,2026-03-16 18:21:39+00:00,apertus,fp32_only,30,44,3e-4,float32,none,0.0005547898472286761,train/longfact_test_apertus/span_recall_at_0.1_fpr,0.3573161994129475,apertus,span,recall_at_0.1_fpr
8kx20a5i,apertus_no_lora_fp32_only_layer30_seed44_lr3em5,finished,2026-03-16 18:21:39+00:00,apertus,fp32_only,30,44,3e-5,float32,none,33.319332122802734,train/longfact_test_apertus/span_recall_at_0.1_fpr,0.2847897936071371,apertus,span,recall_at_0.1_fpr
kgoq3e5r,llama_no_lora_long_form_layer10_seed42,finished,2026-03-02 14:45:36+00:00,llama,llama_layers,10,42,,bfloat16,none,0.4103353917598725,train/longfact_test_apertus/span_recall_at_0.1_fpr,0.5280791574926387,apertus,span,recall_at_0.1_fpr
9oem35be,llama_no_lora_long_form_layer10_seed43,finished,2026-03-02 14:46:11+00:00,llama,llama_layers,10,43,,bfloat16,none,0.582381546497345,train/longfact_test_apertus/span_recall_at_0.1_fpr,0.5283974852110247,apertus,span,recall_at_0.1_fpr
rri8v027,llama_no_lora_long_form_layer10_seed44,finished,2026-03-02 14:46:11+00:00,llama,llama_layers,10,44,,bfloat16,none,0.3619125485420227,train/longfact_test_apertus/span_recall_at_0.1_fpr,0.5309175796482478,apertus,span,recall_at_0.1_fpr
qni919ee,llama_no_lora_long_form_layer20_seed42,finished,2026-03-02 14:50:44+00:00,llama,llama_layers,20,42,,bfloat16,none,0.4025150239467621,train/longfact_test_apertus/span_recall_at_0.1_fpr,0.5289015040984694,apertus,span,recall_at_0.1_fpr
4aryhr4u,llama_no_lora_long_form_layer20_seed43,finished,2026-03-02 14:50:44+00:00,llama,llama_layers,20,43,,bfloat16,none,0.6214630007743835,train/longfact_test_apertus/span_recall_at_0.1_fpr,0.5309971615778444,apertus,span,recall_at_0.1_fpr
v8qejznt,llama_no_lora_long_form_layer20_seed44,finished,2026-03-02 14:50:44+00:00,llama,llama_layers,20,44,,bfloat16,none,0.4049457013607025,train/longfact_test_apertus/span_recall_at_0.1_fpr,0.531235907366634,apertus,span,recall_at_0.1_fpr
82vjeyys,llama_no_lora_long_form_layer26_seed42,finished,2026-03-02 14:50:44+00:00,llama,llama_layers,26,42,,bfloat16,none,0.38688111305236816,train/longfact_test_apertus/span_recall_at_0.1_fpr,0.5220839854630341,apertus,span,recall_at_0.1_fpr
gzg4irhz,llama_no_lora_long_form_layer26_seed43,finished,2026-03-02 14:51:46+00:00,llama,llama_layers,26,43,,bfloat16,none,0.6332159042358398,train/longfact_test_apertus/span_recall_at_0.1_fpr,0.5227736955195373,apertus,span,recall_at_0.1_fpr
7u7entue,llama_no_lora_long_form_layer26_seed44,finished,2026-03-02 14:51:46+00:00,llama,llama_layers,26,44,,bfloat16,none,0.4069174230098725,train/longfact_test_apertus/span_recall_at_0.1_fpr,0.5254264265060881,apertus,span,recall_at_0.1_fpr
ct7o6ek7,llama_no_lora_long_form_layer30_seed42,finished,2026-03-02 14:51:46+00:00,llama,llama_layers,30,42,,bfloat16,none,0.4142408668994904,train/longfact_test_apertus/span_recall_at_0.1_fpr,0.5435711064540945,apertus,span,recall_at_0.1_fpr
av9rm02w,llama_no_lora_long_form_layer30_seed43,finished,2026-03-02 14:51:46+00:00,llama,llama_layers,30,43,,bfloat16,none,0.7231071591377258,train/longfact_test_apertus/span_recall_at_0.1_fpr,0.5405469931294268,apertus,span,recall_at_0.1_fpr
ojujrfsw,llama_no_lora_long_form_layer30_seed44,finished,2026-03-02 14:51:46+00:00,llama,llama_layers,30,44,,bfloat16,none,0.4089251160621643,train/longfact_test_apertus/span_recall_at_0.1_fpr,0.5448178900177733,apertus,span,recall_at_0.1_fpr
47rfeqmx,apertus_no_lora_ln_bf16_layer10_seed42_lr1em3,finished,2026-03-16 01:21:44+00:00,apertus,ln_bf16,10,42,1e-3,bfloat16,layernorm,0.14300638437271118,train/longfact_test_apertus/span_recall_at_0.1_fpr,0.5374534864908591,apertus,span,recall_at_0.1_fpr
ltvbxnyc,apertus_no_lora_ln_bf16_layer10_seed42_lr1em4,finished,2026-03-16 01:21:44+00:00,apertus,ln_bf16,10,42,1e-4,bfloat16,layernorm,0.3950393497943878,train/longfact_test_apertus/span_recall_at_0.1_fpr,0.4565142025099961,apertus,span,recall_at_0.1_fpr
aupa5a3l,apertus_no_lora_ln_bf16_layer10_seed42_lr3em4,finished,2026-03-16 01:21:44+00:00,apertus,ln_bf16,10,42,3e-4,bfloat16,layernorm,0.18207243084907532,train/longfact_test_apertus/span_recall_at_0.1_fpr,0.5151270021032195,apertus,span,recall_at_0.1_fpr
48kc2gt3,apertus_no_lora_ln_bf16_layer10_seed42_lr3em5,finished,2026-03-16 01:21:44+00:00,apertus,ln_bf16,10,42,3e-5,bfloat16,layernorm,0.942188560962677,train/longfact_test_apertus/span_recall_at_0.1_fpr,0.293826703954515,apertus,span,recall_at_0.1_fpr
l92ugb0x,apertus_no_lora_ln_bf16_layer10_seed43_lr1em3,finished,2026-03-16 01:21:44+00:00,apertus,ln_bf16,10,43,1e-3,bfloat16,layernorm,0.2892049551010132,train/longfact_test_apertus/span_recall_at_0.1_fpr,0.5408509949846303,apertus,span,recall_at_0.1_fpr
ks445ju3,apertus_no_lora_ln_bf16_layer10_seed43_lr1em4,finished,2026-03-16 01:21:44+00:00,apertus,ln_bf16,10,43,1e-4,bfloat16,layernorm,0.26968491077423096,train/longfact_test_apertus/span_recall_at_0.1_fpr,0.45288557098943766,apertus,span,recall_at_0.1_fpr
v1whaixy,apertus_no_lora_ln_bf16_layer10_seed43_lr3em4,finished,2026-03-16 01:21:44+00:00,apertus,ln_bf16,10,43,3e-4,bfloat16,layernorm,0.26967474818229675,train/longfact_test_apertus/span_recall_at_0.1_fpr,0.5116370443987335,apertus,span,recall_at_0.1_fpr
yrz15txm,apertus_no_lora_ln_bf16_layer10_seed43_lr3em5,finished,2026-03-16 01:21:44+00:00,apertus,ln_bf16,10,43,3e-5,bfloat16,layernorm,0.35177040100097656,train/longfact_test_apertus/span_recall_at_0.1_fpr,0.29768645850186054,apertus,span,recall_at_0.1_fpr
yjo8ext8,apertus_no_lora_ln_bf16_layer10_seed44_lr1em3,finished,2026-03-16 01:21:45+00:00,apertus,ln_bf16,10,44,1e-3,bfloat16,layernorm,0.20609278976917267,train/longfact_test_apertus/span_recall_at_0.1_fpr,0.5405967596551644,apertus,span,recall_at_0.1_fpr
wjc71sg6,apertus_no_lora_ln_bf16_layer10_seed44_lr1em4,finished,2026-03-16 01:21:45+00:00,apertus,ln_bf16,10,44,1e-4,bfloat16,layernorm,0.3125472366809845,train/longfact_test_apertus/span_recall_at_0.1_fpr,0.4566991009314258,apertus,span,recall_at_0.1_fpr
dd2pwu6g,apertus_no_lora_ln_bf16_layer10_seed44_lr3em4,finished,2026-03-16 01:21:45+00:00,apertus,ln_bf16,10,44,3e-4,bfloat16,layernorm,0.289102166891098,train/longfact_test_apertus/span_recall_at_0.1_fpr,0.5142256222987496,apertus,span,recall_at_0.1_fpr
gk2y0cx9,apertus_no_lora_ln_bf16_layer10_seed44_lr3em5,finished,2026-03-16 01:21:45+00:00,apertus,ln_bf16,10,44,3e-5,bfloat16,layernorm,0.31844255328178406,train/longfact_test_apertus/span_recall_at_0.1_fpr,0.29819492916079227,apertus,span,recall_at_0.1_fpr
p3f6sakq,apertus_no_lora_ln_bf16_layer20_seed42_lr1em3,finished,2026-03-16 01:21:44+00:00,apertus,ln_bf16,20,42,1e-3,bfloat16,layernorm,0.11758887767791748,train/longfact_test_apertus/span_recall_at_0.1_fpr,0.5489171886195021,apertus,span,recall_at_0.1_fpr
2mbvnb3s,apertus_no_lora_ln_bf16_layer20_seed42_lr1em4,finished,2026-03-16 01:21:44+00:00,apertus,ln_bf16,20,42,1e-4,bfloat16,layernorm,0.5318654179573059,train/longfact_test_apertus/span_recall_at_0.1_fpr,0.4589178819885825,apertus,span,recall_at_0.1_fpr
pw74vso0,apertus_no_lora_ln_bf16_layer20_seed42_lr3em4,finished,2026-03-16 01:21:44+00:00,apertus,ln_bf16,20,42,3e-4,bfloat16,layernorm,0.2455830276012421,train/longfact_test_apertus/span_recall_at_0.1_fpr,0.5263826935077541,apertus,span,recall_at_0.1_fpr
lcc4r0ui,apertus_no_lora_ln_bf16_layer20_seed42_lr3em5,finished,2026-03-16 01:21:44+00:00,apertus,ln_bf16,20,42,3e-5,bfloat16,layernorm,0.8914243578910828,train/longfact_test_apertus/span_recall_at_0.1_fpr,0.2441121408925971,apertus,span,recall_at_0.1_fpr
ea20dmvq,apertus_no_lora_ln_bf16_layer20_seed43_lr1em3,finished,2026-03-16 01:21:44+00:00,apertus,ln_bf16,20,43,1e-3,bfloat16,layernorm,0.2716436982154846,train/longfact_test_apertus/span_recall_at_0.1_fpr,0.5535858737606028,apertus,span,recall_at_0.1_fpr
dq6d9cxj,apertus_no_lora_ln_bf16_layer20_seed43_lr1em4,finished,2026-03-16 01:21:44+00:00,apertus,ln_bf16,20,43,1e-4,bfloat16,layernorm,0.28726422786712646,train/longfact_test_apertus/span_recall_at_0.1_fpr,0.4543647583608755,apertus,span,recall_at_0.1_fpr
5rukn8sb,apertus_no_lora_ln_bf16_layer20_seed43_lr3em4,finished,2026-03-16 01:21:44+00:00,apertus,ln_bf16,20,43,3e-4,bfloat16,layernorm,0.279452383518219,train/longfact_test_apertus/span_recall_at_0.1_fpr,0.5249497307416738,apertus,span,recall_at_0.1_fpr
sg4y1aru,apertus_no_lora_ln_bf16_layer20_seed43_lr3em5,finished,2026-03-16 01:21:44+00:00,apertus,ln_bf16,20,43,3e-5,bfloat16,layernorm,0.383007675409317,train/longfact_test_apertus/span_recall_at_0.1_fpr,0.24078396930686205,apertus,span,recall_at_0.1_fpr
wjx8fs4d,apertus_no_lora_ln_bf16_layer20_seed44_lr1em3,finished,2026-03-16 01:21:44+00:00,apertus,ln_bf16,20,44,1e-3,bfloat16,layernorm,0.343784362077713,train/longfact_test_apertus/span_recall_at_0.1_fpr,0.5600804308133219,apertus,span,recall_at_0.1_fpr
ug8c0ane,apertus_no_lora_ln_bf16_layer20_seed44_lr1em4,finished,2026-03-16 01:21:44+00:00,apertus,ln_bf16,20,44,1e-4,bfloat16,layernorm,0.39652878046035767,train/longfact_test_apertus/span_recall_at_0.1_fpr,0.4566991009314258,apertus,span,recall_at_0.1_fpr
xy83pt3c,apertus_no_lora_ln_bf16_layer20_seed44_lr3em4,finished,2026-03-16 01:21:44+00:00,apertus,ln_bf16,20,44,3e-4,bfloat16,layernorm,0.4512102007865906,train/longfact_test_apertus/span_recall_at_0.1_fpr,0.523955901726489,apertus,span,recall_at_0.1_fpr
mgy8s31x,apertus_no_lora_ln_bf16_layer20_seed44_lr3em5,finished,2026-03-16 01:21:44+00:00,apertus,ln_bf16,20,44,3e-5,bfloat16,layernorm,0.44538286328315735,train/longfact_test_apertus/span_recall_at_0.1_fpr,0.24401969168188223,apertus,span,recall_at_0.1_fpr
qbe29z5d,apertus_no_lora_ln_bf16_layer26_seed42_lr1em3,finished,2026-03-16 01:21:44+00:00,apertus,ln_bf16,26,42,1e-3,bfloat16,layernorm,0.1929110735654831,train/longfact_test_apertus/span_recall_at_0.1_fpr,0.5126770980192756,apertus,span,recall_at_0.1_fpr
nyzlam71,apertus_no_lora_ln_bf16_layer26_seed42_lr1em4,finished,2026-03-16 01:21:44+00:00,apertus,ln_bf16,26,42,1e-4,bfloat16,layernorm,0.5006973147392273,train/longfact_test_apertus/span_recall_at_0.1_fpr,0.40088288996232696,apertus,span,recall_at_0.1_fpr
p9he43x3,apertus_no_lora_ln_bf16_layer26_seed42_lr3em4,finished,2026-03-16 01:21:44+00:00,apertus,ln_bf16,26,42,3e-4,bfloat16,layernorm,0.27400892972946167,train/longfact_test_apertus/span_recall_at_0.1_fpr,0.48482677329142304,apertus,span,recall_at_0.1_fpr
jap1923r,apertus_no_lora_ln_bf16_layer26_seed42_lr3em5,finished,2026-03-16 01:21:44+00:00,apertus,ln_bf16,26,42,3e-5,bfloat16,layernorm,0.9109970927238464,train/longfact_test_apertus/span_recall_at_0.1_fpr,0.2173249820879654,apertus,span,recall_at_0.1_fpr
kffm0190,apertus_no_lora_ln_bf16_layer26_seed43_lr1em3,finished,2026-03-16 01:21:44+00:00,apertus,ln_bf16,26,43,1e-3,bfloat16,layernorm,0.27165380120277405,train/longfact_test_apertus/span_recall_at_0.1_fpr,0.5151038898005408,apertus,span,recall_at_0.1_fpr
6nfiscpk,apertus_no_lora_ln_bf16_layer26_seed43_lr1em4,finished,2026-03-16 01:21:44+00:00,apertus,ln_bf16,26,43,1e-4,bfloat16,layernorm,0.29313549399375916,train/longfact_test_apertus/span_recall_at_0.1_fpr,0.4031710079275198,apertus,span,recall_at_0.1_fpr
livazl8t,apertus_no_lora_ln_bf16_layer26_seed43_lr3em4,finished,2026-03-16 01:21:44+00:00,apertus,ln_bf16,26,43,3e-4,bfloat16,layernorm,0.26969656348228455,train/longfact_test_apertus/span_recall_at_0.1_fpr,0.4820070723646197,apertus,span,recall_at_0.1_fpr
cs5p5dya,apertus_no_lora_ln_bf16_layer26_seed43_lr3em5,finished,2026-03-16 01:21:44+00:00,apertus,ln_bf16,26,43,3e-5,bfloat16,layernorm,0.3752008378505707,train/longfact_test_apertus/span_recall_at_0.1_fpr,0.2198211107772667,apertus,span,recall_at_0.1_fpr
m9z367ud,apertus_no_lora_ln_bf16_layer26_seed44_lr1em3,finished,2026-03-16 01:21:44+00:00,apertus,ln_bf16,26,44,1e-3,bfloat16,layernorm,0.44535091519355774,train/longfact_test_apertus/span_recall_at_0.1_fpr,0.5204659440220029,apertus,span,recall_at_0.1_fpr
ycmihac6,apertus_no_lora_ln_bf16_layer26_seed44_lr1em4,finished,2026-03-16 01:21:44+00:00,apertus,ln_bf16,26,44,1e-4,bfloat16,layernorm,0.3027840852737427,train/longfact_test_apertus/span_recall_at_0.1_fpr,0.40871796057041165,apertus,span,recall_at_0.1_fpr
b7cu6by4,apertus_no_lora_ln_bf16_layer26_seed44_lr3em4,finished,2026-03-16 01:21:44+00:00,apertus,ln_bf16,26,44,3e-4,bfloat16,layernorm,0.33402493596076965,train/longfact_test_apertus/span_recall_at_0.1_fpr,0.48360182124945106,apertus,span,recall_at_0.1_fpr
82b66i5k,apertus_no_lora_ln_bf16_layer26_seed44_lr3em5,finished,2026-03-16 01:21:44+00:00,apertus,ln_bf16,26,44,3e-5,bfloat16,layernorm,0.3965613543987274,train/longfact_test_apertus/span_recall_at_0.1_fpr,0.22687036309427508,apertus,span,recall_at_0.1_fpr
7hvw78qp,apertus_no_lora_ln_bf16_layer30_seed42_lr1em3,finished,2026-03-16 01:21:44+00:00,apertus,ln_bf16,30,42,1e-3,bfloat16,layernorm,0.18903133273124695,train/longfact_test_apertus/span_recall_at_0.1_fpr,0.528670811472947,apertus,span,recall_at_0.1_fpr
hq7zzpsr,apertus_no_lora_ln_bf16_layer30_seed42_lr1em4,finished,2026-03-16 01:21:44+00:00,apertus,ln_bf16,30,42,1e-4,bfloat16,layernorm,0.6139996647834778,train/longfact_test_apertus/span_recall_at_0.1_fpr,0.42082880717405874,apertus,span,recall_at_0.1_fpr
wehbf6bi,apertus_no_lora_ln_bf16_layer30_seed42_lr3em4,finished,2026-03-16 01:21:44+00:00,apertus,ln_bf16,30,42,3e-4,bfloat16,layernorm,0.2974618077278137,train/longfact_test_apertus/span_recall_at_0.1_fpr,0.500450689902235,apertus,span,recall_at_0.1_fpr
inx8ca5d,apertus_no_lora_ln_bf16_layer30_seed42_lr3em5,finished,2026-03-16 01:21:44+00:00,apertus,ln_bf16,30,42,3e-5,bfloat16,layernorm,0.8954324722290039,train/longfact_test_apertus/span_recall_at_0.1_fpr,0.2380336052880949,apertus,span,recall_at_0.1_fpr
og90cgj0,apertus_no_lora_ln_bf16_layer30_seed43_lr1em3,finished,2026-03-16 01:21:44+00:00,apertus,ln_bf16,30,43,1e-3,bfloat16,layernorm,0.2775192856788635,train/longfact_test_apertus/span_recall_at_0.1_fpr,0.5298726512122403,apertus,span,recall_at_0.1_fpr
5cwasjvc,apertus_no_lora_ln_bf16_layer30_seed43_lr1em4,finished,2026-03-16 01:21:44+00:00,apertus,ln_bf16,30,43,1e-4,bfloat16,layernorm,0.2989921569824219,train/longfact_test_apertus/span_recall_at_0.1_fpr,0.4172464002588578,apertus,span,recall_at_0.1_fpr
7jkvxq48,apertus_no_lora_ln_bf16_layer30_seed43_lr3em4,finished,2026-03-16 01:21:44+00:00,apertus,ln_bf16,30,43,3e-4,bfloat16,layernorm,0.28141525387763977,train/longfact_test_apertus/span_recall_at_0.1_fpr,0.49753853976471674,apertus,span,recall_at_0.1_fpr
74i6ukb7,apertus_no_lora_ln_bf16_layer30_seed43_lr3em5,finished,2026-03-16 01:21:44+00:00,apertus,ln_bf16,30,43,3e-5,bfloat16,layernorm,0.367383748292923,train/longfact_test_apertus/span_recall_at_0.1_fpr,0.2400212633184644,apertus,span,recall_at_0.1_fpr
4m7o0thq,apertus_no_lora_ln_bf16_layer30_seed44_lr1em3,finished,2026-03-16 01:21:44+00:00,apertus,ln_bf16,30,44,1e-3,bfloat16,layernorm,0.3379320204257965,train/longfact_test_apertus/span_recall_at_0.1_fpr,0.528994383710449,apertus,span,recall_at_0.1_fpr
3huyrepp,apertus_no_lora_ln_bf16_layer30_seed44_lr1em4,finished,2026-03-16 01:21:44+00:00,apertus,ln_bf16,30,44,1e-4,bfloat16,layernorm,0.4082537889480591,train/longfact_test_apertus/span_recall_at_0.1_fpr,0.42519703238033607,apertus,span,recall_at_0.1_fpr
khqaa0hj,apertus_no_lora_ln_bf16_layer30_seed44_lr3em4,finished,2026-03-16 01:21:44+00:00,apertus,ln_bf16,30,44,3e-4,bfloat16,layernorm,0.3730915486812592,train/longfact_test_apertus/span_recall_at_0.1_fpr,0.4996186470058011,apertus,span,recall_at_0.1_fpr
v97a1dax,apertus_no_lora_ln_bf16_layer30_seed44_lr3em5,finished,2026-03-16 01:21:44+00:00,apertus,ln_bf16,30,44,3e-5,bfloat16,layernorm,0.44148337841033936,train/longfact_test_apertus/span_recall_at_0.1_fpr,0.2375944715371993,apertus,span,recall_at_0.1_fpr
a1vhu02a,apertus_no_lora_ln_fp32_layer10_seed42_lr1em3,finished,2026-03-16 18:21:39+00:00,apertus,ln_fp32,10,42,1e-3,float32,layernorm,0.12267088890075684,train/longfact_test_apertus/span_recall_at_0.1_fpr,0.5420990593292809,apertus,span,recall_at_0.1_fpr
s5e7uzrk,apertus_no_lora_ln_fp32_layer10_seed42_lr1em4,finished,2026-03-16 18:21:39+00:00,apertus,ln_fp32,10,42,1e-4,float32,layernorm,0.2215098738670349,train/longfact_test_apertus/span_recall_at_0.1_fpr,0.49504241107541547,apertus,span,recall_at_0.1_fpr
a039mxlm,apertus_no_lora_ln_fp32_layer10_seed42_lr3em4,finished,2026-03-16 18:21:39+00:00,apertus,ln_fp32,10,42,3e-4,float32,layernorm,0.15673403441905975,train/longfact_test_apertus/span_recall_at_0.1_fpr,0.5232625326461275,apertus,span,recall_at_0.1_fpr
ur0fzre6,apertus_no_lora_ln_fp32_layer10_seed42_lr3em5,finished,2026-03-16 18:21:39+00:00,apertus,ln_fp32,10,42,3e-5,float32,layernorm,0.4890720844268799,train/longfact_test_apertus/span_recall_at_0.1_fpr,0.43132179259019576,apertus,span,recall_at_0.1_fpr
kyx3dh6x,apertus_no_lora_ln_fp32_layer10_seed43_lr1em3,finished,2026-03-16 18:21:39+00:00,apertus,ln_fp32,10,43,1e-3,float32,layernorm,0.2920945882797241,train/longfact_test_apertus/span_recall_at_0.1_fpr,0.5475997873668154,apertus,span,recall_at_0.1_fpr
anpnl7j5,apertus_no_lora_ln_fp32_layer10_seed43_lr1em4,finished,2026-03-16 18:21:39+00:00,apertus,ln_fp32,10,43,1e-4,float32,layernorm,0.26364782452583313,train/longfact_test_apertus/span_recall_at_0.1_fpr,0.49404858206023067,apertus,span,recall_at_0.1_fpr
mu08a37q,apertus_no_lora_ln_fp32_layer10_seed43_lr3em4,finished,2026-03-16 18:21:39+00:00,apertus,ln_fp32,10,43,3e-4,float32,layernorm,0.2802787125110626,train/longfact_test_apertus/span_recall_at_0.1_fpr,0.5239096771211316,apertus,span,recall_at_0.1_fpr
0q5lbh0o,apertus_no_lora_ln_fp32_layer10_seed43_lr3em5,finished,2026-03-16 18:21:39+00:00,apertus,ln_fp32,10,43,3e-5,float32,layernorm,0.27201464772224426,train/longfact_test_apertus/span_recall_at_0.1_fpr,0.4311368941687661,apertus,span,recall_at_0.1_fpr
b2incihb,apertus_no_lora_ln_fp32_layer10_seed44_lr1em3,finished,2026-03-16 18:21:39+00:00,apertus,ln_fp32,10,44,1e-3,float32,layernorm,0.19783645868301392,train/longfact_test_apertus/span_recall_at_0.1_fpr,0.5454503432176948,apertus,span,recall_at_0.1_fpr
9s2c6c1h,apertus_no_lora_ln_fp32_layer10_seed44_lr1em4,finished,2026-03-16 18:21:39+00:00,apertus,ln_fp32,10,44,1e-4,float32,layernorm,0.32758116722106934,train/longfact_test_apertus/span_recall_at_0.1_fpr,0.4960593523932789,apertus,span,recall_at_0.1_fpr
u1cqzubx,apertus_no_lora_ln_fp32_layer10_seed44_lr3em4,finished,2026-03-16 18:21:39+00:00,apertus,ln_fp32,10,44,3e-4,float32,layernorm,0.2790237069129944,train/longfact_test_apertus/span_recall_at_0.1_fpr,0.5269142764693646,apertus,span,recall_at_0.1_fpr
jd8rl3y0,apertus_no_lora_ln_fp32_layer10_seed44_lr3em5,finished,2026-03-16 18:21:39+00:00,apertus,ln_fp32,10,44,3e-5,float32,layernorm,0.29283058643341064,train/longfact_test_apertus/span_recall_at_0.1_fpr,0.432038273973236,apertus,span,recall_at_0.1_fpr
tvxgxlk0,apertus_no_lora_ln_fp32_layer20_seed42_lr1em3,finished,2026-03-16 18:21:39+00:00,apertus,ln_fp32,20,42,1e-3,float32,layernorm,0.11203589290380478,train/longfact_test_apertus/span_recall_at_0.1_fpr,0.554302355143643,apertus,span,recall_at_0.1_fpr
szjyc7rq,apertus_no_lora_ln_fp32_layer20_seed42_lr1em4,finished,2026-03-16 18:21:39+00:00,apertus,ln_fp32,20,42,1e-4,float32,layernorm,0.3388446271419525,train/longfact_test_apertus/span_recall_at_0.1_fpr,0.5050500381352995,apertus,span,recall_at_0.1_fpr
j1ydn4mi,apertus_no_lora_ln_fp32_layer20_seed42_lr3em4,finished,2026-03-16 18:21:39+00:00,apertus,ln_fp32,20,42,3e-4,float32,layernorm,0.18392929434776303,train/longfact_test_apertus/span_recall_at_0.1_fpr,0.536482769778353,apertus,span,recall_at_0.1_fpr
mru621ko,apertus_no_lora_ln_fp32_layer20_seed42_lr3em5,finished,2026-03-16 18:21:39+00:00,apertus,ln_fp32,20,42,3e-5,float32,layernorm,0.6155123114585876,train/longfact_test_apertus/span_recall_at_0.1_fpr,0.4235098342847898,apertus,span,recall_at_0.1_fpr
cuinxn0m,apertus_no_lora_ln_fp32_layer20_seed43_lr1em3,finished,2026-03-16 18:21:39+00:00,apertus,ln_fp32,20,43,1e-3,float32,layernorm,0.2761920690536499,train/longfact_test_apertus/span_recall_at_0.1_fpr,0.5610742598285067,apertus,span,recall_at_0.1_fpr
gfuz02ro,apertus_no_lora_ln_fp32_layer20_seed43_lr1em4,finished,2026-03-16 18:21:39+00:00,apertus,ln_fp32,20,43,1e-4,float32,layernorm,0.28859972953796387,train/longfact_test_apertus/span_recall_at_0.1_fpr,0.5045415674763677,apertus,span,recall_at_0.1_fpr
bydlptvs,apertus_no_lora_ln_fp32_layer20_seed43_lr3em4,finished,2026-03-16 18:21:39+00:00,apertus,ln_fp32,20,43,3e-4,float32,layernorm,0.27679380774497986,train/longfact_test_apertus/span_recall_at_0.1_fpr,0.5388171123489033,apertus,span,recall_at_0.1_fpr
5a8w5arg,apertus_no_lora_ln_fp32_layer20_seed43_lr3em5,finished,2026-03-16 18:21:39+00:00,apertus,ln_fp32,20,43,3e-5,float32,layernorm,0.30041441321372986,train/longfact_test_apertus/span_recall_at_0.1_fpr,0.42126794092495434,apertus,span,recall_at_0.1_fpr
3wystufk,apertus_no_lora_ln_fp32_layer20_seed44_lr1em3,finished,2026-03-16 18:21:39+00:00,apertus,ln_fp32,20,44,1e-3,float32,layernorm,0.37859293818473816,train/longfact_test_apertus/span_recall_at_0.1_fpr,0.5635241639124506,apertus,span,recall_at_0.1_fpr
ipm80jlq,apertus_no_lora_ln_fp32_layer20_seed44_lr1em4,finished,2026-03-16 18:21:39+00:00,apertus,ln_fp32,20,44,1e-4,float32,layernorm,0.39040952920913696,train/longfact_test_apertus/span_recall_at_0.1_fpr,0.5047495782004762,apertus,span,recall_at_0.1_fpr
28tm3neg,apertus_no_lora_ln_fp32_layer20_seed44_lr3em4,finished,2026-03-16 18:21:39+00:00,apertus,ln_fp32,20,44,3e-4,float32,layernorm,0.4330550134181976,train/longfact_test_apertus/span_recall_at_0.1_fpr,0.5401576259042689,apertus,span,recall_at_0.1_fpr
zoq512xp,apertus_no_lora_ln_fp32_layer20_seed44_lr3em5,finished,2026-03-16 18:21:39+00:00,apertus,ln_fp32,20,44,3e-5,float32,layernorm,0.37936899065971375,train/longfact_test_apertus/span_recall_at_0.1_fpr,0.4222155453347818,apertus,span,recall_at_0.1_fpr
8hrkgqv3,apertus_no_lora_ln_fp32_layer26_seed42_lr1em3,finished,2026-03-16 18:21:39+00:00,apertus,ln_fp32,26,42,1e-3,float32,layernorm,0.17951826751232147,train/longfact_test_apertus/span_recall_at_0.1_fpr,0.5209744146809346,apertus,span,recall_at_0.1_fpr
rlqcb2g4,apertus_no_lora_ln_fp32_layer26_seed42_lr1em4,finished,2026-03-16 18:21:39+00:00,apertus,ln_fp32,26,42,1e-4,float32,layernorm,0.3578282594680786,train/longfact_test_apertus/span_recall_at_0.1_fpr,0.46039706936002034,apertus,span,recall_at_0.1_fpr
r2wu0aof,apertus_no_lora_ln_fp32_layer26_seed42_lr3em4,finished,2026-03-16 18:21:39+00:00,apertus,ln_fp32,26,42,3e-4,float32,layernorm,0.24504521489143372,train/longfact_test_apertus/span_recall_at_0.1_fpr,0.5022072249058174,apertus,span,recall_at_0.1_fpr
okj43cej,apertus_no_lora_ln_fp32_layer26_seed42_lr3em5,finished,2026-03-16 18:21:39+00:00,apertus,ln_fp32,26,42,3e-5,float32,layernorm,0.6153150200843811,train/longfact_test_apertus/span_recall_at_0.1_fpr,0.3660526498255021,apertus,span,recall_at_0.1_fpr
44fifewm,apertus_no_lora_ln_fp32_layer26_seed43_lr1em3,finished,2026-03-16 18:21:39+00:00,apertus,ln_fp32,26,43,1e-3,float32,layernorm,0.26287174224853516,train/longfact_test_apertus/span_recall_at_0.1_fpr,0.5234243187648785,apertus,span,recall_at_0.1_fpr
cfgw5o62,apertus_no_lora_ln_fp32_layer26_seed43_lr1em4,finished,2026-03-16 18:21:39+00:00,apertus,ln_fp32,26,43,1e-4,float32,layernorm,0.27609291672706604,train/longfact_test_apertus/span_recall_at_0.1_fpr,0.459773037187695,apertus,span,recall_at_0.1_fpr
5yjm6w2c,apertus_no_lora_ln_fp32_layer26_seed43_lr3em4,finished,2026-03-16 18:21:39+00:00,apertus,ln_fp32,26,43,3e-4,float32,layernorm,0.268221378326416,train/longfact_test_apertus/span_recall_at_0.1_fpr,0.49947997318972887,apertus,span,recall_at_0.1_fpr
bj0fbt17,apertus_no_lora_ln_fp32_layer26_seed43_lr3em5,finished,2026-03-16 18:21:39+00:00,apertus,ln_fp32,26,43,3e-5,float32,layernorm,0.28795114159584045,train/longfact_test_apertus/span_recall_at_0.1_fpr,0.367370051078189,apertus,span,recall_at_0.1_fpr
thtwlsce,apertus_no_lora_ln_fp32_layer26_seed44_lr1em3,finished,2026-03-16 18:21:39+00:00,apertus,ln_fp32,26,44,1e-3,float32,layernorm,0.4517517387866974,train/longfact_test_apertus/span_recall_at_0.1_fpr,0.5285090253541961,apertus,span,recall_at_0.1_fpr
a2rdvxyc,apertus_no_lora_ln_fp32_layer26_seed44_lr1em4,finished,2026-03-16 18:21:39+00:00,apertus,ln_fp32,26,44,1e-4,float32,layernorm,0.28372296690940857,train/longfact_test_apertus/span_recall_at_0.1_fpr,0.46085931541359465,apertus,span,recall_at_0.1_fpr
veq9b7kw,apertus_no_lora_ln_fp32_layer26_seed44_lr3em4,finished,2026-03-16 18:21:39+00:00,apertus,ln_fp32,26,44,3e-4,float32,layernorm,0.37059929966926575,train/longfact_test_apertus/span_recall_at_0.1_fpr,0.49996533154598194,apertus,span,recall_at_0.1_fpr
5aqux06m,apertus_no_lora_ln_fp32_layer26_seed44_lr3em5,finished,2026-03-16 18:21:39+00:00,apertus,ln_fp32,26,44,3e-5,float32,layernorm,0.3035992383956909,train/longfact_test_apertus/span_recall_at_0.1_fpr,0.36988929207016896,apertus,span,recall_at_0.1_fpr
qg1y3gso,apertus_no_lora_ln_fp32_layer30_seed42_lr1em3,finished,2026-03-16 18:21:39+00:00,apertus,ln_fp32,30,42,1e-3,float32,layernorm,0.1903767287731171,train/longfact_test_apertus/span_recall_at_0.1_fpr,0.5306122448979592,apertus,span,recall_at_0.1_fpr
r9e2fhqm,apertus_no_lora_ln_fp32_layer30_seed42_lr1em4,finished,2026-03-16 18:21:39+00:00,apertus,ln_fp32,30,42,1e-4,float32,layernorm,0.38982802629470825,train/longfact_test_apertus/span_recall_at_0.1_fpr,0.4738715418217117,apertus,span,recall_at_0.1_fpr
e24v1w1s,apertus_no_lora_ln_fp32_layer30_seed42_lr3em4,finished,2026-03-16 18:21:39+00:00,apertus,ln_fp32,30,42,3e-4,float32,layernorm,0.2570212781429291,train/longfact_test_apertus/span_recall_at_0.1_fpr,0.5093720387362193,apertus,span,recall_at_0.1_fpr
jtcznw8g,apertus_no_lora_ln_fp32_layer30_seed42_lr3em5,finished,2026-03-16 18:21:39+00:00,apertus,ln_fp32,30,42,3e-5,float32,layernorm,0.6943867206573486,train/longfact_test_apertus/span_recall_at_0.1_fpr,0.3919153165229852,apertus,span,recall_at_0.1_fpr
v3qqa12o,apertus_no_lora_ln_fp32_layer30_seed43_lr1em3,finished,2026-03-16 18:21:39+00:00,apertus,ln_fp32,30,43,1e-3,float32,layernorm,0.2808498740196228,train/longfact_test_apertus/span_recall_at_0.1_fpr,0.5311900524649271,apertus,span,recall_at_0.1_fpr
lgm2cr72,apertus_no_lora_ln_fp32_layer30_seed43_lr1em4,finished,2026-03-16 18:21:39+00:00,apertus,ln_fp32,30,43,1e-4,float32,layernorm,0.2797033190727234,train/longfact_test_apertus/span_recall_at_0.1_fpr,0.4754662907065431,apertus,span,recall_at_0.1_fpr
f873k60o,apertus_no_lora_ln_fp32_layer30_seed43_lr3em4,finished,2026-03-16 18:21:39+00:00,apertus,ln_fp32,30,43,3e-4,float32,layernorm,0.28264516592025757,train/longfact_test_apertus/span_recall_at_0.1_fpr,0.5098111724871149,apertus,span,recall_at_0.1_fpr
ybsg28sj,apertus_no_lora_ln_fp32_layer30_seed43_lr3em5,finished,2026-03-16 18:21:39+00:00,apertus,ln_fp32,30,43,3e-5,float32,layernorm,0.30628159642219543,train/longfact_test_apertus/span_recall_at_0.1_fpr,0.39362562692121017,apertus,span,recall_at_0.1_fpr
kn811t36,apertus_no_lora_ln_fp32_layer30_seed44_lr1em3,finished,2026-03-16 18:21:39+00:00,apertus,ln_fp32,30,44,1e-3,float32,layernorm,0.3007677495479584,train/longfact_test_apertus/span_recall_at_0.1_fpr,0.5348880208935216,apertus,span,recall_at_0.1_fpr
wf8rodcd,apertus_no_lora_ln_fp32_layer30_seed44_lr1em4,finished,2026-03-16 18:21:39+00:00,apertus,ln_fp32,30,44,1e-4,float32,layernorm,0.3687911331653595,train/longfact_test_apertus/span_recall_at_0.1_fpr,0.4723461298449165,apertus,span,recall_at_0.1_fpr
524a5l0b,apertus_no_lora_ln_fp32_layer30_seed44_lr3em4,finished,2026-03-16 18:21:39+00:00,apertus,ln_fp32,30,44,3e-4,float32,layernorm,0.3833605647087097,train/longfact_test_apertus/span_recall_at_0.1_fpr,0.5122610765710588,apertus,span,recall_at_0.1_fpr
m6zpszut,apertus_no_lora_ln_fp32_layer30_seed44_lr3em5,finished,2026-03-16 18:21:39+00:00,apertus,ln_fp32,30,44,3e-5,float32,layernorm,0.4072107970714569,train/longfact_test_apertus/span_recall_at_0.1_fpr,0.3942265467908568,apertus,span,recall_at_0.1_fpr
2msk68xv,apertus_no_lora_long_form_layer10_seed42,finished,2026-03-02 14:54:28+00:00,apertus,apertus_layers,10,42,,bfloat16,none,0.1188635155558586,train/longfact_test_apertus/span_max_auc,0.8682490590818475,apertus,span_max,auc
ennpfi5c,apertus_no_lora_long_form_layer10_seed43,finished,2026-03-02 14:55:28+00:00,apertus,apertus_layers,10,43,,bfloat16,none,0.2892115116119385,train/longfact_test_apertus/span_max_auc,0.8689065761865797,apertus,span_max,auc
ckfvtpqq,apertus_no_lora_long_form_layer10_seed44,finished,2026-03-02 14:55:28+00:00,apertus,apertus_layers,10,44,,bfloat16,none,0.14164792001247406,train/longfact_test_apertus/span_max_auc,0.8705438410992483,apertus,span_max,auc
5w54hojz,apertus_no_lora_long_form_layer20_seed42,finished,2026-03-02 14:56:24+00:00,apertus,apertus_layers,20,42,,bfloat16,none,0.002515794476494193,train/longfact_test_apertus/span_max_auc,0.844264785180656,apertus,span_max,auc
h3qhm4bp,apertus_no_lora_long_form_layer20_seed43,finished,2026-03-02 14:56:24+00:00,apertus,apertus_layers,20,43,,bfloat16,none,0.4361111521720886,train/longfact_test_apertus/span_max_auc,0.8528165969886055,apertus,span_max,auc
1sb6t3rt,apertus_no_lora_long_form_layer20_seed44,finished,2026-03-02 14:56:24+00:00,apertus,apertus_layers,20,44,,bfloat16,none,0.9805268049240112,train/longfact_test_apertus/span_max_auc,0.8473290339030696,apertus,span_max,auc
fjxaywoo,apertus_no_lora_long_form_layer26_seed42,finished,2026-03-02 14:56:59+00:00,apertus,apertus_layers,26,42,,bfloat16,none,0.022064460441470143,train/longfact_test_apertus/span_max_auc,0.8176474139385239,apertus,span_max,auc
fc3llcx0,apertus_no_lora_long_form_layer26_seed43,finished,2026-03-02 14:58:28+00:00,apertus,apertus_layers,26,43,,bfloat16,none,4.096796035766602,train/longfact_test_apertus/span_max_auc,0.8159692063559093,apertus,span_max,auc
gtn6g9ne,apertus_no_lora_long_form_layer26_seed44,finished,2026-03-02 14:58:28+00:00,apertus,apertus_layers,26,44,,bfloat16,none,0.0003512128023430705,train/longfact_test_apertus/span_max_auc,0.816442135972021,apertus,span_max,auc
pk12wkry,apertus_no_lora_long_form_layer30_seed42,finished,2026-03-02 14:58:28+00:00,apertus,apertus_layers,30,42,,bfloat16,none,82.0517578125,train/longfact_test_apertus/span_max_auc,0.5006405165769446,apertus,span_max,auc
vhvivjkc,apertus_no_lora_long_form_layer30_seed43,finished,2026-03-02 14:58:28+00:00,apertus,apertus_layers,30,43,,bfloat16,none,10.69191074371338,train/longfact_test_apertus/span_max_auc,0.760383337477413,apertus,span_max,auc
agskbmvs,apertus_no_lora_long_form_layer30_seed44,finished,2026-03-02 14:58:28+00:00,apertus,apertus_layers,30,44,,bfloat16,none,0.0001453680742997676,train/longfact_test_apertus/span_max_auc,0.7283952054526637,apertus,span_max,auc
o5fobkxj,apertus_no_lora_bf16_only_layer10_seed42_lr1em3,finished,2026-03-16 01:21:45+00:00,apertus,bf16_only,10,42,1e-3,bfloat16,none,0.1060740053653717,train/longfact_test_apertus/span_max_auc,0.8677781782060882,apertus,span_max,auc
ngsqu3i1,apertus_no_lora_bf16_only_layer10_seed42_lr1em4,finished,2026-03-16 01:21:45+00:00,apertus,bf16_only,10,42,1e-4,bfloat16,none,0.11451046913862228,train/longfact_test_apertus/span_max_auc,0.8347853760495857,apertus,span_max,auc
5xzqhvy4,apertus_no_lora_bf16_only_layer10_seed42_lr3em4,finished,2026-03-16 01:21:45+00:00,apertus,bf16_only,10,42,3e-4,bfloat16,none,0.11626026779413225,train/longfact_test_apertus/span_max_auc,0.8652076357372434,apertus,span_max,auc
83kur7ka,apertus_no_lora_bf16_only_layer10_seed42_lr3em5,finished,2026-03-16 01:21:45+00:00,apertus,bf16_only,10,42,3e-5,bfloat16,none,0.4366786777973175,train/longfact_test_apertus/span_max_auc,0.7575235691107287,apertus,span_max,auc
j9k3f0jm,apertus_no_lora_bf16_only_layer10_seed43_lr1em3,finished,2026-03-16 01:21:44+00:00,apertus,bf16_only,10,43,1e-3,bfloat16,none,0.3009301424026489,train/longfact_test_apertus/span_max_auc,0.8683901811378919,apertus,span_max,auc
ougxjsfh,apertus_no_lora_bf16_only_layer10_seed43_lr1em4,finished,2026-03-16 01:21:44+00:00,apertus,bf16_only,10,43,1e-4,bfloat16,none,0.27749955654144287,train/longfact_test_apertus/span_max_auc,0.8319190195766701,apertus,span_max,auc
21sy8y12,apertus_no_lora_bf16_only_layer10_seed43_lr3em4,finished,2026-03-16 01:21:44+00:00,apertus,bf16_only,10,43,3e-4,bfloat16,none,0.2755349278450012,train/longfact_test_apertus/span_max_auc,0.8658808116456893,apertus,span_max,auc
t26a4uwp,apertus_no_lora_bf16_only_layer10_seed43_lr3em5,finished,2026-03-16 01:21:44+00:00,apertus,bf16_only,10,43,3e-5,bfloat16,none,0.3126707673072815,train/longfact_test_apertus/span_max_auc,0.7566466921713147,apertus,span_max,auc
p9n6ul1e,apertus_no_lora_bf16_only_layer10_seed44_lr1em3,finished,2026-03-16 01:21:44+00:00,apertus,bf16_only,10,44,1e-3,bfloat16,none,0.15629735589027405,train/longfact_test_apertus/span_max_auc,0.8692599477431413,apertus,span_max,auc
feljklm1,apertus_no_lora_bf16_only_layer10_seed44_lr1em4,finished,2026-03-16 01:21:44+00:00,apertus,bf16_only,10,44,1e-4,bfloat16,none,0.593794047832489,train/longfact_test_apertus/span_max_auc,0.8324851387588541,apertus,span_max,auc
lfafy2oe,apertus_no_lora_bf16_only_layer10_seed44_lr3em4,finished,2026-03-16 01:21:44+00:00,apertus,bf16_only,10,44,3e-4,bfloat16,none,0.2656649947166443,train/longfact_test_apertus/span_max_auc,0.8660531468635746,apertus,span_max,auc
r3oezlrl,apertus_no_lora_bf16_only_layer10_seed44_lr3em5,finished,2026-03-16 01:21:44+00:00,apertus,bf16_only,10,44,3e-5,bfloat16,none,0.7305357456207275,train/longfact_test_apertus/span_max_auc,0.7580237027850111,apertus,span_max,auc
uw94ef5i,apertus_no_lora_bf16_only_layer20_seed42_lr1em3,finished,2026-03-16 01:21:44+00:00,apertus,bf16_only,20,42,1e-3,bfloat16,none,0.006061427295207977,train/longfact_test_apertus/span_max_auc,0.8464321516166843,apertus,span_max,auc
ymsrn4r6,apertus_no_lora_bf16_only_layer20_seed42_lr1em4,finished,2026-03-16 01:21:44+00:00,apertus,bf16_only,20,42,1e-4,bfloat16,none,0.04400371387600899,train/longfact_test_apertus/span_max_auc,0.8029235508761362,apertus,span_max,auc
uy0gdnv4,apertus_no_lora_bf16_only_layer20_seed42_lr3em4,finished,2026-03-16 01:21:44+00:00,apertus,bf16_only,20,42,3e-4,bfloat16,none,0.00907330308109522,train/longfact_test_apertus/span_max_auc,0.8473672931248677,apertus,span_max,auc
fu81gp5i,apertus_no_lora_bf16_only_layer20_seed42_lr3em5,finished,2026-03-16 01:21:44+00:00,apertus,bf16_only,20,42,3e-5,bfloat16,none,2.1262459754943848,train/longfact_test_apertus/span_max_auc,0.7180889086467801,apertus,span_max,auc
2g6rw2bt,apertus_no_lora_bf16_only_layer20_seed43_lr1em3,finished,2026-03-16 01:21:44+00:00,apertus,bf16_only,20,43,1e-3,bfloat16,none,0.5826413631439209,train/longfact_test_apertus/span_max_auc,0.8552404737510404,apertus,span_max,auc
7ynpw2cn,apertus_no_lora_bf16_only_layer20_seed43_lr1em4,finished,2026-03-16 01:21:44+00:00,apertus,bf16_only,20,43,1e-4,bfloat16,none,1.368619084358215,train/longfact_test_apertus/span_max_auc,0.8011298586118486,apertus,span_max,auc
900ivg46,apertus_no_lora_bf16_only_layer20_seed43_lr3em4,finished,2026-03-16 01:21:44+00:00,apertus,bf16_only,20,43,3e-4,bfloat16,none,0.40857547521591187,train/longfact_test_apertus/span_max_auc,0.8560948225808529,apertus,span_max,auc
qo5cb98m,apertus_no_lora_bf16_only_layer20_seed43_lr3em5,finished,2026-03-16 01:21:44+00:00,apertus,bf16_only,20,43,3e-5,bfloat16,none,6.096769332885742,train/longfact_test_apertus/span_max_auc,0.7188380888051653,apertus,span_max,auc
99kvtmj8,apertus_no_lora_bf16_only_layer20_seed44_lr1em3,finished,2026-03-16 01:21:44+00:00,apertus,bf16_only,20,44,1e-3,bfloat16,none,0.13294142484664917,train/longfact_test_apertus/span_max_auc,0.8476144194170323,apertus,span_max,auc
g1itgrow,apertus_no_lora_bf16_only_layer20_seed44_lr1em4,finished,2026-03-16 01:21:44+00:00,apertus,bf16_only,20,44,1e-4,bfloat16,none,4.639030521502718e-05,train/longfact_test_apertus/span_max_auc,0.8001515168021937,apertus,span_max,auc
vuc2g8id,apertus_no_lora_bf16_only_layer20_seed44_lr3em4,finished,2026-03-16 01:21:44+00:00,apertus,bf16_only,20,44,3e-4,bfloat16,none,0.2754364609718323,train/longfact_test_apertus/span_max_auc,0.8517712975236658,apertus,span_max,auc
v52uwh1g,apertus_no_lora_bf16_only_layer20_seed44_lr3em5,finished,2026-03-16 01:21:44+00:00,apertus,bf16_only,20,44,3e-5,bfloat16,none,23.12533187866211,train/longfact_test_apertus/span_max_auc,0.7182613081388726,apertus,span_max,auc
vz5jn274,apertus_no_lora_bf16_only_layer26_seed42_lr1em3,finished,2026-03-16 01:21:44+00:00,apertus,bf16_only,26,42,1e-3,bfloat16,none,0.023973966017365456,train/longfact_test_apertus/span_max_auc,0.811144631716988,apertus,span_max,auc
4drsxr5u,apertus_no_lora_bf16_only_layer26_seed42_lr1em4,finished,2026-03-16 01:21:44+00:00,apertus,bf16_only,26,42,1e-4,bfloat16,none,0.023594362661242485,train/longfact_test_apertus/span_max_auc,0.779189480394776,apertus,span_max,auc
1crms08u,apertus_no_lora_bf16_only_layer26_seed42_lr3em4,finished,2026-03-16 01:21:44+00:00,apertus,bf16_only,26,42,3e-4,bfloat16,none,0.006822563707828522,train/longfact_test_apertus/span_max_auc,0.8208142362612516,apertus,span_max,auc
cq95ctu3,apertus_no_lora_bf16_only_layer26_seed42_lr3em5,finished,2026-03-16 01:21:44+00:00,apertus,bf16_only,26,42,3e-5,bfloat16,none,0.9924049973487854,train/longfact_test_apertus/span_max_auc,0.6973307741272277,apertus,span_max,auc
q08ckrfy,apertus_no_lora_bf16_only_layer26_seed43_lr1em3,finished,2026-03-16 01:21:45+00:00,apertus,bf16_only,26,43,1e-3,bfloat16,none,4.096848487854004,train/longfact_test_apertus/span_max_auc,0.8165107486881393,apertus,span_max,auc
hirctdjt,apertus_no_lora_bf16_only_layer26_seed43_lr1em4,finished,2026-03-16 01:21:45+00:00,apertus,bf16_only,26,43,1e-4,bfloat16,none,4.878128528594971,train/longfact_test_apertus/span_max_auc,0.7764173258066951,apertus,span_max,auc
psn29j9n,apertus_no_lora_bf16_only_layer26_seed43_lr3em4,finished,2026-03-16 01:21:45+00:00,apertus,bf16_only,26,43,3e-4,bfloat16,none,1.7208261489868164,train/longfact_test_apertus/span_max_auc,0.8226871223830075,apertus,span_max,auc
lx8g6b8s,apertus_no_lora_bf16_only_layer26_seed43_lr3em5,finished,2026-03-16 01:21:45+00:00,apertus,bf16_only,26,43,3e-5,bfloat16,none,12.94149684906006,train/longfact_test_apertus/span_max_auc,0.6986415260676421,apertus,span_max,auc
wixkxx9v,apertus_no_lora_bf16_only_layer26_seed44_lr1em3,finished,2026-03-16 01:21:44+00:00,apertus,bf16_only,26,44,1e-3,bfloat16,none,10.250615119934082,train/longfact_test_apertus/span_max_auc,0.8200718691688231,apertus,span_max,auc
2r4mqan8,apertus_no_lora_bf16_only_layer26_seed44_lr1em4,finished,2026-03-16 01:21:44+00:00,apertus,bf16_only,26,44,1e-4,bfloat16,none,0.0004059617640450597,train/longfact_test_apertus/span_max_auc,0.7797012557348258,apertus,span_max,auc
v3h0pfq3,apertus_no_lora_bf16_only_layer26_seed44_lr3em4,finished,2026-03-16 01:21:44+00:00,apertus,bf16_only,26,44,3e-4,bfloat16,none,0.3673836886882782,train/longfact_test_apertus/span_max_auc,0.8207131168648738,apertus,span_max,auc
muqajhqb,apertus_no_lora_bf16_only_layer26_seed44_lr3em5,finished,2026-03-16 01:21:44+00:00,apertus,bf16_only,26,44,3e-5,bfloat16,none,7.75074577331543,train/longfact_test_apertus/span_max_auc,0.699730138313916,apertus,span_max,auc
imd2hxzj,apertus_no_lora_bf16_only_layer30_seed42_lr1em3,finished,2026-03-16 01:21:44+00:00,apertus,bf16_only,30,42,1e-3,bfloat16,none,82.0517578125,train/longfact_test_apertus/span_max_auc,0.5,apertus,span_max,auc
g9535ebe,apertus_no_lora_bf16_only_layer30_seed42_lr1em4,finished,2026-03-16 01:21:44+00:00,apertus,bf16_only,30,42,1e-4,bfloat16,none,0.033634547144174576,train/longfact_test_apertus/span_max_auc,0.7847688832880346,apertus,span_max,auc
j9yucacb,apertus_no_lora_bf16_only_layer30_seed42_lr3em4,finished,2026-03-16 01:21:44+00:00,apertus,bf16_only,30,42,3e-4,bfloat16,none,0.025012411177158356,train/longfact_test_apertus/span_max_auc,0.8117463106042704,apertus,span_max,auc
4bo3xdzv,apertus_no_lora_bf16_only_layer30_seed42_lr3em5,finished,2026-03-16 01:21:44+00:00,apertus,bf16_only,30,42,3e-5,bfloat16,none,33.04824447631836,train/longfact_test_apertus/span_max_auc,0.686249916885416,apertus,span_max,auc
a55rsp1p,apertus_no_lora_bf16_only_layer30_seed43_lr1em3,finished,2026-03-16 01:21:45+00:00,apertus,bf16_only,30,43,1e-3,bfloat16,none,9.379252433776855,train/longfact_test_apertus/span_max_auc,0.7446284277555181,apertus,span_max,auc
5uzjpj1x,apertus_no_lora_bf16_only_layer30_seed43_lr1em4,finished,2026-03-16 01:21:45+00:00,apertus,bf16_only,30,43,1e-4,bfloat16,none,6.222002029418945,train/longfact_test_apertus/span_max_auc,0.7790330530431572,apertus,span_max,auc
fctlmblr,apertus_no_lora_bf16_only_layer30_seed43_lr3em4,finished,2026-03-16 01:21:45+00:00,apertus,bf16_only,30,43,3e-4,bfloat16,none,5.815634250640869,train/longfact_test_apertus/span_max_auc,0.8064341196929068,apertus,span_max,auc
580vhzgn,apertus_no_lora_bf16_only_layer30_seed43_lr3em5,finished,2026-03-16 01:21:45+00:00,apertus,bf16_only,30,43,3e-5,bfloat16,none,10.316194534301758,train/longfact_test_apertus/span_max_auc,0.6794884872200864,apertus,span_max,auc
uns2a6j2,apertus_no_lora_bf16_only_layer30_seed44_lr1em3,finished,2026-03-16 01:21:44+00:00,apertus,bf16_only,30,44,1e-3,bfloat16,none,0.0,train/longfact_test_apertus/span_max_auc,0.5011441210584124,apertus,span_max,auc
m97ar22y,apertus_no_lora_bf16_only_layer30_seed44_lr1em4,finished,2026-03-16 01:21:44+00:00,apertus,bf16_only,30,44,1e-4,bfloat16,none,10.063371658325195,train/longfact_test_apertus/span_max_auc,0.7812688554412343,apertus,span_max,auc
hr0vmzt0,apertus_no_lora_bf16_only_layer30_seed44_lr3em4,finished,2026-03-16 01:21:44+00:00,apertus,bf16_only,30,44,3e-4,bfloat16,none,6.532261848449707,train/longfact_test_apertus/span_max_auc,0.8093470830002724,apertus,span_max,auc
w644eh9h,apertus_no_lora_bf16_only_layer30_seed44_lr3em5,finished,2026-03-16 01:21:44+00:00,apertus,bf16_only,30,44,3e-5,bfloat16,none,33.25065612792969,train/longfact_test_apertus/span_max_auc,0.680838430358302,apertus,span_max,auc
3618z7cg,apertus_no_lora_fp32_only_layer10_seed42_lr1em3,finished,2026-03-16 18:21:39+00:00,apertus,fp32_only,10,42,1e-3,float32,none,0.11816876381635666,train/longfact_test_apertus/span_max_auc,0.868711873544611,apertus,span_max,auc
mhg0ycoh,apertus_no_lora_fp32_only_layer10_seed42_lr1em4,finished,2026-03-16 18:21:39+00:00,apertus,fp32_only,10,42,1e-4,float32,none,0.1332954168319702,train/longfact_test_apertus/span_max_auc,0.8545591671553917,apertus,span_max,auc
b71ik25s,apertus_no_lora_fp32_only_layer10_seed42_lr3em4,finished,2026-03-16 18:21:39+00:00,apertus,fp32_only,10,42,3e-4,float32,none,0.1127048209309578,train/longfact_test_apertus/span_max_auc,0.868058799394447,apertus,span_max,auc
8hl54mqx,apertus_no_lora_fp32_only_layer10_seed42_lr3em5,finished,2026-03-16 18:21:39+00:00,apertus,fp32_only,10,42,3e-5,float32,none,0.15368859469890594,train/longfact_test_apertus/span_max_auc,0.8234917952849792,apertus,span_max,auc
x3sqior5,apertus_no_lora_fp32_only_layer10_seed43_lr1em3,finished,2026-03-16 18:21:39+00:00,apertus,fp32_only,10,43,1e-3,float32,none,0.29647397994995117,train/longfact_test_apertus/span_max_auc,0.8694177650244896,apertus,span_max,auc
dm4602lm,apertus_no_lora_fp32_only_layer10_seed43_lr1em4,finished,2026-03-16 18:21:39+00:00,apertus,fp32_only,10,43,1e-4,float32,none,0.2917933166027069,train/longfact_test_apertus/span_max_auc,0.853446717212546,apertus,span_max,auc
3mcpf9f3,apertus_no_lora_fp32_only_layer10_seed43_lr3em4,finished,2026-03-16 18:21:39+00:00,apertus,fp32_only,10,43,3e-4,float32,none,0.2921086251735687,train/longfact_test_apertus/span_max_auc,0.8711342961031094,apertus,span_max,auc
0v0cghh6,apertus_no_lora_fp32_only_layer10_seed43_lr3em5,finished,2026-03-16 18:21:39+00:00,apertus,fp32_only,10,43,3e-5,float32,none,0.27485892176628113,train/longfact_test_apertus/span_max_auc,0.8213600367597045,apertus,span_max,auc
k8u6gf39,apertus_no_lora_fp32_only_layer10_seed44_lr1em3,finished,2026-03-16 18:21:39+00:00,apertus,fp32_only,10,44,1e-3,float32,none,0.09856606274843216,train/longfact_test_apertus/span_max_auc,0.8695887665525767,apertus,span_max,auc
rgnn8edm,apertus_no_lora_fp32_only_layer10_seed44_lr1em4,finished,2026-03-16 18:21:39+00:00,apertus,fp32_only,10,44,1e-4,float32,none,0.4017370939254761,train/longfact_test_apertus/span_max_auc,0.8540446922986419,apertus,span_max,auc
1hlg6mhh,apertus_no_lora_fp32_only_layer10_seed44_lr3em4,finished,2026-03-16 18:21:39+00:00,apertus,fp32_only,10,44,3e-4,float32,none,0.3334559202194214,train/longfact_test_apertus/span_max_auc,0.869859457375933,apertus,span_max,auc
h32xr3bj,apertus_no_lora_fp32_only_layer10_seed44_lr3em5,finished,2026-03-16 18:21:39+00:00,apertus,fp32_only,10,44,3e-5,float32,none,0.6063321232795715,train/longfact_test_apertus/span_max_auc,0.8222667851368852,apertus,span_max,auc
7otuls41,apertus_no_lora_fp32_only_layer20_seed42_lr1em3,finished,2026-03-16 18:21:39+00:00,apertus,fp32_only,20,42,1e-3,float32,none,0.0014074433129280806,train/longfact_test_apertus/span_max_auc,0.8474132411486944,apertus,span_max,auc
h3hhroh2,apertus_no_lora_fp32_only_layer20_seed42_lr1em4,finished,2026-03-16 18:21:39+00:00,apertus,fp32_only,20,42,1e-4,float32,none,0.005417922046035528,train/longfact_test_apertus/span_max_auc,0.8238400650763492,apertus,span_max,auc
gbg3qolw,apertus_no_lora_fp32_only_layer20_seed42_lr3em4,finished,2026-03-16 18:21:39+00:00,apertus,fp32_only,20,42,3e-4,float32,none,0.012795637361705303,train/longfact_test_apertus/span_max_auc,0.851069905238287,apertus,span_max,auc
vpc4pmw1,apertus_no_lora_fp32_only_layer20_seed42_lr3em5,finished,2026-03-16 18:21:39+00:00,apertus,fp32_only,20,42,3e-5,float32,none,0.4815448522567749,train/longfact_test_apertus/span_max_auc,0.7952651425131105,apertus,span_max,auc
4hd86xs1,apertus_no_lora_fp32_only_layer20_seed43_lr1em3,finished,2026-03-16 18:21:39+00:00,apertus,fp32_only,20,43,1e-3,float32,none,0.7915925979614258,train/longfact_test_apertus/span_max_auc,0.8493678519248246,apertus,span_max,auc
dtswvc78,apertus_no_lora_fp32_only_layer20_seed43_lr1em4,finished,2026-03-16 18:21:39+00:00,apertus,fp32_only,20,43,1e-4,float32,none,0.9363940954208374,train/longfact_test_apertus/span_max_auc,0.8247692210489932,apertus,span_max,auc
r4canywa,apertus_no_lora_fp32_only_layer20_seed43_lr3em4,finished,2026-03-16 18:21:39+00:00,apertus,fp32_only,20,43,3e-4,float32,none,0.4842445254325866,train/longfact_test_apertus/span_max_auc,0.8599373034032775,apertus,span_max,auc
5pryw2ji,apertus_no_lora_fp32_only_layer20_seed43_lr3em5,finished,2026-03-16 18:21:39+00:00,apertus,fp32_only,20,43,3e-5,float32,none,2.3771839141845703,train/longfact_test_apertus/span_max_auc,0.7926264131447696,apertus,span_max,auc
cu47livm,apertus_no_lora_fp32_only_layer20_seed44_lr1em3,finished,2026-03-16 18:21:39+00:00,apertus,fp32_only,20,44,1e-3,float32,none,0.8405814170837402,train/longfact_test_apertus/span_max_auc,0.8495465583234922,apertus,span_max,auc
7cq66mkt,apertus_no_lora_fp32_only_layer20_seed44_lr1em4,finished,2026-03-16 18:21:39+00:00,apertus,fp32_only,20,44,1e-4,float32,none,0.00021276120969559997,train/longfact_test_apertus/span_max_auc,0.8212998600332728,apertus,span_max,auc
wrlr6qli,apertus_no_lora_fp32_only_layer20_seed44_lr3em4,finished,2026-03-16 18:21:39+00:00,apertus,fp32_only,20,44,3e-4,float32,none,0.7323926091194153,train/longfact_test_apertus/span_max_auc,0.8521701029103972,apertus,span_max,auc
nkk8fdiv,apertus_no_lora_fp32_only_layer20_seed44_lr3em5,finished,2026-03-16 18:21:39+00:00,apertus,fp32_only,20,44,3e-5,float32,none,3.7443130016326904,train/longfact_test_apertus/span_max_auc,0.7925039547116224,apertus,span_max,auc
jeyu4ke4,apertus_no_lora_fp32_only_layer26_seed42_lr1em3,finished,2026-03-16 18:21:39+00:00,apertus,fp32_only,26,42,1e-3,float32,none,0.02182931825518608,train/longfact_test_apertus/span_max_auc,0.8192700002291374,apertus,span_max,auc
6jnxw4n2,apertus_no_lora_fp32_only_layer26_seed42_lr1em4,finished,2026-03-16 18:21:39+00:00,apertus,fp32_only,26,42,1e-4,float32,none,0.017278315499424934,train/longfact_test_apertus/span_max_auc,0.8019750001614889,apertus,span_max,auc
vz2hbt4t,apertus_no_lora_fp32_only_layer26_seed42_lr3em4,finished,2026-03-16 18:21:39+00:00,apertus,fp32_only,26,42,3e-4,float32,none,0.006629477255046368,train/longfact_test_apertus/span_max_auc,0.821244013781547,apertus,span_max,auc
g2rdqxou,apertus_no_lora_fp32_only_layer26_seed42_lr3em5,finished,2026-03-16 18:21:39+00:00,apertus,fp32_only,26,42,3e-5,float32,none,0.029366448521614075,train/longfact_test_apertus/span_max_auc,0.7698403470472959,apertus,span_max,auc
g557mw8r,apertus_no_lora_fp32_only_layer26_seed43_lr1em3,finished,2026-03-16 18:21:39+00:00,apertus,fp32_only,26,43,1e-3,float32,none,5.589945316314697,train/longfact_test_apertus/span_max_auc,0.8236695456048155,apertus,span_max,auc
xtj1l55e,apertus_no_lora_fp32_only_layer26_seed43_lr1em4,finished,2026-03-16 18:21:39+00:00,apertus,fp32_only,26,43,1e-4,float32,none,2.261085033416748,train/longfact_test_apertus/span_max_auc,0.7996081747921637,apertus,span_max,auc
tn9zon9i,apertus_no_lora_fp32_only_layer26_seed43_lr3em4,finished,2026-03-16 18:21:39+00:00,apertus,fp32_only,26,43,3e-4,float32,none,1.2675254344940186,train/longfact_test_apertus/span_max_auc,0.8292001724091332,apertus,span_max,auc
gi60xrz3,apertus_no_lora_fp32_only_layer26_seed43_lr3em5,finished,2026-03-16 18:21:39+00:00,apertus,fp32_only,26,43,3e-5,float32,none,5.592858791351318,train/longfact_test_apertus/span_max_auc,0.7660955148140638,apertus,span_max,auc
p7gub5up,apertus_no_lora_fp32_only_layer26_seed44_lr1em3,finished,2026-03-16 18:21:39+00:00,apertus,fp32_only,26,44,1e-3,float32,none,2.7211620807647705,train/longfact_test_apertus/span_max_auc,0.8234960213140984,apertus,span_max,auc
gani1xp7,apertus_no_lora_fp32_only_layer26_seed44_lr1em4,finished,2026-03-16 18:21:39+00:00,apertus,fp32_only,26,44,1e-4,float32,none,0.061501313000917435,train/longfact_test_apertus/span_max_auc,0.8007180457324481,apertus,span_max,auc
ill5vvx2,apertus_no_lora_fp32_only_layer26_seed44_lr3em4,finished,2026-03-16 18:21:39+00:00,apertus,fp32_only,26,44,3e-4,float32,none,0.02174818329513073,train/longfact_test_apertus/span_max_auc,0.8286589916193183,apertus,span_max,auc
b9ibkxys,apertus_no_lora_fp32_only_layer26_seed44_lr3em5,finished,2026-03-16 18:21:39+00:00,apertus,fp32_only,26,44,3e-5,float32,none,0.0007233090000227094,train/longfact_test_apertus/span_max_auc,0.7694152454755698,apertus,span_max,auc
362f178l,apertus_no_lora_fp32_only_layer30_seed42_lr1em3,finished,2026-03-16 18:21:39+00:00,apertus,fp32_only,30,42,1e-3,float32,none,81.83356475830078,train/longfact_test_apertus/span_max_auc,0.5,apertus,span_max,auc
572p44e7,apertus_no_lora_fp32_only_layer30_seed42_lr1em4,finished,2026-03-16 18:21:39+00:00,apertus,fp32_only,30,42,1e-4,float32,none,0.03013068065047264,train/longfact_test_apertus/span_max_auc,0.8005953543053002,apertus,span_max,auc
9k35iiw5,apertus_no_lora_fp32_only_layer30_seed42_lr3em4,finished,2026-03-16 18:21:39+00:00,apertus,fp32_only,30,42,3e-4,float32,none,0.02508390322327614,train/longfact_test_apertus/span_max_auc,0.8174841494181209,apertus,span_max,auc
7u26q4rs,apertus_no_lora_fp32_only_layer30_seed42_lr3em5,finished,2026-03-16 18:21:39+00:00,apertus,fp32_only,30,42,3e-5,float32,none,0.5540672540664673,train/longfact_test_apertus/span_max_auc,0.7691742413016349,apertus,span_max,auc
f817tswh,apertus_no_lora_fp32_only_layer30_seed43_lr1em3,finished,2026-03-16 18:21:39+00:00,apertus,fp32_only,30,43,1e-3,float32,none,9.374524116516112,train/longfact_test_apertus/span_max_auc,0.5,apertus,span_max,auc
lqmdrcpg,apertus_no_lora_fp32_only_layer30_seed43_lr1em4,finished,2026-03-16 18:21:39+00:00,apertus,fp32_only,30,43,1e-4,float32,none,5.7266106605529785,train/longfact_test_apertus/span_max_auc,0.7984369139497878,apertus,span_max,auc
f3nq1ppq,apertus_no_lora_fp32_only_layer30_seed43_lr3em4,finished,2026-03-16 18:21:39+00:00,apertus,fp32_only,30,43,3e-4,float32,none,5.207202911376953,train/longfact_test_apertus/span_max_auc,0.818255664863486,apertus,span_max,auc
z9shqkbl,apertus_no_lora_fp32_only_layer30_seed43_lr3em5,finished,2026-03-16 18:21:39+00:00,apertus,fp32_only,30,43,3e-5,float32,none,6.685286521911621,train/longfact_test_apertus/span_max_auc,0.7632823131104505,apertus,span_max,auc
bz9gcqwk,apertus_no_lora_fp32_only_layer30_seed44_lr1em3,finished,2026-03-16 18:21:39+00:00,apertus,fp32_only,30,44,1e-3,float32,none,0.0,train/longfact_test_apertus/span_max_auc,0.5,apertus,span_max,auc
nhg2yz2u,apertus_no_lora_fp32_only_layer30_seed44_lr1em4,finished,2026-03-16 18:21:39+00:00,apertus,fp32_only,30,44,1e-4,float32,none,0.01171684730798006,train/longfact_test_apertus/span_max_auc,0.7994067313927216,apertus,span_max,auc
4yytvlvi,apertus_no_lora_fp32_only_layer30_seed44_lr3em4,finished,2026-03-16 18:21:39+00:00,apertus,fp32_only,30,44,3e-4,float32,none,0.0005547898472286761,train/longfact_test_apertus/span_max_auc,0.813889759000968,apertus,span_max,auc
8kx20a5i,apertus_no_lora_fp32_only_layer30_seed44_lr3em5,finished,2026-03-16 18:21:39+00:00,apertus,fp32_only,30,44,3e-5,float32,none,33.319332122802734,train/longfact_test_apertus/span_max_auc,0.7678881465539336,apertus,span_max,auc
kgoq3e5r,llama_no_lora_long_form_layer10_seed42,finished,2026-03-02 14:45:36+00:00,llama,llama_layers,10,42,,bfloat16,none,0.4103353917598725,train/longfact_test_apertus/span_max_auc,0.8660843990891532,apertus,span_max,auc
9oem35be,llama_no_lora_long_form_layer10_seed43,finished,2026-03-02 14:46:11+00:00,llama,llama_layers,10,43,,bfloat16,none,0.582381546497345,train/longfact_test_apertus/span_max_auc,0.8674093015111012,apertus,span_max,auc
rri8v027,llama_no_lora_long_form_layer10_seed44,finished,2026-03-02 14:46:11+00:00,llama,llama_layers,10,44,,bfloat16,none,0.3619125485420227,train/longfact_test_apertus/span_max_auc,0.8667550295064161,apertus,span_max,auc
qni919ee,llama_no_lora_long_form_layer20_seed42,finished,2026-03-02 14:50:44+00:00,llama,llama_layers,20,42,,bfloat16,none,0.4025150239467621,train/longfact_test_apertus/span_max_auc,0.8688144964075992,apertus,span_max,auc
4aryhr4u,llama_no_lora_long_form_layer20_seed43,finished,2026-03-02 14:50:44+00:00,llama,llama_layers,20,43,,bfloat16,none,0.6214630007743835,train/longfact_test_apertus/span_max_auc,0.8704508617150583,apertus,span_max,auc
v8qejznt,llama_no_lora_long_form_layer20_seed44,finished,2026-03-02 14:50:44+00:00,llama,llama_layers,20,44,,bfloat16,none,0.4049457013607025,train/longfact_test_apertus/span_max_auc,0.8695579939184436,apertus,span_max,auc
82vjeyys,llama_no_lora_long_form_layer26_seed42,finished,2026-03-02 14:50:44+00:00,llama,llama_layers,26,42,,bfloat16,none,0.38688111305236816,train/longfact_test_apertus/span_max_auc,0.8676250003628037,apertus,span_max,auc
gzg4irhz,llama_no_lora_long_form_layer26_seed43,finished,2026-03-02 14:51:46+00:00,llama,llama_layers,26,43,,bfloat16,none,0.6332159042358398,train/longfact_test_apertus/span_max_auc,0.8683686026835858,apertus,span_max,auc
7u7entue,llama_no_lora_long_form_layer26_seed44,finished,2026-03-02 14:51:46+00:00,llama,llama_layers,26,44,,bfloat16,none,0.4069174230098725,train/longfact_test_apertus/span_max_auc,0.8689973655619054,apertus,span_max,auc
ct7o6ek7,llama_no_lora_long_form_layer30_seed42,finished,2026-03-02 14:51:46+00:00,llama,llama_layers,30,42,,bfloat16,none,0.4142408668994904,train/longfact_test_apertus/span_max_auc,0.8773484682108235,apertus,span_max,auc
av9rm02w,llama_no_lora_long_form_layer30_seed43,finished,2026-03-02 14:51:46+00:00,llama,llama_layers,30,43,,bfloat16,none,0.7231071591377258,train/longfact_test_apertus/span_max_auc,0.8768075521848682,apertus,span_max,auc
ojujrfsw,llama_no_lora_long_form_layer30_seed44,finished,2026-03-02 14:51:46+00:00,llama,llama_layers,30,44,,bfloat16,none,0.4089251160621643,train/longfact_test_apertus/span_max_auc,0.8775280801947595,apertus,span_max,auc
47rfeqmx,apertus_no_lora_ln_bf16_layer10_seed42_lr1em3,finished,2026-03-16 01:21:44+00:00,apertus,ln_bf16,10,42,1e-3,bfloat16,layernorm,0.14300638437271118,train/longfact_test_apertus/span_max_auc,0.870768632104433,apertus,span_max,auc
ltvbxnyc,apertus_no_lora_ln_bf16_layer10_seed42_lr1em4,finished,2026-03-16 01:21:44+00:00,apertus,ln_bf16,10,42,1e-4,bfloat16,layernorm,0.3950393497943878,train/longfact_test_apertus/span_max_auc,0.8363201798418025,apertus,span_max,auc
aupa5a3l,apertus_no_lora_ln_bf16_layer10_seed42_lr3em4,finished,2026-03-16 01:21:44+00:00,apertus,ln_bf16,10,42,3e-4,bfloat16,layernorm,0.18207243084907532,train/longfact_test_apertus/span_max_auc,0.8605409426538776,apertus,span_max,auc
48kc2gt3,apertus_no_lora_ln_bf16_layer10_seed42_lr3em5,finished,2026-03-16 01:21:44+00:00,apertus,ln_bf16,10,42,3e-5,bfloat16,layernorm,0.942188560962677,train/longfact_test_apertus/span_max_auc,0.7689911481883301,apertus,span_max,auc
l92ugb0x,apertus_no_lora_ln_bf16_layer10_seed43_lr1em3,finished,2026-03-16 01:21:44+00:00,apertus,ln_bf16,10,43,1e-3,bfloat16,layernorm,0.2892049551010132,train/longfact_test_apertus/span_max_auc,0.871460423430121,apertus,span_max,auc
ks445ju3,apertus_no_lora_ln_bf16_layer10_seed43_lr1em4,finished,2026-03-16 01:21:44+00:00,apertus,ln_bf16,10,43,1e-4,bfloat16,layernorm,0.26968491077423096,train/longfact_test_apertus/span_max_auc,0.835602003954085,apertus,span_max,auc
v1whaixy,apertus_no_lora_ln_bf16_layer10_seed43_lr3em4,finished,2026-03-16 01:21:44+00:00,apertus,ln_bf16,10,43,3e-4,bfloat16,layernorm,0.26967474818229675,train/longfact_test_apertus/span_max_auc,0.8606668076200028,apertus,span_max,auc
yrz15txm,apertus_no_lora_ln_bf16_layer10_seed43_lr3em5,finished,2026-03-16 01:21:44+00:00,apertus,ln_bf16,10,43,3e-5,bfloat16,layernorm,0.35177040100097656,train/longfact_test_apertus/span_max_auc,0.7697107381086048,apertus,span_max,auc
yjo8ext8,apertus_no_lora_ln_bf16_layer10_seed44_lr1em3,finished,2026-03-16 01:21:45+00:00,apertus,ln_bf16,10,44,1e-3,bfloat16,layernorm,0.20609278976917267,train/longfact_test_apertus/span_max_auc,0.871686893598967,apertus,span_max,auc
wjc71sg6,apertus_no_lora_ln_bf16_layer10_seed44_lr1em4,finished,2026-03-16 01:21:45+00:00,apertus,ln_bf16,10,44,1e-4,bfloat16,layernorm,0.3125472366809845,train/longfact_test_apertus/span_max_auc,0.8356294570748083,apertus,span_max,auc
dd2pwu6g,apertus_no_lora_ln_bf16_layer10_seed44_lr3em4,finished,2026-03-16 01:21:45+00:00,apertus,ln_bf16,10,44,3e-4,bfloat16,layernorm,0.289102166891098,train/longfact_test_apertus/span_max_auc,0.8602497242556171,apertus,span_max,auc
gk2y0cx9,apertus_no_lora_ln_bf16_layer10_seed44_lr3em5,finished,2026-03-16 01:21:45+00:00,apertus,ln_bf16,10,44,3e-5,bfloat16,layernorm,0.31844255328178406,train/longfact_test_apertus/span_max_auc,0.769564136676402,apertus,span_max,auc
p3f6sakq,apertus_no_lora_ln_bf16_layer20_seed42_lr1em3,finished,2026-03-16 01:21:44+00:00,apertus,ln_bf16,20,42,1e-3,bfloat16,layernorm,0.11758887767791748,train/longfact_test_apertus/span_max_auc,0.8811915062535108,apertus,span_max,auc
2mbvnb3s,apertus_no_lora_ln_bf16_layer20_seed42_lr1em4,finished,2026-03-16 01:21:44+00:00,apertus,ln_bf16,20,42,1e-4,bfloat16,layernorm,0.5318654179573059,train/longfact_test_apertus/span_max_auc,0.8379786070371709,apertus,span_max,auc
pw74vso0,apertus_no_lora_ln_bf16_layer20_seed42_lr3em4,finished,2026-03-16 01:21:44+00:00,apertus,ln_bf16,20,42,3e-4,bfloat16,layernorm,0.2455830276012421,train/longfact_test_apertus/span_max_auc,0.8669027474363349,apertus,span_max,auc
lcc4r0ui,apertus_no_lora_ln_bf16_layer20_seed42_lr3em5,finished,2026-03-16 01:21:44+00:00,apertus,ln_bf16,20,42,3e-5,bfloat16,layernorm,0.8914243578910828,train/longfact_test_apertus/span_max_auc,0.735537845440521,apertus,span_max,auc
ea20dmvq,apertus_no_lora_ln_bf16_layer20_seed43_lr1em3,finished,2026-03-16 01:21:44+00:00,apertus,ln_bf16,20,43,1e-3,bfloat16,layernorm,0.2716436982154846,train/longfact_test_apertus/span_max_auc,0.8806039114518673,apertus,span_max,auc
dq6d9cxj,apertus_no_lora_ln_bf16_layer20_seed43_lr1em4,finished,2026-03-16 01:21:44+00:00,apertus,ln_bf16,20,43,1e-4,bfloat16,layernorm,0.28726422786712646,train/longfact_test_apertus/span_max_auc,0.8369451099235166,apertus,span_max,auc
5rukn8sb,apertus_no_lora_ln_bf16_layer20_seed43_lr3em4,finished,2026-03-16 01:21:44+00:00,apertus,ln_bf16,20,43,3e-4,bfloat16,layernorm,0.279452383518219,train/longfact_test_apertus/span_max_auc,0.8665637652678961,apertus,span_max,auc
sg4y1aru,apertus_no_lora_ln_bf16_layer20_seed43_lr3em5,finished,2026-03-16 01:21:44+00:00,apertus,ln_bf16,20,43,3e-5,bfloat16,layernorm,0.383007675409317,train/longfact_test_apertus/span_max_auc,0.7342984700071322,apertus,span_max,auc
wjx8fs4d,apertus_no_lora_ln_bf16_layer20_seed44_lr1em3,finished,2026-03-16 01:21:44+00:00,apertus,ln_bf16,20,44,1e-3,bfloat16,layernorm,0.343784362077713,train/longfact_test_apertus/span_max_auc,0.8797506874206796,apertus,span_max,auc
ug8c0ane,apertus_no_lora_ln_bf16_layer20_seed44_lr1em4,finished,2026-03-16 01:21:44+00:00,apertus,ln_bf16,20,44,1e-4,bfloat16,layernorm,0.39652878046035767,train/longfact_test_apertus/span_max_auc,0.8378739364908487,apertus,span_max,auc
xy83pt3c,apertus_no_lora_ln_bf16_layer20_seed44_lr3em4,finished,2026-03-16 01:21:44+00:00,apertus,ln_bf16,20,44,3e-4,bfloat16,layernorm,0.4512102007865906,train/longfact_test_apertus/span_max_auc,0.8660688779757713,apertus,span_max,auc
mgy8s31x,apertus_no_lora_ln_bf16_layer20_seed44_lr3em5,finished,2026-03-16 01:21:44+00:00,apertus,ln_bf16,20,44,3e-5,bfloat16,layernorm,0.44538286328315735,train/longfact_test_apertus/span_max_auc,0.7384047402099215,apertus,span_max,auc
qbe29z5d,apertus_no_lora_ln_bf16_layer26_seed42_lr1em3,finished,2026-03-16 01:21:44+00:00,apertus,ln_bf16,26,42,1e-3,bfloat16,layernorm,0.1929110735654831,train/longfact_test_apertus/span_max_auc,0.8677695975994354,apertus,span_max,auc
nyzlam71,apertus_no_lora_ln_bf16_layer26_seed42_lr1em4,finished,2026-03-16 01:21:44+00:00,apertus,ln_bf16,26,42,1e-4,bfloat16,layernorm,0.5006973147392273,train/longfact_test_apertus/span_max_auc,0.8187159163922398,apertus,span_max,auc
p9he43x3,apertus_no_lora_ln_bf16_layer26_seed42_lr3em4,finished,2026-03-16 01:21:44+00:00,apertus,ln_bf16,26,42,3e-4,bfloat16,layernorm,0.27400892972946167,train/longfact_test_apertus/span_max_auc,0.8549329377384433,apertus,span_max,auc
jap1923r,apertus_no_lora_ln_bf16_layer26_seed42_lr3em5,finished,2026-03-16 01:21:44+00:00,apertus,ln_bf16,26,42,3e-5,bfloat16,layernorm,0.9109970927238464,train/longfact_test_apertus/span_max_auc,0.7149663069785624,apertus,span_max,auc
kffm0190,apertus_no_lora_ln_bf16_layer26_seed43_lr1em3,finished,2026-03-16 01:21:44+00:00,apertus,ln_bf16,26,43,1e-3,bfloat16,layernorm,0.27165380120277405,train/longfact_test_apertus/span_max_auc,0.8678904973830596,apertus,span_max,auc
6nfiscpk,apertus_no_lora_ln_bf16_layer26_seed43_lr1em4,finished,2026-03-16 01:21:44+00:00,apertus,ln_bf16,26,43,1e-4,bfloat16,layernorm,0.29313549399375916,train/longfact_test_apertus/span_max_auc,0.819441660567848,apertus,span_max,auc
livazl8t,apertus_no_lora_ln_bf16_layer26_seed43_lr3em4,finished,2026-03-16 01:21:44+00:00,apertus,ln_bf16,26,43,3e-4,bfloat16,layernorm,0.26969656348228455,train/longfact_test_apertus/span_max_auc,0.8545181521769626,apertus,span_max,auc
cs5p5dya,apertus_no_lora_ln_bf16_layer26_seed43_lr3em5,finished,2026-03-16 01:21:44+00:00,apertus,ln_bf16,26,43,3e-5,bfloat16,layernorm,0.3752008378505707,train/longfact_test_apertus/span_max_auc,0.7190765621821942,apertus,span_max,auc
m9z367ud,apertus_no_lora_ln_bf16_layer26_seed44_lr1em3,finished,2026-03-16 01:21:44+00:00,apertus,ln_bf16,26,44,1e-3,bfloat16,layernorm,0.44535091519355774,train/longfact_test_apertus/span_max_auc,0.8667236794952522,apertus,span_max,auc
ycmihac6,apertus_no_lora_ln_bf16_layer26_seed44_lr1em4,finished,2026-03-16 01:21:44+00:00,apertus,ln_bf16,26,44,1e-4,bfloat16,layernorm,0.3027840852737427,train/longfact_test_apertus/span_max_auc,0.8205336552442724,apertus,span_max,auc
b7cu6by4,apertus_no_lora_ln_bf16_layer26_seed44_lr3em4,finished,2026-03-16 01:21:44+00:00,apertus,ln_bf16,26,44,3e-4,bfloat16,layernorm,0.33402493596076965,train/longfact_test_apertus/span_max_auc,0.853392068067928,apertus,span_max,auc
82b66i5k,apertus_no_lora_ln_bf16_layer26_seed44_lr3em5,finished,2026-03-16 01:21:44+00:00,apertus,ln_bf16,26,44,3e-5,bfloat16,layernorm,0.3965613543987274,train/longfact_test_apertus/span_max_auc,0.72109566409091,apertus,span_max,auc
7hvw78qp,apertus_no_lora_ln_bf16_layer30_seed42_lr1em3,finished,2026-03-16 01:21:44+00:00,apertus,ln_bf16,30,42,1e-3,bfloat16,layernorm,0.18903133273124695,train/longfact_test_apertus/span_max_auc,0.8678235477620508,apertus,span_max,auc
hq7zzpsr,apertus_no_lora_ln_bf16_layer30_seed42_lr1em4,finished,2026-03-16 01:21:44+00:00,apertus,ln_bf16,30,42,1e-4,bfloat16,layernorm,0.6139996647834778,train/longfact_test_apertus/span_max_auc,0.8285987586529553,apertus,span_max,auc
wehbf6bi,apertus_no_lora_ln_bf16_layer30_seed42_lr3em4,finished,2026-03-16 01:21:44+00:00,apertus,ln_bf16,30,42,3e-4,bfloat16,layernorm,0.2974618077278137,train/longfact_test_apertus/span_max_auc,0.8561916918452839,apertus,span_max,auc
inx8ca5d,apertus_no_lora_ln_bf16_layer30_seed42_lr3em5,finished,2026-03-16 01:21:44+00:00,apertus,ln_bf16,30,42,3e-5,bfloat16,layernorm,0.8954324722290039,train/longfact_test_apertus/span_max_auc,0.7434537121745086,apertus,span_max,auc
og90cgj0,apertus_no_lora_ln_bf16_layer30_seed43_lr1em3,finished,2026-03-16 01:21:44+00:00,apertus,ln_bf16,30,43,1e-3,bfloat16,layernorm,0.2775192856788635,train/longfact_test_apertus/span_max_auc,0.8676626051473807,apertus,span_max,auc
5cwasjvc,apertus_no_lora_ln_bf16_layer30_seed43_lr1em4,finished,2026-03-16 01:21:44+00:00,apertus,ln_bf16,30,43,1e-4,bfloat16,layernorm,0.2989921569824219,train/longfact_test_apertus/span_max_auc,0.828258989125479,apertus,span_max,auc
7jkvxq48,apertus_no_lora_ln_bf16_layer30_seed43_lr3em4,finished,2026-03-16 01:21:44+00:00,apertus,ln_bf16,30,43,3e-4,bfloat16,layernorm,0.28141525387763977,train/longfact_test_apertus/span_max_auc,0.856661833567661,apertus,span_max,auc
74i6ukb7,apertus_no_lora_ln_bf16_layer30_seed43_lr3em5,finished,2026-03-16 01:21:44+00:00,apertus,ln_bf16,30,43,3e-5,bfloat16,layernorm,0.367383748292923,train/longfact_test_apertus/span_max_auc,0.7445373190669017,apertus,span_max,auc
4m7o0thq,apertus_no_lora_ln_bf16_layer30_seed44_lr1em3,finished,2026-03-16 01:21:44+00:00,apertus,ln_bf16,30,44,1e-3,bfloat16,layernorm,0.3379320204257965,train/longfact_test_apertus/span_max_auc,0.8681496670547864,apertus,span_max,auc
3huyrepp,apertus_no_lora_ln_bf16_layer30_seed44_lr1em4,finished,2026-03-16 01:21:44+00:00,apertus,ln_bf16,30,44,1e-4,bfloat16,layernorm,0.4082537889480591,train/longfact_test_apertus/span_max_auc,0.82919982693527,apertus,span_max,auc
khqaa0hj,apertus_no_lora_ln_bf16_layer30_seed44_lr3em4,finished,2026-03-16 01:21:44+00:00,apertus,ln_bf16,30,44,3e-4,bfloat16,layernorm,0.3730915486812592,train/longfact_test_apertus/span_max_auc,0.8571045302035907,apertus,span_max,auc
v97a1dax,apertus_no_lora_ln_bf16_layer30_seed44_lr3em5,finished,2026-03-16 01:21:44+00:00,apertus,ln_bf16,30,44,3e-5,bfloat16,layernorm,0.44148337841033936,train/longfact_test_apertus/span_max_auc,0.7463749106146635,apertus,span_max,auc
a1vhu02a,apertus_no_lora_ln_fp32_layer10_seed42_lr1em3,finished,2026-03-16 18:21:39+00:00,apertus,ln_fp32,10,42,1e-3,float32,layernorm,0.12267088890075684,train/longfact_test_apertus/span_max_auc,0.8728673376186876,apertus,span_max,auc
s5e7uzrk,apertus_no_lora_ln_fp32_layer10_seed42_lr1em4,finished,2026-03-16 18:21:39+00:00,apertus,ln_fp32,10,42,1e-4,float32,layernorm,0.2215098738670349,train/longfact_test_apertus/span_max_auc,0.8526759810919422,apertus,span_max,auc
a039mxlm,apertus_no_lora_ln_fp32_layer10_seed42_lr3em4,finished,2026-03-16 18:21:39+00:00,apertus,ln_fp32,10,42,3e-4,float32,layernorm,0.15673403441905975,train/longfact_test_apertus/span_max_auc,0.8660656481968626,apertus,span_max,auc
ur0fzre6,apertus_no_lora_ln_fp32_layer10_seed42_lr3em5,finished,2026-03-16 18:21:39+00:00,apertus,ln_fp32,10,42,3e-5,float32,layernorm,0.4890720844268799,train/longfact_test_apertus/span_max_auc,0.8282976982667271,apertus,span_max,auc
kyx3dh6x,apertus_no_lora_ln_fp32_layer10_seed43_lr1em3,finished,2026-03-16 18:21:39+00:00,apertus,ln_fp32,10,43,1e-3,float32,layernorm,0.2920945882797241,train/longfact_test_apertus/span_max_auc,0.8738397340641825,apertus,span_max,auc
anpnl7j5,apertus_no_lora_ln_fp32_layer10_seed43_lr1em4,finished,2026-03-16 18:21:39+00:00,apertus,ln_fp32,10,43,1e-4,float32,layernorm,0.26364782452583313,train/longfact_test_apertus/span_max_auc,0.8529800543316302,apertus,span_max,auc
mu08a37q,apertus_no_lora_ln_fp32_layer10_seed43_lr3em4,finished,2026-03-16 18:21:39+00:00,apertus,ln_fp32,10,43,3e-4,float32,layernorm,0.2802787125110626,train/longfact_test_apertus/span_max_auc,0.8667192526092355,apertus,span_max,auc
0q5lbh0o,apertus_no_lora_ln_fp32_layer10_seed43_lr3em5,finished,2026-03-16 18:21:39+00:00,apertus,ln_fp32,10,43,3e-5,float32,layernorm,0.27201464772224426,train/longfact_test_apertus/span_max_auc,0.8287453359823305,apertus,span_max,auc
b2incihb,apertus_no_lora_ln_fp32_layer10_seed44_lr1em3,finished,2026-03-16 18:21:39+00:00,apertus,ln_fp32,10,44,1e-3,float32,layernorm,0.19783645868301392,train/longfact_test_apertus/span_max_auc,0.8739707891725341,apertus,span_max,auc
9s2c6c1h,apertus_no_lora_ln_fp32_layer10_seed44_lr1em4,finished,2026-03-16 18:21:39+00:00,apertus,ln_fp32,10,44,1e-4,float32,layernorm,0.32758116722106934,train/longfact_test_apertus/span_max_auc,0.8527739189150668,apertus,span_max,auc
u1cqzubx,apertus_no_lora_ln_fp32_layer10_seed44_lr3em4,finished,2026-03-16 18:21:39+00:00,apertus,ln_fp32,10,44,3e-4,float32,layernorm,0.2790237069129944,train/longfact_test_apertus/span_max_auc,0.8667863227443827,apertus,span_max,auc
jd8rl3y0,apertus_no_lora_ln_fp32_layer10_seed44_lr3em5,finished,2026-03-16 18:21:39+00:00,apertus,ln_fp32,10,44,3e-5,float32,layernorm,0.29283058643341064,train/longfact_test_apertus/span_max_auc,0.827839391032739,apertus,span_max,auc
tvxgxlk0,apertus_no_lora_ln_fp32_layer20_seed42_lr1em3,finished,2026-03-16 18:21:39+00:00,apertus,ln_fp32,20,42,1e-3,float32,layernorm,0.11203589290380478,train/longfact_test_apertus/span_max_auc,0.8833842368985305,apertus,span_max,auc
szjyc7rq,apertus_no_lora_ln_fp32_layer20_seed42_lr1em4,finished,2026-03-16 18:21:39+00:00,apertus,ln_fp32,20,42,1e-4,float32,layernorm,0.3388446271419525,train/longfact_test_apertus/span_max_auc,0.8585487314665725,apertus,span_max,auc
j1ydn4mi,apertus_no_lora_ln_fp32_layer20_seed42_lr3em4,finished,2026-03-16 18:21:39+00:00,apertus,ln_fp32,20,42,3e-4,float32,layernorm,0.18392929434776303,train/longfact_test_apertus/span_max_auc,0.8744631135306493,apertus,span_max,auc
mru621ko,apertus_no_lora_ln_fp32_layer20_seed42_lr3em5,finished,2026-03-16 18:21:39+00:00,apertus,ln_fp32,20,42,3e-5,float32,layernorm,0.6155123114585876,train/longfact_test_apertus/span_max_auc,0.8268729078143006,apertus,span_max,auc
cuinxn0m,apertus_no_lora_ln_fp32_layer20_seed43_lr1em3,finished,2026-03-16 18:21:39+00:00,apertus,ln_fp32,20,43,1e-3,float32,layernorm,0.2761920690536499,train/longfact_test_apertus/span_max_auc,0.883499295763581,apertus,span_max,auc
gfuz02ro,apertus_no_lora_ln_fp32_layer20_seed43_lr1em4,finished,2026-03-16 18:21:39+00:00,apertus,ln_fp32,20,43,1e-4,float32,layernorm,0.28859972953796387,train/longfact_test_apertus/span_max_auc,0.8582440636904687,apertus,span_max,auc
bydlptvs,apertus_no_lora_ln_fp32_layer20_seed43_lr3em4,finished,2026-03-16 18:21:39+00:00,apertus,ln_fp32,20,43,3e-4,float32,layernorm,0.27679380774497986,train/longfact_test_apertus/span_max_auc,0.8739715122573645,apertus,span_max,auc
5a8w5arg,apertus_no_lora_ln_fp32_layer20_seed43_lr3em5,finished,2026-03-16 18:21:39+00:00,apertus,ln_fp32,20,43,3e-5,float32,layernorm,0.30041441321372986,train/longfact_test_apertus/span_max_auc,0.8268293138333102,apertus,span_max,auc
3wystufk,apertus_no_lora_ln_fp32_layer20_seed44_lr1em3,finished,2026-03-16 18:21:39+00:00,apertus,ln_fp32,20,44,1e-3,float32,layernorm,0.37859293818473816,train/longfact_test_apertus/span_max_auc,0.8823919315173749,apertus,span_max,auc
ipm80jlq,apertus_no_lora_ln_fp32_layer20_seed44_lr1em4,finished,2026-03-16 18:21:39+00:00,apertus,ln_fp32,20,44,1e-4,float32,layernorm,0.39040952920913696,train/longfact_test_apertus/span_max_auc,0.8579970257753389,apertus,span_max,auc
28tm3neg,apertus_no_lora_ln_fp32_layer20_seed44_lr3em4,finished,2026-03-16 18:21:39+00:00,apertus,ln_fp32,20,44,3e-4,float32,layernorm,0.4330550134181976,train/longfact_test_apertus/span_max_auc,0.8734571900518566,apertus,span_max,auc
zoq512xp,apertus_no_lora_ln_fp32_layer20_seed44_lr3em5,finished,2026-03-16 18:21:39+00:00,apertus,ln_fp32,20,44,3e-5,float32,layernorm,0.37936899065971375,train/longfact_test_apertus/span_max_auc,0.8268801949025347,apertus,span_max,auc
8hrkgqv3,apertus_no_lora_ln_fp32_layer26_seed42_lr1em3,finished,2026-03-16 18:21:39+00:00,apertus,ln_fp32,26,42,1e-3,float32,layernorm,0.17951826751232147,train/longfact_test_apertus/span_max_auc,0.8709000808923033,apertus,span_max,auc
rlqcb2g4,apertus_no_lora_ln_fp32_layer26_seed42_lr1em4,finished,2026-03-16 18:21:39+00:00,apertus,ln_fp32,26,42,1e-4,float32,layernorm,0.3578282594680786,train/longfact_test_apertus/span_max_auc,0.8442303583084584,apertus,span_max,auc
r2wu0aof,apertus_no_lora_ln_fp32_layer26_seed42_lr3em4,finished,2026-03-16 18:21:39+00:00,apertus,ln_fp32,26,42,3e-4,float32,layernorm,0.24504521489143372,train/longfact_test_apertus/span_max_auc,0.8618915285341647,apertus,span_max,auc
okj43cej,apertus_no_lora_ln_fp32_layer26_seed42_lr3em5,finished,2026-03-16 18:21:39+00:00,apertus,ln_fp32,26,42,3e-5,float32,layernorm,0.6153150200843811,train/longfact_test_apertus/span_max_auc,0.8033459368626107,apertus,span_max,auc
44fifewm,apertus_no_lora_ln_fp32_layer26_seed43_lr1em3,finished,2026-03-16 18:21:39+00:00,apertus,ln_fp32,26,43,1e-3,float32,layernorm,0.26287174224853516,train/longfact_test_apertus/span_max_auc,0.8706128394606096,apertus,span_max,auc
cfgw5o62,apertus_no_lora_ln_fp32_layer26_seed43_lr1em4,finished,2026-03-16 18:21:39+00:00,apertus,ln_fp32,26,43,1e-4,float32,layernorm,0.27609291672706604,train/longfact_test_apertus/span_max_auc,0.8447542493365535,apertus,span_max,auc
5yjm6w2c,apertus_no_lora_ln_fp32_layer26_seed43_lr3em4,finished,2026-03-16 18:21:39+00:00,apertus,ln_fp32,26,43,3e-4,float32,layernorm,0.268221378326416,train/longfact_test_apertus/span_max_auc,0.8614452164740836,apertus,span_max,auc
bj0fbt17,apertus_no_lora_ln_fp32_layer26_seed43_lr3em5,finished,2026-03-16 18:21:39+00:00,apertus,ln_fp32,26,43,3e-5,float32,layernorm,0.28795114159584045,train/longfact_test_apertus/span_max_auc,0.8039291690524449,apertus,span_max,auc
thtwlsce,apertus_no_lora_ln_fp32_layer26_seed44_lr1em3,finished,2026-03-16 18:21:39+00:00,apertus,ln_fp32,26,44,1e-3,float32,layernorm,0.4517517387866974,train/longfact_test_apertus/span_max_auc,0.8704566692058192,apertus,span_max,auc
a2rdvxyc,apertus_no_lora_ln_fp32_layer26_seed44_lr1em4,finished,2026-03-16 18:21:39+00:00,apertus,ln_fp32,26,44,1e-4,float32,layernorm,0.28372296690940857,train/longfact_test_apertus/span_max_auc,0.8445769007305117,apertus,span_max,auc
veq9b7kw,apertus_no_lora_ln_fp32_layer26_seed44_lr3em4,finished,2026-03-16 18:21:39+00:00,apertus,ln_fp32,26,44,3e-4,float32,layernorm,0.37059929966926575,train/longfact_test_apertus/span_max_auc,0.8605024504380787,apertus,span_max,auc
5aqux06m,apertus_no_lora_ln_fp32_layer26_seed44_lr3em5,finished,2026-03-16 18:21:39+00:00,apertus,ln_fp32,26,44,3e-5,float32,layernorm,0.3035992383956909,train/longfact_test_apertus/span_max_auc,0.8040611320339724,apertus,span_max,auc
qg1y3gso,apertus_no_lora_ln_fp32_layer30_seed42_lr1em3,finished,2026-03-16 18:21:39+00:00,apertus,ln_fp32,30,42,1e-3,float32,layernorm,0.1903767287731171,train/longfact_test_apertus/span_max_auc,0.870839068601179,apertus,span_max,auc
r9e2fhqm,apertus_no_lora_ln_fp32_layer30_seed42_lr1em4,finished,2026-03-16 18:21:39+00:00,apertus,ln_fp32,30,42,1e-4,float32,layernorm,0.38982802629470825,train/longfact_test_apertus/span_max_auc,0.8482991486142111,apertus,span_max,auc
e24v1w1s,apertus_no_lora_ln_fp32_layer30_seed42_lr3em4,finished,2026-03-16 18:21:39+00:00,apertus,ln_fp32,30,42,3e-4,float32,layernorm,0.2570212781429291,train/longfact_test_apertus/span_max_auc,0.8622062793265131,apertus,span_max,auc
jtcznw8g,apertus_no_lora_ln_fp32_layer30_seed42_lr3em5,finished,2026-03-16 18:21:39+00:00,apertus,ln_fp32,30,42,3e-5,float32,layernorm,0.6943867206573486,train/longfact_test_apertus/span_max_auc,0.8190889237190818,apertus,span_max,auc
v3qqa12o,apertus_no_lora_ln_fp32_layer30_seed43_lr1em3,finished,2026-03-16 18:21:39+00:00,apertus,ln_fp32,30,43,1e-3,float32,layernorm,0.2808498740196228,train/longfact_test_apertus/span_max_auc,0.8695901725508578,apertus,span_max,auc
lgm2cr72,apertus_no_lora_ln_fp32_layer30_seed43_lr1em4,finished,2026-03-16 18:21:39+00:00,apertus,ln_fp32,30,43,1e-4,float32,layernorm,0.2797033190727234,train/longfact_test_apertus/span_max_auc,0.8489870272475396,apertus,span_max,auc
f873k60o,apertus_no_lora_ln_fp32_layer30_seed43_lr3em4,finished,2026-03-16 18:21:39+00:00,apertus,ln_fp32,30,43,3e-4,float32,layernorm,0.28264516592025757,train/longfact_test_apertus/span_max_auc,0.8616280605248356,apertus,span_max,auc
ybsg28sj,apertus_no_lora_ln_fp32_layer30_seed43_lr3em5,finished,2026-03-16 18:21:39+00:00,apertus,ln_fp32,30,43,3e-5,float32,layernorm,0.30628159642219543,train/longfact_test_apertus/span_max_auc,0.8200433073180265,apertus,span_max,auc
kn811t36,apertus_no_lora_ln_fp32_layer30_seed44_lr1em3,finished,2026-03-16 18:21:39+00:00,apertus,ln_fp32,30,44,1e-3,float32,layernorm,0.3007677495479584,train/longfact_test_apertus/span_max_auc,0.8705196177574338,apertus,span_max,auc
wf8rodcd,apertus_no_lora_ln_fp32_layer30_seed44_lr1em4,finished,2026-03-16 18:21:39+00:00,apertus,ln_fp32,30,44,1e-4,float32,layernorm,0.3687911331653595,train/longfact_test_apertus/span_max_auc,0.8489062908091001,apertus,span_max,auc
524a5l0b,apertus_no_lora_ln_fp32_layer30_seed44_lr3em4,finished,2026-03-16 18:21:39+00:00,apertus,ln_fp32,30,44,3e-4,float32,layernorm,0.3833605647087097,train/longfact_test_apertus/span_max_auc,0.8623067559808194,apertus,span_max,auc
m6zpszut,apertus_no_lora_ln_fp32_layer30_seed44_lr3em5,finished,2026-03-16 18:21:39+00:00,apertus,ln_fp32,30,44,3e-5,float32,layernorm,0.4072107970714569,train/longfact_test_apertus/span_max_auc,0.8199808327886897,apertus,span_max,auc
2msk68xv,apertus_no_lora_long_form_layer10_seed42,finished,2026-03-02 14:54:28+00:00,apertus,apertus_layers,10,42,,bfloat16,none,0.1188635155558586,train/longfact_test_apertus/span_max_f1,0.6256711838404501,apertus,span_max,f1
ennpfi5c,apertus_no_lora_long_form_layer10_seed43,finished,2026-03-02 14:55:28+00:00,apertus,apertus_layers,10,43,,bfloat16,none,0.2892115116119385,train/longfact_test_apertus/span_max_f1,0.6383917626869331,apertus,span_max,f1
ckfvtpqq,apertus_no_lora_long_form_layer10_seed44,finished,2026-03-02 14:55:28+00:00,apertus,apertus_layers,10,44,,bfloat16,none,0.14164792001247406,train/longfact_test_apertus/span_max_f1,0.6508443633044272,apertus,span_max,f1
5w54hojz,apertus_no_lora_long_form_layer20_seed42,finished,2026-03-02 14:56:24+00:00,apertus,apertus_layers,20,42,,bfloat16,none,0.002515794476494193,train/longfact_test_apertus/span_max_f1,0.6130918262065803,apertus,span_max,f1
h3qhm4bp,apertus_no_lora_long_form_layer20_seed43,finished,2026-03-02 14:56:24+00:00,apertus,apertus_layers,20,43,,bfloat16,none,0.4361111521720886,train/longfact_test_apertus/span_max_f1,0.6289351851851852,apertus,span_max,f1
1sb6t3rt,apertus_no_lora_long_form_layer20_seed44,finished,2026-03-02 14:56:24+00:00,apertus,apertus_layers,20,44,,bfloat16,none,0.9805268049240112,train/longfact_test_apertus/span_max_f1,0.6199556541019956,apertus,span_max,f1
fjxaywoo,apertus_no_lora_long_form_layer26_seed42,finished,2026-03-02 14:56:59+00:00,apertus,apertus_layers,26,42,,bfloat16,none,0.022064460441470143,train/longfact_test_apertus/span_max_f1,0.6102060373742214,apertus,span_max,f1
fc3llcx0,apertus_no_lora_long_form_layer26_seed43,finished,2026-03-02 14:58:28+00:00,apertus,apertus_layers,26,43,,bfloat16,none,4.096796035766602,train/longfact_test_apertus/span_max_f1,0.6083923950950613,apertus,span_max,f1
gtn6g9ne,apertus_no_lora_long_form_layer26_seed44,finished,2026-03-02 14:58:28+00:00,apertus,apertus_layers,26,44,,bfloat16,none,0.0003512128023430705,train/longfact_test_apertus/span_max_f1,0.5996109394667583,apertus,span_max,f1
pk12wkry,apertus_no_lora_long_form_layer30_seed42,finished,2026-03-02 14:58:28+00:00,apertus,apertus_layers,30,42,,bfloat16,none,82.0517578125,train/longfact_test_apertus/span_max_f1,0.0022512381809995496,apertus,span_max,f1
vhvivjkc,apertus_no_lora_long_form_layer30_seed43,finished,2026-03-02 14:58:28+00:00,apertus,apertus_layers,30,43,,bfloat16,none,10.69191074371338,train/longfact_test_apertus/span_max_f1,0.6132937978749691,apertus,span_max,f1
agskbmvs,apertus_no_lora_long_form_layer30_seed44,finished,2026-03-02 14:58:28+00:00,apertus,apertus_layers,30,44,,bfloat16,none,0.0001453680742997676,train/longfact_test_apertus/span_max_f1,0.586879664789839,apertus,span_max,f1
o5fobkxj,apertus_no_lora_bf16_only_layer10_seed42_lr1em3,finished,2026-03-16 01:21:45+00:00,apertus,bf16_only,10,42,1e-3,bfloat16,none,0.1060740053653717,train/longfact_test_apertus/span_max_f1,0.6284263959390863,apertus,span_max,f1
ngsqu3i1,apertus_no_lora_bf16_only_layer10_seed42_lr1em4,finished,2026-03-16 01:21:45+00:00,apertus,bf16_only,10,42,1e-4,bfloat16,none,0.11451046913862228,train/longfact_test_apertus/span_max_f1,0.596457404506567,apertus,span_max,f1
5xzqhvy4,apertus_no_lora_bf16_only_layer10_seed42_lr3em4,finished,2026-03-16 01:21:45+00:00,apertus,bf16_only,10,42,3e-4,bfloat16,none,0.11626026779413225,train/longfact_test_apertus/span_max_f1,0.6246253746253746,apertus,span_max,f1
83kur7ka,apertus_no_lora_bf16_only_layer10_seed42_lr3em5,finished,2026-03-16 01:21:45+00:00,apertus,bf16_only,10,42,3e-5,bfloat16,none,0.4366786777973175,train/longfact_test_apertus/span_max_f1,0.4991952172913313,apertus,span_max,f1
j9k3f0jm,apertus_no_lora_bf16_only_layer10_seed43_lr1em3,finished,2026-03-16 01:21:44+00:00,apertus,bf16_only,10,43,1e-3,bfloat16,none,0.3009301424026489,train/longfact_test_apertus/span_max_f1,0.6400980993255672,apertus,span_max,f1
ougxjsfh,apertus_no_lora_bf16_only_layer10_seed43_lr1em4,finished,2026-03-16 01:21:44+00:00,apertus,bf16_only,10,43,1e-4,bfloat16,none,0.27749955654144287,train/longfact_test_apertus/span_max_f1,0.5850006137228427,apertus,span_max,f1
21sy8y12,apertus_no_lora_bf16_only_layer10_seed43_lr3em4,finished,2026-03-16 01:21:44+00:00,apertus,bf16_only,10,43,3e-4,bfloat16,none,0.2755349278450012,train/longfact_test_apertus/span_max_f1,0.6170566423730981,apertus,span_max,f1
t26a4uwp,apertus_no_lora_bf16_only_layer10_seed43_lr3em5,finished,2026-03-16 01:21:44+00:00,apertus,bf16_only,10,43,3e-5,bfloat16,none,0.3126707673072815,train/longfact_test_apertus/span_max_f1,0.4965197215777262,apertus,span_max,f1
p9n6ul1e,apertus_no_lora_bf16_only_layer10_seed44_lr1em3,finished,2026-03-16 01:21:44+00:00,apertus,bf16_only,10,44,1e-3,bfloat16,none,0.15629735589027405,train/longfact_test_apertus/span_max_f1,0.6497096399535424,apertus,span_max,f1
feljklm1,apertus_no_lora_bf16_only_layer10_seed44_lr1em4,finished,2026-03-16 01:21:44+00:00,apertus,bf16_only,10,44,1e-4,bfloat16,none,0.593794047832489,train/longfact_test_apertus/span_max_f1,0.5950772200772201,apertus,span_max,f1
lfafy2oe,apertus_no_lora_bf16_only_layer10_seed44_lr3em4,finished,2026-03-16 01:21:44+00:00,apertus,bf16_only,10,44,3e-4,bfloat16,none,0.2656649947166443,train/longfact_test_apertus/span_max_f1,0.625,apertus,span_max,f1
r3oezlrl,apertus_no_lora_bf16_only_layer10_seed44_lr3em5,finished,2026-03-16 01:21:44+00:00,apertus,bf16_only,10,44,3e-5,bfloat16,none,0.7305357456207275,train/longfact_test_apertus/span_max_f1,0.49884098284654615,apertus,span_max,f1
uw94ef5i,apertus_no_lora_bf16_only_layer20_seed42_lr1em3,finished,2026-03-16 01:21:44+00:00,apertus,bf16_only,20,42,1e-3,bfloat16,none,0.006061427295207977,train/longfact_test_apertus/span_max_f1,0.6151688675937829,apertus,span_max,f1
ymsrn4r6,apertus_no_lora_bf16_only_layer20_seed42_lr1em4,finished,2026-03-16 01:21:44+00:00,apertus,bf16_only,20,42,1e-4,bfloat16,none,0.04400371387600899,train/longfact_test_apertus/span_max_f1,0.5767245918904687,apertus,span_max,f1
uy0gdnv4,apertus_no_lora_bf16_only_layer20_seed42_lr3em4,finished,2026-03-16 01:21:44+00:00,apertus,bf16_only,20,42,3e-4,bfloat16,none,0.00907330308109522,train/longfact_test_apertus/span_max_f1,0.6102455146364495,apertus,span_max,f1
fu81gp5i,apertus_no_lora_bf16_only_layer20_seed42_lr3em5,finished,2026-03-16 01:21:44+00:00,apertus,bf16_only,20,42,3e-5,bfloat16,none,2.1262459754943848,train/longfact_test_apertus/span_max_f1,0.4776366077884516,apertus,span_max,f1
2g6rw2bt,apertus_no_lora_bf16_only_layer20_seed43_lr1em3,finished,2026-03-16 01:21:44+00:00,apertus,bf16_only,20,43,1e-3,bfloat16,none,0.5826413631439209,train/longfact_test_apertus/span_max_f1,0.629252090253121,apertus,span_max,f1
7ynpw2cn,apertus_no_lora_bf16_only_layer20_seed43_lr1em4,finished,2026-03-16 01:21:44+00:00,apertus,bf16_only,20,43,1e-4,bfloat16,none,1.368619084358215,train/longfact_test_apertus/span_max_f1,0.5712740644603072,apertus,span_max,f1
900ivg46,apertus_no_lora_bf16_only_layer20_seed43_lr3em4,finished,2026-03-16 01:21:44+00:00,apertus,bf16_only,20,43,3e-4,bfloat16,none,0.40857547521591187,train/longfact_test_apertus/span_max_f1,0.6334575849994353,apertus,span_max,f1
qo5cb98m,apertus_no_lora_bf16_only_layer20_seed43_lr3em5,finished,2026-03-16 01:21:44+00:00,apertus,bf16_only,20,43,3e-5,bfloat16,none,6.096769332885742,train/longfact_test_apertus/span_max_f1,0.4825298081907724,apertus,span_max,f1
99kvtmj8,apertus_no_lora_bf16_only_layer20_seed44_lr1em3,finished,2026-03-16 01:21:44+00:00,apertus,bf16_only,20,44,1e-3,bfloat16,none,0.13294142484664917,train/longfact_test_apertus/span_max_f1,0.6215690512210936,apertus,span_max,f1
g1itgrow,apertus_no_lora_bf16_only_layer20_seed44_lr1em4,finished,2026-03-16 01:21:44+00:00,apertus,bf16_only,20,44,1e-4,bfloat16,none,4.639030521502718e-05,train/longfact_test_apertus/span_max_f1,0.5754535752401281,apertus,span_max,f1
vuc2g8id,apertus_no_lora_bf16_only_layer20_seed44_lr3em4,finished,2026-03-16 01:21:44+00:00,apertus,bf16_only,20,44,3e-4,bfloat16,none,0.2754364609718323,train/longfact_test_apertus/span_max_f1,0.6229719565918126,apertus,span_max,f1
v52uwh1g,apertus_no_lora_bf16_only_layer20_seed44_lr3em5,finished,2026-03-16 01:21:44+00:00,apertus,bf16_only,20,44,3e-5,bfloat16,none,23.12533187866211,train/longfact_test_apertus/span_max_f1,0.47951882194337864,apertus,span_max,f1
vz5jn274,apertus_no_lora_bf16_only_layer26_seed42_lr1em3,finished,2026-03-16 01:21:44+00:00,apertus,bf16_only,26,42,1e-3,bfloat16,none,0.023973966017365456,train/longfact_test_apertus/span_max_f1,0.590685066535239,apertus,span_max,f1
4drsxr5u,apertus_no_lora_bf16_only_layer26_seed42_lr1em4,finished,2026-03-16 01:21:44+00:00,apertus,bf16_only,26,42,1e-4,bfloat16,none,0.023594362661242485,train/longfact_test_apertus/span_max_f1,0.5692324347731947,apertus,span_max,f1
1crms08u,apertus_no_lora_bf16_only_layer26_seed42_lr3em4,finished,2026-03-16 01:21:44+00:00,apertus,bf16_only,26,42,3e-4,bfloat16,none,0.006822563707828522,train/longfact_test_apertus/span_max_f1,0.5936355311355311,apertus,span_max,f1
cq95ctu3,apertus_no_lora_bf16_only_layer26_seed42_lr3em5,finished,2026-03-16 01:21:44+00:00,apertus,bf16_only,26,42,3e-5,bfloat16,none,0.9924049973487854,train/longfact_test_apertus/span_max_f1,0.46763264880642136,apertus,span_max,f1
q08ckrfy,apertus_no_lora_bf16_only_layer26_seed43_lr1em3,finished,2026-03-16 01:21:45+00:00,apertus,bf16_only,26,43,1e-3,bfloat16,none,4.096848487854004,train/longfact_test_apertus/span_max_f1,0.6080160768114324,apertus,span_max,f1
hirctdjt,apertus_no_lora_bf16_only_layer26_seed43_lr1em4,finished,2026-03-16 01:21:45+00:00,apertus,bf16_only,26,43,1e-4,bfloat16,none,4.878128528594971,train/longfact_test_apertus/span_max_f1,0.5627800240410884,apertus,span_max,f1
psn29j9n,apertus_no_lora_bf16_only_layer26_seed43_lr3em4,finished,2026-03-16 01:21:45+00:00,apertus,bf16_only,26,43,3e-4,bfloat16,none,1.7208261489868164,train/longfact_test_apertus/span_max_f1,0.5974420117060482,apertus,span_max,f1
lx8g6b8s,apertus_no_lora_bf16_only_layer26_seed43_lr3em5,finished,2026-03-16 01:21:45+00:00,apertus,bf16_only,26,43,3e-5,bfloat16,none,12.94149684906006,train/longfact_test_apertus/span_max_f1,0.46956889264581575,apertus,span_max,f1
wixkxx9v,apertus_no_lora_bf16_only_layer26_seed44_lr1em3,finished,2026-03-16 01:21:44+00:00,apertus,bf16_only,26,44,1e-3,bfloat16,none,10.250615119934082,train/longfact_test_apertus/span_max_f1,0.6145833333333334,apertus,span_max,f1
2r4mqan8,apertus_no_lora_bf16_only_layer26_seed44_lr1em4,finished,2026-03-16 01:21:44+00:00,apertus,bf16_only,26,44,1e-4,bfloat16,none,0.0004059617640450597,train/longfact_test_apertus/span_max_f1,0.5663444639718805,apertus,span_max,f1
v3h0pfq3,apertus_no_lora_bf16_only_layer26_seed44_lr3em4,finished,2026-03-16 01:21:44+00:00,apertus,bf16_only,26,44,3e-4,bfloat16,none,0.3673836886882782,train/longfact_test_apertus/span_max_f1,0.5936202752894909,apertus,span_max,f1
muqajhqb,apertus_no_lora_bf16_only_layer26_seed44_lr3em5,finished,2026-03-16 01:21:44+00:00,apertus,bf16_only,26,44,3e-5,bfloat16,none,7.75074577331543,train/longfact_test_apertus/span_max_f1,0.46739708541644504,apertus,span_max,f1
imd2hxzj,apertus_no_lora_bf16_only_layer30_seed42_lr1em3,finished,2026-03-16 01:21:44+00:00,apertus,bf16_only,30,42,1e-3,bfloat16,none,82.0517578125,train/longfact_test_apertus/span_max_f1,0.0,apertus,span_max,f1
g9535ebe,apertus_no_lora_bf16_only_layer30_seed42_lr1em4,finished,2026-03-16 01:21:44+00:00,apertus,bf16_only,30,42,1e-4,bfloat16,none,0.033634547144174576,train/longfact_test_apertus/span_max_f1,0.5783573552962709,apertus,span_max,f1
j9yucacb,apertus_no_lora_bf16_only_layer30_seed42_lr3em4,finished,2026-03-16 01:21:44+00:00,apertus,bf16_only,30,42,3e-4,bfloat16,none,0.025012411177158356,train/longfact_test_apertus/span_max_f1,0.6050135501355014,apertus,span_max,f1
4bo3xdzv,apertus_no_lora_bf16_only_layer30_seed42_lr3em5,finished,2026-03-16 01:21:44+00:00,apertus,bf16_only,30,42,3e-5,bfloat16,none,33.04824447631836,train/longfact_test_apertus/span_max_f1,0.42534744358026266,apertus,span_max,f1
a55rsp1p,apertus_no_lora_bf16_only_layer30_seed43_lr1em3,finished,2026-03-16 01:21:45+00:00,apertus,bf16_only,30,43,1e-3,bfloat16,none,9.379252433776855,train/longfact_test_apertus/span_max_f1,0.5964912280701754,apertus,span_max,f1
5uzjpj1x,apertus_no_lora_bf16_only_layer30_seed43_lr1em4,finished,2026-03-16 01:21:45+00:00,apertus,bf16_only,30,43,1e-4,bfloat16,none,6.222002029418945,train/longfact_test_apertus/span_max_f1,0.5706794345645235,apertus,span_max,f1
fctlmblr,apertus_no_lora_bf16_only_layer30_seed43_lr3em4,finished,2026-03-16 01:21:45+00:00,apertus,bf16_only,30,43,3e-4,bfloat16,none,5.815634250640869,train/longfact_test_apertus/span_max_f1,0.5913673954911068,apertus,span_max,f1
580vhzgn,apertus_no_lora_bf16_only_layer30_seed43_lr3em5,finished,2026-03-16 01:21:45+00:00,apertus,bf16_only,30,43,3e-5,bfloat16,none,10.316194534301758,train/longfact_test_apertus/span_max_f1,0.41319757700734633,apertus,span_max,f1
uns2a6j2,apertus_no_lora_bf16_only_layer30_seed44_lr1em3,finished,2026-03-16 01:21:44+00:00,apertus,bf16_only,30,44,1e-3,bfloat16,none,0.0,train/longfact_test_apertus/span_max_f1,0.0058309037900874635,apertus,span_max,f1
m97ar22y,apertus_no_lora_bf16_only_layer30_seed44_lr1em4,finished,2026-03-16 01:21:44+00:00,apertus,bf16_only,30,44,1e-4,bfloat16,none,10.063371658325195,train/longfact_test_apertus/span_max_f1,0.565763688760807,apertus,span_max,f1
hr0vmzt0,apertus_no_lora_bf16_only_layer30_seed44_lr3em4,finished,2026-03-16 01:21:44+00:00,apertus,bf16_only,30,44,3e-4,bfloat16,none,6.532261848449707,train/longfact_test_apertus/span_max_f1,0.5978017048003589,apertus,span_max,f1
w644eh9h,apertus_no_lora_bf16_only_layer30_seed44_lr3em5,finished,2026-03-16 01:21:44+00:00,apertus,bf16_only,30,44,3e-5,bfloat16,none,33.25065612792969,train/longfact_test_apertus/span_max_f1,0.4168817759421786,apertus,span_max,f1
3618z7cg,apertus_no_lora_fp32_only_layer10_seed42_lr1em3,finished,2026-03-16 18:21:39+00:00,apertus,fp32_only,10,42,1e-3,float32,none,0.11816876381635666,train/longfact_test_apertus/span_max_f1,0.6206014075495841,apertus,span_max,f1
mhg0ycoh,apertus_no_lora_fp32_only_layer10_seed42_lr1em4,finished,2026-03-16 18:21:39+00:00,apertus,fp32_only,10,42,1e-4,float32,none,0.1332954168319702,train/longfact_test_apertus/span_max_f1,0.6102411135968183,apertus,span_max,f1
b71ik25s,apertus_no_lora_fp32_only_layer10_seed42_lr3em4,finished,2026-03-16 18:21:39+00:00,apertus,fp32_only,10,42,3e-4,float32,none,0.1127048209309578,train/longfact_test_apertus/span_max_f1,0.622766717713119,apertus,span_max,f1
8hl54mqx,apertus_no_lora_fp32_only_layer10_seed42_lr3em5,finished,2026-03-16 18:21:39+00:00,apertus,fp32_only,10,42,3e-5,float32,none,0.15368859469890594,train/longfact_test_apertus/span_max_f1,0.5861114454206282,apertus,span_max,f1
x3sqior5,apertus_no_lora_fp32_only_layer10_seed43_lr1em3,finished,2026-03-16 18:21:39+00:00,apertus,fp32_only,10,43,1e-3,float32,none,0.29647397994995117,train/longfact_test_apertus/span_max_f1,0.6320238687220289,apertus,span_max,f1
dm4602lm,apertus_no_lora_fp32_only_layer10_seed43_lr1em4,finished,2026-03-16 18:21:39+00:00,apertus,fp32_only,10,43,1e-4,float32,none,0.2917933166027069,train/longfact_test_apertus/span_max_f1,0.6059919436052367,apertus,span_max,f1
3mcpf9f3,apertus_no_lora_fp32_only_layer10_seed43_lr3em4,finished,2026-03-16 18:21:39+00:00,apertus,fp32_only,10,43,3e-4,float32,none,0.2921086251735687,train/longfact_test_apertus/span_max_f1,0.6309986217266007,apertus,span_max,f1
0v0cghh6,apertus_no_lora_fp32_only_layer10_seed43_lr3em5,finished,2026-03-16 18:21:39+00:00,apertus,fp32_only,10,43,3e-5,float32,none,0.27485892176628113,train/longfact_test_apertus/span_max_f1,0.5738636363636364,apertus,span_max,f1
k8u6gf39,apertus_no_lora_fp32_only_layer10_seed44_lr1em3,finished,2026-03-16 18:21:39+00:00,apertus,fp32_only,10,44,1e-3,float32,none,0.09856606274843216,train/longfact_test_apertus/span_max_f1,0.6507936507936508,apertus,span_max,f1
rgnn8edm,apertus_no_lora_fp32_only_layer10_seed44_lr1em4,finished,2026-03-16 18:21:39+00:00,apertus,fp32_only,10,44,1e-4,float32,none,0.4017370939254761,train/longfact_test_apertus/span_max_f1,0.6178289872650091,apertus,span_max,f1
1hlg6mhh,apertus_no_lora_fp32_only_layer10_seed44_lr3em4,finished,2026-03-16 18:21:39+00:00,apertus,fp32_only,10,44,3e-4,float32,none,0.3334559202194214,train/longfact_test_apertus/span_max_f1,0.6400096641700894,apertus,span_max,f1
h32xr3bj,apertus_no_lora_fp32_only_layer10_seed44_lr3em5,finished,2026-03-16 18:21:39+00:00,apertus,fp32_only,10,44,3e-5,float32,none,0.6063321232795715,train/longfact_test_apertus/span_max_f1,0.5800823842985219,apertus,span_max,f1
7otuls41,apertus_no_lora_fp32_only_layer20_seed42_lr1em3,finished,2026-03-16 18:21:39+00:00,apertus,fp32_only,20,42,1e-3,float32,none,0.0014074433129280806,train/longfact_test_apertus/span_max_f1,0.6230389959659346,apertus,span_max,f1
h3hhroh2,apertus_no_lora_fp32_only_layer20_seed42_lr1em4,finished,2026-03-16 18:21:39+00:00,apertus,fp32_only,20,42,1e-4,float32,none,0.005417922046035528,train/longfact_test_apertus/span_max_f1,0.58504651429884,apertus,span_max,f1
gbg3qolw,apertus_no_lora_fp32_only_layer20_seed42_lr3em4,finished,2026-03-16 18:21:39+00:00,apertus,fp32_only,20,42,3e-4,float32,none,0.012795637361705303,train/longfact_test_apertus/span_max_f1,0.6068816688646446,apertus,span_max,f1
vpc4pmw1,apertus_no_lora_fp32_only_layer20_seed42_lr3em5,finished,2026-03-16 18:21:39+00:00,apertus,fp32_only,20,42,3e-5,float32,none,0.4815448522567749,train/longfact_test_apertus/span_max_f1,0.5612510860121633,apertus,span_max,f1
4hd86xs1,apertus_no_lora_fp32_only_layer20_seed43_lr1em3,finished,2026-03-16 18:21:39+00:00,apertus,fp32_only,20,43,1e-3,float32,none,0.7915925979614258,train/longfact_test_apertus/span_max_f1,0.626269621421976,apertus,span_max,f1
dtswvc78,apertus_no_lora_fp32_only_layer20_seed43_lr1em4,finished,2026-03-16 18:21:39+00:00,apertus,fp32_only,20,43,1e-4,float32,none,0.9363940954208374,train/longfact_test_apertus/span_max_f1,0.5901818978742056,apertus,span_max,f1
r4canywa,apertus_no_lora_fp32_only_layer20_seed43_lr3em4,finished,2026-03-16 18:21:39+00:00,apertus,fp32_only,20,43,3e-4,float32,none,0.4842445254325866,train/longfact_test_apertus/span_max_f1,0.6333179297597042,apertus,span_max,f1
5pryw2ji,apertus_no_lora_fp32_only_layer20_seed43_lr3em5,finished,2026-03-16 18:21:39+00:00,apertus,fp32_only,20,43,3e-5,float32,none,2.3771839141845703,train/longfact_test_apertus/span_max_f1,0.555457939819899,apertus,span_max,f1
cu47livm,apertus_no_lora_fp32_only_layer20_seed44_lr1em3,finished,2026-03-16 18:21:39+00:00,apertus,fp32_only,20,44,1e-3,float32,none,0.8405814170837402,train/longfact_test_apertus/span_max_f1,0.6241167084568042,apertus,span_max,f1
7cq66mkt,apertus_no_lora_fp32_only_layer20_seed44_lr1em4,finished,2026-03-16 18:21:39+00:00,apertus,fp32_only,20,44,1e-4,float32,none,0.00021276120969559997,train/longfact_test_apertus/span_max_f1,0.5867480383609416,apertus,span_max,f1
wrlr6qli,apertus_no_lora_fp32_only_layer20_seed44_lr3em4,finished,2026-03-16 18:21:39+00:00,apertus,fp32_only,20,44,3e-4,float32,none,0.7323926091194153,train/longfact_test_apertus/span_max_f1,0.6213504678164806,apertus,span_max,f1
nkk8fdiv,apertus_no_lora_fp32_only_layer20_seed44_lr3em5,finished,2026-03-16 18:21:39+00:00,apertus,fp32_only,20,44,3e-5,float32,none,3.7443130016326904,train/longfact_test_apertus/span_max_f1,0.556844044651566,apertus,span_max,f1
jeyu4ke4,apertus_no_lora_fp32_only_layer26_seed42_lr1em3,finished,2026-03-16 18:21:39+00:00,apertus,fp32_only,26,42,1e-3,float32,none,0.02182931825518608,train/longfact_test_apertus/span_max_f1,0.6010733452593918,apertus,span_max,f1
6jnxw4n2,apertus_no_lora_fp32_only_layer26_seed42_lr1em4,finished,2026-03-16 18:21:39+00:00,apertus,fp32_only,26,42,1e-4,float32,none,0.017278315499424934,train/longfact_test_apertus/span_max_f1,0.5734618916437099,apertus,span_max,f1
vz2hbt4t,apertus_no_lora_fp32_only_layer26_seed42_lr3em4,finished,2026-03-16 18:21:39+00:00,apertus,fp32_only,26,42,3e-4,float32,none,0.006629477255046368,train/longfact_test_apertus/span_max_f1,0.5804105571847508,apertus,span_max,f1
g2rdqxou,apertus_no_lora_fp32_only_layer26_seed42_lr3em5,finished,2026-03-16 18:21:39+00:00,apertus,fp32_only,26,42,3e-5,float32,none,0.029366448521614075,train/longfact_test_apertus/span_max_f1,0.5438713998660415,apertus,span_max,f1
g557mw8r,apertus_no_lora_fp32_only_layer26_seed43_lr1em3,finished,2026-03-16 18:21:39+00:00,apertus,fp32_only,26,43,1e-3,float32,none,5.589945316314697,train/longfact_test_apertus/span_max_f1,0.6084351233002996,apertus,span_max,f1
xtj1l55e,apertus_no_lora_fp32_only_layer26_seed43_lr1em4,finished,2026-03-16 18:21:39+00:00,apertus,fp32_only,26,43,1e-4,float32,none,2.261085033416748,train/longfact_test_apertus/span_max_f1,0.5760916558581928,apertus,span_max,f1
tn9zon9i,apertus_no_lora_fp32_only_layer26_seed43_lr3em4,finished,2026-03-16 18:21:39+00:00,apertus,fp32_only,26,43,3e-4,float32,none,1.2675254344940186,train/longfact_test_apertus/span_max_f1,0.5969089868345736,apertus,span_max,f1
gi60xrz3,apertus_no_lora_fp32_only_layer26_seed43_lr3em5,finished,2026-03-16 18:21:39+00:00,apertus,fp32_only,26,43,3e-5,float32,none,5.592858791351318,train/longfact_test_apertus/span_max_f1,0.5445003280122458,apertus,span_max,f1
p7gub5up,apertus_no_lora_fp32_only_layer26_seed44_lr1em3,finished,2026-03-16 18:21:39+00:00,apertus,fp32_only,26,44,1e-3,float32,none,2.7211620807647705,train/longfact_test_apertus/span_max_f1,0.6127401415571284,apertus,span_max,f1
gani1xp7,apertus_no_lora_fp32_only_layer26_seed44_lr1em4,finished,2026-03-16 18:21:39+00:00,apertus,fp32_only,26,44,1e-4,float32,none,0.061501313000917435,train/longfact_test_apertus/span_max_f1,0.5763338041942845,apertus,span_max,f1
ill5vvx2,apertus_no_lora_fp32_only_layer26_seed44_lr3em4,finished,2026-03-16 18:21:39+00:00,apertus,fp32_only,26,44,3e-4,float32,none,0.02174818329513073,train/longfact_test_apertus/span_max_f1,0.5998464743941222,apertus,span_max,f1
b9ibkxys,apertus_no_lora_fp32_only_layer26_seed44_lr3em5,finished,2026-03-16 18:21:39+00:00,apertus,fp32_only,26,44,3e-5,float32,none,0.0007233090000227094,train/longfact_test_apertus/span_max_f1,0.5483446612584959,apertus,span_max,f1
362f178l,apertus_no_lora_fp32_only_layer30_seed42_lr1em3,finished,2026-03-16 18:21:39+00:00,apertus,fp32_only,30,42,1e-3,float32,none,81.83356475830078,train/longfact_test_apertus/span_max_f1,0.0,apertus,span_max,f1
572p44e7,apertus_no_lora_fp32_only_layer30_seed42_lr1em4,finished,2026-03-16 18:21:39+00:00,apertus,fp32_only,30,42,1e-4,float32,none,0.03013068065047264,train/longfact_test_apertus/span_max_f1,0.574600143232275,apertus,span_max,f1
9k35iiw5,apertus_no_lora_fp32_only_layer30_seed42_lr3em4,finished,2026-03-16 18:21:39+00:00,apertus,fp32_only,30,42,3e-4,float32,none,0.02508390322327614,train/longfact_test_apertus/span_max_f1,0.5889309366130558,apertus,span_max,f1
7u26q4rs,apertus_no_lora_fp32_only_layer30_seed42_lr3em5,finished,2026-03-16 18:21:39+00:00,apertus,fp32_only,30,42,3e-5,float32,none,0.5540672540664673,train/longfact_test_apertus/span_max_f1,0.5545980403730374,apertus,span_max,f1
f817tswh,apertus_no_lora_fp32_only_layer30_seed43_lr1em3,finished,2026-03-16 18:21:39+00:00,apertus,fp32_only,30,43,1e-3,float32,none,9.374524116516112,train/longfact_test_apertus/span_max_f1,0.0,apertus,span_max,f1
lqmdrcpg,apertus_no_lora_fp32_only_layer30_seed43_lr1em4,finished,2026-03-16 18:21:39+00:00,apertus,fp32_only,30,43,1e-4,float32,none,5.7266106605529785,train/longfact_test_apertus/span_max_f1,0.5763139775074593,apertus,span_max,f1
f3nq1ppq,apertus_no_lora_fp32_only_layer30_seed43_lr3em4,finished,2026-03-16 18:21:39+00:00,apertus,fp32_only,30,43,3e-4,float32,none,5.207202911376953,train/longfact_test_apertus/span_max_f1,0.6031180400890869,apertus,span_max,f1
z9shqkbl,apertus_no_lora_fp32_only_layer30_seed43_lr3em5,finished,2026-03-16 18:21:39+00:00,apertus,fp32_only,30,43,3e-5,float32,none,6.685286521911621,train/longfact_test_apertus/span_max_f1,0.5448815221197619,apertus,span_max,f1
bz9gcqwk,apertus_no_lora_fp32_only_layer30_seed44_lr1em3,finished,2026-03-16 18:21:39+00:00,apertus,fp32_only,30,44,1e-3,float32,none,0.0,train/longfact_test_apertus/span_max_f1,0.0,apertus,span_max,f1
nhg2yz2u,apertus_no_lora_fp32_only_layer30_seed44_lr1em4,finished,2026-03-16 18:21:39+00:00,apertus,fp32_only,30,44,1e-4,float32,none,0.01171684730798006,train/longfact_test_apertus/span_max_f1,0.5795633580913797,apertus,span_max,f1
4yytvlvi,apertus_no_lora_fp32_only_layer30_seed44_lr3em4,finished,2026-03-16 18:21:39+00:00,apertus,fp32_only,30,44,3e-4,float32,none,0.0005547898472286761,train/longfact_test_apertus/span_max_f1,0.5951611104916936,apertus,span_max,f1
8kx20a5i,apertus_no_lora_fp32_only_layer30_seed44_lr3em5,finished,2026-03-16 18:21:39+00:00,apertus,fp32_only,30,44,3e-5,float32,none,33.319332122802734,train/longfact_test_apertus/span_max_f1,0.5543242316919913,apertus,span_max,f1
kgoq3e5r,llama_no_lora_long_form_layer10_seed42,finished,2026-03-02 14:45:36+00:00,llama,llama_layers,10,42,,bfloat16,none,0.4103353917598725,train/longfact_test_apertus/span_max_f1,0.5704927371119339,apertus,span_max,f1
9oem35be,llama_no_lora_long_form_layer10_seed43,finished,2026-03-02 14:46:11+00:00,llama,llama_layers,10,43,,bfloat16,none,0.582381546497345,train/longfact_test_apertus/span_max_f1,0.5778405081157375,apertus,span_max,f1
rri8v027,llama_no_lora_long_form_layer10_seed44,finished,2026-03-02 14:46:11+00:00,llama,llama_layers,10,44,,bfloat16,none,0.3619125485420227,train/longfact_test_apertus/span_max_f1,0.5732954545454545,apertus,span_max,f1
qni919ee,llama_no_lora_long_form_layer20_seed42,finished,2026-03-02 14:50:44+00:00,llama,llama_layers,20,42,,bfloat16,none,0.4025150239467621,train/longfact_test_apertus/span_max_f1,0.5941364457412811,apertus,span_max,f1
4aryhr4u,llama_no_lora_long_form_layer20_seed43,finished,2026-03-02 14:50:44+00:00,llama,llama_layers,20,43,,bfloat16,none,0.6214630007743835,train/longfact_test_apertus/span_max_f1,0.5980324234446446,apertus,span_max,f1
v8qejznt,llama_no_lora_long_form_layer20_seed44,finished,2026-03-02 14:50:44+00:00,llama,llama_layers,20,44,,bfloat16,none,0.4049457013607025,train/longfact_test_apertus/span_max_f1,0.5928185221128518,apertus,span_max,f1
82vjeyys,llama_no_lora_long_form_layer26_seed42,finished,2026-03-02 14:50:44+00:00,llama,llama_layers,26,42,,bfloat16,none,0.38688111305236816,train/longfact_test_apertus/span_max_f1,0.6046766033091754,apertus,span_max,f1
gzg4irhz,llama_no_lora_long_form_layer26_seed43,finished,2026-03-02 14:51:46+00:00,llama,llama_layers,26,43,,bfloat16,none,0.6332159042358398,train/longfact_test_apertus/span_max_f1,0.6075637160865991,apertus,span_max,f1
7u7entue,llama_no_lora_long_form_layer26_seed44,finished,2026-03-02 14:51:46+00:00,llama,llama_layers,26,44,,bfloat16,none,0.4069174230098725,train/longfact_test_apertus/span_max_f1,0.6056627000410341,apertus,span_max,f1
ct7o6ek7,llama_no_lora_long_form_layer30_seed42,finished,2026-03-02 14:51:46+00:00,llama,llama_layers,30,42,,bfloat16,none,0.4142408668994904,train/longfact_test_apertus/span_max_f1,0.6525551102204409,apertus,span_max,f1
av9rm02w,llama_no_lora_long_form_layer30_seed43,finished,2026-03-02 14:51:46+00:00,llama,llama_layers,30,43,,bfloat16,none,0.7231071591377258,train/longfact_test_apertus/span_max_f1,0.656619753393947,apertus,span_max,f1
ojujrfsw,llama_no_lora_long_form_layer30_seed44,finished,2026-03-02 14:51:46+00:00,llama,llama_layers,30,44,,bfloat16,none,0.4089251160621643,train/longfact_test_apertus/span_max_f1,0.6577466549956233,apertus,span_max,f1
47rfeqmx,apertus_no_lora_ln_bf16_layer10_seed42_lr1em3,finished,2026-03-16 01:21:44+00:00,apertus,ln_bf16,10,42,1e-3,bfloat16,layernorm,0.14300638437271118,train/longfact_test_apertus/span_max_f1,0.6219653179190752,apertus,span_max,f1
ltvbxnyc,apertus_no_lora_ln_bf16_layer10_seed42_lr1em4,finished,2026-03-16 01:21:44+00:00,apertus,ln_bf16,10,42,1e-4,bfloat16,layernorm,0.3950393497943878,train/longfact_test_apertus/span_max_f1,0.5356272401433692,apertus,span_max,f1
aupa5a3l,apertus_no_lora_ln_bf16_layer10_seed42_lr3em4,finished,2026-03-16 01:21:44+00:00,apertus,ln_bf16,10,42,3e-4,bfloat16,layernorm,0.18207243084907532,train/longfact_test_apertus/span_max_f1,0.5999736738186127,apertus,span_max,f1
48kc2gt3,apertus_no_lora_ln_bf16_layer10_seed42_lr3em5,finished,2026-03-16 01:21:44+00:00,apertus,ln_bf16,10,42,3e-5,bfloat16,layernorm,0.942188560962677,train/longfact_test_apertus/span_max_f1,0.060013046314416174,apertus,span_max,f1
l92ugb0x,apertus_no_lora_ln_bf16_layer10_seed43_lr1em3,finished,2026-03-16 01:21:44+00:00,apertus,ln_bf16,10,43,1e-3,bfloat16,layernorm,0.2892049551010132,train/longfact_test_apertus/span_max_f1,0.6183676143063016,apertus,span_max,f1
ks445ju3,apertus_no_lora_ln_bf16_layer10_seed43_lr1em4,finished,2026-03-16 01:21:44+00:00,apertus,ln_bf16,10,43,1e-4,bfloat16,layernorm,0.26968491077423096,train/longfact_test_apertus/span_max_f1,0.5342056606457118,apertus,span_max,f1
v1whaixy,apertus_no_lora_ln_bf16_layer10_seed43_lr3em4,finished,2026-03-16 01:21:44+00:00,apertus,ln_bf16,10,43,3e-4,bfloat16,layernorm,0.26967474818229675,train/longfact_test_apertus/span_max_f1,0.5905383360522023,apertus,span_max,f1
yrz15txm,apertus_no_lora_ln_bf16_layer10_seed43_lr3em5,finished,2026-03-16 01:21:44+00:00,apertus,ln_bf16,10,43,3e-5,bfloat16,layernorm,0.35177040100097656,train/longfact_test_apertus/span_max_f1,0.07650977863743821,apertus,span_max,f1
yjo8ext8,apertus_no_lora_ln_bf16_layer10_seed44_lr1em3,finished,2026-03-16 01:21:45+00:00,apertus,ln_bf16,10,44,1e-3,bfloat16,layernorm,0.20609278976917267,train/longfact_test_apertus/span_max_f1,0.6262005378409528,apertus,span_max,f1
wjc71sg6,apertus_no_lora_ln_bf16_layer10_seed44_lr1em4,finished,2026-03-16 01:21:45+00:00,apertus,ln_bf16,10,44,1e-4,bfloat16,layernorm,0.3125472366809845,train/longfact_test_apertus/span_max_f1,0.5310195227765727,apertus,span_max,f1
dd2pwu6g,apertus_no_lora_ln_bf16_layer10_seed44_lr3em4,finished,2026-03-16 01:21:45+00:00,apertus,ln_bf16,10,44,3e-4,bfloat16,layernorm,0.289102166891098,train/longfact_test_apertus/span_max_f1,0.5947482403898213,apertus,span_max,f1
gk2y0cx9,apertus_no_lora_ln_bf16_layer10_seed44_lr3em5,finished,2026-03-16 01:21:45+00:00,apertus,ln_bf16,10,44,3e-5,bfloat16,layernorm,0.31844255328178406,train/longfact_test_apertus/span_max_f1,0.0516072600043735,apertus,span_max,f1
p3f6sakq,apertus_no_lora_ln_bf16_layer20_seed42_lr1em3,finished,2026-03-16 01:21:44+00:00,apertus,ln_bf16,20,42,1e-3,bfloat16,layernorm,0.11758887767791748,train/longfact_test_apertus/span_max_f1,0.6306190598510146,apertus,span_max,f1
2mbvnb3s,apertus_no_lora_ln_bf16_layer20_seed42_lr1em4,finished,2026-03-16 01:21:44+00:00,apertus,ln_bf16,20,42,1e-4,bfloat16,layernorm,0.5318654179573059,train/longfact_test_apertus/span_max_f1,0.5329108454558548,apertus,span_max,f1
pw74vso0,apertus_no_lora_ln_bf16_layer20_seed42_lr3em4,finished,2026-03-16 01:21:44+00:00,apertus,ln_bf16,20,42,3e-4,bfloat16,layernorm,0.2455830276012421,train/longfact_test_apertus/span_max_f1,0.6071192272065634,apertus,span_max,f1
lcc4r0ui,apertus_no_lora_ln_bf16_layer20_seed42_lr3em5,finished,2026-03-16 01:21:44+00:00,apertus,ln_bf16,20,42,3e-5,bfloat16,layernorm,0.8914243578910828,train/longfact_test_apertus/span_max_f1,0.17129262490087233,apertus,span_max,f1
ea20dmvq,apertus_no_lora_ln_bf16_layer20_seed43_lr1em3,finished,2026-03-16 01:21:44+00:00,apertus,ln_bf16,20,43,1e-3,bfloat16,layernorm,0.2716436982154846,train/longfact_test_apertus/span_max_f1,0.6345856922285126,apertus,span_max,f1
dq6d9cxj,apertus_no_lora_ln_bf16_layer20_seed43_lr1em4,finished,2026-03-16 01:21:44+00:00,apertus,ln_bf16,20,43,1e-4,bfloat16,layernorm,0.28726422786712646,train/longfact_test_apertus/span_max_f1,0.5307714533371858,apertus,span_max,f1
5rukn8sb,apertus_no_lora_ln_bf16_layer20_seed43_lr3em4,finished,2026-03-16 01:21:44+00:00,apertus,ln_bf16,20,43,3e-4,bfloat16,layernorm,0.279452383518219,train/longfact_test_apertus/span_max_f1,0.5991663305096141,apertus,span_max,f1
sg4y1aru,apertus_no_lora_ln_bf16_layer20_seed43_lr3em5,finished,2026-03-16 01:21:44+00:00,apertus,ln_bf16,20,43,3e-5,bfloat16,layernorm,0.383007675409317,train/longfact_test_apertus/span_max_f1,0.15790525684589246,apertus,span_max,f1
wjx8fs4d,apertus_no_lora_ln_bf16_layer20_seed44_lr1em3,finished,2026-03-16 01:21:44+00:00,apertus,ln_bf16,20,44,1e-3,bfloat16,layernorm,0.343784362077713,train/longfact_test_apertus/span_max_f1,0.6385650224215247,apertus,span_max,f1
ug8c0ane,apertus_no_lora_ln_bf16_layer20_seed44_lr1em4,finished,2026-03-16 01:21:44+00:00,apertus,ln_bf16,20,44,1e-4,bfloat16,layernorm,0.39652878046035767,train/longfact_test_apertus/span_max_f1,0.5312273583538618,apertus,span_max,f1
xy83pt3c,apertus_no_lora_ln_bf16_layer20_seed44_lr3em4,finished,2026-03-16 01:21:44+00:00,apertus,ln_bf16,20,44,3e-4,bfloat16,layernorm,0.4512102007865906,train/longfact_test_apertus/span_max_f1,0.602996254681648,apertus,span_max,f1
mgy8s31x,apertus_no_lora_ln_bf16_layer20_seed44_lr3em5,finished,2026-03-16 01:21:44+00:00,apertus,ln_bf16,20,44,3e-5,bfloat16,layernorm,0.44538286328315735,train/longfact_test_apertus/span_max_f1,0.17220902612826602,apertus,span_max,f1
qbe29z5d,apertus_no_lora_ln_bf16_layer26_seed42_lr1em3,finished,2026-03-16 01:21:44+00:00,apertus,ln_bf16,26,42,1e-3,bfloat16,layernorm,0.1929110735654831,train/longfact_test_apertus/span_max_f1,0.6139290407358738,apertus,span_max,f1
nyzlam71,apertus_no_lora_ln_bf16_layer26_seed42_lr1em4,finished,2026-03-16 01:21:44+00:00,apertus,ln_bf16,26,42,1e-4,bfloat16,layernorm,0.5006973147392273,train/longfact_test_apertus/span_max_f1,0.5063179547458125,apertus,span_max,f1
p9he43x3,apertus_no_lora_ln_bf16_layer26_seed42_lr3em4,finished,2026-03-16 01:21:44+00:00,apertus,ln_bf16,26,42,3e-4,bfloat16,layernorm,0.27400892972946167,train/longfact_test_apertus/span_max_f1,0.5879660788800646,apertus,span_max,f1
jap1923r,apertus_no_lora_ln_bf16_layer26_seed42_lr3em5,finished,2026-03-16 01:21:44+00:00,apertus,ln_bf16,26,42,3e-5,bfloat16,layernorm,0.9109970927238464,train/longfact_test_apertus/span_max_f1,0.14695618456766188,apertus,span_max,f1
kffm0190,apertus_no_lora_ln_bf16_layer26_seed43_lr1em3,finished,2026-03-16 01:21:44+00:00,apertus,ln_bf16,26,43,1e-3,bfloat16,layernorm,0.27165380120277405,train/longfact_test_apertus/span_max_f1,0.6110299003322259,apertus,span_max,f1
6nfiscpk,apertus_no_lora_ln_bf16_layer26_seed43_lr1em4,finished,2026-03-16 01:21:44+00:00,apertus,ln_bf16,26,43,1e-4,bfloat16,layernorm,0.29313549399375916,train/longfact_test_apertus/span_max_f1,0.5041917929107221,apertus,span_max,f1
livazl8t,apertus_no_lora_ln_bf16_layer26_seed43_lr3em4,finished,2026-03-16 01:21:44+00:00,apertus,ln_bf16,26,43,3e-4,bfloat16,layernorm,0.26969656348228455,train/longfact_test_apertus/span_max_f1,0.5771867288182068,apertus,span_max,f1
cs5p5dya,apertus_no_lora_ln_bf16_layer26_seed43_lr3em5,finished,2026-03-16 01:21:44+00:00,apertus,ln_bf16,26,43,3e-5,bfloat16,layernorm,0.3752008378505707,train/longfact_test_apertus/span_max_f1,0.15148572538356964,apertus,span_max,f1
m9z367ud,apertus_no_lora_ln_bf16_layer26_seed44_lr1em3,finished,2026-03-16 01:21:44+00:00,apertus,ln_bf16,26,44,1e-3,bfloat16,layernorm,0.44535091519355774,train/longfact_test_apertus/span_max_f1,0.6183536825521859,apertus,span_max,f1
ycmihac6,apertus_no_lora_ln_bf16_layer26_seed44_lr1em4,finished,2026-03-16 01:21:44+00:00,apertus,ln_bf16,26,44,1e-4,bfloat16,layernorm,0.3027840852737427,train/longfact_test_apertus/span_max_f1,0.5070048665388586,apertus,span_max,f1
b7cu6by4,apertus_no_lora_ln_bf16_layer26_seed44_lr3em4,finished,2026-03-16 01:21:44+00:00,apertus,ln_bf16,26,44,3e-4,bfloat16,layernorm,0.33402493596076965,train/longfact_test_apertus/span_max_f1,0.5809796698048847,apertus,span_max,f1
82b66i5k,apertus_no_lora_ln_bf16_layer26_seed44_lr3em5,finished,2026-03-16 01:21:44+00:00,apertus,ln_bf16,26,44,3e-5,bfloat16,layernorm,0.3965613543987274,train/longfact_test_apertus/span_max_f1,0.15822050290135398,apertus,span_max,f1
7hvw78qp,apertus_no_lora_ln_bf16_layer30_seed42_lr1em3,finished,2026-03-16 01:21:44+00:00,apertus,ln_bf16,30,42,1e-3,bfloat16,layernorm,0.18903133273124695,train/longfact_test_apertus/span_max_f1,0.6127272727272727,apertus,span_max,f1
hq7zzpsr,apertus_no_lora_ln_bf16_layer30_seed42_lr1em4,finished,2026-03-16 01:21:44+00:00,apertus,ln_bf16,30,42,1e-4,bfloat16,layernorm,0.6139996647834778,train/longfact_test_apertus/span_max_f1,0.5271385149804603,apertus,span_max,f1
wehbf6bi,apertus_no_lora_ln_bf16_layer30_seed42_lr3em4,finished,2026-03-16 01:21:44+00:00,apertus,ln_bf16,30,42,3e-4,bfloat16,layernorm,0.2974618077278137,train/longfact_test_apertus/span_max_f1,0.5946883758174296,apertus,span_max,f1
inx8ca5d,apertus_no_lora_ln_bf16_layer30_seed42_lr3em5,finished,2026-03-16 01:21:44+00:00,apertus,ln_bf16,30,42,3e-5,bfloat16,layernorm,0.8954324722290039,train/longfact_test_apertus/span_max_f1,0.2497724376479155,apertus,span_max,f1
og90cgj0,apertus_no_lora_ln_bf16_layer30_seed43_lr1em3,finished,2026-03-16 01:21:44+00:00,apertus,ln_bf16,30,43,1e-3,bfloat16,layernorm,0.2775192856788635,train/longfact_test_apertus/span_max_f1,0.613618368962787,apertus,span_max,f1
5cwasjvc,apertus_no_lora_ln_bf16_layer30_seed43_lr1em4,finished,2026-03-16 01:21:44+00:00,apertus,ln_bf16,30,43,1e-4,bfloat16,layernorm,0.2989921569824219,train/longfact_test_apertus/span_max_f1,0.5307415406767458,apertus,span_max,f1
7jkvxq48,apertus_no_lora_ln_bf16_layer30_seed43_lr3em4,finished,2026-03-16 01:21:44+00:00,apertus,ln_bf16,30,43,3e-4,bfloat16,layernorm,0.28141525387763977,train/longfact_test_apertus/span_max_f1,0.5872756933115824,apertus,span_max,f1
74i6ukb7,apertus_no_lora_ln_bf16_layer30_seed43_lr3em5,finished,2026-03-16 01:21:44+00:00,apertus,ln_bf16,30,43,3e-5,bfloat16,layernorm,0.367383748292923,train/longfact_test_apertus/span_max_f1,0.24758079240460107,apertus,span_max,f1
4m7o0thq,apertus_no_lora_ln_bf16_layer30_seed44_lr1em3,finished,2026-03-16 01:21:44+00:00,apertus,ln_bf16,30,44,1e-3,bfloat16,layernorm,0.3379320204257965,train/longfact_test_apertus/span_max_f1,0.6136807817589577,apertus,span_max,f1
3huyrepp,apertus_no_lora_ln_bf16_layer30_seed44_lr1em4,finished,2026-03-16 01:21:44+00:00,apertus,ln_bf16,30,44,1e-4,bfloat16,layernorm,0.4082537889480591,train/longfact_test_apertus/span_max_f1,0.5337344220025785,apertus,span_max,f1
khqaa0hj,apertus_no_lora_ln_bf16_layer30_seed44_lr3em4,finished,2026-03-16 01:21:44+00:00,apertus,ln_bf16,30,44,3e-4,bfloat16,layernorm,0.3730915486812592,train/longfact_test_apertus/span_max_f1,0.5917350922062189,apertus,span_max,f1
v97a1dax,apertus_no_lora_ln_bf16_layer30_seed44_lr3em5,finished,2026-03-16 01:21:44+00:00,apertus,ln_bf16,30,44,3e-5,bfloat16,layernorm,0.44148337841033936,train/longfact_test_apertus/span_max_f1,0.25907859078590784,apertus,span_max,f1
a1vhu02a,apertus_no_lora_ln_fp32_layer10_seed42_lr1em3,finished,2026-03-16 18:21:39+00:00,apertus,ln_fp32,10,42,1e-3,float32,layernorm,0.12267088890075684,train/longfact_test_apertus/span_max_f1,0.6230529595015576,apertus,span_max,f1
s5e7uzrk,apertus_no_lora_ln_fp32_layer10_seed42_lr1em4,finished,2026-03-16 18:21:39+00:00,apertus,ln_fp32,10,42,1e-4,float32,layernorm,0.2215098738670349,train/longfact_test_apertus/span_max_f1,0.5815239379635874,apertus,span_max,f1
a039mxlm,apertus_no_lora_ln_fp32_layer10_seed42_lr3em4,finished,2026-03-16 18:21:39+00:00,apertus,ln_fp32,10,42,3e-4,float32,layernorm,0.15673403441905975,train/longfact_test_apertus/span_max_f1,0.6121434179534153,apertus,span_max,f1
ur0fzre6,apertus_no_lora_ln_fp32_layer10_seed42_lr3em5,finished,2026-03-16 18:21:39+00:00,apertus,ln_fp32,10,42,3e-5,float32,layernorm,0.4890720844268799,train/longfact_test_apertus/span_max_f1,0.5081081081081081,apertus,span_max,f1
kyx3dh6x,apertus_no_lora_ln_fp32_layer10_seed43_lr1em3,finished,2026-03-16 18:21:39+00:00,apertus,ln_fp32,10,43,1e-3,float32,layernorm,0.2920945882797241,train/longfact_test_apertus/span_max_f1,0.6203921568627451,apertus,span_max,f1
anpnl7j5,apertus_no_lora_ln_fp32_layer10_seed43_lr1em4,finished,2026-03-16 18:21:39+00:00,apertus,ln_fp32,10,43,1e-4,float32,layernorm,0.26364782452583313,train/longfact_test_apertus/span_max_f1,0.5767964893033461,apertus,span_max,f1
mu08a37q,apertus_no_lora_ln_fp32_layer10_seed43_lr3em4,finished,2026-03-16 18:21:39+00:00,apertus,ln_fp32,10,43,3e-4,float32,layernorm,0.2802787125110626,train/longfact_test_apertus/span_max_f1,0.6084761525176033,apertus,span_max,f1
0q5lbh0o,apertus_no_lora_ln_fp32_layer10_seed43_lr3em5,finished,2026-03-16 18:21:39+00:00,apertus,ln_fp32,10,43,3e-5,float32,layernorm,0.27201464772224426,train/longfact_test_apertus/span_max_f1,0.502651738361815,apertus,span_max,f1
b2incihb,apertus_no_lora_ln_fp32_layer10_seed44_lr1em3,finished,2026-03-16 18:21:39+00:00,apertus,ln_fp32,10,44,1e-3,float32,layernorm,0.19783645868301392,train/longfact_test_apertus/span_max_f1,0.6310471138057345,apertus,span_max,f1
9s2c6c1h,apertus_no_lora_ln_fp32_layer10_seed44_lr1em4,finished,2026-03-16 18:21:39+00:00,apertus,ln_fp32,10,44,1e-4,float32,layernorm,0.32758116722106934,train/longfact_test_apertus/span_max_f1,0.5803825803825804,apertus,span_max,f1
u1cqzubx,apertus_no_lora_ln_fp32_layer10_seed44_lr3em4,finished,2026-03-16 18:21:39+00:00,apertus,ln_fp32,10,44,3e-4,float32,layernorm,0.2790237069129944,train/longfact_test_apertus/span_max_f1,0.6171100678142931,apertus,span_max,f1
jd8rl3y0,apertus_no_lora_ln_fp32_layer10_seed44_lr3em5,finished,2026-03-16 18:21:39+00:00,apertus,ln_fp32,10,44,3e-5,float32,layernorm,0.29283058643341064,train/longfact_test_apertus/span_max_f1,0.5036077160948313,apertus,span_max,f1
tvxgxlk0,apertus_no_lora_ln_fp32_layer20_seed42_lr1em3,finished,2026-03-16 18:21:39+00:00,apertus,ln_fp32,20,42,1e-3,float32,layernorm,0.11203589290380478,train/longfact_test_apertus/span_max_f1,0.6261645453352579,apertus,span_max,f1
szjyc7rq,apertus_no_lora_ln_fp32_layer20_seed42_lr1em4,finished,2026-03-16 18:21:39+00:00,apertus,ln_fp32,20,42,1e-4,float32,layernorm,0.3388446271419525,train/longfact_test_apertus/span_max_f1,0.5801880365172367,apertus,span_max,f1
j1ydn4mi,apertus_no_lora_ln_fp32_layer20_seed42_lr3em4,finished,2026-03-16 18:21:39+00:00,apertus,ln_fp32,20,42,3e-4,float32,layernorm,0.18392929434776303,train/longfact_test_apertus/span_max_f1,0.6168421052631579,apertus,span_max,f1
mru621ko,apertus_no_lora_ln_fp32_layer20_seed42_lr3em5,finished,2026-03-16 18:21:39+00:00,apertus,ln_fp32,20,42,3e-5,float32,layernorm,0.6155123114585876,train/longfact_test_apertus/span_max_f1,0.5032027409503947,apertus,span_max,f1
cuinxn0m,apertus_no_lora_ln_fp32_layer20_seed43_lr1em3,finished,2026-03-16 18:21:39+00:00,apertus,ln_fp32,20,43,1e-3,float32,layernorm,0.2761920690536499,train/longfact_test_apertus/span_max_f1,0.6361408487037276,apertus,span_max,f1
gfuz02ro,apertus_no_lora_ln_fp32_layer20_seed43_lr1em4,finished,2026-03-16 18:21:39+00:00,apertus,ln_fp32,20,43,1e-4,float32,layernorm,0.28859972953796387,train/longfact_test_apertus/span_max_f1,0.575903283418052,apertus,span_max,f1
bydlptvs,apertus_no_lora_ln_fp32_layer20_seed43_lr3em4,finished,2026-03-16 18:21:39+00:00,apertus,ln_fp32,20,43,3e-4,float32,layernorm,0.27679380774497986,train/longfact_test_apertus/span_max_f1,0.6139817629179332,apertus,span_max,f1
5a8w5arg,apertus_no_lora_ln_fp32_layer20_seed43_lr3em5,finished,2026-03-16 18:21:39+00:00,apertus,ln_fp32,20,43,3e-5,float32,layernorm,0.30041441321372986,train/longfact_test_apertus/span_max_f1,0.501788908765653,apertus,span_max,f1
3wystufk,apertus_no_lora_ln_fp32_layer20_seed44_lr1em3,finished,2026-03-16 18:21:39+00:00,apertus,ln_fp32,20,44,1e-3,float32,layernorm,0.37859293818473816,train/longfact_test_apertus/span_max_f1,0.6463123507978389,apertus,span_max,f1
ipm80jlq,apertus_no_lora_ln_fp32_layer20_seed44_lr1em4,finished,2026-03-16 18:21:39+00:00,apertus,ln_fp32,20,44,1e-4,float32,layernorm,0.39040952920913696,train/longfact_test_apertus/span_max_f1,0.5807949733642945,apertus,span_max,f1
28tm3neg,apertus_no_lora_ln_fp32_layer20_seed44_lr3em4,finished,2026-03-16 18:21:39+00:00,apertus,ln_fp32,20,44,3e-4,float32,layernorm,0.4330550134181976,train/longfact_test_apertus/span_max_f1,0.6202958733454451,apertus,span_max,f1
zoq512xp,apertus_no_lora_ln_fp32_layer20_seed44_lr3em5,finished,2026-03-16 18:21:39+00:00,apertus,ln_fp32,20,44,3e-5,float32,layernorm,0.37936899065971375,train/longfact_test_apertus/span_max_f1,0.5035027574899389,apertus,span_max,f1
8hrkgqv3,apertus_no_lora_ln_fp32_layer26_seed42_lr1em3,finished,2026-03-16 18:21:39+00:00,apertus,ln_fp32,26,42,1e-3,float32,layernorm,0.17951826751232147,train/longfact_test_apertus/span_max_f1,0.6079247817327065,apertus,span_max,f1
rlqcb2g4,apertus_no_lora_ln_fp32_layer26_seed42_lr1em4,finished,2026-03-16 18:21:39+00:00,apertus,ln_fp32,26,42,1e-4,float32,layernorm,0.3578282594680786,train/longfact_test_apertus/span_max_f1,0.5591009988901221,apertus,span_max,f1
r2wu0aof,apertus_no_lora_ln_fp32_layer26_seed42_lr3em4,finished,2026-03-16 18:21:39+00:00,apertus,ln_fp32,26,42,3e-4,float32,layernorm,0.24504521489143372,train/longfact_test_apertus/span_max_f1,0.59734691142972,apertus,span_max,f1
okj43cej,apertus_no_lora_ln_fp32_layer26_seed42_lr3em5,finished,2026-03-16 18:21:39+00:00,apertus,ln_fp32,26,42,3e-5,float32,layernorm,0.6153150200843811,train/longfact_test_apertus/span_max_f1,0.47543484894720783,apertus,span_max,f1
44fifewm,apertus_no_lora_ln_fp32_layer26_seed43_lr1em3,finished,2026-03-16 18:21:39+00:00,apertus,ln_fp32,26,43,1e-3,float32,layernorm,0.26287174224853516,train/longfact_test_apertus/span_max_f1,0.6158334438403394,apertus,span_max,f1
cfgw5o62,apertus_no_lora_ln_fp32_layer26_seed43_lr1em4,finished,2026-03-16 18:21:39+00:00,apertus,ln_fp32,26,43,1e-4,float32,layernorm,0.27609291672706604,train/longfact_test_apertus/span_max_f1,0.5571608921307336,apertus,span_max,f1
5yjm6w2c,apertus_no_lora_ln_fp32_layer26_seed43_lr3em4,finished,2026-03-16 18:21:39+00:00,apertus,ln_fp32,26,43,3e-4,float32,layernorm,0.268221378326416,train/longfact_test_apertus/span_max_f1,0.5919610231425091,apertus,span_max,f1
bj0fbt17,apertus_no_lora_ln_fp32_layer26_seed43_lr3em5,finished,2026-03-16 18:21:39+00:00,apertus,ln_fp32,26,43,3e-5,float32,layernorm,0.28795114159584045,train/longfact_test_apertus/span_max_f1,0.47681713848508034,apertus,span_max,f1
thtwlsce,apertus_no_lora_ln_fp32_layer26_seed44_lr1em3,finished,2026-03-16 18:21:39+00:00,apertus,ln_fp32,26,44,1e-3,float32,layernorm,0.4517517387866974,train/longfact_test_apertus/span_max_f1,0.6262730437024623,apertus,span_max,f1
a2rdvxyc,apertus_no_lora_ln_fp32_layer26_seed44_lr1em4,finished,2026-03-16 18:21:39+00:00,apertus,ln_fp32,26,44,1e-4,float32,layernorm,0.28372296690940857,train/longfact_test_apertus/span_max_f1,0.561829081277011,apertus,span_max,f1
veq9b7kw,apertus_no_lora_ln_fp32_layer26_seed44_lr3em4,finished,2026-03-16 18:21:39+00:00,apertus,ln_fp32,26,44,3e-4,float32,layernorm,0.37059929966926575,train/longfact_test_apertus/span_max_f1,0.6030564784053156,apertus,span_max,f1
5aqux06m,apertus_no_lora_ln_fp32_layer26_seed44_lr3em5,finished,2026-03-16 18:21:39+00:00,apertus,ln_fp32,26,44,3e-5,float32,layernorm,0.3035992383956909,train/longfact_test_apertus/span_max_f1,0.4769465648854962,apertus,span_max,f1
qg1y3gso,apertus_no_lora_ln_fp32_layer30_seed42_lr1em3,finished,2026-03-16 18:21:39+00:00,apertus,ln_fp32,30,42,1e-3,float32,layernorm,0.1903767287731171,train/longfact_test_apertus/span_max_f1,0.6033444816053511,apertus,span_max,f1
r9e2fhqm,apertus_no_lora_ln_fp32_layer30_seed42_lr1em4,finished,2026-03-16 18:21:39+00:00,apertus,ln_fp32,30,42,1e-4,float32,layernorm,0.38982802629470825,train/longfact_test_apertus/span_max_f1,0.5752333882482152,apertus,span_max,f1
e24v1w1s,apertus_no_lora_ln_fp32_layer30_seed42_lr3em4,finished,2026-03-16 18:21:39+00:00,apertus,ln_fp32,30,42,3e-4,float32,layernorm,0.2570212781429291,train/longfact_test_apertus/span_max_f1,0.5970789226852472,apertus,span_max,f1
jtcznw8g,apertus_no_lora_ln_fp32_layer30_seed42_lr3em5,finished,2026-03-16 18:21:39+00:00,apertus,ln_fp32,30,42,3e-5,float32,layernorm,0.6943867206573486,train/longfact_test_apertus/span_max_f1,0.5009645347974477,apertus,span_max,f1
v3qqa12o,apertus_no_lora_ln_fp32_layer30_seed43_lr1em3,finished,2026-03-16 18:21:39+00:00,apertus,ln_fp32,30,43,1e-3,float32,layernorm,0.2808498740196228,train/longfact_test_apertus/span_max_f1,0.6165945733385765,apertus,span_max,f1
lgm2cr72,apertus_no_lora_ln_fp32_layer30_seed43_lr1em4,finished,2026-03-16 18:21:39+00:00,apertus,ln_fp32,30,43,1e-4,float32,layernorm,0.2797033190727234,train/longfact_test_apertus/span_max_f1,0.57119021134594,apertus,span_max,f1
f873k60o,apertus_no_lora_ln_fp32_layer30_seed43_lr3em4,finished,2026-03-16 18:21:39+00:00,apertus,ln_fp32,30,43,3e-4,float32,layernorm,0.28264516592025757,train/longfact_test_apertus/span_max_f1,0.5978800483026969,apertus,span_max,f1
ybsg28sj,apertus_no_lora_ln_fp32_layer30_seed43_lr3em5,finished,2026-03-16 18:21:39+00:00,apertus,ln_fp32,30,43,3e-5,float32,layernorm,0.30628159642219543,train/longfact_test_apertus/span_max_f1,0.49768483943241226,apertus,span_max,f1
kn811t36,apertus_no_lora_ln_fp32_layer30_seed44_lr1em3,finished,2026-03-16 18:21:39+00:00,apertus,ln_fp32,30,44,1e-3,float32,layernorm,0.3007677495479584,train/longfact_test_apertus/span_max_f1,0.621249195106246,apertus,span_max,f1
wf8rodcd,apertus_no_lora_ln_fp32_layer30_seed44_lr1em4,finished,2026-03-16 18:21:39+00:00,apertus,ln_fp32,30,44,1e-4,float32,layernorm,0.3687911331653595,train/longfact_test_apertus/span_max_f1,0.5780267832741186,apertus,span_max,f1
524a5l0b,apertus_no_lora_ln_fp32_layer30_seed44_lr3em4,finished,2026-03-16 18:21:39+00:00,apertus,ln_fp32,30,44,3e-4,float32,layernorm,0.3833605647087097,train/longfact_test_apertus/span_max_f1,0.604571277579601,apertus,span_max,f1
m6zpszut,apertus_no_lora_ln_fp32_layer30_seed44_lr3em5,finished,2026-03-16 18:21:39+00:00,apertus,ln_fp32,30,44,3e-5,float32,layernorm,0.4072107970714569,train/longfact_test_apertus/span_max_f1,0.5035481963335304,apertus,span_max,f1
2msk68xv,apertus_no_lora_long_form_layer10_seed42,finished,2026-03-02 14:54:28+00:00,apertus,apertus_layers,10,42,,bfloat16,none,0.1188635155558586,train/longfact_test_apertus/span_max_recall_at_0.1_fpr,0.6258733378408835,apertus,span_max,recall_at_0.1_fpr
ennpfi5c,apertus_no_lora_long_form_layer10_seed43,finished,2026-03-02 14:55:28+00:00,apertus,apertus_layers,10,43,,bfloat16,none,0.2892115116119385,train/longfact_test_apertus/span_max_recall_at_0.1_fpr,0.631282398016678,apertus,span_max,recall_at_0.1_fpr
ckfvtpqq,apertus_no_lora_long_form_layer10_seed44,finished,2026-03-02 14:55:28+00:00,apertus,apertus_layers,10,44,,bfloat16,none,0.14164792001247406,train/longfact_test_apertus/span_max_recall_at_0.1_fpr,0.6319585305386523,apertus,span_max,recall_at_0.1_fpr
5w54hojz,apertus_no_lora_long_form_layer20_seed42,finished,2026-03-02 14:56:24+00:00,apertus,apertus_layers,20,42,,bfloat16,none,0.002515794476494193,train/longfact_test_apertus/span_max_recall_at_0.1_fpr,0.5715573585756142,apertus,span_max,recall_at_0.1_fpr
h3qhm4bp,apertus_no_lora_long_form_layer20_seed43,finished,2026-03-02 14:56:24+00:00,apertus,apertus_layers,20,43,,bfloat16,none,0.4361111521720886,train/longfact_test_apertus/span_max_recall_at_0.1_fpr,0.5981519044399369,apertus,span_max,recall_at_0.1_fpr
1sb6t3rt,apertus_no_lora_long_form_layer20_seed44,finished,2026-03-02 14:56:24+00:00,apertus,apertus_layers,20,44,,bfloat16,none,0.9805268049240112,train/longfact_test_apertus/span_max_recall_at_0.1_fpr,0.5665990534144693,apertus,span_max,recall_at_0.1_fpr
fjxaywoo,apertus_no_lora_long_form_layer26_seed42,finished,2026-03-02 14:56:59+00:00,apertus,apertus_layers,26,42,,bfloat16,none,0.022064460441470143,train/longfact_test_apertus/span_max_recall_at_0.1_fpr,0.5769664187514086,apertus,span_max,recall_at_0.1_fpr
fc3llcx0,apertus_no_lora_long_form_layer26_seed43,finished,2026-03-02 14:58:28+00:00,apertus,apertus_layers,26,43,,bfloat16,none,4.096796035766602,train/longfact_test_apertus/span_max_recall_at_0.1_fpr,0.0,apertus,span_max,recall_at_0.1_fpr
gtn6g9ne,apertus_no_lora_long_form_layer26_seed44,finished,2026-03-02 14:58:28+00:00,apertus,apertus_layers,26,44,,bfloat16,none,0.0003512128023430705,train/longfact_test_apertus/span_max_recall_at_0.1_fpr,0.5508226279017354,apertus,span_max,recall_at_0.1_fpr
pk12wkry,apertus_no_lora_long_form_layer30_seed42,finished,2026-03-02 14:58:28+00:00,apertus,apertus_layers,30,42,,bfloat16,none,82.0517578125,train/longfact_test_apertus/span_max_recall_at_0.1_fpr,0.001352265043948614,apertus,span_max,recall_at_0.1_fpr
vhvivjkc,apertus_no_lora_long_form_layer30_seed43,finished,2026-03-02 14:58:28+00:00,apertus,apertus_layers,30,43,,bfloat16,none,10.69191074371338,train/longfact_test_apertus/span_max_recall_at_0.1_fpr,0.5913905792201938,apertus,span_max,recall_at_0.1_fpr
agskbmvs,apertus_no_lora_long_form_layer30_seed44,finished,2026-03-02 14:58:28+00:00,apertus,apertus_layers,30,44,,bfloat16,none,0.0001453680742997676,train/longfact_test_apertus/span_max_recall_at_0.1_fpr,0.5321162947937795,apertus,span_max,recall_at_0.1_fpr
o5fobkxj,apertus_no_lora_bf16_only_layer10_seed42_lr1em3,finished,2026-03-16 01:21:45+00:00,apertus,bf16_only,10,42,1e-3,bfloat16,none,0.1060740053653717,train/longfact_test_apertus/span_max_recall_at_0.1_fpr,0.62429569528961,apertus,span_max,recall_at_0.1_fpr
ngsqu3i1,apertus_no_lora_bf16_only_layer10_seed42_lr1em4,finished,2026-03-16 01:21:45+00:00,apertus,bf16_only,10,42,1e-4,bfloat16,none,0.11451046913862228,train/longfact_test_apertus/span_max_recall_at_0.1_fpr,0.5596123506874014,apertus,span_max,recall_at_0.1_fpr
5xzqhvy4,apertus_no_lora_bf16_only_layer10_seed42_lr3em4,finished,2026-03-16 01:21:45+00:00,apertus,bf16_only,10,42,3e-4,bfloat16,none,0.11626026779413225,train/longfact_test_apertus/span_max_recall_at_0.1_fpr,0.6215911652017129,apertus,span_max,recall_at_0.1_fpr
83kur7ka,apertus_no_lora_bf16_only_layer10_seed42_lr3em5,finished,2026-03-16 01:21:45+00:00,apertus,bf16_only,10,42,3e-5,bfloat16,none,0.4366786777973175,train/longfact_test_apertus/span_max_recall_at_0.1_fpr,0.38764931259860264,apertus,span_max,recall_at_0.1_fpr
j9k3f0jm,apertus_no_lora_bf16_only_layer10_seed43_lr1em3,finished,2026-03-16 01:21:44+00:00,apertus,bf16_only,10,43,1e-3,bfloat16,none,0.3009301424026489,train/longfact_test_apertus/span_max_recall_at_0.1_fpr,0.6339869281045751,apertus,span_max,recall_at_0.1_fpr
ougxjsfh,apertus_no_lora_bf16_only_layer10_seed43_lr1em4,finished,2026-03-16 01:21:44+00:00,apertus,bf16_only,10,43,1e-4,bfloat16,none,0.27749955654144287,train/longfact_test_apertus/span_max_recall_at_0.1_fpr,0.5478927203065134,apertus,span_max,recall_at_0.1_fpr
21sy8y12,apertus_no_lora_bf16_only_layer10_seed43_lr3em4,finished,2026-03-16 01:21:44+00:00,apertus,bf16_only,10,43,3e-4,bfloat16,none,0.2755349278450012,train/longfact_test_apertus/span_max_recall_at_0.1_fpr,0.623394185260311,apertus,span_max,recall_at_0.1_fpr
t26a4uwp,apertus_no_lora_bf16_only_layer10_seed43_lr3em5,finished,2026-03-16 01:21:44+00:00,apertus,bf16_only,10,43,3e-5,bfloat16,none,0.3126707673072815,train/longfact_test_apertus/span_max_recall_at_0.1_fpr,0.38764931259860264,apertus,span_max,recall_at_0.1_fpr
p9n6ul1e,apertus_no_lora_bf16_only_layer10_seed44_lr1em3,finished,2026-03-16 01:21:44+00:00,apertus,bf16_only,10,44,1e-3,bfloat16,none,0.15629735589027405,train/longfact_test_apertus/span_max_recall_at_0.1_fpr,0.6326346630606265,apertus,span_max,recall_at_0.1_fpr
feljklm1,apertus_no_lora_bf16_only_layer10_seed44_lr1em4,finished,2026-03-16 01:21:44+00:00,apertus,bf16_only,10,44,1e-4,bfloat16,none,0.593794047832489,train/longfact_test_apertus/span_max_recall_at_0.1_fpr,0.5573585756141537,apertus,span_max,recall_at_0.1_fpr
lfafy2oe,apertus_no_lora_bf16_only_layer10_seed44_lr3em4,finished,2026-03-16 01:21:44+00:00,apertus,bf16_only,10,44,3e-4,bfloat16,none,0.2656649947166443,train/longfact_test_apertus/span_max_recall_at_0.1_fpr,0.620464277665089,apertus,span_max,recall_at_0.1_fpr
r3oezlrl,apertus_no_lora_bf16_only_layer10_seed44_lr3em5,finished,2026-03-16 01:21:44+00:00,apertus,bf16_only,10,44,3e-5,bfloat16,none,0.7305357456207275,train/longfact_test_apertus/span_max_recall_at_0.1_fpr,0.392156862745098,apertus,span_max,recall_at_0.1_fpr
uw94ef5i,apertus_no_lora_bf16_only_layer20_seed42_lr1em3,finished,2026-03-16 01:21:44+00:00,apertus,bf16_only,20,42,1e-3,bfloat16,none,0.006061427295207977,train/longfact_test_apertus/span_max_recall_at_0.1_fpr,0.5826008564345279,apertus,span_max,recall_at_0.1_fpr
ymsrn4r6,apertus_no_lora_bf16_only_layer20_seed42_lr1em4,finished,2026-03-16 01:21:44+00:00,apertus,bf16_only,20,42,1e-4,bfloat16,none,0.04400371387600899,train/longfact_test_apertus/span_max_recall_at_0.1_fpr,0.5016903313049358,apertus,span_max,recall_at_0.1_fpr
uy0gdnv4,apertus_no_lora_bf16_only_layer20_seed42_lr3em4,finished,2026-03-16 01:21:44+00:00,apertus,bf16_only,20,42,3e-4,bfloat16,none,0.00907330308109522,train/longfact_test_apertus/span_max_recall_at_0.1_fpr,0.571782736082939,apertus,span_max,recall_at_0.1_fpr
fu81gp5i,apertus_no_lora_bf16_only_layer20_seed42_lr3em5,finished,2026-03-16 01:21:44+00:00,apertus,bf16_only,20,42,3e-5,bfloat16,none,2.1262459754943848,train/longfact_test_apertus/span_max_recall_at_0.1_fpr,0.0,apertus,span_max,recall_at_0.1_fpr
2g6rw2bt,apertus_no_lora_bf16_only_layer20_seed43_lr1em3,finished,2026-03-16 01:21:44+00:00,apertus,bf16_only,20,43,1e-3,bfloat16,none,0.5826413631439209,train/longfact_test_apertus/span_max_recall_at_0.1_fpr,0.5981519044399369,apertus,span_max,recall_at_0.1_fpr
7ynpw2cn,apertus_no_lora_bf16_only_layer20_seed43_lr1em4,finished,2026-03-16 01:21:44+00:00,apertus,bf16_only,20,43,1e-4,bfloat16,none,1.368619084358215,train/longfact_test_apertus/span_max_recall_at_0.1_fpr,0.4726166328600406,apertus,span_max,recall_at_0.1_fpr
900ivg46,apertus_no_lora_bf16_only_layer20_seed43_lr3em4,finished,2026-03-16 01:21:44+00:00,apertus,bf16_only,20,43,3e-4,bfloat16,none,0.40857547521591187,train/longfact_test_apertus/span_max_recall_at_0.1_fpr,0.60491322965968,apertus,span_max,recall_at_0.1_fpr
qo5cb98m,apertus_no_lora_bf16_only_layer20_seed43_lr3em5,finished,2026-03-16 01:21:44+00:00,apertus,bf16_only,20,43,3e-5,bfloat16,none,6.096769332885742,train/longfact_test_apertus/span_max_recall_at_0.1_fpr,0.0,apertus,span_max,recall_at_0.1_fpr
99kvtmj8,apertus_no_lora_bf16_only_layer20_seed44_lr1em3,finished,2026-03-16 01:21:44+00:00,apertus,bf16_only,20,44,1e-3,bfloat16,none,0.13294142484664917,train/longfact_test_apertus/span_max_recall_at_0.1_fpr,0.581473968897904,apertus,span_max,recall_at_0.1_fpr
g1itgrow,apertus_no_lora_bf16_only_layer20_seed44_lr1em4,finished,2026-03-16 01:21:44+00:00,apertus,bf16_only,20,44,1e-4,bfloat16,none,4.639030521502718e-05,train/longfact_test_apertus/span_max_recall_at_0.1_fpr,0.4782510705431598,apertus,span_max,recall_at_0.1_fpr
vuc2g8id,apertus_no_lora_bf16_only_layer20_seed44_lr3em4,finished,2026-03-16 01:21:44+00:00,apertus,bf16_only,20,44,3e-4,bfloat16,none,0.2754364609718323,train/longfact_test_apertus/span_max_recall_at_0.1_fpr,0.5846292540004507,apertus,span_max,recall_at_0.1_fpr
v52uwh1g,apertus_no_lora_bf16_only_layer20_seed44_lr3em5,finished,2026-03-16 01:21:44+00:00,apertus,bf16_only,20,44,3e-5,bfloat16,none,23.12533187866211,train/longfact_test_apertus/span_max_recall_at_0.1_fpr,0.0,apertus,span_max,recall_at_0.1_fpr
vz5jn274,apertus_no_lora_bf16_only_layer26_seed42_lr1em3,finished,2026-03-16 01:21:44+00:00,apertus,bf16_only,26,42,1e-3,bfloat16,none,0.023973966017365456,train/longfact_test_apertus/span_max_recall_at_0.1_fpr,0.5562316880775299,apertus,span_max,recall_at_0.1_fpr
4drsxr5u,apertus_no_lora_bf16_only_layer26_seed42_lr1em4,finished,2026-03-16 01:21:44+00:00,apertus,bf16_only,26,42,1e-4,bfloat16,none,0.023594362661242485,train/longfact_test_apertus/span_max_recall_at_0.1_fpr,0.0,apertus,span_max,recall_at_0.1_fpr
1crms08u,apertus_no_lora_bf16_only_layer26_seed42_lr3em4,finished,2026-03-16 01:21:44+00:00,apertus,bf16_only,26,42,3e-4,bfloat16,none,0.006822563707828522,train/longfact_test_apertus/span_max_recall_at_0.1_fpr,0.5384268649988732,apertus,span_max,recall_at_0.1_fpr
cq95ctu3,apertus_no_lora_bf16_only_layer26_seed42_lr3em5,finished,2026-03-16 01:21:44+00:00,apertus,bf16_only,26,42,3e-5,bfloat16,none,0.9924049973487854,train/longfact_test_apertus/span_max_recall_at_0.1_fpr,0.0,apertus,span_max,recall_at_0.1_fpr
q08ckrfy,apertus_no_lora_bf16_only_layer26_seed43_lr1em3,finished,2026-03-16 01:21:45+00:00,apertus,bf16_only,26,43,1e-3,bfloat16,none,4.096848487854004,train/longfact_test_apertus/span_max_recall_at_0.1_fpr,0.0,apertus,span_max,recall_at_0.1_fpr
hirctdjt,apertus_no_lora_bf16_only_layer26_seed43_lr1em4,finished,2026-03-16 01:21:45+00:00,apertus,bf16_only,26,43,1e-4,bfloat16,none,4.878128528594971,train/longfact_test_apertus/span_max_recall_at_0.1_fpr,0.0,apertus,span_max,recall_at_0.1_fpr
psn29j9n,apertus_no_lora_bf16_only_layer26_seed43_lr3em4,finished,2026-03-16 01:21:45+00:00,apertus,bf16_only,26,43,3e-4,bfloat16,none,1.7208261489868164,train/longfact_test_apertus/span_max_recall_at_0.1_fpr,0.5357223349109759,apertus,span_max,recall_at_0.1_fpr
lx8g6b8s,apertus_no_lora_bf16_only_layer26_seed43_lr3em5,finished,2026-03-16 01:21:45+00:00,apertus,bf16_only,26,43,3e-5,bfloat16,none,12.94149684906006,train/longfact_test_apertus/span_max_recall_at_0.1_fpr,0.0,apertus,span_max,recall_at_0.1_fpr
wixkxx9v,apertus_no_lora_bf16_only_layer26_seed44_lr1em3,finished,2026-03-16 01:21:44+00:00,apertus,bf16_only,26,44,1e-3,bfloat16,none,10.250615119934082,train/longfact_test_apertus/span_max_recall_at_0.1_fpr,0.0,apertus,span_max,recall_at_0.1_fpr
2r4mqan8,apertus_no_lora_bf16_only_layer26_seed44_lr1em4,finished,2026-03-16 01:21:44+00:00,apertus,bf16_only,26,44,1e-4,bfloat16,none,0.0004059617640450597,train/longfact_test_apertus/span_max_recall_at_0.1_fpr,0.0,apertus,span_max,recall_at_0.1_fpr
v3h0pfq3,apertus_no_lora_bf16_only_layer26_seed44_lr3em4,finished,2026-03-16 01:21:44+00:00,apertus,bf16_only,26,44,3e-4,bfloat16,none,0.3673836886882782,train/longfact_test_apertus/span_max_recall_at_0.1_fpr,0.530764029749831,apertus,span_max,recall_at_0.1_fpr
muqajhqb,apertus_no_lora_bf16_only_layer26_seed44_lr3em5,finished,2026-03-16 01:21:44+00:00,apertus,bf16_only,26,44,3e-5,bfloat16,none,7.75074577331543,train/longfact_test_apertus/span_max_recall_at_0.1_fpr,0.0,apertus,span_max,recall_at_0.1_fpr
imd2hxzj,apertus_no_lora_bf16_only_layer30_seed42_lr1em3,finished,2026-03-16 01:21:44+00:00,apertus,bf16_only,30,42,1e-3,bfloat16,none,82.0517578125,train/longfact_test_apertus/span_max_recall_at_0.1_fpr,0.0,apertus,span_max,recall_at_0.1_fpr
g9535ebe,apertus_no_lora_bf16_only_layer30_seed42_lr1em4,finished,2026-03-16 01:21:44+00:00,apertus,bf16_only,30,42,1e-4,bfloat16,none,0.033634547144174576,train/longfact_test_apertus/span_max_recall_at_0.1_fpr,0.0,apertus,span_max,recall_at_0.1_fpr
j9yucacb,apertus_no_lora_bf16_only_layer30_seed42_lr3em4,finished,2026-03-16 01:21:44+00:00,apertus,bf16_only,30,42,3e-4,bfloat16,none,0.025012411177158356,train/longfact_test_apertus/span_max_recall_at_0.1_fpr,0.0,apertus,span_max,recall_at_0.1_fpr
4bo3xdzv,apertus_no_lora_bf16_only_layer30_seed42_lr3em5,finished,2026-03-16 01:21:44+00:00,apertus,bf16_only,30,42,3e-5,bfloat16,none,33.04824447631836,train/longfact_test_apertus/span_max_recall_at_0.1_fpr,0.0,apertus,span_max,recall_at_0.1_fpr
a55rsp1p,apertus_no_lora_bf16_only_layer30_seed43_lr1em3,finished,2026-03-16 01:21:45+00:00,apertus,bf16_only,30,43,1e-3,bfloat16,none,9.379252433776855,train/longfact_test_apertus/span_max_recall_at_0.1_fpr,0.5749380211854856,apertus,span_max,recall_at_0.1_fpr
5uzjpj1x,apertus_no_lora_bf16_only_layer30_seed43_lr1em4,finished,2026-03-16 01:21:45+00:00,apertus,bf16_only,30,43,1e-4,bfloat16,none,6.222002029418945,train/longfact_test_apertus/span_max_recall_at_0.1_fpr,0.0,apertus,span_max,recall_at_0.1_fpr
fctlmblr,apertus_no_lora_bf16_only_layer30_seed43_lr3em4,finished,2026-03-16 01:21:45+00:00,apertus,bf16_only,30,43,3e-4,bfloat16,none,5.815634250640869,train/longfact_test_apertus/span_max_recall_at_0.1_fpr,0.0,apertus,span_max,recall_at_0.1_fpr
580vhzgn,apertus_no_lora_bf16_only_layer30_seed43_lr3em5,finished,2026-03-16 01:21:45+00:00,apertus,bf16_only,30,43,3e-5,bfloat16,none,10.316194534301758,train/longfact_test_apertus/span_max_recall_at_0.1_fpr,0.0,apertus,span_max,recall_at_0.1_fpr
uns2a6j2,apertus_no_lora_bf16_only_layer30_seed44_lr1em3,finished,2026-03-16 01:21:44+00:00,apertus,bf16_only,30,44,1e-3,bfloat16,none,0.0,train/longfact_test_apertus/span_max_recall_at_0.1_fpr,0.002929907595221997,apertus,span_max,recall_at_0.1_fpr
m97ar22y,apertus_no_lora_bf16_only_layer30_seed44_lr1em4,finished,2026-03-16 01:21:44+00:00,apertus,bf16_only,30,44,1e-4,bfloat16,none,10.063371658325195,train/longfact_test_apertus/span_max_recall_at_0.1_fpr,0.0,apertus,span_max,recall_at_0.1_fpr
hr0vmzt0,apertus_no_lora_bf16_only_layer30_seed44_lr3em4,finished,2026-03-16 01:21:44+00:00,apertus,bf16_only,30,44,3e-4,bfloat16,none,6.532261848449707,train/longfact_test_apertus/span_max_recall_at_0.1_fpr,0.0,apertus,span_max,recall_at_0.1_fpr
w644eh9h,apertus_no_lora_bf16_only_layer30_seed44_lr3em5,finished,2026-03-16 01:21:44+00:00,apertus,bf16_only,30,44,3e-5,bfloat16,none,33.25065612792969,train/longfact_test_apertus/span_max_recall_at_0.1_fpr,0.0,apertus,span_max,recall_at_0.1_fpr
3618z7cg,apertus_no_lora_fp32_only_layer10_seed42_lr1em3,finished,2026-03-16 18:21:39+00:00,apertus,fp32_only,10,42,1e-3,float32,none,0.11816876381635666,train/longfact_test_apertus/span_max_recall_at_0.1_fpr,0.6272256028848321,apertus,span_max,recall_at_0.1_fpr
mhg0ycoh,apertus_no_lora_fp32_only_layer10_seed42_lr1em4,finished,2026-03-16 18:21:39+00:00,apertus,fp32_only,10,42,1e-4,float32,none,0.1332954168319702,train/longfact_test_apertus/span_max_recall_at_0.1_fpr,0.599954924498535,apertus,span_max,recall_at_0.1_fpr
b71ik25s,apertus_no_lora_fp32_only_layer10_seed42_lr3em4,finished,2026-03-16 18:21:39+00:00,apertus,fp32_only,10,42,3e-4,float32,none,0.1127048209309578,train/longfact_test_apertus/span_max_recall_at_0.1_fpr,0.6206896551724138,apertus,span_max,recall_at_0.1_fpr
8hl54mqx,apertus_no_lora_fp32_only_layer10_seed42_lr3em5,finished,2026-03-16 18:21:39+00:00,apertus,fp32_only,10,42,3e-5,float32,none,0.15368859469890594,train/longfact_test_apertus/span_max_recall_at_0.1_fpr,0.5442866801893171,apertus,span_max,recall_at_0.1_fpr
x3sqior5,apertus_no_lora_fp32_only_layer10_seed43_lr1em3,finished,2026-03-16 18:21:39+00:00,apertus,fp32_only,10,43,1e-3,float32,none,0.29647397994995117,train/longfact_test_apertus/span_max_recall_at_0.1_fpr,0.6274509803921569,apertus,span_max,recall_at_0.1_fpr
dm4602lm,apertus_no_lora_fp32_only_layer10_seed43_lr1em4,finished,2026-03-16 18:21:39+00:00,apertus,fp32_only,10,43,1e-4,float32,none,0.2917933166027069,train/longfact_test_apertus/span_max_recall_at_0.1_fpr,0.5916159567275185,apertus,span_max,recall_at_0.1_fpr
3mcpf9f3,apertus_no_lora_fp32_only_layer10_seed43_lr3em4,finished,2026-03-16 18:21:39+00:00,apertus,fp32_only,10,43,3e-4,float32,none,0.2921086251735687,train/longfact_test_apertus/span_max_recall_at_0.1_fpr,0.6326346630606265,apertus,span_max,recall_at_0.1_fpr
0v0cghh6,apertus_no_lora_fp32_only_layer10_seed43_lr3em5,finished,2026-03-16 18:21:39+00:00,apertus,fp32_only,10,43,3e-5,float32,none,0.27485892176628113,train/longfact_test_apertus/span_max_recall_at_0.1_fpr,0.5361730899256254,apertus,span_max,recall_at_0.1_fpr
k8u6gf39,apertus_no_lora_fp32_only_layer10_seed44_lr1em3,finished,2026-03-16 18:21:39+00:00,apertus,fp32_only,10,44,1e-3,float32,none,0.09856606274843216,train/longfact_test_apertus/span_max_recall_at_0.1_fpr,0.6378183457290962,apertus,span_max,recall_at_0.1_fpr
rgnn8edm,apertus_no_lora_fp32_only_layer10_seed44_lr1em4,finished,2026-03-16 18:21:39+00:00,apertus,fp32_only,10,44,1e-4,float32,none,0.4017370939254761,train/longfact_test_apertus/span_max_recall_at_0.1_fpr,0.5949966193373901,apertus,span_max,recall_at_0.1_fpr
1hlg6mhh,apertus_no_lora_fp32_only_layer10_seed44_lr3em4,finished,2026-03-16 18:21:39+00:00,apertus,fp32_only,10,44,3e-4,float32,none,0.3334559202194214,train/longfact_test_apertus/span_max_recall_at_0.1_fpr,0.6308316430020284,apertus,span_max,recall_at_0.1_fpr
h32xr3bj,apertus_no_lora_fp32_only_layer10_seed44_lr3em5,finished,2026-03-16 18:21:39+00:00,apertus,fp32_only,10,44,3e-5,float32,none,0.6063321232795715,train/longfact_test_apertus/span_max_recall_at_0.1_fpr,0.5391029975208474,apertus,span_max,recall_at_0.1_fpr
7otuls41,apertus_no_lora_fp32_only_layer20_seed42_lr1em3,finished,2026-03-16 18:21:39+00:00,apertus,fp32_only,20,42,1e-3,float32,none,0.0014074433129280806,train/longfact_test_apertus/span_max_recall_at_0.1_fpr,0.5819247239125536,apertus,span_max,recall_at_0.1_fpr
h3hhroh2,apertus_no_lora_fp32_only_layer20_seed42_lr1em4,finished,2026-03-16 18:21:39+00:00,apertus,fp32_only,20,42,1e-4,float32,none,0.005417922046035528,train/longfact_test_apertus/span_max_recall_at_0.1_fpr,0.5309894072571557,apertus,span_max,recall_at_0.1_fpr
gbg3qolw,apertus_no_lora_fp32_only_layer20_seed42_lr3em4,finished,2026-03-16 18:21:39+00:00,apertus,fp32_only,20,42,3e-4,float32,none,0.012795637361705303,train/longfact_test_apertus/span_max_recall_at_0.1_fpr,0.5751633986928104,apertus,span_max,recall_at_0.1_fpr
vpc4pmw1,apertus_no_lora_fp32_only_layer20_seed42_lr3em5,finished,2026-03-16 18:21:39+00:00,apertus,fp32_only,20,42,3e-5,float32,none,0.4815448522567749,train/longfact_test_apertus/span_max_recall_at_0.1_fpr,0.4823078656750056,apertus,span_max,recall_at_0.1_fpr
4hd86xs1,apertus_no_lora_fp32_only_layer20_seed43_lr1em3,finished,2026-03-16 18:21:39+00:00,apertus,fp32_only,20,43,1e-3,float32,none,0.7915925979614258,train/longfact_test_apertus/span_max_recall_at_0.1_fpr,0.593193599278792,apertus,span_max,recall_at_0.1_fpr
dtswvc78,apertus_no_lora_fp32_only_layer20_seed43_lr1em4,finished,2026-03-16 18:21:39+00:00,apertus,fp32_only,20,43,1e-4,float32,none,0.9363940954208374,train/longfact_test_apertus/span_max_recall_at_0.1_fpr,0.5260311020960108,apertus,span_max,recall_at_0.1_fpr
r4canywa,apertus_no_lora_fp32_only_layer20_seed43_lr3em4,finished,2026-03-16 18:21:39+00:00,apertus,fp32_only,20,43,3e-4,float32,none,0.4842445254325866,train/longfact_test_apertus/span_max_recall_at_0.1_fpr,0.605814739688979,apertus,span_max,recall_at_0.1_fpr
5pryw2ji,apertus_no_lora_fp32_only_layer20_seed43_lr3em5,finished,2026-03-16 18:21:39+00:00,apertus,fp32_only,20,43,3e-5,float32,none,2.3771839141845703,train/longfact_test_apertus/span_max_recall_at_0.1_fpr,0.47284201036736534,apertus,span_max,recall_at_0.1_fpr
cu47livm,apertus_no_lora_fp32_only_layer20_seed44_lr1em3,finished,2026-03-16 18:21:39+00:00,apertus,fp32_only,20,44,1e-3,float32,none,0.8405814170837402,train/longfact_test_apertus/span_max_recall_at_0.1_fpr,0.584403876493126,apertus,span_max,recall_at_0.1_fpr
7cq66mkt,apertus_no_lora_fp32_only_layer20_seed44_lr1em4,finished,2026-03-16 18:21:39+00:00,apertus,fp32_only,20,44,1e-4,float32,none,0.00021276120969559997,train/longfact_test_apertus/span_max_recall_at_0.1_fpr,0.5122830741491999,apertus,span_max,recall_at_0.1_fpr
wrlr6qli,apertus_no_lora_fp32_only_layer20_seed44_lr3em4,finished,2026-03-16 18:21:39+00:00,apertus,fp32_only,20,44,3e-4,float32,none,0.7323926091194153,train/longfact_test_apertus/span_max_recall_at_0.1_fpr,0.5826008564345279,apertus,span_max,recall_at_0.1_fpr
nkk8fdiv,apertus_no_lora_fp32_only_layer20_seed44_lr3em5,finished,2026-03-16 18:21:39+00:00,apertus,fp32_only,20,44,3e-5,float32,none,3.7443130016326904,train/longfact_test_apertus/span_max_recall_at_0.1_fpr,0.47554654045526257,apertus,span_max,recall_at_0.1_fpr
jeyu4ke4,apertus_no_lora_fp32_only_layer26_seed42_lr1em3,finished,2026-03-16 18:21:39+00:00,apertus,fp32_only,26,42,1e-3,float32,none,0.02182931825518608,train/longfact_test_apertus/span_max_recall_at_0.1_fpr,0.5654721658778454,apertus,span_max,recall_at_0.1_fpr
6jnxw4n2,apertus_no_lora_fp32_only_layer26_seed42_lr1em4,finished,2026-03-16 18:21:39+00:00,apertus,fp32_only,26,42,1e-4,float32,none,0.017278315499424934,train/longfact_test_apertus/span_max_recall_at_0.1_fpr,0.5161144917737209,apertus,span_max,recall_at_0.1_fpr
vz2hbt4t,apertus_no_lora_fp32_only_layer26_seed42_lr3em4,finished,2026-03-16 18:21:39+00:00,apertus,fp32_only,26,42,3e-4,float32,none,0.006629477255046368,train/longfact_test_apertus/span_max_recall_at_0.1_fpr,0.5242280820374127,apertus,span_max,recall_at_0.1_fpr
g2rdqxou,apertus_no_lora_fp32_only_layer26_seed42_lr3em5,finished,2026-03-16 18:21:39+00:00,apertus,fp32_only,26,42,3e-5,float32,none,0.029366448521614075,train/longfact_test_apertus/span_max_recall_at_0.1_fpr,0.4739688979039891,apertus,span_max,recall_at_0.1_fpr
g557mw8r,apertus_no_lora_fp32_only_layer26_seed43_lr1em3,finished,2026-03-16 18:21:39+00:00,apertus,fp32_only,26,43,1e-3,float32,none,5.589945316314697,train/longfact_test_apertus/span_max_recall_at_0.1_fpr,0.5702050935316655,apertus,span_max,recall_at_0.1_fpr
xtj1l55e,apertus_no_lora_fp32_only_layer26_seed43_lr1em4,finished,2026-03-16 18:21:39+00:00,apertus,fp32_only,26,43,1e-4,float32,none,2.261085033416748,train/longfact_test_apertus/span_max_recall_at_0.1_fpr,0.5086770340320036,apertus,span_max,recall_at_0.1_fpr
tn9zon9i,apertus_no_lora_fp32_only_layer26_seed43_lr3em4,finished,2026-03-16 18:21:39+00:00,apertus,fp32_only,26,43,3e-4,float32,none,1.2675254344940186,train/longfact_test_apertus/span_max_recall_at_0.1_fpr,0.5494703628577868,apertus,span_max,recall_at_0.1_fpr
gi60xrz3,apertus_no_lora_fp32_only_layer26_seed43_lr3em5,finished,2026-03-16 18:21:39+00:00,apertus,fp32_only,26,43,3e-5,float32,none,5.592858791351318,train/longfact_test_apertus/span_max_recall_at_0.1_fpr,0.4719405003380663,apertus,span_max,recall_at_0.1_fpr
p7gub5up,apertus_no_lora_fp32_only_layer26_seed44_lr1em3,finished,2026-03-16 18:21:39+00:00,apertus,fp32_only,26,44,1e-3,float32,none,2.7211620807647705,train/longfact_test_apertus/span_max_recall_at_0.1_fpr,0.5708812260536399,apertus,span_max,recall_at_0.1_fpr
gani1xp7,apertus_no_lora_fp32_only_layer26_seed44_lr1em4,finished,2026-03-16 18:21:39+00:00,apertus,fp32_only,26,44,1e-4,float32,none,0.061501313000917435,train/longfact_test_apertus/span_max_recall_at_0.1_fpr,0.5143114717151228,apertus,span_max,recall_at_0.1_fpr
ill5vvx2,apertus_no_lora_fp32_only_layer26_seed44_lr3em4,finished,2026-03-16 18:21:39+00:00,apertus,fp32_only,26,44,3e-4,float32,none,0.02174818329513073,train/longfact_test_apertus/span_max_recall_at_0.1_fpr,0.5368492224475997,apertus,span_max,recall_at_0.1_fpr
b9ibkxys,apertus_no_lora_fp32_only_layer26_seed44_lr3em5,finished,2026-03-16 18:21:39+00:00,apertus,fp32_only,26,44,3e-5,float32,none,0.0007233090000227094,train/longfact_test_apertus/span_max_recall_at_0.1_fpr,0.4737435203966644,apertus,span_max,recall_at_0.1_fpr
362f178l,apertus_no_lora_fp32_only_layer30_seed42_lr1em3,finished,2026-03-16 18:21:39+00:00,apertus,fp32_only,30,42,1e-3,float32,none,81.83356475830078,train/longfact_test_apertus/span_max_recall_at_0.1_fpr,0.0,apertus,span_max,recall_at_0.1_fpr
572p44e7,apertus_no_lora_fp32_only_layer30_seed42_lr1em4,finished,2026-03-16 18:21:39+00:00,apertus,fp32_only,30,42,1e-4,float32,none,0.03013068065047264,train/longfact_test_apertus/span_max_recall_at_0.1_fpr,0.5276087446472842,apertus,span_max,recall_at_0.1_fpr
9k35iiw5,apertus_no_lora_fp32_only_layer30_seed42_lr3em4,finished,2026-03-16 18:21:39+00:00,apertus,fp32_only,30,42,3e-4,float32,none,0.02508390322327614,train/longfact_test_apertus/span_max_recall_at_0.1_fpr,0.5415821501014199,apertus,span_max,recall_at_0.1_fpr
7u26q4rs,apertus_no_lora_fp32_only_layer30_seed42_lr3em5,finished,2026-03-16 18:21:39+00:00,apertus,fp32_only,30,42,3e-5,float32,none,0.5540672540664673,train/longfact_test_apertus/span_max_recall_at_0.1_fpr,0.48884381338742394,apertus,span_max,recall_at_0.1_fpr
f817tswh,apertus_no_lora_fp32_only_layer30_seed43_lr1em3,finished,2026-03-16 18:21:39+00:00,apertus,fp32_only,30,43,1e-3,float32,none,9.374524116516112,train/longfact_test_apertus/span_max_recall_at_0.1_fpr,0.0,apertus,span_max,recall_at_0.1_fpr
lqmdrcpg,apertus_no_lora_fp32_only_layer30_seed43_lr1em4,finished,2026-03-16 18:21:39+00:00,apertus,fp32_only,30,43,1e-4,float32,none,5.7266106605529785,train/longfact_test_apertus/span_max_recall_at_0.1_fpr,0.5273833671399595,apertus,span_max,recall_at_0.1_fpr
f3nq1ppq,apertus_no_lora_fp32_only_layer30_seed43_lr3em4,finished,2026-03-16 18:21:39+00:00,apertus,fp32_only,30,43,3e-4,float32,none,5.207202911376953,train/longfact_test_apertus/span_max_recall_at_0.1_fpr,0.5526256479603335,apertus,span_max,recall_at_0.1_fpr
z9shqkbl,apertus_no_lora_fp32_only_layer30_seed43_lr3em5,finished,2026-03-16 18:21:39+00:00,apertus,fp32_only,30,43,3e-5,float32,none,6.685286521911621,train/longfact_test_apertus/span_max_recall_at_0.1_fpr,0.4796033355871084,apertus,span_max,recall_at_0.1_fpr
bz9gcqwk,apertus_no_lora_fp32_only_layer30_seed44_lr1em3,finished,2026-03-16 18:21:39+00:00,apertus,fp32_only,30,44,1e-3,float32,none,0.0,train/longfact_test_apertus/span_max_recall_at_0.1_fpr,0.0,apertus,span_max,recall_at_0.1_fpr
nhg2yz2u,apertus_no_lora_fp32_only_layer30_seed44_lr1em4,finished,2026-03-16 18:21:39+00:00,apertus,fp32_only,30,44,1e-4,float32,none,0.01171684730798006,train/longfact_test_apertus/span_max_recall_at_0.1_fpr,0.5294117647058824,apertus,span_max,recall_at_0.1_fpr
4yytvlvi,apertus_no_lora_fp32_only_layer30_seed44_lr3em4,finished,2026-03-16 18:21:39+00:00,apertus,fp32_only,30,44,3e-4,float32,none,0.0005547898472286761,train/longfact_test_apertus/span_max_recall_at_0.1_fpr,0.537525354969574,apertus,span_max,recall_at_0.1_fpr
8kx20a5i,apertus_no_lora_fp32_only_layer30_seed44_lr3em5,finished,2026-03-16 18:21:39+00:00,apertus,fp32_only,30,44,3e-5,float32,none,33.319332122802734,train/longfact_test_apertus/span_max_recall_at_0.1_fpr,0.4863646608068515,apertus,span_max,recall_at_0.1_fpr
kgoq3e5r,llama_no_lora_long_form_layer10_seed42,finished,2026-03-02 14:45:36+00:00,llama,llama_layers,10,42,,bfloat16,none,0.4103353917598725,train/longfact_test_apertus/span_max_recall_at_0.1_fpr,0.6276018099547511,apertus,span_max,recall_at_0.1_fpr
9oem35be,llama_no_lora_long_form_layer10_seed43,finished,2026-03-02 14:46:11+00:00,llama,llama_layers,10,43,,bfloat16,none,0.582381546497345,train/longfact_test_apertus/span_max_recall_at_0.1_fpr,0.6316742081447964,apertus,span_max,recall_at_0.1_fpr
rri8v027,llama_no_lora_long_form_layer10_seed44,finished,2026-03-02 14:46:11+00:00,llama,llama_layers,10,44,,bfloat16,none,0.3619125485420227,train/longfact_test_apertus/span_max_recall_at_0.1_fpr,0.6280542986425339,apertus,span_max,recall_at_0.1_fpr
qni919ee,llama_no_lora_long_form_layer20_seed42,finished,2026-03-02 14:50:44+00:00,llama,llama_layers,20,42,,bfloat16,none,0.4025150239467621,train/longfact_test_apertus/span_max_recall_at_0.1_fpr,0.6416289592760182,apertus,span_max,recall_at_0.1_fpr
4aryhr4u,llama_no_lora_long_form_layer20_seed43,finished,2026-03-02 14:50:44+00:00,llama,llama_layers,20,43,,bfloat16,none,0.6214630007743835,train/longfact_test_apertus/span_max_recall_at_0.1_fpr,0.6434389140271494,apertus,span_max,recall_at_0.1_fpr
v8qejznt,llama_no_lora_long_form_layer20_seed44,finished,2026-03-02 14:50:44+00:00,llama,llama_layers,20,44,,bfloat16,none,0.4049457013607025,train/longfact_test_apertus/span_max_recall_at_0.1_fpr,0.638235294117647,apertus,span_max,recall_at_0.1_fpr
82vjeyys,llama_no_lora_long_form_layer26_seed42,finished,2026-03-02 14:50:44+00:00,llama,llama_layers,26,42,,bfloat16,none,0.38688111305236816,train/longfact_test_apertus/span_max_recall_at_0.1_fpr,0.6343891402714932,apertus,span_max,recall_at_0.1_fpr
gzg4irhz,llama_no_lora_long_form_layer26_seed43,finished,2026-03-02 14:51:46+00:00,llama,llama_layers,26,43,,bfloat16,none,0.6332159042358398,train/longfact_test_apertus/span_max_recall_at_0.1_fpr,0.642081447963801,apertus,span_max,recall_at_0.1_fpr
7u7entue,llama_no_lora_long_form_layer26_seed44,finished,2026-03-02 14:51:46+00:00,llama,llama_layers,26,44,,bfloat16,none,0.4069174230098725,train/longfact_test_apertus/span_max_recall_at_0.1_fpr,0.6427601809954752,apertus,span_max,recall_at_0.1_fpr
ct7o6ek7,llama_no_lora_long_form_layer30_seed42,finished,2026-03-02 14:51:46+00:00,llama,llama_layers,30,42,,bfloat16,none,0.4142408668994904,train/longfact_test_apertus/span_max_recall_at_0.1_fpr,0.6595022624434389,apertus,span_max,recall_at_0.1_fpr
av9rm02w,llama_no_lora_long_form_layer30_seed43,finished,2026-03-02 14:51:46+00:00,llama,llama_layers,30,43,,bfloat16,none,0.7231071591377258,train/longfact_test_apertus/span_max_recall_at_0.1_fpr,0.6597285067873303,apertus,span_max,recall_at_0.1_fpr
ojujrfsw,llama_no_lora_long_form_layer30_seed44,finished,2026-03-02 14:51:46+00:00,llama,llama_layers,30,44,,bfloat16,none,0.4089251160621643,train/longfact_test_apertus/span_max_recall_at_0.1_fpr,0.6665158371040724,apertus,span_max,recall_at_0.1_fpr
47rfeqmx,apertus_no_lora_ln_bf16_layer10_seed42_lr1em3,finished,2026-03-16 01:21:44+00:00,apertus,ln_bf16,10,42,1e-3,bfloat16,layernorm,0.14300638437271118,train/longfact_test_apertus/span_max_recall_at_0.1_fpr,0.6299301329727294,apertus,span_max,recall_at_0.1_fpr
ltvbxnyc,apertus_no_lora_ln_bf16_layer10_seed42_lr1em4,finished,2026-03-16 01:21:44+00:00,apertus,ln_bf16,10,42,1e-4,bfloat16,layernorm,0.3950393497943878,train/longfact_test_apertus/span_max_recall_at_0.1_fpr,0.5711066035609647,apertus,span_max,recall_at_0.1_fpr
aupa5a3l,apertus_no_lora_ln_bf16_layer10_seed42_lr3em4,finished,2026-03-16 01:21:44+00:00,apertus,ln_bf16,10,42,3e-4,bfloat16,layernorm,0.18207243084907532,train/longfact_test_apertus/span_max_recall_at_0.1_fpr,0.6080685147622267,apertus,span_max,recall_at_0.1_fpr
48kc2gt3,apertus_no_lora_ln_bf16_layer10_seed42_lr3em5,finished,2026-03-16 01:21:44+00:00,apertus,ln_bf16,10,42,3e-5,bfloat16,layernorm,0.942188560962677,train/longfact_test_apertus/span_max_recall_at_0.1_fpr,0.45233265720081134,apertus,span_max,recall_at_0.1_fpr
l92ugb0x,apertus_no_lora_ln_bf16_layer10_seed43_lr1em3,finished,2026-03-16 01:21:44+00:00,apertus,ln_bf16,10,43,1e-3,bfloat16,layernorm,0.2892049551010132,train/longfact_test_apertus/span_max_recall_at_0.1_fpr,0.6240703177822853,apertus,span_max,recall_at_0.1_fpr
ks445ju3,apertus_no_lora_ln_bf16_layer10_seed43_lr1em4,finished,2026-03-16 01:21:44+00:00,apertus,ln_bf16,10,43,1e-4,bfloat16,layernorm,0.26968491077423096,train/longfact_test_apertus/span_max_recall_at_0.1_fpr,0.5722334910975885,apertus,span_max,recall_at_0.1_fpr
v1whaixy,apertus_no_lora_ln_bf16_layer10_seed43_lr3em4,finished,2026-03-16 01:21:44+00:00,apertus,ln_bf16,10,43,3e-4,bfloat16,layernorm,0.26967474818229675,train/longfact_test_apertus/span_max_recall_at_0.1_fpr,0.6089700247915258,apertus,span_max,recall_at_0.1_fpr
yrz15txm,apertus_no_lora_ln_bf16_layer10_seed43_lr3em5,finished,2026-03-16 01:21:44+00:00,apertus,ln_bf16,10,43,3e-5,bfloat16,layernorm,0.35177040100097656,train/longfact_test_apertus/span_max_recall_at_0.1_fpr,0.4561640748253325,apertus,span_max,recall_at_0.1_fpr
yjo8ext8,apertus_no_lora_ln_bf16_layer10_seed44_lr1em3,finished,2026-03-16 01:21:45+00:00,apertus,ln_bf16,10,44,1e-3,bfloat16,layernorm,0.20609278976917267,train/longfact_test_apertus/span_max_recall_at_0.1_fpr,0.6283524904214559,apertus,span_max,recall_at_0.1_fpr
wjc71sg6,apertus_no_lora_ln_bf16_layer10_seed44_lr1em4,finished,2026-03-16 01:21:45+00:00,apertus,ln_bf16,10,44,1e-4,bfloat16,layernorm,0.3125472366809845,train/longfact_test_apertus/span_max_recall_at_0.1_fpr,0.5720081135902637,apertus,span_max,recall_at_0.1_fpr
dd2pwu6g,apertus_no_lora_ln_bf16_layer10_seed44_lr3em4,finished,2026-03-16 01:21:45+00:00,apertus,ln_bf16,10,44,3e-4,bfloat16,layernorm,0.289102166891098,train/longfact_test_apertus/span_max_recall_at_0.1_fpr,0.605814739688979,apertus,span_max,recall_at_0.1_fpr
gk2y0cx9,apertus_no_lora_ln_bf16_layer10_seed44_lr3em5,finished,2026-03-16 01:21:45+00:00,apertus,ln_bf16,10,44,3e-5,bfloat16,layernorm,0.31844255328178406,train/longfact_test_apertus/span_max_recall_at_0.1_fpr,0.4552625647960334,apertus,span_max,recall_at_0.1_fpr
p3f6sakq,apertus_no_lora_ln_bf16_layer20_seed42_lr1em3,finished,2026-03-16 01:21:44+00:00,apertus,ln_bf16,20,42,1e-3,bfloat16,layernorm,0.11758887767791748,train/longfact_test_apertus/span_max_recall_at_0.1_fpr,0.6443542934415145,apertus,span_max,recall_at_0.1_fpr
2mbvnb3s,apertus_no_lora_ln_bf16_layer20_seed42_lr1em4,finished,2026-03-16 01:21:44+00:00,apertus,ln_bf16,20,42,1e-4,bfloat16,layernorm,0.5318654179573059,train/longfact_test_apertus/span_max_recall_at_0.1_fpr,0.5663736759071445,apertus,span_max,recall_at_0.1_fpr
pw74vso0,apertus_no_lora_ln_bf16_layer20_seed42_lr3em4,finished,2026-03-16 01:21:44+00:00,apertus,ln_bf16,20,42,3e-4,bfloat16,layernorm,0.2455830276012421,train/longfact_test_apertus/span_max_recall_at_0.1_fpr,0.6200135226504395,apertus,span_max,recall_at_0.1_fpr
lcc4r0ui,apertus_no_lora_ln_bf16_layer20_seed42_lr3em5,finished,2026-03-16 01:21:44+00:00,apertus,ln_bf16,20,42,3e-5,bfloat16,layernorm,0.8914243578910828,train/longfact_test_apertus/span_max_recall_at_0.1_fpr,0.4004958305161145,apertus,span_max,recall_at_0.1_fpr
ea20dmvq,apertus_no_lora_ln_bf16_layer20_seed43_lr1em3,finished,2026-03-16 01:21:44+00:00,apertus,ln_bf16,20,43,1e-3,bfloat16,layernorm,0.2716436982154846,train/longfact_test_apertus/span_max_recall_at_0.1_fpr,0.6425512733829164,apertus,span_max,recall_at_0.1_fpr
dq6d9cxj,apertus_no_lora_ln_bf16_layer20_seed43_lr1em4,finished,2026-03-16 01:21:44+00:00,apertus,ln_bf16,20,43,1e-4,bfloat16,layernorm,0.28726422786712646,train/longfact_test_apertus/span_max_recall_at_0.1_fpr,0.5620915032679739,apertus,span_max,recall_at_0.1_fpr
5rukn8sb,apertus_no_lora_ln_bf16_layer20_seed43_lr3em4,finished,2026-03-16 01:21:44+00:00,apertus,ln_bf16,20,43,3e-4,bfloat16,layernorm,0.279452383518219,train/longfact_test_apertus/span_max_recall_at_0.1_fpr,0.6220419202163624,apertus,span_max,recall_at_0.1_fpr
sg4y1aru,apertus_no_lora_ln_bf16_layer20_seed43_lr3em5,finished,2026-03-16 01:21:44+00:00,apertus,ln_bf16,20,43,3e-5,bfloat16,layernorm,0.383007675409317,train/longfact_test_apertus/span_max_recall_at_0.1_fpr,0.3991435654721659,apertus,span_max,recall_at_0.1_fpr
wjx8fs4d,apertus_no_lora_ln_bf16_layer20_seed44_lr1em3,finished,2026-03-16 01:21:44+00:00,apertus,ln_bf16,20,44,1e-3,bfloat16,layernorm,0.343784362077713,train/longfact_test_apertus/span_max_recall_at_0.1_fpr,0.6470588235294118,apertus,span_max,recall_at_0.1_fpr
ug8c0ane,apertus_no_lora_ln_bf16_layer20_seed44_lr1em4,finished,2026-03-16 01:21:44+00:00,apertus,ln_bf16,20,44,1e-4,bfloat16,layernorm,0.39652878046035767,train/longfact_test_apertus/span_max_recall_at_0.1_fpr,0.566824430921794,apertus,span_max,recall_at_0.1_fpr
xy83pt3c,apertus_no_lora_ln_bf16_layer20_seed44_lr3em4,finished,2026-03-16 01:21:44+00:00,apertus,ln_bf16,20,44,3e-4,bfloat16,layernorm,0.4512102007865906,train/longfact_test_apertus/span_max_recall_at_0.1_fpr,0.6188866351138156,apertus,span_max,recall_at_0.1_fpr
mgy8s31x,apertus_no_lora_ln_bf16_layer20_seed44_lr3em5,finished,2026-03-16 01:21:44+00:00,apertus,ln_bf16,20,44,3e-5,bfloat16,layernorm,0.44538286328315735,train/longfact_test_apertus/span_max_recall_at_0.1_fpr,0.39936894297949066,apertus,span_max,recall_at_0.1_fpr
qbe29z5d,apertus_no_lora_ln_bf16_layer26_seed42_lr1em3,finished,2026-03-16 01:21:44+00:00,apertus,ln_bf16,26,42,1e-3,bfloat16,layernorm,0.1929110735654831,train/longfact_test_apertus/span_max_recall_at_0.1_fpr,0.626324092855533,apertus,span_max,recall_at_0.1_fpr
nyzlam71,apertus_no_lora_ln_bf16_layer26_seed42_lr1em4,finished,2026-03-16 01:21:44+00:00,apertus,ln_bf16,26,42,1e-4,bfloat16,layernorm,0.5006973147392273,train/longfact_test_apertus/span_max_recall_at_0.1_fpr,0.5391029975208474,apertus,span_max,recall_at_0.1_fpr
p9he43x3,apertus_no_lora_ln_bf16_layer26_seed42_lr3em4,finished,2026-03-16 01:21:44+00:00,apertus,ln_bf16,26,42,3e-4,bfloat16,layernorm,0.27400892972946167,train/longfact_test_apertus/span_max_recall_at_0.1_fpr,0.6053639846743295,apertus,span_max,recall_at_0.1_fpr
jap1923r,apertus_no_lora_ln_bf16_layer26_seed42_lr3em5,finished,2026-03-16 01:21:44+00:00,apertus,ln_bf16,26,42,3e-5,bfloat16,layernorm,0.9109970927238464,train/longfact_test_apertus/span_max_recall_at_0.1_fpr,0.325895875591616,apertus,span_max,recall_at_0.1_fpr
kffm0190,apertus_no_lora_ln_bf16_layer26_seed43_lr1em3,finished,2026-03-16 01:21:44+00:00,apertus,ln_bf16,26,43,1e-3,bfloat16,layernorm,0.27165380120277405,train/longfact_test_apertus/span_max_recall_at_0.1_fpr,0.6310570205093532,apertus,span_max,recall_at_0.1_fpr
6nfiscpk,apertus_no_lora_ln_bf16_layer26_seed43_lr1em4,finished,2026-03-16 01:21:44+00:00,apertus,ln_bf16,26,43,1e-4,bfloat16,layernorm,0.29313549399375916,train/longfact_test_apertus/span_max_recall_at_0.1_fpr,0.5402298850574713,apertus,span_max,recall_at_0.1_fpr
livazl8t,apertus_no_lora_ln_bf16_layer26_seed43_lr3em4,finished,2026-03-16 01:21:44+00:00,apertus,ln_bf16,26,43,3e-4,bfloat16,layernorm,0.26969656348228455,train/longfact_test_apertus/span_max_recall_at_0.1_fpr,0.6046878521523552,apertus,span_max,recall_at_0.1_fpr
cs5p5dya,apertus_no_lora_ln_bf16_layer26_seed43_lr3em5,finished,2026-03-16 01:21:44+00:00,apertus,ln_bf16,26,43,3e-5,bfloat16,layernorm,0.3752008378505707,train/longfact_test_apertus/span_max_recall_at_0.1_fpr,0.34054541356772594,apertus,span_max,recall_at_0.1_fpr
m9z367ud,apertus_no_lora_ln_bf16_layer26_seed44_lr1em3,finished,2026-03-16 01:21:44+00:00,apertus,ln_bf16,26,44,1e-3,bfloat16,layernorm,0.44535091519355774,train/longfact_test_apertus/span_max_recall_at_0.1_fpr,0.6258733378408835,apertus,span_max,recall_at_0.1_fpr
ycmihac6,apertus_no_lora_ln_bf16_layer26_seed44_lr1em4,finished,2026-03-16 01:21:44+00:00,apertus,ln_bf16,26,44,1e-4,bfloat16,layernorm,0.3027840852737427,train/longfact_test_apertus/span_max_recall_at_0.1_fpr,0.5442866801893171,apertus,span_max,recall_at_0.1_fpr
b7cu6by4,apertus_no_lora_ln_bf16_layer26_seed44_lr3em4,finished,2026-03-16 01:21:44+00:00,apertus,ln_bf16,26,44,3e-4,bfloat16,layernorm,0.33402493596076965,train/longfact_test_apertus/span_max_recall_at_0.1_fpr,0.599954924498535,apertus,span_max,recall_at_0.1_fpr
82b66i5k,apertus_no_lora_ln_bf16_layer26_seed44_lr3em5,finished,2026-03-16 01:21:44+00:00,apertus,ln_bf16,26,44,3e-5,bfloat16,layernorm,0.3965613543987274,train/longfact_test_apertus/span_max_recall_at_0.1_fpr,0.3488843813387424,apertus,span_max,recall_at_0.1_fpr
7hvw78qp,apertus_no_lora_ln_bf16_layer30_seed42_lr1em3,finished,2026-03-16 01:21:44+00:00,apertus,ln_bf16,30,42,1e-3,bfloat16,layernorm,0.18903133273124695,train/longfact_test_apertus/span_max_recall_at_0.1_fpr,0.6283524904214559,apertus,span_max,recall_at_0.1_fpr
hq7zzpsr,apertus_no_lora_ln_bf16_layer30_seed42_lr1em4,finished,2026-03-16 01:21:44+00:00,apertus,ln_bf16,30,42,1e-4,bfloat16,layernorm,0.6139996647834778,train/longfact_test_apertus/span_max_recall_at_0.1_fpr,0.5587108406581023,apertus,span_max,recall_at_0.1_fpr
wehbf6bi,apertus_no_lora_ln_bf16_layer30_seed42_lr3em4,finished,2026-03-16 01:21:44+00:00,apertus,ln_bf16,30,42,3e-4,bfloat16,layernorm,0.2974618077278137,train/longfact_test_apertus/span_max_recall_at_0.1_fpr,0.6026594545864322,apertus,span_max,recall_at_0.1_fpr
inx8ca5d,apertus_no_lora_ln_bf16_layer30_seed42_lr3em5,finished,2026-03-16 01:21:44+00:00,apertus,ln_bf16,30,42,3e-5,bfloat16,layernorm,0.8954324722290039,train/longfact_test_apertus/span_max_recall_at_0.1_fpr,0.4090601757944557,apertus,span_max,recall_at_0.1_fpr
og90cgj0,apertus_no_lora_ln_bf16_layer30_seed43_lr1em3,finished,2026-03-16 01:21:44+00:00,apertus,ln_bf16,30,43,1e-3,bfloat16,layernorm,0.2775192856788635,train/longfact_test_apertus/span_max_recall_at_0.1_fpr,0.6202389001577643,apertus,span_max,recall_at_0.1_fpr
5cwasjvc,apertus_no_lora_ln_bf16_layer30_seed43_lr1em4,finished,2026-03-16 01:21:44+00:00,apertus,ln_bf16,30,43,1e-4,bfloat16,layernorm,0.2989921569824219,train/longfact_test_apertus/span_max_recall_at_0.1_fpr,0.5625422582826234,apertus,span_max,recall_at_0.1_fpr
7jkvxq48,apertus_no_lora_ln_bf16_layer30_seed43_lr3em4,finished,2026-03-16 01:21:44+00:00,apertus,ln_bf16,30,43,3e-4,bfloat16,layernorm,0.28141525387763977,train/longfact_test_apertus/span_max_recall_at_0.1_fpr,0.6010818120351589,apertus,span_max,recall_at_0.1_fpr
74i6ukb7,apertus_no_lora_ln_bf16_layer30_seed43_lr3em5,finished,2026-03-16 01:21:44+00:00,apertus,ln_bf16,30,43,3e-5,bfloat16,layernorm,0.367383748292923,train/longfact_test_apertus/span_max_recall_at_0.1_fpr,0.4090601757944557,apertus,span_max,recall_at_0.1_fpr
4m7o0thq,apertus_no_lora_ln_bf16_layer30_seed44_lr1em3,finished,2026-03-16 01:21:44+00:00,apertus,ln_bf16,30,44,1e-3,bfloat16,layernorm,0.3379320204257965,train/longfact_test_apertus/span_max_recall_at_0.1_fpr,0.6319585305386523,apertus,span_max,recall_at_0.1_fpr
3huyrepp,apertus_no_lora_ln_bf16_layer30_seed44_lr1em4,finished,2026-03-16 01:21:44+00:00,apertus,ln_bf16,30,44,1e-4,bfloat16,layernorm,0.4082537889480591,train/longfact_test_apertus/span_max_recall_at_0.1_fpr,0.5596123506874014,apertus,span_max,recall_at_0.1_fpr
khqaa0hj,apertus_no_lora_ln_bf16_layer30_seed44_lr3em4,finished,2026-03-16 01:21:44+00:00,apertus,ln_bf16,30,44,3e-4,bfloat16,layernorm,0.3730915486812592,train/longfact_test_apertus/span_max_recall_at_0.1_fpr,0.6035609646157314,apertus,span_max,recall_at_0.1_fpr
v97a1dax,apertus_no_lora_ln_bf16_layer30_seed44_lr3em5,finished,2026-03-16 01:21:44+00:00,apertus,ln_bf16,30,44,3e-5,bfloat16,layernorm,0.44148337841033936,train/longfact_test_apertus/span_max_recall_at_0.1_fpr,0.4131169709263016,apertus,span_max,recall_at_0.1_fpr
a1vhu02a,apertus_no_lora_ln_fp32_layer10_seed42_lr1em3,finished,2026-03-16 18:21:39+00:00,apertus,ln_fp32,10,42,1e-3,float32,layernorm,0.12267088890075684,train/longfact_test_apertus/span_max_recall_at_0.1_fpr,0.6299301329727294,apertus,span_max,recall_at_0.1_fpr
s5e7uzrk,apertus_no_lora_ln_fp32_layer10_seed42_lr1em4,finished,2026-03-16 18:21:39+00:00,apertus,ln_fp32,10,42,1e-4,float32,layernorm,0.2215098738670349,train/longfact_test_apertus/span_max_recall_at_0.1_fpr,0.5956727518593644,apertus,span_max,recall_at_0.1_fpr
a039mxlm,apertus_no_lora_ln_fp32_layer10_seed42_lr3em4,finished,2026-03-16 18:21:39+00:00,apertus,ln_fp32,10,42,3e-4,float32,layernorm,0.15673403441905975,train/longfact_test_apertus/span_max_recall_at_0.1_fpr,0.617534370069867,apertus,span_max,recall_at_0.1_fpr
ur0fzre6,apertus_no_lora_ln_fp32_layer10_seed42_lr3em5,finished,2026-03-16 18:21:39+00:00,apertus,ln_fp32,10,42,3e-5,float32,layernorm,0.4890720844268799,train/longfact_test_apertus/span_max_recall_at_0.1_fpr,0.5598377281947262,apertus,span_max,recall_at_0.1_fpr
kyx3dh6x,apertus_no_lora_ln_fp32_layer10_seed43_lr1em3,finished,2026-03-16 18:21:39+00:00,apertus,ln_fp32,10,43,1e-3,float32,layernorm,0.2920945882797241,train/longfact_test_apertus/span_max_recall_at_0.1_fpr,0.6333107955826008,apertus,span_max,recall_at_0.1_fpr
anpnl7j5,apertus_no_lora_ln_fp32_layer10_seed43_lr1em4,finished,2026-03-16 18:21:39+00:00,apertus,ln_fp32,10,43,1e-4,float32,layernorm,0.26364782452583313,train/longfact_test_apertus/span_max_recall_at_0.1_fpr,0.5961235068740139,apertus,span_max,recall_at_0.1_fpr
mu08a37q,apertus_no_lora_ln_fp32_layer10_seed43_lr3em4,finished,2026-03-16 18:21:39+00:00,apertus,ln_fp32,10,43,3e-4,float32,layernorm,0.2802787125110626,train/longfact_test_apertus/span_max_recall_at_0.1_fpr,0.6245210727969349,apertus,span_max,recall_at_0.1_fpr
0q5lbh0o,apertus_no_lora_ln_fp32_layer10_seed43_lr3em5,finished,2026-03-16 18:21:39+00:00,apertus,ln_fp32,10,43,3e-5,float32,layernorm,0.27201464772224426,train/longfact_test_apertus/span_max_recall_at_0.1_fpr,0.5602884832093757,apertus,span_max,recall_at_0.1_fpr
b2incihb,apertus_no_lora_ln_fp32_layer10_seed44_lr1em3,finished,2026-03-16 18:21:39+00:00,apertus,ln_fp32,10,44,1e-3,float32,layernorm,0.19783645868301392,train/longfact_test_apertus/span_max_recall_at_0.1_fpr,0.6315077755240027,apertus,span_max,recall_at_0.1_fpr
9s2c6c1h,apertus_no_lora_ln_fp32_layer10_seed44_lr1em4,finished,2026-03-16 18:21:39+00:00,apertus,ln_fp32,10,44,1e-4,float32,layernorm,0.32758116722106934,train/longfact_test_apertus/span_max_recall_at_0.1_fpr,0.5947712418300654,apertus,span_max,recall_at_0.1_fpr
u1cqzubx,apertus_no_lora_ln_fp32_layer10_seed44_lr3em4,finished,2026-03-16 18:21:39+00:00,apertus,ln_fp32,10,44,3e-4,float32,layernorm,0.2790237069129944,train/longfact_test_apertus/span_max_recall_at_0.1_fpr,0.6173089925625422,apertus,span_max,recall_at_0.1_fpr
jd8rl3y0,apertus_no_lora_ln_fp32_layer10_seed44_lr3em5,finished,2026-03-16 18:21:39+00:00,apertus,ln_fp32,10,44,3e-5,float32,layernorm,0.29283058643341064,train/longfact_test_apertus/span_max_recall_at_0.1_fpr,0.5587108406581023,apertus,span_max,recall_at_0.1_fpr
tvxgxlk0,apertus_no_lora_ln_fp32_layer20_seed42_lr1em3,finished,2026-03-16 18:21:39+00:00,apertus,ln_fp32,20,42,1e-3,float32,layernorm,0.11203589290380478,train/longfact_test_apertus/span_max_recall_at_0.1_fpr,0.6490872210953347,apertus,span_max,recall_at_0.1_fpr
szjyc7rq,apertus_no_lora_ln_fp32_layer20_seed42_lr1em4,finished,2026-03-16 18:21:39+00:00,apertus,ln_fp32,20,42,1e-4,float32,layernorm,0.3388446271419525,train/longfact_test_apertus/span_max_recall_at_0.1_fpr,0.6051386071670047,apertus,span_max,recall_at_0.1_fpr
j1ydn4mi,apertus_no_lora_ln_fp32_layer20_seed42_lr3em4,finished,2026-03-16 18:21:39+00:00,apertus,ln_fp32,20,42,3e-4,float32,layernorm,0.18392929434776303,train/longfact_test_apertus/span_max_recall_at_0.1_fpr,0.6299301329727294,apertus,span_max,recall_at_0.1_fpr
mru621ko,apertus_no_lora_ln_fp32_layer20_seed42_lr3em5,finished,2026-03-16 18:21:39+00:00,apertus,ln_fp32,20,42,3e-5,float32,layernorm,0.6155123114585876,train/longfact_test_apertus/span_max_recall_at_0.1_fpr,0.5397791300428217,apertus,span_max,recall_at_0.1_fpr
cuinxn0m,apertus_no_lora_ln_fp32_layer20_seed43_lr1em3,finished,2026-03-16 18:21:39+00:00,apertus,ln_fp32,20,43,1e-3,float32,layernorm,0.2761920690536499,train/longfact_test_apertus/span_max_recall_at_0.1_fpr,0.6553977913004282,apertus,span_max,recall_at_0.1_fpr
gfuz02ro,apertus_no_lora_ln_fp32_layer20_seed43_lr1em4,finished,2026-03-16 18:21:39+00:00,apertus,ln_fp32,20,43,1e-4,float32,layernorm,0.28859972953796387,train/longfact_test_apertus/span_max_recall_at_0.1_fpr,0.6046878521523552,apertus,span_max,recall_at_0.1_fpr
bydlptvs,apertus_no_lora_ln_fp32_layer20_seed43_lr3em4,finished,2026-03-16 18:21:39+00:00,apertus,ln_fp32,20,43,3e-4,float32,layernorm,0.27679380774497986,train/longfact_test_apertus/span_max_recall_at_0.1_fpr,0.6319585305386523,apertus,span_max,recall_at_0.1_fpr
5a8w5arg,apertus_no_lora_ln_fp32_layer20_seed43_lr3em5,finished,2026-03-16 18:21:39+00:00,apertus,ln_fp32,20,43,3e-5,float32,layernorm,0.30041441321372986,train/longfact_test_apertus/span_max_recall_at_0.1_fpr,0.5402298850574713,apertus,span_max,recall_at_0.1_fpr
3wystufk,apertus_no_lora_ln_fp32_layer20_seed44_lr1em3,finished,2026-03-16 18:21:39+00:00,apertus,ln_fp32,20,44,1e-3,float32,layernorm,0.37859293818473816,train/longfact_test_apertus/span_max_recall_at_0.1_fpr,0.649763353617309,apertus,span_max,recall_at_0.1_fpr
ipm80jlq,apertus_no_lora_ln_fp32_layer20_seed44_lr1em4,finished,2026-03-16 18:21:39+00:00,apertus,ln_fp32,20,44,1e-4,float32,layernorm,0.39040952920913696,train/longfact_test_apertus/span_max_recall_at_0.1_fpr,0.6026594545864322,apertus,span_max,recall_at_0.1_fpr
28tm3neg,apertus_no_lora_ln_fp32_layer20_seed44_lr3em4,finished,2026-03-16 18:21:39+00:00,apertus,ln_fp32,20,44,3e-4,float32,layernorm,0.4330550134181976,train/longfact_test_apertus/span_max_recall_at_0.1_fpr,0.632183908045977,apertus,span_max,recall_at_0.1_fpr
zoq512xp,apertus_no_lora_ln_fp32_layer20_seed44_lr3em5,finished,2026-03-16 18:21:39+00:00,apertus,ln_fp32,20,44,3e-5,float32,layernorm,0.37936899065971375,train/longfact_test_apertus/span_max_recall_at_0.1_fpr,0.5413567725940951,apertus,span_max,recall_at_0.1_fpr
8hrkgqv3,apertus_no_lora_ln_fp32_layer26_seed42_lr1em3,finished,2026-03-16 18:21:39+00:00,apertus,ln_fp32,26,42,1e-3,float32,layernorm,0.17951826751232147,train/longfact_test_apertus/span_max_recall_at_0.1_fpr,0.6339869281045751,apertus,span_max,recall_at_0.1_fpr
rlqcb2g4,apertus_no_lora_ln_fp32_layer26_seed42_lr1em4,finished,2026-03-16 18:21:39+00:00,apertus,ln_fp32,26,42,1e-4,float32,layernorm,0.3578282594680786,train/longfact_test_apertus/span_max_recall_at_0.1_fpr,0.5859815190443993,apertus,span_max,recall_at_0.1_fpr
r2wu0aof,apertus_no_lora_ln_fp32_layer26_seed42_lr3em4,finished,2026-03-16 18:21:39+00:00,apertus,ln_fp32,26,42,3e-4,float32,layernorm,0.24504521489143372,train/longfact_test_apertus/span_max_recall_at_0.1_fpr,0.6168582375478927,apertus,span_max,recall_at_0.1_fpr
okj43cej,apertus_no_lora_ln_fp32_layer26_seed42_lr3em5,finished,2026-03-16 18:21:39+00:00,apertus,ln_fp32,26,42,3e-5,float32,layernorm,0.6153150200843811,train/longfact_test_apertus/span_max_recall_at_0.1_fpr,0.510254676583277,apertus,span_max,recall_at_0.1_fpr
44fifewm,apertus_no_lora_ln_fp32_layer26_seed43_lr1em3,finished,2026-03-16 18:21:39+00:00,apertus,ln_fp32,26,43,1e-3,float32,layernorm,0.26287174224853516,train/longfact_test_apertus/span_max_recall_at_0.1_fpr,0.632183908045977,apertus,span_max,recall_at_0.1_fpr
cfgw5o62,apertus_no_lora_ln_fp32_layer26_seed43_lr1em4,finished,2026-03-16 18:21:39+00:00,apertus,ln_fp32,26,43,1e-4,float32,layernorm,0.27609291672706604,train/longfact_test_apertus/span_max_recall_at_0.1_fpr,0.5875591615956728,apertus,span_max,recall_at_0.1_fpr
5yjm6w2c,apertus_no_lora_ln_fp32_layer26_seed43_lr3em4,finished,2026-03-16 18:21:39+00:00,apertus,ln_fp32,26,43,3e-4,float32,layernorm,0.268221378326416,train/longfact_test_apertus/span_max_recall_at_0.1_fpr,0.6148298399819698,apertus,span_max,recall_at_0.1_fpr
bj0fbt17,apertus_no_lora_ln_fp32_layer26_seed43_lr3em5,finished,2026-03-16 18:21:39+00:00,apertus,ln_fp32,26,43,3e-5,float32,layernorm,0.28795114159584045,train/longfact_test_apertus/span_max_recall_at_0.1_fpr,0.5181428893396439,apertus,span_max,recall_at_0.1_fpr
thtwlsce,apertus_no_lora_ln_fp32_layer26_seed44_lr1em3,finished,2026-03-16 18:21:39+00:00,apertus,ln_fp32,26,44,1e-3,float32,layernorm,0.4517517387866974,train/longfact_test_apertus/span_max_recall_at_0.1_fpr,0.631282398016678,apertus,span_max,recall_at_0.1_fpr
a2rdvxyc,apertus_no_lora_ln_fp32_layer26_seed44_lr1em4,finished,2026-03-16 18:21:39+00:00,apertus,ln_fp32,26,44,1e-4,float32,layernorm,0.28372296690940857,train/longfact_test_apertus/span_max_recall_at_0.1_fpr,0.5877845391029975,apertus,span_max,recall_at_0.1_fpr
veq9b7kw,apertus_no_lora_ln_fp32_layer26_seed44_lr3em4,finished,2026-03-16 18:21:39+00:00,apertus,ln_fp32,26,44,3e-4,float32,layernorm,0.37059929966926575,train/longfact_test_apertus/span_max_recall_at_0.1_fpr,0.6164074825332432,apertus,span_max,recall_at_0.1_fpr
5aqux06m,apertus_no_lora_ln_fp32_layer26_seed44_lr3em5,finished,2026-03-16 18:21:39+00:00,apertus,ln_fp32,26,44,3e-5,float32,layernorm,0.3035992383956909,train/longfact_test_apertus/span_max_recall_at_0.1_fpr,0.5129592066711742,apertus,span_max,recall_at_0.1_fpr
qg1y3gso,apertus_no_lora_ln_fp32_layer30_seed42_lr1em3,finished,2026-03-16 18:21:39+00:00,apertus,ln_fp32,30,42,1e-3,float32,layernorm,0.1903767287731171,train/longfact_test_apertus/span_max_recall_at_0.1_fpr,0.6317331530313275,apertus,span_max,recall_at_0.1_fpr
r9e2fhqm,apertus_no_lora_ln_fp32_layer30_seed42_lr1em4,finished,2026-03-16 18:21:39+00:00,apertus,ln_fp32,30,42,1e-4,float32,layernorm,0.38982802629470825,train/longfact_test_apertus/span_max_recall_at_0.1_fpr,0.5889114266396214,apertus,span_max,recall_at_0.1_fpr
e24v1w1s,apertus_no_lora_ln_fp32_layer30_seed42_lr3em4,finished,2026-03-16 18:21:39+00:00,apertus,ln_fp32,30,42,3e-4,float32,layernorm,0.2570212781429291,train/longfact_test_apertus/span_max_recall_at_0.1_fpr,0.6148298399819698,apertus,span_max,recall_at_0.1_fpr
jtcznw8g,apertus_no_lora_ln_fp32_layer30_seed42_lr3em5,finished,2026-03-16 18:21:39+00:00,apertus,ln_fp32,30,42,3e-5,float32,layernorm,0.6943867206573486,train/longfact_test_apertus/span_max_recall_at_0.1_fpr,0.5447374352039667,apertus,span_max,recall_at_0.1_fpr
v3qqa12o,apertus_no_lora_ln_fp32_layer30_seed43_lr1em3,finished,2026-03-16 18:21:39+00:00,apertus,ln_fp32,30,43,1e-3,float32,layernorm,0.2808498740196228,train/longfact_test_apertus/span_max_recall_at_0.1_fpr,0.6279017354068064,apertus,span_max,recall_at_0.1_fpr
lgm2cr72,apertus_no_lora_ln_fp32_layer30_seed43_lr1em4,finished,2026-03-16 18:21:39+00:00,apertus,ln_fp32,30,43,1e-4,float32,layernorm,0.2797033190727234,train/longfact_test_apertus/span_max_recall_at_0.1_fpr,0.5967996393959882,apertus,span_max,recall_at_0.1_fpr
f873k60o,apertus_no_lora_ln_fp32_layer30_seed43_lr3em4,finished,2026-03-16 18:21:39+00:00,apertus,ln_fp32,30,43,3e-4,float32,layernorm,0.28264516592025757,train/longfact_test_apertus/span_max_recall_at_0.1_fpr,0.6161821050259184,apertus,span_max,recall_at_0.1_fpr
ybsg28sj,apertus_no_lora_ln_fp32_layer30_seed43_lr3em5,finished,2026-03-16 18:21:39+00:00,apertus,ln_fp32,30,43,3e-5,float32,layernorm,0.30628159642219543,train/longfact_test_apertus/span_max_recall_at_0.1_fpr,0.545413567725941,apertus,span_max,recall_at_0.1_fpr
kn811t36,apertus_no_lora_ln_fp32_layer30_seed44_lr1em3,finished,2026-03-16 18:21:39+00:00,apertus,ln_fp32,30,44,1e-3,float32,layernorm,0.3007677495479584,train/longfact_test_apertus/span_max_recall_at_0.1_fpr,0.635113815641199,apertus,span_max,recall_at_0.1_fpr
wf8rodcd,apertus_no_lora_ln_fp32_layer30_seed44_lr1em4,finished,2026-03-16 18:21:39+00:00,apertus,ln_fp32,30,44,1e-4,float32,layernorm,0.3687911331653595,train/longfact_test_apertus/span_max_recall_at_0.1_fpr,0.591165201712869,apertus,span_max,recall_at_0.1_fpr
524a5l0b,apertus_no_lora_ln_fp32_layer30_seed44_lr3em4,finished,2026-03-16 18:21:39+00:00,apertus,ln_fp32,30,44,3e-4,float32,layernorm,0.3833605647087097,train/longfact_test_apertus/span_max_recall_at_0.1_fpr,0.6182105025918413,apertus,span_max,recall_at_0.1_fpr
m6zpszut,apertus_no_lora_ln_fp32_layer30_seed44_lr3em5,finished,2026-03-16 18:21:39+00:00,apertus,ln_fp32,30,44,3e-5,float32,layernorm,0.4072107970714569,train/longfact_test_apertus/span_max_recall_at_0.1_fpr,0.5442866801893171,apertus,span_max,recall_at_0.1_fpr
2msk68xv,apertus_no_lora_long_form_layer10_seed42,finished,2026-03-02 14:54:28+00:00,apertus,apertus_layers,10,42,,bfloat16,none,0.1188635155558586,train/longfact_test_llama/all_auc,0.8250763870485456,llama,all,auc
ennpfi5c,apertus_no_lora_long_form_layer10_seed43,finished,2026-03-02 14:55:28+00:00,apertus,apertus_layers,10,43,,bfloat16,none,0.2892115116119385,train/longfact_test_llama/all_auc,0.8226177442482394,llama,all,auc
ckfvtpqq,apertus_no_lora_long_form_layer10_seed44,finished,2026-03-02 14:55:28+00:00,apertus,apertus_layers,10,44,,bfloat16,none,0.14164792001247406,train/longfact_test_llama/all_auc,0.811920552468672,llama,all,auc
5w54hojz,apertus_no_lora_long_form_layer20_seed42,finished,2026-03-02 14:56:24+00:00,apertus,apertus_layers,20,42,,bfloat16,none,0.002515794476494193,train/longfact_test_llama/all_auc,0.7152865479674657,llama,all,auc
h3qhm4bp,apertus_no_lora_long_form_layer20_seed43,finished,2026-03-02 14:56:24+00:00,apertus,apertus_layers,20,43,,bfloat16,none,0.4361111521720886,train/longfact_test_llama/all_auc,0.7258548789563044,llama,all,auc
1sb6t3rt,apertus_no_lora_long_form_layer20_seed44,finished,2026-03-02 14:56:24+00:00,apertus,apertus_layers,20,44,,bfloat16,none,0.9805268049240112,train/longfact_test_llama/all_auc,0.7136638775270779,llama,all,auc
fjxaywoo,apertus_no_lora_long_form_layer26_seed42,finished,2026-03-02 14:56:59+00:00,apertus,apertus_layers,26,42,,bfloat16,none,0.022064460441470143,train/longfact_test_llama/all_auc,0.6738023828077514,llama,all,auc
fc3llcx0,apertus_no_lora_long_form_layer26_seed43,finished,2026-03-02 14:58:28+00:00,apertus,apertus_layers,26,43,,bfloat16,none,4.096796035766602,train/longfact_test_llama/all_auc,0.6799530804425895,llama,all,auc
gtn6g9ne,apertus_no_lora_long_form_layer26_seed44,finished,2026-03-02 14:58:28+00:00,apertus,apertus_layers,26,44,,bfloat16,none,0.0003512128023430705,train/longfact_test_llama/all_auc,0.6739930132851973,llama,all,auc
pk12wkry,apertus_no_lora_long_form_layer30_seed42,finished,2026-03-02 14:58:28+00:00,apertus,apertus_layers,30,42,,bfloat16,none,82.0517578125,train/longfact_test_llama/all_auc,0.5001886318873037,llama,all,auc
vhvivjkc,apertus_no_lora_long_form_layer30_seed43,finished,2026-03-02 14:58:28+00:00,apertus,apertus_layers,30,43,,bfloat16,none,10.69191074371338,train/longfact_test_llama/all_auc,0.6732749241184043,llama,all,auc
agskbmvs,apertus_no_lora_long_form_layer30_seed44,finished,2026-03-02 14:58:28+00:00,apertus,apertus_layers,30,44,,bfloat16,none,0.0001453680742997676,train/longfact_test_llama/all_auc,0.6459836147502036,llama,all,auc
o5fobkxj,apertus_no_lora_bf16_only_layer10_seed42_lr1em3,finished,2026-03-16 01:21:45+00:00,apertus,bf16_only,10,42,1e-3,bfloat16,none,0.1060740053653717,train/longfact_test_llama/all_auc,0.8255630276925295,llama,all,auc
ngsqu3i1,apertus_no_lora_bf16_only_layer10_seed42_lr1em4,finished,2026-03-16 01:21:45+00:00,apertus,bf16_only,10,42,1e-4,bfloat16,none,0.11451046913862228,train/longfact_test_llama/all_auc,0.8032665499160581,llama,all,auc
5xzqhvy4,apertus_no_lora_bf16_only_layer10_seed42_lr3em4,finished,2026-03-16 01:21:45+00:00,apertus,bf16_only,10,42,3e-4,bfloat16,none,0.11626026779413225,train/longfact_test_llama/all_auc,0.8378000023734065,llama,all,auc
83kur7ka,apertus_no_lora_bf16_only_layer10_seed42_lr3em5,finished,2026-03-16 01:21:45+00:00,apertus,bf16_only,10,42,3e-5,bfloat16,none,0.4366786777973175,train/longfact_test_llama/all_auc,0.7061787326491475,llama,all,auc
j9k3f0jm,apertus_no_lora_bf16_only_layer10_seed43_lr1em3,finished,2026-03-16 01:21:44+00:00,apertus,bf16_only,10,43,1e-3,bfloat16,none,0.3009301424026489,train/longfact_test_llama/all_auc,0.8198621120468573,llama,all,auc
ougxjsfh,apertus_no_lora_bf16_only_layer10_seed43_lr1em4,finished,2026-03-16 01:21:44+00:00,apertus,bf16_only,10,43,1e-4,bfloat16,none,0.27749955654144287,train/longfact_test_llama/all_auc,0.803238457116773,llama,all,auc
21sy8y12,apertus_no_lora_bf16_only_layer10_seed43_lr3em4,finished,2026-03-16 01:21:44+00:00,apertus,bf16_only,10,43,3e-4,bfloat16,none,0.2755349278450012,train/longfact_test_llama/all_auc,0.8404217596907435,llama,all,auc
t26a4uwp,apertus_no_lora_bf16_only_layer10_seed43_lr3em5,finished,2026-03-16 01:21:44+00:00,apertus,bf16_only,10,43,3e-5,bfloat16,none,0.3126707673072815,train/longfact_test_llama/all_auc,0.7095299051432804,llama,all,auc
p9n6ul1e,apertus_no_lora_bf16_only_layer10_seed44_lr1em3,finished,2026-03-16 01:21:44+00:00,apertus,bf16_only,10,44,1e-3,bfloat16,none,0.15629735589027405,train/longfact_test_llama/all_auc,0.8122490244275065,llama,all,auc
feljklm1,apertus_no_lora_bf16_only_layer10_seed44_lr1em4,finished,2026-03-16 01:21:44+00:00,apertus,bf16_only,10,44,1e-4,bfloat16,none,0.593794047832489,train/longfact_test_llama/all_auc,0.8033457695868185,llama,all,auc
lfafy2oe,apertus_no_lora_bf16_only_layer10_seed44_lr3em4,finished,2026-03-16 01:21:44+00:00,apertus,bf16_only,10,44,3e-4,bfloat16,none,0.2656649947166443,train/longfact_test_llama/all_auc,0.8354659203722793,llama,all,auc
r3oezlrl,apertus_no_lora_bf16_only_layer10_seed44_lr3em5,finished,2026-03-16 01:21:44+00:00,apertus,bf16_only,10,44,3e-5,bfloat16,none,0.7305357456207275,train/longfact_test_llama/all_auc,0.7107624090919588,llama,all,auc
uw94ef5i,apertus_no_lora_bf16_only_layer20_seed42_lr1em3,finished,2026-03-16 01:21:44+00:00,apertus,bf16_only,20,42,1e-3,bfloat16,none,0.006061427295207977,train/longfact_test_llama/all_auc,0.718444106737445,llama,all,auc
ymsrn4r6,apertus_no_lora_bf16_only_layer20_seed42_lr1em4,finished,2026-03-16 01:21:44+00:00,apertus,bf16_only,20,42,1e-4,bfloat16,none,0.04400371387600899,train/longfact_test_llama/all_auc,0.7101546288559939,llama,all,auc
uy0gdnv4,apertus_no_lora_bf16_only_layer20_seed42_lr3em4,finished,2026-03-16 01:21:44+00:00,apertus,bf16_only,20,42,3e-4,bfloat16,none,0.00907330308109522,train/longfact_test_llama/all_auc,0.7250527038711994,llama,all,auc
fu81gp5i,apertus_no_lora_bf16_only_layer20_seed42_lr3em5,finished,2026-03-16 01:21:44+00:00,apertus,bf16_only,20,42,3e-5,bfloat16,none,2.1262459754943848,train/longfact_test_llama/all_auc,0.6258009030490116,llama,all,auc
2g6rw2bt,apertus_no_lora_bf16_only_layer20_seed43_lr1em3,finished,2026-03-16 01:21:44+00:00,apertus,bf16_only,20,43,1e-3,bfloat16,none,0.5826413631439209,train/longfact_test_llama/all_auc,0.7290309290152253,llama,all,auc
7ynpw2cn,apertus_no_lora_bf16_only_layer20_seed43_lr1em4,finished,2026-03-16 01:21:44+00:00,apertus,bf16_only,20,43,1e-4,bfloat16,none,1.368619084358215,train/longfact_test_llama/all_auc,0.7115314300436606,llama,all,auc
900ivg46,apertus_no_lora_bf16_only_layer20_seed43_lr3em4,finished,2026-03-16 01:21:44+00:00,apertus,bf16_only,20,43,3e-4,bfloat16,none,0.40857547521591187,train/longfact_test_llama/all_auc,0.7292139745701173,llama,all,auc
qo5cb98m,apertus_no_lora_bf16_only_layer20_seed43_lr3em5,finished,2026-03-16 01:21:44+00:00,apertus,bf16_only,20,43,3e-5,bfloat16,none,6.096769332885742,train/longfact_test_llama/all_auc,0.6278094295034264,llama,all,auc
99kvtmj8,apertus_no_lora_bf16_only_layer20_seed44_lr1em3,finished,2026-03-16 01:21:44+00:00,apertus,bf16_only,20,44,1e-3,bfloat16,none,0.13294142484664917,train/longfact_test_llama/all_auc,0.7159171350680178,llama,all,auc
g1itgrow,apertus_no_lora_bf16_only_layer20_seed44_lr1em4,finished,2026-03-16 01:21:44+00:00,apertus,bf16_only,20,44,1e-4,bfloat16,none,4.639030521502718e-05,train/longfact_test_llama/all_auc,0.7163582894125561,llama,all,auc
vuc2g8id,apertus_no_lora_bf16_only_layer20_seed44_lr3em4,finished,2026-03-16 01:21:44+00:00,apertus,bf16_only,20,44,3e-4,bfloat16,none,0.2754364609718323,train/longfact_test_llama/all_auc,0.7261600947913505,llama,all,auc
v52uwh1g,apertus_no_lora_bf16_only_layer20_seed44_lr3em5,finished,2026-03-16 01:21:44+00:00,apertus,bf16_only,20,44,3e-5,bfloat16,none,23.12533187866211,train/longfact_test_llama/all_auc,0.624703383657121,llama,all,auc
vz5jn274,apertus_no_lora_bf16_only_layer26_seed42_lr1em3,finished,2026-03-16 01:21:44+00:00,apertus,bf16_only,26,42,1e-3,bfloat16,none,0.023973966017365456,train/longfact_test_llama/all_auc,0.668974397461338,llama,all,auc
4drsxr5u,apertus_no_lora_bf16_only_layer26_seed42_lr1em4,finished,2026-03-16 01:21:44+00:00,apertus,bf16_only,26,42,1e-4,bfloat16,none,0.023594362661242485,train/longfact_test_llama/all_auc,0.6508720334495444,llama,all,auc
1crms08u,apertus_no_lora_bf16_only_layer26_seed42_lr3em4,finished,2026-03-16 01:21:44+00:00,apertus,bf16_only,26,42,3e-4,bfloat16,none,0.006822563707828522,train/longfact_test_llama/all_auc,0.6690879765274692,llama,all,auc
cq95ctu3,apertus_no_lora_bf16_only_layer26_seed42_lr3em5,finished,2026-03-16 01:21:44+00:00,apertus,bf16_only,26,42,3e-5,bfloat16,none,0.9924049973487854,train/longfact_test_llama/all_auc,0.599403706587202,llama,all,auc
q08ckrfy,apertus_no_lora_bf16_only_layer26_seed43_lr1em3,finished,2026-03-16 01:21:45+00:00,apertus,bf16_only,26,43,1e-3,bfloat16,none,4.096848487854004,train/longfact_test_llama/all_auc,0.6761730264323795,llama,all,auc
hirctdjt,apertus_no_lora_bf16_only_layer26_seed43_lr1em4,finished,2026-03-16 01:21:45+00:00,apertus,bf16_only,26,43,1e-4,bfloat16,none,4.878128528594971,train/longfact_test_llama/all_auc,0.6539654044683361,llama,all,auc
psn29j9n,apertus_no_lora_bf16_only_layer26_seed43_lr3em4,finished,2026-03-16 01:21:45+00:00,apertus,bf16_only,26,43,3e-4,bfloat16,none,1.7208261489868164,train/longfact_test_llama/all_auc,0.6633430094606368,llama,all,auc
lx8g6b8s,apertus_no_lora_bf16_only_layer26_seed43_lr3em5,finished,2026-03-16 01:21:45+00:00,apertus,bf16_only,26,43,3e-5,bfloat16,none,12.94149684906006,train/longfact_test_llama/all_auc,0.5987637215078856,llama,all,auc
wixkxx9v,apertus_no_lora_bf16_only_layer26_seed44_lr1em3,finished,2026-03-16 01:21:44+00:00,apertus,bf16_only,26,44,1e-3,bfloat16,none,10.250615119934082,train/longfact_test_llama/all_auc,0.6777202014091046,llama,all,auc
2r4mqan8,apertus_no_lora_bf16_only_layer26_seed44_lr1em4,finished,2026-03-16 01:21:44+00:00,apertus,bf16_only,26,44,1e-4,bfloat16,none,0.0004059617640450597,train/longfact_test_llama/all_auc,0.6517765963385498,llama,all,auc
v3h0pfq3,apertus_no_lora_bf16_only_layer26_seed44_lr3em4,finished,2026-03-16 01:21:44+00:00,apertus,bf16_only,26,44,3e-4,bfloat16,none,0.3673836886882782,train/longfact_test_llama/all_auc,0.6699709113179898,llama,all,auc
muqajhqb,apertus_no_lora_bf16_only_layer26_seed44_lr3em5,finished,2026-03-16 01:21:44+00:00,apertus,bf16_only,26,44,3e-5,bfloat16,none,7.75074577331543,train/longfact_test_llama/all_auc,0.5992866162772683,llama,all,auc
imd2hxzj,apertus_no_lora_bf16_only_layer30_seed42_lr1em3,finished,2026-03-16 01:21:44+00:00,apertus,bf16_only,30,42,1e-3,bfloat16,none,82.0517578125,train/longfact_test_llama/all_auc,0.5,llama,all,auc
g9535ebe,apertus_no_lora_bf16_only_layer30_seed42_lr1em4,finished,2026-03-16 01:21:44+00:00,apertus,bf16_only,30,42,1e-4,bfloat16,none,0.033634547144174576,train/longfact_test_llama/all_auc,0.6513874860490119,llama,all,auc
j9yucacb,apertus_no_lora_bf16_only_layer30_seed42_lr3em4,finished,2026-03-16 01:21:44+00:00,apertus,bf16_only,30,42,3e-4,bfloat16,none,0.025012411177158356,train/longfact_test_llama/all_auc,0.6735180995765047,llama,all,auc
4bo3xdzv,apertus_no_lora_bf16_only_layer30_seed42_lr3em5,finished,2026-03-16 01:21:44+00:00,apertus,bf16_only,30,42,3e-5,bfloat16,none,33.04824447631836,train/longfact_test_llama/all_auc,0.5676062182979644,llama,all,auc
a55rsp1p,apertus_no_lora_bf16_only_layer30_seed43_lr1em3,finished,2026-03-16 01:21:45+00:00,apertus,bf16_only,30,43,1e-3,bfloat16,none,9.379252433776855,train/longfact_test_llama/all_auc,0.6585250511593771,llama,all,auc
5uzjpj1x,apertus_no_lora_bf16_only_layer30_seed43_lr1em4,finished,2026-03-16 01:21:45+00:00,apertus,bf16_only,30,43,1e-4,bfloat16,none,6.222002029418945,train/longfact_test_llama/all_auc,0.6479031435537032,llama,all,auc
fctlmblr,apertus_no_lora_bf16_only_layer30_seed43_lr3em4,finished,2026-03-16 01:21:45+00:00,apertus,bf16_only,30,43,3e-4,bfloat16,none,5.815634250640869,train/longfact_test_llama/all_auc,0.6634080416163651,llama,all,auc
580vhzgn,apertus_no_lora_bf16_only_layer30_seed43_lr3em5,finished,2026-03-16 01:21:45+00:00,apertus,bf16_only,30,43,3e-5,bfloat16,none,10.316194534301758,train/longfact_test_llama/all_auc,0.561544231459304,llama,all,auc
uns2a6j2,apertus_no_lora_bf16_only_layer30_seed44_lr1em3,finished,2026-03-16 01:21:44+00:00,apertus,bf16_only,30,44,1e-3,bfloat16,none,0.0,train/longfact_test_llama/all_auc,0.5000035674278054,llama,all,auc
m97ar22y,apertus_no_lora_bf16_only_layer30_seed44_lr1em4,finished,2026-03-16 01:21:44+00:00,apertus,bf16_only,30,44,1e-4,bfloat16,none,10.063371658325195,train/longfact_test_llama/all_auc,0.6446942761461663,llama,all,auc
hr0vmzt0,apertus_no_lora_bf16_only_layer30_seed44_lr3em4,finished,2026-03-16 01:21:44+00:00,apertus,bf16_only,30,44,3e-4,bfloat16,none,6.532261848449707,train/longfact_test_llama/all_auc,0.6583938042269064,llama,all,auc
w644eh9h,apertus_no_lora_bf16_only_layer30_seed44_lr3em5,finished,2026-03-16 01:21:44+00:00,apertus,bf16_only,30,44,3e-5,bfloat16,none,33.25065612792969,train/longfact_test_llama/all_auc,0.5634184461768055,llama,all,auc
3618z7cg,apertus_no_lora_fp32_only_layer10_seed42_lr1em3,finished,2026-03-16 18:21:39+00:00,apertus,fp32_only,10,42,1e-3,float32,none,0.11816876381635666,train/longfact_test_llama/all_auc,0.816573970196897,llama,all,auc
mhg0ycoh,apertus_no_lora_fp32_only_layer10_seed42_lr1em4,finished,2026-03-16 18:21:39+00:00,apertus,fp32_only,10,42,1e-4,float32,none,0.1332954168319702,train/longfact_test_llama/all_auc,0.8193211088000909,llama,all,auc
b71ik25s,apertus_no_lora_fp32_only_layer10_seed42_lr3em4,finished,2026-03-16 18:21:39+00:00,apertus,fp32_only,10,42,3e-4,float32,none,0.1127048209309578,train/longfact_test_llama/all_auc,0.8337031940965722,llama,all,auc
8hl54mqx,apertus_no_lora_fp32_only_layer10_seed42_lr3em5,finished,2026-03-16 18:21:39+00:00,apertus,fp32_only,10,42,3e-5,float32,none,0.15368859469890594,train/longfact_test_llama/all_auc,0.7770464468809531,llama,all,auc
x3sqior5,apertus_no_lora_fp32_only_layer10_seed43_lr1em3,finished,2026-03-16 18:21:39+00:00,apertus,fp32_only,10,43,1e-3,float32,none,0.29647397994995117,train/longfact_test_llama/all_auc,0.8162861229671198,llama,all,auc
dm4602lm,apertus_no_lora_fp32_only_layer10_seed43_lr1em4,finished,2026-03-16 18:21:39+00:00,apertus,fp32_only,10,43,1e-4,float32,none,0.2917933166027069,train/longfact_test_llama/all_auc,0.8202927444278653,llama,all,auc
3mcpf9f3,apertus_no_lora_fp32_only_layer10_seed43_lr3em4,finished,2026-03-16 18:21:39+00:00,apertus,fp32_only,10,43,3e-4,float32,none,0.2921086251735687,train/longfact_test_llama/all_auc,0.8340815914230902,llama,all,auc
0v0cghh6,apertus_no_lora_fp32_only_layer10_seed43_lr3em5,finished,2026-03-16 18:21:39+00:00,apertus,fp32_only,10,43,3e-5,float32,none,0.27485892176628113,train/longfact_test_llama/all_auc,0.774965811654832,llama,all,auc
k8u6gf39,apertus_no_lora_fp32_only_layer10_seed44_lr1em3,finished,2026-03-16 18:21:39+00:00,apertus,fp32_only,10,44,1e-3,float32,none,0.09856606274843216,train/longfact_test_llama/all_auc,0.8088741563255103,llama,all,auc
rgnn8edm,apertus_no_lora_fp32_only_layer10_seed44_lr1em4,finished,2026-03-16 18:21:39+00:00,apertus,fp32_only,10,44,1e-4,float32,none,0.4017370939254761,train/longfact_test_llama/all_auc,0.8168500236567975,llama,all,auc
1hlg6mhh,apertus_no_lora_fp32_only_layer10_seed44_lr3em4,finished,2026-03-16 18:21:39+00:00,apertus,fp32_only,10,44,3e-4,float32,none,0.3334559202194214,train/longfact_test_llama/all_auc,0.8300922040229859,llama,all,auc
h32xr3bj,apertus_no_lora_fp32_only_layer10_seed44_lr3em5,finished,2026-03-16 18:21:39+00:00,apertus,fp32_only,10,44,3e-5,float32,none,0.6063321232795715,train/longfact_test_llama/all_auc,0.7771766463271241,llama,all,auc
7otuls41,apertus_no_lora_fp32_only_layer20_seed42_lr1em3,finished,2026-03-16 18:21:39+00:00,apertus,fp32_only,20,42,1e-3,float32,none,0.0014074433129280806,train/longfact_test_llama/all_auc,0.7297562763270763,llama,all,auc
h3hhroh2,apertus_no_lora_fp32_only_layer20_seed42_lr1em4,finished,2026-03-16 18:21:39+00:00,apertus,fp32_only,20,42,1e-4,float32,none,0.005417922046035528,train/longfact_test_llama/all_auc,0.7113437320025794,llama,all,auc
gbg3qolw,apertus_no_lora_fp32_only_layer20_seed42_lr3em4,finished,2026-03-16 18:21:39+00:00,apertus,fp32_only,20,42,3e-4,float32,none,0.012795637361705303,train/longfact_test_llama/all_auc,0.7201533971416926,llama,all,auc
vpc4pmw1,apertus_no_lora_fp32_only_layer20_seed42_lr3em5,finished,2026-03-16 18:21:39+00:00,apertus,fp32_only,20,42,3e-5,float32,none,0.4815448522567749,train/longfact_test_llama/all_auc,0.6876852169618701,llama,all,auc
4hd86xs1,apertus_no_lora_fp32_only_layer20_seed43_lr1em3,finished,2026-03-16 18:21:39+00:00,apertus,fp32_only,20,43,1e-3,float32,none,0.7915925979614258,train/longfact_test_llama/all_auc,0.7187373241585767,llama,all,auc
dtswvc78,apertus_no_lora_fp32_only_layer20_seed43_lr1em4,finished,2026-03-16 18:21:39+00:00,apertus,fp32_only,20,43,1e-4,float32,none,0.9363940954208374,train/longfact_test_llama/all_auc,0.7085758321819445,llama,all,auc
r4canywa,apertus_no_lora_fp32_only_layer20_seed43_lr3em4,finished,2026-03-16 18:21:39+00:00,apertus,fp32_only,20,43,3e-4,float32,none,0.4842445254325866,train/longfact_test_llama/all_auc,0.7319671040585936,llama,all,auc
5pryw2ji,apertus_no_lora_fp32_only_layer20_seed43_lr3em5,finished,2026-03-16 18:21:39+00:00,apertus,fp32_only,20,43,3e-5,float32,none,2.3771839141845703,train/longfact_test_llama/all_auc,0.6870402290202333,llama,all,auc
cu47livm,apertus_no_lora_fp32_only_layer20_seed44_lr1em3,finished,2026-03-16 18:21:39+00:00,apertus,fp32_only,20,44,1e-3,float32,none,0.8405814170837402,train/longfact_test_llama/all_auc,0.7209514578175471,llama,all,auc
7cq66mkt,apertus_no_lora_fp32_only_layer20_seed44_lr1em4,finished,2026-03-16 18:21:39+00:00,apertus,fp32_only,20,44,1e-4,float32,none,0.00021276120969559997,train/longfact_test_llama/all_auc,0.7105696311483722,llama,all,auc
wrlr6qli,apertus_no_lora_fp32_only_layer20_seed44_lr3em4,finished,2026-03-16 18:21:39+00:00,apertus,fp32_only,20,44,3e-4,float32,none,0.7323926091194153,train/longfact_test_llama/all_auc,0.7327162515204075,llama,all,auc
nkk8fdiv,apertus_no_lora_fp32_only_layer20_seed44_lr3em5,finished,2026-03-16 18:21:39+00:00,apertus,fp32_only,20,44,3e-5,float32,none,3.7443130016326904,train/longfact_test_llama/all_auc,0.6894268617287589,llama,all,auc
jeyu4ke4,apertus_no_lora_fp32_only_layer26_seed42_lr1em3,finished,2026-03-16 18:21:39+00:00,apertus,fp32_only,26,42,1e-3,float32,none,0.02182931825518608,train/longfact_test_llama/all_auc,0.6693719167103022,llama,all,auc
6jnxw4n2,apertus_no_lora_fp32_only_layer26_seed42_lr1em4,finished,2026-03-16 18:21:39+00:00,apertus,fp32_only,26,42,1e-4,float32,none,0.017278315499424934,train/longfact_test_llama/all_auc,0.6490419514836097,llama,all,auc
vz2hbt4t,apertus_no_lora_fp32_only_layer26_seed42_lr3em4,finished,2026-03-16 18:21:39+00:00,apertus,fp32_only,26,42,3e-4,float32,none,0.006629477255046368,train/longfact_test_llama/all_auc,0.6618051140390269,llama,all,auc
g2rdqxou,apertus_no_lora_fp32_only_layer26_seed42_lr3em5,finished,2026-03-16 18:21:39+00:00,apertus,fp32_only,26,42,3e-5,float32,none,0.029366448521614075,train/longfact_test_llama/all_auc,0.6228385177815657,llama,all,auc
g557mw8r,apertus_no_lora_fp32_only_layer26_seed43_lr1em3,finished,2026-03-16 18:21:39+00:00,apertus,fp32_only,26,43,1e-3,float32,none,5.589945316314697,train/longfact_test_llama/all_auc,0.666110424858701,llama,all,auc
xtj1l55e,apertus_no_lora_fp32_only_layer26_seed43_lr1em4,finished,2026-03-16 18:21:39+00:00,apertus,fp32_only,26,43,1e-4,float32,none,2.261085033416748,train/longfact_test_llama/all_auc,0.6485926098878327,llama,all,auc
tn9zon9i,apertus_no_lora_fp32_only_layer26_seed43_lr3em4,finished,2026-03-16 18:21:39+00:00,apertus,fp32_only,26,43,3e-4,float32,none,1.2675254344940186,train/longfact_test_llama/all_auc,0.6599159085774358,llama,all,auc
gi60xrz3,apertus_no_lora_fp32_only_layer26_seed43_lr3em5,finished,2026-03-16 18:21:39+00:00,apertus,fp32_only,26,43,3e-5,float32,none,5.592858791351318,train/longfact_test_llama/all_auc,0.6256734795114256,llama,all,auc
p7gub5up,apertus_no_lora_fp32_only_layer26_seed44_lr1em3,finished,2026-03-16 18:21:39+00:00,apertus,fp32_only,26,44,1e-3,float32,none,2.7211620807647705,train/longfact_test_llama/all_auc,0.674614494480605,llama,all,auc
gani1xp7,apertus_no_lora_fp32_only_layer26_seed44_lr1em4,finished,2026-03-16 18:21:39+00:00,apertus,fp32_only,26,44,1e-4,float32,none,0.061501313000917435,train/longfact_test_llama/all_auc,0.6430384949969599,llama,all,auc
ill5vvx2,apertus_no_lora_fp32_only_layer26_seed44_lr3em4,finished,2026-03-16 18:21:39+00:00,apertus,fp32_only,26,44,3e-4,float32,none,0.02174818329513073,train/longfact_test_llama/all_auc,0.6628822012013794,llama,all,auc
b9ibkxys,apertus_no_lora_fp32_only_layer26_seed44_lr3em5,finished,2026-03-16 18:21:39+00:00,apertus,fp32_only,26,44,3e-5,float32,none,0.0007233090000227094,train/longfact_test_llama/all_auc,0.6258475692270186,llama,all,auc
362f178l,apertus_no_lora_fp32_only_layer30_seed42_lr1em3,finished,2026-03-16 18:21:39+00:00,apertus,fp32_only,30,42,1e-3,float32,none,81.83356475830078,train/longfact_test_llama/all_auc,0.5,llama,all,auc
572p44e7,apertus_no_lora_fp32_only_layer30_seed42_lr1em4,finished,2026-03-16 18:21:39+00:00,apertus,fp32_only,30,42,1e-4,float32,none,0.03013068065047264,train/longfact_test_llama/all_auc,0.6502690460968965,llama,all,auc
9k35iiw5,apertus_no_lora_fp32_only_layer30_seed42_lr3em4,finished,2026-03-16 18:21:39+00:00,apertus,fp32_only,30,42,3e-4,float32,none,0.02508390322327614,train/longfact_test_llama/all_auc,0.6601577964951538,llama,all,auc
7u26q4rs,apertus_no_lora_fp32_only_layer30_seed42_lr3em5,finished,2026-03-16 18:21:39+00:00,apertus,fp32_only,30,42,3e-5,float32,none,0.5540672540664673,train/longfact_test_llama/all_auc,0.6182638306920817,llama,all,auc
f817tswh,apertus_no_lora_fp32_only_layer30_seed43_lr1em3,finished,2026-03-16 18:21:39+00:00,apertus,fp32_only,30,43,1e-3,float32,none,9.374524116516112,train/longfact_test_llama/all_auc,0.5,llama,all,auc
lqmdrcpg,apertus_no_lora_fp32_only_layer30_seed43_lr1em4,finished,2026-03-16 18:21:39+00:00,apertus,fp32_only,30,43,1e-4,float32,none,5.7266106605529785,train/longfact_test_llama/all_auc,0.6501536541148214,llama,all,auc
f3nq1ppq,apertus_no_lora_fp32_only_layer30_seed43_lr3em4,finished,2026-03-16 18:21:39+00:00,apertus,fp32_only,30,43,3e-4,float32,none,5.207202911376953,train/longfact_test_llama/all_auc,0.6602142164355732,llama,all,auc
z9shqkbl,apertus_no_lora_fp32_only_layer30_seed43_lr3em5,finished,2026-03-16 18:21:39+00:00,apertus,fp32_only,30,43,3e-5,float32,none,6.685286521911621,train/longfact_test_llama/all_auc,0.6112856784939094,llama,all,auc
bz9gcqwk,apertus_no_lora_fp32_only_layer30_seed44_lr1em3,finished,2026-03-16 18:21:39+00:00,apertus,fp32_only,30,44,1e-3,float32,none,0.0,train/longfact_test_llama/all_auc,0.5,llama,all,auc
nhg2yz2u,apertus_no_lora_fp32_only_layer30_seed44_lr1em4,finished,2026-03-16 18:21:39+00:00,apertus,fp32_only,30,44,1e-4,float32,none,0.01171684730798006,train/longfact_test_llama/all_auc,0.6418683044951504,llama,all,auc
4yytvlvi,apertus_no_lora_fp32_only_layer30_seed44_lr3em4,finished,2026-03-16 18:21:39+00:00,apertus,fp32_only,30,44,3e-4,float32,none,0.0005547898472286761,train/longfact_test_llama/all_auc,0.6508052803056568,llama,all,auc
8kx20a5i,apertus_no_lora_fp32_only_layer30_seed44_lr3em5,finished,2026-03-16 18:21:39+00:00,apertus,fp32_only,30,44,3e-5,float32,none,33.319332122802734,train/longfact_test_llama/all_auc,0.6180077257066239,llama,all,auc
kgoq3e5r,llama_no_lora_long_form_layer10_seed42,finished,2026-03-02 14:45:36+00:00,llama,llama_layers,10,42,,bfloat16,none,0.4103353917598725,train/longfact_test_llama/all_auc,0.8727830309840049,llama,all,auc
9oem35be,llama_no_lora_long_form_layer10_seed43,finished,2026-03-02 14:46:11+00:00,llama,llama_layers,10,43,,bfloat16,none,0.582381546497345,train/longfact_test_llama/all_auc,0.8730621903488596,llama,all,auc
rri8v027,llama_no_lora_long_form_layer10_seed44,finished,2026-03-02 14:46:11+00:00,llama,llama_layers,10,44,,bfloat16,none,0.3619125485420227,train/longfact_test_llama/all_auc,0.8729178685485856,llama,all,auc
qni919ee,llama_no_lora_long_form_layer20_seed42,finished,2026-03-02 14:50:44+00:00,llama,llama_layers,20,42,,bfloat16,none,0.4025150239467621,train/longfact_test_llama/all_auc,0.8740952936253458,llama,all,auc
4aryhr4u,llama_no_lora_long_form_layer20_seed43,finished,2026-03-02 14:50:44+00:00,llama,llama_layers,20,43,,bfloat16,none,0.6214630007743835,train/longfact_test_llama/all_auc,0.8723724373418704,llama,all,auc
v8qejznt,llama_no_lora_long_form_layer20_seed44,finished,2026-03-02 14:50:44+00:00,llama,llama_layers,20,44,,bfloat16,none,0.4049457013607025,train/longfact_test_llama/all_auc,0.8732451906537371,llama,all,auc
82vjeyys,llama_no_lora_long_form_layer26_seed42,finished,2026-03-02 14:50:44+00:00,llama,llama_layers,26,42,,bfloat16,none,0.38688111305236816,train/longfact_test_llama/all_auc,0.8646299536715014,llama,all,auc
gzg4irhz,llama_no_lora_long_form_layer26_seed43,finished,2026-03-02 14:51:46+00:00,llama,llama_layers,26,43,,bfloat16,none,0.6332159042358398,train/longfact_test_llama/all_auc,0.86236904262827,llama,all,auc
7u7entue,llama_no_lora_long_form_layer26_seed44,finished,2026-03-02 14:51:46+00:00,llama,llama_layers,26,44,,bfloat16,none,0.4069174230098725,train/longfact_test_llama/all_auc,0.8619063412484611,llama,all,auc
ct7o6ek7,llama_no_lora_long_form_layer30_seed42,finished,2026-03-02 14:51:46+00:00,llama,llama_layers,30,42,,bfloat16,none,0.4142408668994904,train/longfact_test_llama/all_auc,0.8563876862542225,llama,all,auc
av9rm02w,llama_no_lora_long_form_layer30_seed43,finished,2026-03-02 14:51:46+00:00,llama,llama_layers,30,43,,bfloat16,none,0.7231071591377258,train/longfact_test_llama/all_auc,0.8545024766630366,llama,all,auc
ojujrfsw,llama_no_lora_long_form_layer30_seed44,finished,2026-03-02 14:51:46+00:00,llama,llama_layers,30,44,,bfloat16,none,0.4089251160621643,train/longfact_test_llama/all_auc,0.8532671296478973,llama,all,auc
47rfeqmx,apertus_no_lora_ln_bf16_layer10_seed42_lr1em3,finished,2026-03-16 01:21:44+00:00,apertus,ln_bf16,10,42,1e-3,bfloat16,layernorm,0.14300638437271118,train/longfact_test_llama/all_auc,0.8616482236028109,llama,all,auc
ltvbxnyc,apertus_no_lora_ln_bf16_layer10_seed42_lr1em4,finished,2026-03-16 01:21:44+00:00,apertus,ln_bf16,10,42,1e-4,bfloat16,layernorm,0.3950393497943878,train/longfact_test_llama/all_auc,0.8542805152368066,llama,all,auc
aupa5a3l,apertus_no_lora_ln_bf16_layer10_seed42_lr3em4,finished,2026-03-16 01:21:44+00:00,apertus,ln_bf16,10,42,3e-4,bfloat16,layernorm,0.18207243084907532,train/longfact_test_llama/all_auc,0.8633446573505843,llama,all,auc
48kc2gt3,apertus_no_lora_ln_bf16_layer10_seed42_lr3em5,finished,2026-03-16 01:21:44+00:00,apertus,ln_bf16,10,42,3e-5,bfloat16,layernorm,0.942188560962677,train/longfact_test_llama/all_auc,0.7942713388743305,llama,all,auc
l92ugb0x,apertus_no_lora_ln_bf16_layer10_seed43_lr1em3,finished,2026-03-16 01:21:44+00:00,apertus,ln_bf16,10,43,1e-3,bfloat16,layernorm,0.2892049551010132,train/longfact_test_llama/all_auc,0.8640919469724686,llama,all,auc
ks445ju3,apertus_no_lora_ln_bf16_layer10_seed43_lr1em4,finished,2026-03-16 01:21:44+00:00,apertus,ln_bf16,10,43,1e-4,bfloat16,layernorm,0.26968491077423096,train/longfact_test_llama/all_auc,0.8554945873163498,llama,all,auc
v1whaixy,apertus_no_lora_ln_bf16_layer10_seed43_lr3em4,finished,2026-03-16 01:21:44+00:00,apertus,ln_bf16,10,43,3e-4,bfloat16,layernorm,0.26967474818229675,train/longfact_test_llama/all_auc,0.8654316606048429,llama,all,auc
yrz15txm,apertus_no_lora_ln_bf16_layer10_seed43_lr3em5,finished,2026-03-16 01:21:44+00:00,apertus,ln_bf16,10,43,3e-5,bfloat16,layernorm,0.35177040100097656,train/longfact_test_llama/all_auc,0.790345154385051,llama,all,auc
yjo8ext8,apertus_no_lora_ln_bf16_layer10_seed44_lr1em3,finished,2026-03-16 01:21:45+00:00,apertus,ln_bf16,10,44,1e-3,bfloat16,layernorm,0.20609278976917267,train/longfact_test_llama/all_auc,0.8611585554556092,llama,all,auc
wjc71sg6,apertus_no_lora_ln_bf16_layer10_seed44_lr1em4,finished,2026-03-16 01:21:45+00:00,apertus,ln_bf16,10,44,1e-4,bfloat16,layernorm,0.3125472366809845,train/longfact_test_llama/all_auc,0.855697122350051,llama,all,auc
dd2pwu6g,apertus_no_lora_ln_bf16_layer10_seed44_lr3em4,finished,2026-03-16 01:21:45+00:00,apertus,ln_bf16,10,44,3e-4,bfloat16,layernorm,0.289102166891098,train/longfact_test_llama/all_auc,0.8657423747719784,llama,all,auc
gk2y0cx9,apertus_no_lora_ln_bf16_layer10_seed44_lr3em5,finished,2026-03-16 01:21:45+00:00,apertus,ln_bf16,10,44,3e-5,bfloat16,layernorm,0.31844255328178406,train/longfact_test_llama/all_auc,0.7924921488914661,llama,all,auc
p3f6sakq,apertus_no_lora_ln_bf16_layer20_seed42_lr1em3,finished,2026-03-16 01:21:44+00:00,apertus,ln_bf16,20,42,1e-3,bfloat16,layernorm,0.11758887767791748,train/longfact_test_llama/all_auc,0.852884911383001,llama,all,auc
2mbvnb3s,apertus_no_lora_ln_bf16_layer20_seed42_lr1em4,finished,2026-03-16 01:21:44+00:00,apertus,ln_bf16,20,42,1e-4,bfloat16,layernorm,0.5318654179573059,train/longfact_test_llama/all_auc,0.8519877177398234,llama,all,auc
pw74vso0,apertus_no_lora_ln_bf16_layer20_seed42_lr3em4,finished,2026-03-16 01:21:44+00:00,apertus,ln_bf16,20,42,3e-4,bfloat16,layernorm,0.2455830276012421,train/longfact_test_llama/all_auc,0.8614770072423507,llama,all,auc
lcc4r0ui,apertus_no_lora_ln_bf16_layer20_seed42_lr3em5,finished,2026-03-16 01:21:44+00:00,apertus,ln_bf16,20,42,3e-5,bfloat16,layernorm,0.8914243578910828,train/longfact_test_llama/all_auc,0.7534489771373697,llama,all,auc
ea20dmvq,apertus_no_lora_ln_bf16_layer20_seed43_lr1em3,finished,2026-03-16 01:21:44+00:00,apertus,ln_bf16,20,43,1e-3,bfloat16,layernorm,0.2716436982154846,train/longfact_test_llama/all_auc,0.8555533016400131,llama,all,auc
dq6d9cxj,apertus_no_lora_ln_bf16_layer20_seed43_lr1em4,finished,2026-03-16 01:21:44+00:00,apertus,ln_bf16,20,43,1e-4,bfloat16,layernorm,0.28726422786712646,train/longfact_test_llama/all_auc,0.8533349434238681,llama,all,auc
5rukn8sb,apertus_no_lora_ln_bf16_layer20_seed43_lr3em4,finished,2026-03-16 01:21:44+00:00,apertus,ln_bf16,20,43,3e-4,bfloat16,layernorm,0.279452383518219,train/longfact_test_llama/all_auc,0.8634584679967645,llama,all,auc
sg4y1aru,apertus_no_lora_ln_bf16_layer20_seed43_lr3em5,finished,2026-03-16 01:21:44+00:00,apertus,ln_bf16,20,43,3e-5,bfloat16,layernorm,0.383007675409317,train/longfact_test_llama/all_auc,0.7546259503822563,llama,all,auc
wjx8fs4d,apertus_no_lora_ln_bf16_layer20_seed44_lr1em3,finished,2026-03-16 01:21:44+00:00,apertus,ln_bf16,20,44,1e-3,bfloat16,layernorm,0.343784362077713,train/longfact_test_llama/all_auc,0.8561147932616257,llama,all,auc
ug8c0ane,apertus_no_lora_ln_bf16_layer20_seed44_lr1em4,finished,2026-03-16 01:21:44+00:00,apertus,ln_bf16,20,44,1e-4,bfloat16,layernorm,0.39652878046035767,train/longfact_test_llama/all_auc,0.8523341037230929,llama,all,auc
xy83pt3c,apertus_no_lora_ln_bf16_layer20_seed44_lr3em4,finished,2026-03-16 01:21:44+00:00,apertus,ln_bf16,20,44,3e-4,bfloat16,layernorm,0.4512102007865906,train/longfact_test_llama/all_auc,0.8634370128565911,llama,all,auc
mgy8s31x,apertus_no_lora_ln_bf16_layer20_seed44_lr3em5,finished,2026-03-16 01:21:44+00:00,apertus,ln_bf16,20,44,3e-5,bfloat16,layernorm,0.44538286328315735,train/longfact_test_llama/all_auc,0.7545937873093113,llama,all,auc
qbe29z5d,apertus_no_lora_ln_bf16_layer26_seed42_lr1em3,finished,2026-03-16 01:21:44+00:00,apertus,ln_bf16,26,42,1e-3,bfloat16,layernorm,0.1929110735654831,train/longfact_test_llama/all_auc,0.8282869776207912,llama,all,auc
nyzlam71,apertus_no_lora_ln_bf16_layer26_seed42_lr1em4,finished,2026-03-16 01:21:44+00:00,apertus,ln_bf16,26,42,1e-4,bfloat16,layernorm,0.5006973147392273,train/longfact_test_llama/all_auc,0.8346525601096092,llama,all,auc
p9he43x3,apertus_no_lora_ln_bf16_layer26_seed42_lr3em4,finished,2026-03-16 01:21:44+00:00,apertus,ln_bf16,26,42,3e-4,bfloat16,layernorm,0.27400892972946167,train/longfact_test_llama/all_auc,0.8422234821333217,llama,all,auc
jap1923r,apertus_no_lora_ln_bf16_layer26_seed42_lr3em5,finished,2026-03-16 01:21:44+00:00,apertus,ln_bf16,26,42,3e-5,bfloat16,layernorm,0.9109970927238464,train/longfact_test_llama/all_auc,0.7309040135955807,llama,all,auc
kffm0190,apertus_no_lora_ln_bf16_layer26_seed43_lr1em3,finished,2026-03-16 01:21:44+00:00,apertus,ln_bf16,26,43,1e-3,bfloat16,layernorm,0.27165380120277405,train/longfact_test_llama/all_auc,0.8303349369933729,llama,all,auc
6nfiscpk,apertus_no_lora_ln_bf16_layer26_seed43_lr1em4,finished,2026-03-16 01:21:44+00:00,apertus,ln_bf16,26,43,1e-4,bfloat16,layernorm,0.29313549399375916,train/longfact_test_llama/all_auc,0.8345892240084545,llama,all,auc
livazl8t,apertus_no_lora_ln_bf16_layer26_seed43_lr3em4,finished,2026-03-16 01:21:44+00:00,apertus,ln_bf16,26,43,3e-4,bfloat16,layernorm,0.26969656348228455,train/longfact_test_llama/all_auc,0.84381776547105,llama,all,auc
cs5p5dya,apertus_no_lora_ln_bf16_layer26_seed43_lr3em5,finished,2026-03-16 01:21:44+00:00,apertus,ln_bf16,26,43,3e-5,bfloat16,layernorm,0.3752008378505707,train/longfact_test_llama/all_auc,0.7322975631976134,llama,all,auc
m9z367ud,apertus_no_lora_ln_bf16_layer26_seed44_lr1em3,finished,2026-03-16 01:21:44+00:00,apertus,ln_bf16,26,44,1e-3,bfloat16,layernorm,0.44535091519355774,train/longfact_test_llama/all_auc,0.8319582260140168,llama,all,auc
ycmihac6,apertus_no_lora_ln_bf16_layer26_seed44_lr1em4,finished,2026-03-16 01:21:44+00:00,apertus,ln_bf16,26,44,1e-4,bfloat16,layernorm,0.3027840852737427,train/longfact_test_llama/all_auc,0.8338822965898783,llama,all,auc
b7cu6by4,apertus_no_lora_ln_bf16_layer26_seed44_lr3em4,finished,2026-03-16 01:21:44+00:00,apertus,ln_bf16,26,44,3e-4,bfloat16,layernorm,0.33402493596076965,train/longfact_test_llama/all_auc,0.8437610235028502,llama,all,auc
82b66i5k,apertus_no_lora_ln_bf16_layer26_seed44_lr3em5,finished,2026-03-16 01:21:44+00:00,apertus,ln_bf16,26,44,3e-5,bfloat16,layernorm,0.3965613543987274,train/longfact_test_llama/all_auc,0.734017810623815,llama,all,auc
7hvw78qp,apertus_no_lora_ln_bf16_layer30_seed42_lr1em3,finished,2026-03-16 01:21:44+00:00,apertus,ln_bf16,30,42,1e-3,bfloat16,layernorm,0.18903133273124695,train/longfact_test_llama/all_auc,0.8303335743136587,llama,all,auc
hq7zzpsr,apertus_no_lora_ln_bf16_layer30_seed42_lr1em4,finished,2026-03-16 01:21:44+00:00,apertus,ln_bf16,30,42,1e-4,bfloat16,layernorm,0.6139996647834778,train/longfact_test_llama/all_auc,0.8417692069281985,llama,all,auc
wehbf6bi,apertus_no_lora_ln_bf16_layer30_seed42_lr3em4,finished,2026-03-16 01:21:44+00:00,apertus,ln_bf16,30,42,3e-4,bfloat16,layernorm,0.2974618077278137,train/longfact_test_llama/all_auc,0.8455978263591567,llama,all,auc
inx8ca5d,apertus_no_lora_ln_bf16_layer30_seed42_lr3em5,finished,2026-03-16 01:21:44+00:00,apertus,ln_bf16,30,42,3e-5,bfloat16,layernorm,0.8954324722290039,train/longfact_test_llama/all_auc,0.728205700510822,llama,all,auc
og90cgj0,apertus_no_lora_ln_bf16_layer30_seed43_lr1em3,finished,2026-03-16 01:21:44+00:00,apertus,ln_bf16,30,43,1e-3,bfloat16,layernorm,0.2775192856788635,train/longfact_test_llama/all_auc,0.8299901693521794,llama,all,auc
5cwasjvc,apertus_no_lora_ln_bf16_layer30_seed43_lr1em4,finished,2026-03-16 01:21:44+00:00,apertus,ln_bf16,30,43,1e-4,bfloat16,layernorm,0.2989921569824219,train/longfact_test_llama/all_auc,0.8423222550219391,llama,all,auc
7jkvxq48,apertus_no_lora_ln_bf16_layer30_seed43_lr3em4,finished,2026-03-16 01:21:44+00:00,apertus,ln_bf16,30,43,3e-4,bfloat16,layernorm,0.28141525387763977,train/longfact_test_llama/all_auc,0.8463344526336802,llama,all,auc
74i6ukb7,apertus_no_lora_ln_bf16_layer30_seed43_lr3em5,finished,2026-03-16 01:21:44+00:00,apertus,ln_bf16,30,43,3e-5,bfloat16,layernorm,0.367383748292923,train/longfact_test_llama/all_auc,0.7298500093665397,llama,all,auc
4m7o0thq,apertus_no_lora_ln_bf16_layer30_seed44_lr1em3,finished,2026-03-16 01:21:44+00:00,apertus,ln_bf16,30,44,1e-3,bfloat16,layernorm,0.3379320204257965,train/longfact_test_llama/all_auc,0.8343262545722446,llama,all,auc
3huyrepp,apertus_no_lora_ln_bf16_layer30_seed44_lr1em4,finished,2026-03-16 01:21:44+00:00,apertus,ln_bf16,30,44,1e-4,bfloat16,layernorm,0.4082537889480591,train/longfact_test_llama/all_auc,0.8428771366556416,llama,all,auc
khqaa0hj,apertus_no_lora_ln_bf16_layer30_seed44_lr3em4,finished,2026-03-16 01:21:44+00:00,apertus,ln_bf16,30,44,3e-4,bfloat16,layernorm,0.3730915486812592,train/longfact_test_llama/all_auc,0.8461188419245655,llama,all,auc
v97a1dax,apertus_no_lora_ln_bf16_layer30_seed44_lr3em5,finished,2026-03-16 01:21:44+00:00,apertus,ln_bf16,30,44,3e-5,bfloat16,layernorm,0.44148337841033936,train/longfact_test_llama/all_auc,0.7307832575648577,llama,all,auc
a1vhu02a,apertus_no_lora_ln_fp32_layer10_seed42_lr1em3,finished,2026-03-16 18:21:39+00:00,apertus,ln_fp32,10,42,1e-3,float32,layernorm,0.12267088890075684,train/longfact_test_llama/all_auc,0.857992231811963,llama,all,auc
s5e7uzrk,apertus_no_lora_ln_fp32_layer10_seed42_lr1em4,finished,2026-03-16 18:21:39+00:00,apertus,ln_fp32,10,42,1e-4,float32,layernorm,0.2215098738670349,train/longfact_test_llama/all_auc,0.8531716425119591,llama,all,auc
a039mxlm,apertus_no_lora_ln_fp32_layer10_seed42_lr3em4,finished,2026-03-16 18:21:39+00:00,apertus,ln_fp32,10,42,3e-4,float32,layernorm,0.15673403441905975,train/longfact_test_llama/all_auc,0.8583076049417322,llama,all,auc
ur0fzre6,apertus_no_lora_ln_fp32_layer10_seed42_lr3em5,finished,2026-03-16 18:21:39+00:00,apertus,ln_fp32,10,42,3e-5,float32,layernorm,0.4890720844268799,train/longfact_test_llama/all_auc,0.8396776791833823,llama,all,auc
kyx3dh6x,apertus_no_lora_ln_fp32_layer10_seed43_lr1em3,finished,2026-03-16 18:21:39+00:00,apertus,ln_fp32,10,43,1e-3,float32,layernorm,0.2920945882797241,train/longfact_test_llama/all_auc,0.8568442020490392,llama,all,auc
anpnl7j5,apertus_no_lora_ln_fp32_layer10_seed43_lr1em4,finished,2026-03-16 18:21:39+00:00,apertus,ln_fp32,10,43,1e-4,float32,layernorm,0.26364782452583313,train/longfact_test_llama/all_auc,0.8550737675081262,llama,all,auc
mu08a37q,apertus_no_lora_ln_fp32_layer10_seed43_lr3em4,finished,2026-03-16 18:21:39+00:00,apertus,ln_fp32,10,43,3e-4,float32,layernorm,0.2802787125110626,train/longfact_test_llama/all_auc,0.8584138344428816,llama,all,auc
0q5lbh0o,apertus_no_lora_ln_fp32_layer10_seed43_lr3em5,finished,2026-03-16 18:21:39+00:00,apertus,ln_fp32,10,43,3e-5,float32,layernorm,0.27201464772224426,train/longfact_test_llama/all_auc,0.8405765762959128,llama,all,auc
b2incihb,apertus_no_lora_ln_fp32_layer10_seed44_lr1em3,finished,2026-03-16 18:21:39+00:00,apertus,ln_fp32,10,44,1e-3,float32,layernorm,0.19783645868301392,train/longfact_test_llama/all_auc,0.8543147446824879,llama,all,auc
9s2c6c1h,apertus_no_lora_ln_fp32_layer10_seed44_lr1em4,finished,2026-03-16 18:21:39+00:00,apertus,ln_fp32,10,44,1e-4,float32,layernorm,0.32758116722106934,train/longfact_test_llama/all_auc,0.8549042740173315,llama,all,auc
u1cqzubx,apertus_no_lora_ln_fp32_layer10_seed44_lr3em4,finished,2026-03-16 18:21:39+00:00,apertus,ln_fp32,10,44,3e-4,float32,layernorm,0.2790237069129944,train/longfact_test_llama/all_auc,0.857835065839068,llama,all,auc
jd8rl3y0,apertus_no_lora_ln_fp32_layer10_seed44_lr3em5,finished,2026-03-16 18:21:39+00:00,apertus,ln_fp32,10,44,3e-5,float32,layernorm,0.29283058643341064,train/longfact_test_llama/all_auc,0.8403648094944542,llama,all,auc
tvxgxlk0,apertus_no_lora_ln_fp32_layer20_seed42_lr1em3,finished,2026-03-16 18:21:39+00:00,apertus,ln_fp32,20,42,1e-3,float32,layernorm,0.11203589290380478,train/longfact_test_llama/all_auc,0.846813846953689,llama,all,auc
szjyc7rq,apertus_no_lora_ln_fp32_layer20_seed42_lr1em4,finished,2026-03-16 18:21:39+00:00,apertus,ln_fp32,20,42,1e-4,float32,layernorm,0.3388446271419525,train/longfact_test_llama/all_auc,0.8505103003919818,llama,all,auc
j1ydn4mi,apertus_no_lora_ln_fp32_layer20_seed42_lr3em4,finished,2026-03-16 18:21:39+00:00,apertus,ln_fp32,20,42,3e-4,float32,layernorm,0.18392929434776303,train/longfact_test_llama/all_auc,0.8539550929626496,llama,all,auc
mru621ko,apertus_no_lora_ln_fp32_layer20_seed42_lr3em5,finished,2026-03-16 18:21:39+00:00,apertus,ln_fp32,20,42,3e-5,float32,layernorm,0.6155123114585876,train/longfact_test_llama/all_auc,0.8325458484543379,llama,all,auc
cuinxn0m,apertus_no_lora_ln_fp32_layer20_seed43_lr1em3,finished,2026-03-16 18:21:39+00:00,apertus,ln_fp32,20,43,1e-3,float32,layernorm,0.2761920690536499,train/longfact_test_llama/all_auc,0.849770765777917,llama,all,auc
gfuz02ro,apertus_no_lora_ln_fp32_layer20_seed43_lr1em4,finished,2026-03-16 18:21:39+00:00,apertus,ln_fp32,20,43,1e-4,float32,layernorm,0.28859972953796387,train/longfact_test_llama/all_auc,0.85255311070582,llama,all,auc
bydlptvs,apertus_no_lora_ln_fp32_layer20_seed43_lr3em4,finished,2026-03-16 18:21:39+00:00,apertus,ln_fp32,20,43,3e-4,float32,layernorm,0.27679380774497986,train/longfact_test_llama/all_auc,0.8564728636358951,llama,all,auc
5a8w5arg,apertus_no_lora_ln_fp32_layer20_seed43_lr3em5,finished,2026-03-16 18:21:39+00:00,apertus,ln_fp32,20,43,3e-5,float32,layernorm,0.30041441321372986,train/longfact_test_llama/all_auc,0.8331122380817805,llama,all,auc
3wystufk,apertus_no_lora_ln_fp32_layer20_seed44_lr1em3,finished,2026-03-16 18:21:39+00:00,apertus,ln_fp32,20,44,1e-3,float32,layernorm,0.37859293818473816,train/longfact_test_llama/all_auc,0.8482665799306782,llama,all,auc
ipm80jlq,apertus_no_lora_ln_fp32_layer20_seed44_lr1em4,finished,2026-03-16 18:21:39+00:00,apertus,ln_fp32,20,44,1e-4,float32,layernorm,0.39040952920913696,train/longfact_test_llama/all_auc,0.8518873102478849,llama,all,auc
28tm3neg,apertus_no_lora_ln_fp32_layer20_seed44_lr3em4,finished,2026-03-16 18:21:39+00:00,apertus,ln_fp32,20,44,3e-4,float32,layernorm,0.4330550134181976,train/longfact_test_llama/all_auc,0.8552775992865965,llama,all,auc
zoq512xp,apertus_no_lora_ln_fp32_layer20_seed44_lr3em5,finished,2026-03-16 18:21:39+00:00,apertus,ln_fp32,20,44,3e-5,float32,layernorm,0.37936899065971375,train/longfact_test_llama/all_auc,0.8333641949214677,llama,all,auc
8hrkgqv3,apertus_no_lora_ln_fp32_layer26_seed42_lr1em3,finished,2026-03-16 18:21:39+00:00,apertus,ln_fp32,26,42,1e-3,float32,layernorm,0.17951826751232147,train/longfact_test_llama/all_auc,0.8194502749462297,llama,all,auc
rlqcb2g4,apertus_no_lora_ln_fp32_layer26_seed42_lr1em4,finished,2026-03-16 18:21:39+00:00,apertus,ln_fp32,26,42,1e-4,float32,layernorm,0.3578282594680786,train/longfact_test_llama/all_auc,0.8325991790630178,llama,all,auc
r2wu0aof,apertus_no_lora_ln_fp32_layer26_seed42_lr3em4,finished,2026-03-16 18:21:39+00:00,apertus,ln_fp32,26,42,3e-4,float32,layernorm,0.24504521489143372,train/longfact_test_llama/all_auc,0.8321908890225275,llama,all,auc
okj43cej,apertus_no_lora_ln_fp32_layer26_seed42_lr3em5,finished,2026-03-16 18:21:39+00:00,apertus,ln_fp32,26,42,3e-5,float32,layernorm,0.6153150200843811,train/longfact_test_llama/all_auc,0.8133336006813492,llama,all,auc
44fifewm,apertus_no_lora_ln_fp32_layer26_seed43_lr1em3,finished,2026-03-16 18:21:39+00:00,apertus,ln_fp32,26,43,1e-3,float32,layernorm,0.26287174224853516,train/longfact_test_llama/all_auc,0.8222173557892606,llama,all,auc
cfgw5o62,apertus_no_lora_ln_fp32_layer26_seed43_lr1em4,finished,2026-03-16 18:21:39+00:00,apertus,ln_fp32,26,43,1e-4,float32,layernorm,0.27609291672706604,train/longfact_test_llama/all_auc,0.8329932349039042,llama,all,auc
5yjm6w2c,apertus_no_lora_ln_fp32_layer26_seed43_lr3em4,finished,2026-03-16 18:21:39+00:00,apertus,ln_fp32,26,43,3e-4,float32,layernorm,0.268221378326416,train/longfact_test_llama/all_auc,0.8348892075486603,llama,all,auc
bj0fbt17,apertus_no_lora_ln_fp32_layer26_seed43_lr3em5,finished,2026-03-16 18:21:39+00:00,apertus,ln_fp32,26,43,3e-5,float32,layernorm,0.28795114159584045,train/longfact_test_llama/all_auc,0.8136080440797356,llama,all,auc
thtwlsce,apertus_no_lora_ln_fp32_layer26_seed44_lr1em3,finished,2026-03-16 18:21:39+00:00,apertus,ln_fp32,26,44,1e-3,float32,layernorm,0.4517517387866974,train/longfact_test_llama/all_auc,0.8237963020406407,llama,all,auc
a2rdvxyc,apertus_no_lora_ln_fp32_layer26_seed44_lr1em4,finished,2026-03-16 18:21:39+00:00,apertus,ln_fp32,26,44,1e-4,float32,layernorm,0.28372296690940857,train/longfact_test_llama/all_auc,0.8331499028580484,llama,all,auc
veq9b7kw,apertus_no_lora_ln_fp32_layer26_seed44_lr3em4,finished,2026-03-16 18:21:39+00:00,apertus,ln_fp32,26,44,3e-4,float32,layernorm,0.37059929966926575,train/longfact_test_llama/all_auc,0.8355200783987392,llama,all,auc
5aqux06m,apertus_no_lora_ln_fp32_layer26_seed44_lr3em5,finished,2026-03-16 18:21:39+00:00,apertus,ln_fp32,26,44,3e-5,float32,layernorm,0.3035992383956909,train/longfact_test_llama/all_auc,0.8131494534779278,llama,all,auc
qg1y3gso,apertus_no_lora_ln_fp32_layer30_seed42_lr1em3,finished,2026-03-16 18:21:39+00:00,apertus,ln_fp32,30,42,1e-3,float32,layernorm,0.1903767287731171,train/longfact_test_llama/all_auc,0.8220881740396792,llama,all,auc
r9e2fhqm,apertus_no_lora_ln_fp32_layer30_seed42_lr1em4,finished,2026-03-16 18:21:39+00:00,apertus,ln_fp32,30,42,1e-4,float32,layernorm,0.38982802629470825,train/longfact_test_llama/all_auc,0.8364470545257402,llama,all,auc
e24v1w1s,apertus_no_lora_ln_fp32_layer30_seed42_lr3em4,finished,2026-03-16 18:21:39+00:00,apertus,ln_fp32,30,42,3e-4,float32,layernorm,0.2570212781429291,train/longfact_test_llama/all_auc,0.8371076141229024,llama,all,auc
jtcznw8g,apertus_no_lora_ln_fp32_layer30_seed42_lr3em5,finished,2026-03-16 18:21:39+00:00,apertus,ln_fp32,30,42,3e-5,float32,layernorm,0.6943867206573486,train/longfact_test_llama/all_auc,0.8206054774899333,llama,all,auc
v3qqa12o,apertus_no_lora_ln_fp32_layer30_seed43_lr1em3,finished,2026-03-16 18:21:39+00:00,apertus,ln_fp32,30,43,1e-3,float32,layernorm,0.2808498740196228,train/longfact_test_llama/all_auc,0.8245744009747731,llama,all,auc
lgm2cr72,apertus_no_lora_ln_fp32_layer30_seed43_lr1em4,finished,2026-03-16 18:21:39+00:00,apertus,ln_fp32,30,43,1e-4,float32,layernorm,0.2797033190727234,train/longfact_test_llama/all_auc,0.8369834313807295,llama,all,auc
f873k60o,apertus_no_lora_ln_fp32_layer30_seed43_lr3em4,finished,2026-03-16 18:21:39+00:00,apertus,ln_fp32,30,43,3e-4,float32,layernorm,0.28264516592025757,train/longfact_test_llama/all_auc,0.8368350802018774,llama,all,auc
ybsg28sj,apertus_no_lora_ln_fp32_layer30_seed43_lr3em5,finished,2026-03-16 18:21:39+00:00,apertus,ln_fp32,30,43,3e-5,float32,layernorm,0.30628159642219543,train/longfact_test_llama/all_auc,0.8214970137774651,llama,all,auc
kn811t36,apertus_no_lora_ln_fp32_layer30_seed44_lr1em3,finished,2026-03-16 18:21:39+00:00,apertus,ln_fp32,30,44,1e-3,float32,layernorm,0.3007677495479584,train/longfact_test_llama/all_auc,0.8224785880728023,llama,all,auc
wf8rodcd,apertus_no_lora_ln_fp32_layer30_seed44_lr1em4,finished,2026-03-16 18:21:39+00:00,apertus,ln_fp32,30,44,1e-4,float32,layernorm,0.3687911331653595,train/longfact_test_llama/all_auc,0.8371919969999794,llama,all,auc
524a5l0b,apertus_no_lora_ln_fp32_layer30_seed44_lr3em4,finished,2026-03-16 18:21:39+00:00,apertus,ln_fp32,30,44,3e-4,float32,layernorm,0.3833605647087097,train/longfact_test_llama/all_auc,0.8377123595037482,llama,all,auc
m6zpszut,apertus_no_lora_ln_fp32_layer30_seed44_lr3em5,finished,2026-03-16 18:21:39+00:00,apertus,ln_fp32,30,44,3e-5,float32,layernorm,0.4072107970714569,train/longfact_test_llama/all_auc,0.8214500680192333,llama,all,auc
2msk68xv,apertus_no_lora_long_form_layer10_seed42,finished,2026-03-02 14:54:28+00:00,apertus,apertus_layers,10,42,,bfloat16,none,0.1188635155558586,train/longfact_test_llama/all_f1,0.2697534880358563,llama,all,f1
ennpfi5c,apertus_no_lora_long_form_layer10_seed43,finished,2026-03-02 14:55:28+00:00,apertus,apertus_layers,10,43,,bfloat16,none,0.2892115116119385,train/longfact_test_llama/all_f1,0.26802455186734664,llama,all,f1
ckfvtpqq,apertus_no_lora_long_form_layer10_seed44,finished,2026-03-02 14:55:28+00:00,apertus,apertus_layers,10,44,,bfloat16,none,0.14164792001247406,train/longfact_test_llama/all_f1,0.25787264768265716,llama,all,f1
5w54hojz,apertus_no_lora_long_form_layer20_seed42,finished,2026-03-02 14:56:24+00:00,apertus,apertus_layers,20,42,,bfloat16,none,0.002515794476494193,train/longfact_test_llama/all_f1,0.20142013178822996,llama,all,f1
h3qhm4bp,apertus_no_lora_long_form_layer20_seed43,finished,2026-03-02 14:56:24+00:00,apertus,apertus_layers,20,43,,bfloat16,none,0.4361111521720886,train/longfact_test_llama/all_f1,0.21278362883410817,llama,all,f1
1sb6t3rt,apertus_no_lora_long_form_layer20_seed44,finished,2026-03-02 14:56:24+00:00,apertus,apertus_layers,20,44,,bfloat16,none,0.9805268049240112,train/longfact_test_llama/all_f1,0.20511592308933865,llama,all,f1
fjxaywoo,apertus_no_lora_long_form_layer26_seed42,finished,2026-03-02 14:56:59+00:00,apertus,apertus_layers,26,42,,bfloat16,none,0.022064460441470143,train/longfact_test_llama/all_f1,0.21943093823158652,llama,all,f1
fc3llcx0,apertus_no_lora_long_form_layer26_seed43,finished,2026-03-02 14:58:28+00:00,apertus,apertus_layers,26,43,,bfloat16,none,4.096796035766602,train/longfact_test_llama/all_f1,0.22484818644345972,llama,all,f1
gtn6g9ne,apertus_no_lora_long_form_layer26_seed44,finished,2026-03-02 14:58:28+00:00,apertus,apertus_layers,26,44,,bfloat16,none,0.0003512128023430705,train/longfact_test_llama/all_f1,0.21327218178241197,llama,all,f1
pk12wkry,apertus_no_lora_long_form_layer30_seed42,finished,2026-03-02 14:58:28+00:00,apertus,apertus_layers,30,42,,bfloat16,none,82.0517578125,train/longfact_test_llama/all_f1,0.0005347004890936827,llama,all,f1
vhvivjkc,apertus_no_lora_long_form_layer30_seed43,finished,2026-03-02 14:58:28+00:00,apertus,apertus_layers,30,43,,bfloat16,none,10.69191074371338,train/longfact_test_llama/all_f1,0.27152629354226077,llama,all,f1
agskbmvs,apertus_no_lora_long_form_layer30_seed44,finished,2026-03-02 14:58:28+00:00,apertus,apertus_layers,30,44,,bfloat16,none,0.0001453680742997676,train/longfact_test_llama/all_f1,0.2765519270373639,llama,all,f1
o5fobkxj,apertus_no_lora_bf16_only_layer10_seed42_lr1em3,finished,2026-03-16 01:21:45+00:00,apertus,bf16_only,10,42,1e-3,bfloat16,none,0.1060740053653717,train/longfact_test_llama/all_f1,0.27023947256733893,llama,all,f1
ngsqu3i1,apertus_no_lora_bf16_only_layer10_seed42_lr1em4,finished,2026-03-16 01:21:45+00:00,apertus,bf16_only,10,42,1e-4,bfloat16,none,0.11451046913862228,train/longfact_test_llama/all_f1,0.2493030568741874,llama,all,f1
5xzqhvy4,apertus_no_lora_bf16_only_layer10_seed42_lr3em4,finished,2026-03-16 01:21:45+00:00,apertus,bf16_only,10,42,3e-4,bfloat16,none,0.11626026779413225,train/longfact_test_llama/all_f1,0.27968918356526745,llama,all,f1
83kur7ka,apertus_no_lora_bf16_only_layer10_seed42_lr3em5,finished,2026-03-16 01:21:45+00:00,apertus,bf16_only,10,42,3e-5,bfloat16,none,0.4366786777973175,train/longfact_test_llama/all_f1,0.1677728975765825,llama,all,f1
j9k3f0jm,apertus_no_lora_bf16_only_layer10_seed43_lr1em3,finished,2026-03-16 01:21:44+00:00,apertus,bf16_only,10,43,1e-3,bfloat16,none,0.3009301424026489,train/longfact_test_llama/all_f1,0.26584616620153795,llama,all,f1
ougxjsfh,apertus_no_lora_bf16_only_layer10_seed43_lr1em4,finished,2026-03-16 01:21:44+00:00,apertus,bf16_only,10,43,1e-4,bfloat16,none,0.27749955654144287,train/longfact_test_llama/all_f1,0.24403045184088137,llama,all,f1
21sy8y12,apertus_no_lora_bf16_only_layer10_seed43_lr3em4,finished,2026-03-16 01:21:44+00:00,apertus,bf16_only,10,43,3e-4,bfloat16,none,0.2755349278450012,train/longfact_test_llama/all_f1,0.28000819216477957,llama,all,f1
t26a4uwp,apertus_no_lora_bf16_only_layer10_seed43_lr3em5,finished,2026-03-16 01:21:44+00:00,apertus,bf16_only,10,43,3e-5,bfloat16,none,0.3126707673072815,train/longfact_test_llama/all_f1,0.16882525877823443,llama,all,f1
p9n6ul1e,apertus_no_lora_bf16_only_layer10_seed44_lr1em3,finished,2026-03-16 01:21:44+00:00,apertus,bf16_only,10,44,1e-3,bfloat16,none,0.15629735589027405,train/longfact_test_llama/all_f1,0.25751148898128706,llama,all,f1
feljklm1,apertus_no_lora_bf16_only_layer10_seed44_lr1em4,finished,2026-03-16 01:21:44+00:00,apertus,bf16_only,10,44,1e-4,bfloat16,none,0.593794047832489,train/longfact_test_llama/all_f1,0.24920163180920385,llama,all,f1
lfafy2oe,apertus_no_lora_bf16_only_layer10_seed44_lr3em4,finished,2026-03-16 01:21:44+00:00,apertus,bf16_only,10,44,3e-4,bfloat16,none,0.2656649947166443,train/longfact_test_llama/all_f1,0.2774056685044797,llama,all,f1
r3oezlrl,apertus_no_lora_bf16_only_layer10_seed44_lr3em5,finished,2026-03-16 01:21:44+00:00,apertus,bf16_only,10,44,3e-5,bfloat16,none,0.7305357456207275,train/longfact_test_llama/all_f1,0.17069203929126694,llama,all,f1
uw94ef5i,apertus_no_lora_bf16_only_layer20_seed42_lr1em3,finished,2026-03-16 01:21:44+00:00,apertus,bf16_only,20,42,1e-3,bfloat16,none,0.006061427295207977,train/longfact_test_llama/all_f1,0.20804762596929843,llama,all,f1
ymsrn4r6,apertus_no_lora_bf16_only_layer20_seed42_lr1em4,finished,2026-03-16 01:21:44+00:00,apertus,bf16_only,20,42,1e-4,bfloat16,none,0.04400371387600899,train/longfact_test_llama/all_f1,0.1840744043827239,llama,all,f1
uy0gdnv4,apertus_no_lora_bf16_only_layer20_seed42_lr3em4,finished,2026-03-16 01:21:44+00:00,apertus,bf16_only,20,42,3e-4,bfloat16,none,0.00907330308109522,train/longfact_test_llama/all_f1,0.20822891848852568,llama,all,f1
fu81gp5i,apertus_no_lora_bf16_only_layer20_seed42_lr3em5,finished,2026-03-16 01:21:44+00:00,apertus,bf16_only,20,42,3e-5,bfloat16,none,2.1262459754943848,train/longfact_test_llama/all_f1,0.1286801226980471,llama,all,f1
2g6rw2bt,apertus_no_lora_bf16_only_layer20_seed43_lr1em3,finished,2026-03-16 01:21:44+00:00,apertus,bf16_only,20,43,1e-3,bfloat16,none,0.5826413631439209,train/longfact_test_llama/all_f1,0.21349123521762667,llama,all,f1
7ynpw2cn,apertus_no_lora_bf16_only_layer20_seed43_lr1em4,finished,2026-03-16 01:21:44+00:00,apertus,bf16_only,20,43,1e-4,bfloat16,none,1.368619084358215,train/longfact_test_llama/all_f1,0.1819669836210331,llama,all,f1
900ivg46,apertus_no_lora_bf16_only_layer20_seed43_lr3em4,finished,2026-03-16 01:21:44+00:00,apertus,bf16_only,20,43,3e-4,bfloat16,none,0.40857547521591187,train/longfact_test_llama/all_f1,0.2145692682328994,llama,all,f1
qo5cb98m,apertus_no_lora_bf16_only_layer20_seed43_lr3em5,finished,2026-03-16 01:21:44+00:00,apertus,bf16_only,20,43,3e-5,bfloat16,none,6.096769332885742,train/longfact_test_llama/all_f1,0.13044167920142213,llama,all,f1
99kvtmj8,apertus_no_lora_bf16_only_layer20_seed44_lr1em3,finished,2026-03-16 01:21:44+00:00,apertus,bf16_only,20,44,1e-3,bfloat16,none,0.13294142484664917,train/longfact_test_llama/all_f1,0.20021567570217147,llama,all,f1
g1itgrow,apertus_no_lora_bf16_only_layer20_seed44_lr1em4,finished,2026-03-16 01:21:44+00:00,apertus,bf16_only,20,44,1e-4,bfloat16,none,4.639030521502718e-05,train/longfact_test_llama/all_f1,0.18803661168612257,llama,all,f1
vuc2g8id,apertus_no_lora_bf16_only_layer20_seed44_lr3em4,finished,2026-03-16 01:21:44+00:00,apertus,bf16_only,20,44,3e-4,bfloat16,none,0.2754364609718323,train/longfact_test_llama/all_f1,0.2079657736579403,llama,all,f1
v52uwh1g,apertus_no_lora_bf16_only_layer20_seed44_lr3em5,finished,2026-03-16 01:21:44+00:00,apertus,bf16_only,20,44,3e-5,bfloat16,none,23.12533187866211,train/longfact_test_llama/all_f1,0.12853573756245926,llama,all,f1
vz5jn274,apertus_no_lora_bf16_only_layer26_seed42_lr1em3,finished,2026-03-16 01:21:44+00:00,apertus,bf16_only,26,42,1e-3,bfloat16,none,0.023973966017365456,train/longfact_test_llama/all_f1,0.2141098251662152,llama,all,f1
4drsxr5u,apertus_no_lora_bf16_only_layer26_seed42_lr1em4,finished,2026-03-16 01:21:44+00:00,apertus,bf16_only,26,42,1e-4,bfloat16,none,0.023594362661242485,train/longfact_test_llama/all_f1,0.1805260225373253,llama,all,f1
1crms08u,apertus_no_lora_bf16_only_layer26_seed42_lr3em4,finished,2026-03-16 01:21:44+00:00,apertus,bf16_only,26,42,3e-4,bfloat16,none,0.006822563707828522,train/longfact_test_llama/all_f1,0.19049804357277425,llama,all,f1
cq95ctu3,apertus_no_lora_bf16_only_layer26_seed42_lr3em5,finished,2026-03-16 01:21:44+00:00,apertus,bf16_only,26,42,3e-5,bfloat16,none,0.9924049973487854,train/longfact_test_llama/all_f1,0.12047766251335444,llama,all,f1
q08ckrfy,apertus_no_lora_bf16_only_layer26_seed43_lr1em3,finished,2026-03-16 01:21:45+00:00,apertus,bf16_only,26,43,1e-3,bfloat16,none,4.096848487854004,train/longfact_test_llama/all_f1,0.21559635784475764,llama,all,f1
hirctdjt,apertus_no_lora_bf16_only_layer26_seed43_lr1em4,finished,2026-03-16 01:21:45+00:00,apertus,bf16_only,26,43,1e-4,bfloat16,none,4.878128528594971,train/longfact_test_llama/all_f1,0.1820795805319464,llama,all,f1
psn29j9n,apertus_no_lora_bf16_only_layer26_seed43_lr3em4,finished,2026-03-16 01:21:45+00:00,apertus,bf16_only,26,43,3e-4,bfloat16,none,1.7208261489868164,train/longfact_test_llama/all_f1,0.19088457837908465,llama,all,f1
lx8g6b8s,apertus_no_lora_bf16_only_layer26_seed43_lr3em5,finished,2026-03-16 01:21:45+00:00,apertus,bf16_only,26,43,3e-5,bfloat16,none,12.94149684906006,train/longfact_test_llama/all_f1,0.12241414977244518,llama,all,f1
wixkxx9v,apertus_no_lora_bf16_only_layer26_seed44_lr1em3,finished,2026-03-16 01:21:44+00:00,apertus,bf16_only,26,44,1e-3,bfloat16,none,10.250615119934082,train/longfact_test_llama/all_f1,0.2145464369679307,llama,all,f1
2r4mqan8,apertus_no_lora_bf16_only_layer26_seed44_lr1em4,finished,2026-03-16 01:21:44+00:00,apertus,bf16_only,26,44,1e-4,bfloat16,none,0.0004059617640450597,train/longfact_test_llama/all_f1,0.18201891285750615,llama,all,f1
v3h0pfq3,apertus_no_lora_bf16_only_layer26_seed44_lr3em4,finished,2026-03-16 01:21:44+00:00,apertus,bf16_only,26,44,3e-4,bfloat16,none,0.3673836886882782,train/longfact_test_llama/all_f1,0.19691225055013964,llama,all,f1
muqajhqb,apertus_no_lora_bf16_only_layer26_seed44_lr3em5,finished,2026-03-16 01:21:44+00:00,apertus,bf16_only,26,44,3e-5,bfloat16,none,7.75074577331543,train/longfact_test_llama/all_f1,0.12119278183345598,llama,all,f1
imd2hxzj,apertus_no_lora_bf16_only_layer30_seed42_lr1em3,finished,2026-03-16 01:21:44+00:00,apertus,bf16_only,30,42,1e-3,bfloat16,none,82.0517578125,train/longfact_test_llama/all_f1,0.0,llama,all,f1
g9535ebe,apertus_no_lora_bf16_only_layer30_seed42_lr1em4,finished,2026-03-16 01:21:44+00:00,apertus,bf16_only,30,42,1e-4,bfloat16,none,0.033634547144174576,train/longfact_test_llama/all_f1,0.19895725225529512,llama,all,f1
j9yucacb,apertus_no_lora_bf16_only_layer30_seed42_lr3em4,finished,2026-03-16 01:21:44+00:00,apertus,bf16_only,30,42,3e-4,bfloat16,none,0.025012411177158356,train/longfact_test_llama/all_f1,0.2149529348282271,llama,all,f1
4bo3xdzv,apertus_no_lora_bf16_only_layer30_seed42_lr3em5,finished,2026-03-16 01:21:44+00:00,apertus,bf16_only,30,42,3e-5,bfloat16,none,33.04824447631836,train/longfact_test_llama/all_f1,0.11286447620858324,llama,all,f1
a55rsp1p,apertus_no_lora_bf16_only_layer30_seed43_lr1em3,finished,2026-03-16 01:21:45+00:00,apertus,bf16_only,30,43,1e-3,bfloat16,none,9.379252433776855,train/longfact_test_llama/all_f1,0.2723674004333057,llama,all,f1
5uzjpj1x,apertus_no_lora_bf16_only_layer30_seed43_lr1em4,finished,2026-03-16 01:21:45+00:00,apertus,bf16_only,30,43,1e-4,bfloat16,none,6.222002029418945,train/longfact_test_llama/all_f1,0.1970468687274187,llama,all,f1
fctlmblr,apertus_no_lora_bf16_only_layer30_seed43_lr3em4,finished,2026-03-16 01:21:45+00:00,apertus,bf16_only,30,43,3e-4,bfloat16,none,5.815634250640869,train/longfact_test_llama/all_f1,0.20800933619169637,llama,all,f1
580vhzgn,apertus_no_lora_bf16_only_layer30_seed43_lr3em5,finished,2026-03-16 01:21:45+00:00,apertus,bf16_only,30,43,3e-5,bfloat16,none,10.316194534301758,train/longfact_test_llama/all_f1,0.10659211043641606,llama,all,f1
uns2a6j2,apertus_no_lora_bf16_only_layer30_seed44_lr1em3,finished,2026-03-16 01:21:44+00:00,apertus,bf16_only,30,44,1e-3,bfloat16,none,0.0,train/longfact_test_llama/all_f1,3.147276818732592e-05,llama,all,f1
m97ar22y,apertus_no_lora_bf16_only_layer30_seed44_lr1em4,finished,2026-03-16 01:21:44+00:00,apertus,bf16_only,30,44,1e-4,bfloat16,none,10.063371658325195,train/longfact_test_llama/all_f1,0.19117974844769944,llama,all,f1
hr0vmzt0,apertus_no_lora_bf16_only_layer30_seed44_lr3em4,finished,2026-03-16 01:21:44+00:00,apertus,bf16_only,30,44,3e-4,bfloat16,none,6.532261848449707,train/longfact_test_llama/all_f1,0.19988931286592293,llama,all,f1
w644eh9h,apertus_no_lora_bf16_only_layer30_seed44_lr3em5,finished,2026-03-16 01:21:44+00:00,apertus,bf16_only,30,44,3e-5,bfloat16,none,33.25065612792969,train/longfact_test_llama/all_f1,0.1078273858632878,llama,all,f1
3618z7cg,apertus_no_lora_fp32_only_layer10_seed42_lr1em3,finished,2026-03-16 18:21:39+00:00,apertus,fp32_only,10,42,1e-3,float32,none,0.11816876381635666,train/longfact_test_llama/all_f1,0.26279668634453274,llama,all,f1
mhg0ycoh,apertus_no_lora_fp32_only_layer10_seed42_lr1em4,finished,2026-03-16 18:21:39+00:00,apertus,fp32_only,10,42,1e-4,float32,none,0.1332954168319702,train/longfact_test_llama/all_f1,0.26684623325462464,llama,all,f1
b71ik25s,apertus_no_lora_fp32_only_layer10_seed42_lr3em4,finished,2026-03-16 18:21:39+00:00,apertus,fp32_only,10,42,3e-4,float32,none,0.1127048209309578,train/longfact_test_llama/all_f1,0.2774899658751348,llama,all,f1
8hl54mqx,apertus_no_lora_fp32_only_layer10_seed42_lr3em5,finished,2026-03-16 18:21:39+00:00,apertus,fp32_only,10,42,3e-5,float32,none,0.15368859469890594,train/longfact_test_llama/all_f1,0.23392429562175104,llama,all,f1
x3sqior5,apertus_no_lora_fp32_only_layer10_seed43_lr1em3,finished,2026-03-16 18:21:39+00:00,apertus,fp32_only,10,43,1e-3,float32,none,0.29647397994995117,train/longfact_test_llama/all_f1,0.2626083860428099,llama,all,f1
dm4602lm,apertus_no_lora_fp32_only_layer10_seed43_lr1em4,finished,2026-03-16 18:21:39+00:00,apertus,fp32_only,10,43,1e-4,float32,none,0.2917933166027069,train/longfact_test_llama/all_f1,0.2646226645202205,llama,all,f1
3mcpf9f3,apertus_no_lora_fp32_only_layer10_seed43_lr3em4,finished,2026-03-16 18:21:39+00:00,apertus,fp32_only,10,43,3e-4,float32,none,0.2921086251735687,train/longfact_test_llama/all_f1,0.27816605634034797,llama,all,f1
0v0cghh6,apertus_no_lora_fp32_only_layer10_seed43_lr3em5,finished,2026-03-16 18:21:39+00:00,apertus,fp32_only,10,43,3e-5,float32,none,0.27485892176628113,train/longfact_test_llama/all_f1,0.22880496975641657,llama,all,f1
k8u6gf39,apertus_no_lora_fp32_only_layer10_seed44_lr1em3,finished,2026-03-16 18:21:39+00:00,apertus,fp32_only,10,44,1e-3,float32,none,0.09856606274843216,train/longfact_test_llama/all_f1,0.2560498605027417,llama,all,f1
rgnn8edm,apertus_no_lora_fp32_only_layer10_seed44_lr1em4,finished,2026-03-16 18:21:39+00:00,apertus,fp32_only,10,44,1e-4,float32,none,0.4017370939254761,train/longfact_test_llama/all_f1,0.2639515173002138,llama,all,f1
1hlg6mhh,apertus_no_lora_fp32_only_layer10_seed44_lr3em4,finished,2026-03-16 18:21:39+00:00,apertus,fp32_only,10,44,3e-4,float32,none,0.3334559202194214,train/longfact_test_llama/all_f1,0.27477330221844465,llama,all,f1
h32xr3bj,apertus_no_lora_fp32_only_layer10_seed44_lr3em5,finished,2026-03-16 18:21:39+00:00,apertus,fp32_only,10,44,3e-5,float32,none,0.6063321232795715,train/longfact_test_llama/all_f1,0.23302698266518815,llama,all,f1
7otuls41,apertus_no_lora_fp32_only_layer20_seed42_lr1em3,finished,2026-03-16 18:21:39+00:00,apertus,fp32_only,20,42,1e-3,float32,none,0.0014074433129280806,train/longfact_test_llama/all_f1,0.21227394367042277,llama,all,f1
h3hhroh2,apertus_no_lora_fp32_only_layer20_seed42_lr1em4,finished,2026-03-16 18:21:39+00:00,apertus,fp32_only,20,42,1e-4,float32,none,0.005417922046035528,train/longfact_test_llama/all_f1,0.18603631883817623,llama,all,f1
gbg3qolw,apertus_no_lora_fp32_only_layer20_seed42_lr3em4,finished,2026-03-16 18:21:39+00:00,apertus,fp32_only,20,42,3e-4,float32,none,0.012795637361705303,train/longfact_test_llama/all_f1,0.2069332717498685,llama,all,f1
vpc4pmw1,apertus_no_lora_fp32_only_layer20_seed42_lr3em5,finished,2026-03-16 18:21:39+00:00,apertus,fp32_only,20,42,3e-5,float32,none,0.4815448522567749,train/longfact_test_llama/all_f1,0.17212995941356746,llama,all,f1
4hd86xs1,apertus_no_lora_fp32_only_layer20_seed43_lr1em3,finished,2026-03-16 18:21:39+00:00,apertus,fp32_only,20,43,1e-3,float32,none,0.7915925979614258,train/longfact_test_llama/all_f1,0.2080272480210769,llama,all,f1
dtswvc78,apertus_no_lora_fp32_only_layer20_seed43_lr1em4,finished,2026-03-16 18:21:39+00:00,apertus,fp32_only,20,43,1e-4,float32,none,0.9363940954208374,train/longfact_test_llama/all_f1,0.18448524420959336,llama,all,f1
r4canywa,apertus_no_lora_fp32_only_layer20_seed43_lr3em4,finished,2026-03-16 18:21:39+00:00,apertus,fp32_only,20,43,3e-4,float32,none,0.4842445254325866,train/longfact_test_llama/all_f1,0.21411683260095396,llama,all,f1
5pryw2ji,apertus_no_lora_fp32_only_layer20_seed43_lr3em5,finished,2026-03-16 18:21:39+00:00,apertus,fp32_only,20,43,3e-5,float32,none,2.3771839141845703,train/longfact_test_llama/all_f1,0.17005288802787963,llama,all,f1
cu47livm,apertus_no_lora_fp32_only_layer20_seed44_lr1em3,finished,2026-03-16 18:21:39+00:00,apertus,fp32_only,20,44,1e-3,float32,none,0.8405814170837402,train/longfact_test_llama/all_f1,0.2052159321830752,llama,all,f1
7cq66mkt,apertus_no_lora_fp32_only_layer20_seed44_lr1em4,finished,2026-03-16 18:21:39+00:00,apertus,fp32_only,20,44,1e-4,float32,none,0.00021276120969559997,train/longfact_test_llama/all_f1,0.18821184203437316,llama,all,f1
wrlr6qli,apertus_no_lora_fp32_only_layer20_seed44_lr3em4,finished,2026-03-16 18:21:39+00:00,apertus,fp32_only,20,44,3e-4,float32,none,0.7323926091194153,train/longfact_test_llama/all_f1,0.2140146266141029,llama,all,f1
nkk8fdiv,apertus_no_lora_fp32_only_layer20_seed44_lr3em5,finished,2026-03-16 18:21:39+00:00,apertus,fp32_only,20,44,3e-5,float32,none,3.7443130016326904,train/longfact_test_llama/all_f1,0.17184296022354564,llama,all,f1
jeyu4ke4,apertus_no_lora_fp32_only_layer26_seed42_lr1em3,finished,2026-03-16 18:21:39+00:00,apertus,fp32_only,26,42,1e-3,float32,none,0.02182931825518608,train/longfact_test_llama/all_f1,0.21620101632956396,llama,all,f1
6jnxw4n2,apertus_no_lora_fp32_only_layer26_seed42_lr1em4,finished,2026-03-16 18:21:39+00:00,apertus,fp32_only,26,42,1e-4,float32,none,0.017278315499424934,train/longfact_test_llama/all_f1,0.1813131215478515,llama,all,f1
vz2hbt4t,apertus_no_lora_fp32_only_layer26_seed42_lr3em4,finished,2026-03-16 18:21:39+00:00,apertus,fp32_only,26,42,3e-4,float32,none,0.006629477255046368,train/longfact_test_llama/all_f1,0.1845995629258259,llama,all,f1
g2rdqxou,apertus_no_lora_fp32_only_layer26_seed42_lr3em5,finished,2026-03-16 18:21:39+00:00,apertus,fp32_only,26,42,3e-5,float32,none,0.029366448521614075,train/longfact_test_llama/all_f1,0.1584076703683476,llama,all,f1
g557mw8r,apertus_no_lora_fp32_only_layer26_seed43_lr1em3,finished,2026-03-16 18:21:39+00:00,apertus,fp32_only,26,43,1e-3,float32,none,5.589945316314697,train/longfact_test_llama/all_f1,0.21243359432994016,llama,all,f1
xtj1l55e,apertus_no_lora_fp32_only_layer26_seed43_lr1em4,finished,2026-03-16 18:21:39+00:00,apertus,fp32_only,26,43,1e-4,float32,none,2.261085033416748,train/longfact_test_llama/all_f1,0.1796463357434807,llama,all,f1
tn9zon9i,apertus_no_lora_fp32_only_layer26_seed43_lr3em4,finished,2026-03-16 18:21:39+00:00,apertus,fp32_only,26,43,3e-4,float32,none,1.2675254344940186,train/longfact_test_llama/all_f1,0.18104123731703944,llama,all,f1
gi60xrz3,apertus_no_lora_fp32_only_layer26_seed43_lr3em5,finished,2026-03-16 18:21:39+00:00,apertus,fp32_only,26,43,3e-5,float32,none,5.592858791351318,train/longfact_test_llama/all_f1,0.15688576373340435,llama,all,f1
p7gub5up,apertus_no_lora_fp32_only_layer26_seed44_lr1em3,finished,2026-03-16 18:21:39+00:00,apertus,fp32_only,26,44,1e-3,float32,none,2.7211620807647705,train/longfact_test_llama/all_f1,0.2183979753987405,llama,all,f1
gani1xp7,apertus_no_lora_fp32_only_layer26_seed44_lr1em4,finished,2026-03-16 18:21:39+00:00,apertus,fp32_only,26,44,1e-4,float32,none,0.061501313000917435,train/longfact_test_llama/all_f1,0.1761193532440554,llama,all,f1
ill5vvx2,apertus_no_lora_fp32_only_layer26_seed44_lr3em4,finished,2026-03-16 18:21:39+00:00,apertus,fp32_only,26,44,3e-4,float32,none,0.02174818329513073,train/longfact_test_llama/all_f1,0.18696080134329224,llama,all,f1
b9ibkxys,apertus_no_lora_fp32_only_layer26_seed44_lr3em5,finished,2026-03-16 18:21:39+00:00,apertus,fp32_only,26,44,3e-5,float32,none,0.0007233090000227094,train/longfact_test_llama/all_f1,0.1592040387836467,llama,all,f1
362f178l,apertus_no_lora_fp32_only_layer30_seed42_lr1em3,finished,2026-03-16 18:21:39+00:00,apertus,fp32_only,30,42,1e-3,float32,none,81.83356475830078,train/longfact_test_llama/all_f1,0.0,llama,all,f1
572p44e7,apertus_no_lora_fp32_only_layer30_seed42_lr1em4,finished,2026-03-16 18:21:39+00:00,apertus,fp32_only,30,42,1e-4,float32,none,0.03013068065047264,train/longfact_test_llama/all_f1,0.18966328557983897,llama,all,f1
9k35iiw5,apertus_no_lora_fp32_only_layer30_seed42_lr3em4,finished,2026-03-16 18:21:39+00:00,apertus,fp32_only,30,42,3e-4,float32,none,0.02508390322327614,train/longfact_test_llama/all_f1,0.19888101865887609,llama,all,f1
7u26q4rs,apertus_no_lora_fp32_only_layer30_seed42_lr3em5,finished,2026-03-16 18:21:39+00:00,apertus,fp32_only,30,42,3e-5,float32,none,0.5540672540664673,train/longfact_test_llama/all_f1,0.17094688126278382,llama,all,f1
f817tswh,apertus_no_lora_fp32_only_layer30_seed43_lr1em3,finished,2026-03-16 18:21:39+00:00,apertus,fp32_only,30,43,1e-3,float32,none,9.374524116516112,train/longfact_test_llama/all_f1,0.0,llama,all,f1
lqmdrcpg,apertus_no_lora_fp32_only_layer30_seed43_lr1em4,finished,2026-03-16 18:21:39+00:00,apertus,fp32_only,30,43,1e-4,float32,none,5.7266106605529785,train/longfact_test_llama/all_f1,0.19169077384027275,llama,all,f1
f3nq1ppq,apertus_no_lora_fp32_only_layer30_seed43_lr3em4,finished,2026-03-16 18:21:39+00:00,apertus,fp32_only,30,43,3e-4,float32,none,5.207202911376953,train/longfact_test_llama/all_f1,0.2060138235236201,llama,all,f1
z9shqkbl,apertus_no_lora_fp32_only_layer30_seed43_lr3em5,finished,2026-03-16 18:21:39+00:00,apertus,fp32_only,30,43,3e-5,float32,none,6.685286521911621,train/longfact_test_llama/all_f1,0.16228962710372896,llama,all,f1
bz9gcqwk,apertus_no_lora_fp32_only_layer30_seed44_lr1em3,finished,2026-03-16 18:21:39+00:00,apertus,fp32_only,30,44,1e-3,float32,none,0.0,train/longfact_test_llama/all_f1,0.0,llama,all,f1
nhg2yz2u,apertus_no_lora_fp32_only_layer30_seed44_lr1em4,finished,2026-03-16 18:21:39+00:00,apertus,fp32_only,30,44,1e-4,float32,none,0.01171684730798006,train/longfact_test_llama/all_f1,0.1810644479508125,llama,all,f1
4yytvlvi,apertus_no_lora_fp32_only_layer30_seed44_lr3em4,finished,2026-03-16 18:21:39+00:00,apertus,fp32_only,30,44,3e-4,float32,none,0.0005547898472286761,train/longfact_test_llama/all_f1,0.19410180655209516,llama,all,f1
8kx20a5i,apertus_no_lora_fp32_only_layer30_seed44_lr3em5,finished,2026-03-16 18:21:39+00:00,apertus,fp32_only,30,44,3e-5,float32,none,33.319332122802734,train/longfact_test_llama/all_f1,0.1700203211539228,llama,all,f1
kgoq3e5r,llama_no_lora_long_form_layer10_seed42,finished,2026-03-02 14:45:36+00:00,llama,llama_layers,10,42,,bfloat16,none,0.4103353917598725,train/longfact_test_llama/all_f1,0.2819136400534185,llama,all,f1
9oem35be,llama_no_lora_long_form_layer10_seed43,finished,2026-03-02 14:46:11+00:00,llama,llama_layers,10,43,,bfloat16,none,0.582381546497345,train/longfact_test_llama/all_f1,0.2834332699311674,llama,all,f1
rri8v027,llama_no_lora_long_form_layer10_seed44,finished,2026-03-02 14:46:11+00:00,llama,llama_layers,10,44,,bfloat16,none,0.3619125485420227,train/longfact_test_llama/all_f1,0.2836655030694891,llama,all,f1
qni919ee,llama_no_lora_long_form_layer20_seed42,finished,2026-03-02 14:50:44+00:00,llama,llama_layers,20,42,,bfloat16,none,0.4025150239467621,train/longfact_test_llama/all_f1,0.2771037824962011,llama,all,f1
4aryhr4u,llama_no_lora_long_form_layer20_seed43,finished,2026-03-02 14:50:44+00:00,llama,llama_layers,20,43,,bfloat16,none,0.6214630007743835,train/longfact_test_llama/all_f1,0.27583023549097024,llama,all,f1
v8qejznt,llama_no_lora_long_form_layer20_seed44,finished,2026-03-02 14:50:44+00:00,llama,llama_layers,20,44,,bfloat16,none,0.4049457013607025,train/longfact_test_llama/all_f1,0.2770843570843571,llama,all,f1
82vjeyys,llama_no_lora_long_form_layer26_seed42,finished,2026-03-02 14:50:44+00:00,llama,llama_layers,26,42,,bfloat16,none,0.38688111305236816,train/longfact_test_llama/all_f1,0.2671533212504907,llama,all,f1
gzg4irhz,llama_no_lora_long_form_layer26_seed43,finished,2026-03-02 14:51:46+00:00,llama,llama_layers,26,43,,bfloat16,none,0.6332159042358398,train/longfact_test_llama/all_f1,0.26628162219458656,llama,all,f1
7u7entue,llama_no_lora_long_form_layer26_seed44,finished,2026-03-02 14:51:46+00:00,llama,llama_layers,26,44,,bfloat16,none,0.4069174230098725,train/longfact_test_llama/all_f1,0.26689825574283826,llama,all,f1
ct7o6ek7,llama_no_lora_long_form_layer30_seed42,finished,2026-03-02 14:51:46+00:00,llama,llama_layers,30,42,,bfloat16,none,0.4142408668994904,train/longfact_test_llama/all_f1,0.26794772235348546,llama,all,f1
av9rm02w,llama_no_lora_long_form_layer30_seed43,finished,2026-03-02 14:51:46+00:00,llama,llama_layers,30,43,,bfloat16,none,0.7231071591377258,train/longfact_test_llama/all_f1,0.2667720320705948,llama,all,f1
ojujrfsw,llama_no_lora_long_form_layer30_seed44,finished,2026-03-02 14:51:46+00:00,llama,llama_layers,30,44,,bfloat16,none,0.4089251160621643,train/longfact_test_llama/all_f1,0.2638888888888889,llama,all,f1
47rfeqmx,apertus_no_lora_ln_bf16_layer10_seed42_lr1em3,finished,2026-03-16 01:21:44+00:00,apertus,ln_bf16,10,42,1e-3,bfloat16,layernorm,0.14300638437271118,train/longfact_test_llama/all_f1,0.29260514920613606,llama,all,f1
ltvbxnyc,apertus_no_lora_ln_bf16_layer10_seed42_lr1em4,finished,2026-03-16 01:21:44+00:00,apertus,ln_bf16,10,42,1e-4,bfloat16,layernorm,0.3950393497943878,train/longfact_test_llama/all_f1,0.2535507792860734,llama,all,f1
aupa5a3l,apertus_no_lora_ln_bf16_layer10_seed42_lr3em4,finished,2026-03-16 01:21:44+00:00,apertus,ln_bf16,10,42,3e-4,bfloat16,layernorm,0.18207243084907532,train/longfact_test_llama/all_f1,0.29277364188118515,llama,all,f1
48kc2gt3,apertus_no_lora_ln_bf16_layer10_seed42_lr3em5,finished,2026-03-16 01:21:44+00:00,apertus,ln_bf16,10,42,3e-5,bfloat16,layernorm,0.942188560962677,train/longfact_test_llama/all_f1,0.008498495704227536,llama,all,f1
l92ugb0x,apertus_no_lora_ln_bf16_layer10_seed43_lr1em3,finished,2026-03-16 01:21:44+00:00,apertus,ln_bf16,10,43,1e-3,bfloat16,layernorm,0.2892049551010132,train/longfact_test_llama/all_f1,0.2930912383760753,llama,all,f1
ks445ju3,apertus_no_lora_ln_bf16_layer10_seed43_lr1em4,finished,2026-03-16 01:21:44+00:00,apertus,ln_bf16,10,43,1e-4,bfloat16,layernorm,0.26968491077423096,train/longfact_test_llama/all_f1,0.25429984205471734,llama,all,f1
v1whaixy,apertus_no_lora_ln_bf16_layer10_seed43_lr3em4,finished,2026-03-16 01:21:44+00:00,apertus,ln_bf16,10,43,3e-4,bfloat16,layernorm,0.26967474818229675,train/longfact_test_llama/all_f1,0.28951173179286693,llama,all,f1
yrz15txm,apertus_no_lora_ln_bf16_layer10_seed43_lr3em5,finished,2026-03-16 01:21:44+00:00,apertus,ln_bf16,10,43,3e-5,bfloat16,layernorm,0.35177040100097656,train/longfact_test_llama/all_f1,0.01224420559162336,llama,all,f1
yjo8ext8,apertus_no_lora_ln_bf16_layer10_seed44_lr1em3,finished,2026-03-16 01:21:45+00:00,apertus,ln_bf16,10,44,1e-3,bfloat16,layernorm,0.20609278976917267,train/longfact_test_llama/all_f1,0.2905865099405661,llama,all,f1
wjc71sg6,apertus_no_lora_ln_bf16_layer10_seed44_lr1em4,finished,2026-03-16 01:21:45+00:00,apertus,ln_bf16,10,44,1e-4,bfloat16,layernorm,0.3125472366809845,train/longfact_test_llama/all_f1,0.2481809501860205,llama,all,f1
dd2pwu6g,apertus_no_lora_ln_bf16_layer10_seed44_lr3em4,finished,2026-03-16 01:21:45+00:00,apertus,ln_bf16,10,44,3e-4,bfloat16,layernorm,0.289102166891098,train/longfact_test_llama/all_f1,0.28948686661100764,llama,all,f1
gk2y0cx9,apertus_no_lora_ln_bf16_layer10_seed44_lr3em5,finished,2026-03-16 01:21:45+00:00,apertus,ln_bf16,10,44,3e-5,bfloat16,layernorm,0.31844255328178406,train/longfact_test_llama/all_f1,0.007119539872532256,llama,all,f1
p3f6sakq,apertus_no_lora_ln_bf16_layer20_seed42_lr1em3,finished,2026-03-16 01:21:44+00:00,apertus,ln_bf16,20,42,1e-3,bfloat16,layernorm,0.11758887767791748,train/longfact_test_llama/all_f1,0.2888925666729714,llama,all,f1
2mbvnb3s,apertus_no_lora_ln_bf16_layer20_seed42_lr1em4,finished,2026-03-16 01:21:44+00:00,apertus,ln_bf16,20,42,1e-4,bfloat16,layernorm,0.5318654179573059,train/longfact_test_llama/all_f1,0.2539296670222178,llama,all,f1
pw74vso0,apertus_no_lora_ln_bf16_layer20_seed42_lr3em4,finished,2026-03-16 01:21:44+00:00,apertus,ln_bf16,20,42,3e-4,bfloat16,layernorm,0.2455830276012421,train/longfact_test_llama/all_f1,0.28831888461882205,llama,all,f1
lcc4r0ui,apertus_no_lora_ln_bf16_layer20_seed42_lr3em5,finished,2026-03-16 01:21:44+00:00,apertus,ln_bf16,20,42,3e-5,bfloat16,layernorm,0.8914243578910828,train/longfact_test_llama/all_f1,0.030526425085660887,llama,all,f1
ea20dmvq,apertus_no_lora_ln_bf16_layer20_seed43_lr1em3,finished,2026-03-16 01:21:44+00:00,apertus,ln_bf16,20,43,1e-3,bfloat16,layernorm,0.2716436982154846,train/longfact_test_llama/all_f1,0.2890955915770338,llama,all,f1
dq6d9cxj,apertus_no_lora_ln_bf16_layer20_seed43_lr1em4,finished,2026-03-16 01:21:44+00:00,apertus,ln_bf16,20,43,1e-4,bfloat16,layernorm,0.28726422786712646,train/longfact_test_llama/all_f1,0.25157306674507496,llama,all,f1
5rukn8sb,apertus_no_lora_ln_bf16_layer20_seed43_lr3em4,finished,2026-03-16 01:21:44+00:00,apertus,ln_bf16,20,43,3e-4,bfloat16,layernorm,0.279452383518219,train/longfact_test_llama/all_f1,0.2893226482226582,llama,all,f1
sg4y1aru,apertus_no_lora_ln_bf16_layer20_seed43_lr3em5,finished,2026-03-16 01:21:44+00:00,apertus,ln_bf16,20,43,3e-5,bfloat16,layernorm,0.383007675409317,train/longfact_test_llama/all_f1,0.028633573684524165,llama,all,f1
wjx8fs4d,apertus_no_lora_ln_bf16_layer20_seed44_lr1em3,finished,2026-03-16 01:21:44+00:00,apertus,ln_bf16,20,44,1e-3,bfloat16,layernorm,0.343784362077713,train/longfact_test_llama/all_f1,0.29314203202034206,llama,all,f1
ug8c0ane,apertus_no_lora_ln_bf16_layer20_seed44_lr1em4,finished,2026-03-16 01:21:44+00:00,apertus,ln_bf16,20,44,1e-4,bfloat16,layernorm,0.39652878046035767,train/longfact_test_llama/all_f1,0.25363707567450466,llama,all,f1
xy83pt3c,apertus_no_lora_ln_bf16_layer20_seed44_lr3em4,finished,2026-03-16 01:21:44+00:00,apertus,ln_bf16,20,44,3e-4,bfloat16,layernorm,0.4512102007865906,train/longfact_test_llama/all_f1,0.2885447371703551,llama,all,f1
mgy8s31x,apertus_no_lora_ln_bf16_layer20_seed44_lr3em5,finished,2026-03-16 01:21:44+00:00,apertus,ln_bf16,20,44,3e-5,bfloat16,layernorm,0.44538286328315735,train/longfact_test_llama/all_f1,0.03193394202169377,llama,all,f1
qbe29z5d,apertus_no_lora_ln_bf16_layer26_seed42_lr1em3,finished,2026-03-16 01:21:44+00:00,apertus,ln_bf16,26,42,1e-3,bfloat16,layernorm,0.1929110735654831,train/longfact_test_llama/all_f1,0.2690917352113805,llama,all,f1
nyzlam71,apertus_no_lora_ln_bf16_layer26_seed42_lr1em4,finished,2026-03-16 01:21:44+00:00,apertus,ln_bf16,26,42,1e-4,bfloat16,layernorm,0.5006973147392273,train/longfact_test_llama/all_f1,0.21020750467244936,llama,all,f1
p9he43x3,apertus_no_lora_ln_bf16_layer26_seed42_lr3em4,finished,2026-03-16 01:21:44+00:00,apertus,ln_bf16,26,42,3e-4,bfloat16,layernorm,0.27400892972946167,train/longfact_test_llama/all_f1,0.26405382825088025,llama,all,f1
jap1923r,apertus_no_lora_ln_bf16_layer26_seed42_lr3em5,finished,2026-03-16 01:21:44+00:00,apertus,ln_bf16,26,42,3e-5,bfloat16,layernorm,0.9109970927238464,train/longfact_test_llama/all_f1,0.026825237561234727,llama,all,f1
kffm0190,apertus_no_lora_ln_bf16_layer26_seed43_lr1em3,finished,2026-03-16 01:21:44+00:00,apertus,ln_bf16,26,43,1e-3,bfloat16,layernorm,0.27165380120277405,train/longfact_test_llama/all_f1,0.2674048001773738,llama,all,f1
6nfiscpk,apertus_no_lora_ln_bf16_layer26_seed43_lr1em4,finished,2026-03-16 01:21:44+00:00,apertus,ln_bf16,26,43,1e-4,bfloat16,layernorm,0.29313549399375916,train/longfact_test_llama/all_f1,0.20831408775981525,llama,all,f1
livazl8t,apertus_no_lora_ln_bf16_layer26_seed43_lr3em4,finished,2026-03-16 01:21:44+00:00,apertus,ln_bf16,26,43,3e-4,bfloat16,layernorm,0.26969656348228455,train/longfact_test_llama/all_f1,0.260035764938028,llama,all,f1
cs5p5dya,apertus_no_lora_ln_bf16_layer26_seed43_lr3em5,finished,2026-03-16 01:21:44+00:00,apertus,ln_bf16,26,43,3e-5,bfloat16,layernorm,0.3752008378505707,train/longfact_test_llama/all_f1,0.02699828676079636,llama,all,f1
m9z367ud,apertus_no_lora_ln_bf16_layer26_seed44_lr1em3,finished,2026-03-16 01:21:44+00:00,apertus,ln_bf16,26,44,1e-3,bfloat16,layernorm,0.44535091519355774,train/longfact_test_llama/all_f1,0.26999053663249706,llama,all,f1
ycmihac6,apertus_no_lora_ln_bf16_layer26_seed44_lr1em4,finished,2026-03-16 01:21:44+00:00,apertus,ln_bf16,26,44,1e-4,bfloat16,layernorm,0.3027840852737427,train/longfact_test_llama/all_f1,0.20923848059612976,llama,all,f1
b7cu6by4,apertus_no_lora_ln_bf16_layer26_seed44_lr3em4,finished,2026-03-16 01:21:44+00:00,apertus,ln_bf16,26,44,3e-4,bfloat16,layernorm,0.33402493596076965,train/longfact_test_llama/all_f1,0.2592424533743511,llama,all,f1
82b66i5k,apertus_no_lora_ln_bf16_layer26_seed44_lr3em5,finished,2026-03-16 01:21:44+00:00,apertus,ln_bf16,26,44,3e-5,bfloat16,layernorm,0.3965613543987274,train/longfact_test_llama/all_f1,0.02753633881797388,llama,all,f1
7hvw78qp,apertus_no_lora_ln_bf16_layer30_seed42_lr1em3,finished,2026-03-16 01:21:44+00:00,apertus,ln_bf16,30,42,1e-3,bfloat16,layernorm,0.18903133273124695,train/longfact_test_llama/all_f1,0.2783147299825795,llama,all,f1
hq7zzpsr,apertus_no_lora_ln_bf16_layer30_seed42_lr1em4,finished,2026-03-16 01:21:44+00:00,apertus,ln_bf16,30,42,1e-4,bfloat16,layernorm,0.6139996647834778,train/longfact_test_llama/all_f1,0.21387577747228975,llama,all,f1
wehbf6bi,apertus_no_lora_ln_bf16_layer30_seed42_lr3em4,finished,2026-03-16 01:21:44+00:00,apertus,ln_bf16,30,42,3e-4,bfloat16,layernorm,0.2974618077278137,train/longfact_test_llama/all_f1,0.27159328531598514,llama,all,f1
inx8ca5d,apertus_no_lora_ln_bf16_layer30_seed42_lr3em5,finished,2026-03-16 01:21:44+00:00,apertus,ln_bf16,30,42,3e-5,bfloat16,layernorm,0.8954324722290039,train/longfact_test_llama/all_f1,0.05228576588089847,llama,all,f1
og90cgj0,apertus_no_lora_ln_bf16_layer30_seed43_lr1em3,finished,2026-03-16 01:21:44+00:00,apertus,ln_bf16,30,43,1e-3,bfloat16,layernorm,0.2775192856788635,train/longfact_test_llama/all_f1,0.27673899737398067,llama,all,f1
5cwasjvc,apertus_no_lora_ln_bf16_layer30_seed43_lr1em4,finished,2026-03-16 01:21:44+00:00,apertus,ln_bf16,30,43,1e-4,bfloat16,layernorm,0.2989921569824219,train/longfact_test_llama/all_f1,0.2140315542128231,llama,all,f1
7jkvxq48,apertus_no_lora_ln_bf16_layer30_seed43_lr3em4,finished,2026-03-16 01:21:44+00:00,apertus,ln_bf16,30,43,3e-4,bfloat16,layernorm,0.28141525387763977,train/longfact_test_llama/all_f1,0.26521979310918903,llama,all,f1
74i6ukb7,apertus_no_lora_ln_bf16_layer30_seed43_lr3em5,finished,2026-03-16 01:21:44+00:00,apertus,ln_bf16,30,43,3e-5,bfloat16,layernorm,0.367383748292923,train/longfact_test_llama/all_f1,0.05208014044082816,llama,all,f1
4m7o0thq,apertus_no_lora_ln_bf16_layer30_seed44_lr1em3,finished,2026-03-16 01:21:44+00:00,apertus,ln_bf16,30,44,1e-3,bfloat16,layernorm,0.3379320204257965,train/longfact_test_llama/all_f1,0.27913754061238555,llama,all,f1
3huyrepp,apertus_no_lora_ln_bf16_layer30_seed44_lr1em4,finished,2026-03-16 01:21:44+00:00,apertus,ln_bf16,30,44,1e-4,bfloat16,layernorm,0.4082537889480591,train/longfact_test_llama/all_f1,0.21753105560702604,llama,all,f1
khqaa0hj,apertus_no_lora_ln_bf16_layer30_seed44_lr3em4,finished,2026-03-16 01:21:44+00:00,apertus,ln_bf16,30,44,3e-4,bfloat16,layernorm,0.3730915486812592,train/longfact_test_llama/all_f1,0.2668646775572657,llama,all,f1
v97a1dax,apertus_no_lora_ln_bf16_layer30_seed44_lr3em5,finished,2026-03-16 01:21:44+00:00,apertus,ln_bf16,30,44,3e-5,bfloat16,layernorm,0.44148337841033936,train/longfact_test_llama/all_f1,0.05533203368036833,llama,all,f1
a1vhu02a,apertus_no_lora_ln_fp32_layer10_seed42_lr1em3,finished,2026-03-16 18:21:39+00:00,apertus,ln_fp32,10,42,1e-3,float32,layernorm,0.12267088890075684,train/longfact_test_llama/all_f1,0.28853687423131236,llama,all,f1
s5e7uzrk,apertus_no_lora_ln_fp32_layer10_seed42_lr1em4,finished,2026-03-16 18:21:39+00:00,apertus,ln_fp32,10,42,1e-4,float32,layernorm,0.2215098738670349,train/longfact_test_llama/all_f1,0.27999583436389436,llama,all,f1
a039mxlm,apertus_no_lora_ln_fp32_layer10_seed42_lr3em4,finished,2026-03-16 18:21:39+00:00,apertus,ln_fp32,10,42,3e-4,float32,layernorm,0.15673403441905975,train/longfact_test_llama/all_f1,0.28986185357180455,llama,all,f1
ur0fzre6,apertus_no_lora_ln_fp32_layer10_seed42_lr3em5,finished,2026-03-16 18:21:39+00:00,apertus,ln_fp32,10,42,3e-5,float32,layernorm,0.4890720844268799,train/longfact_test_llama/all_f1,0.2311713856824887,llama,all,f1
kyx3dh6x,apertus_no_lora_ln_fp32_layer10_seed43_lr1em3,finished,2026-03-16 18:21:39+00:00,apertus,ln_fp32,10,43,1e-3,float32,layernorm,0.2920945882797241,train/longfact_test_llama/all_f1,0.2883869804345866,llama,all,f1
anpnl7j5,apertus_no_lora_ln_fp32_layer10_seed43_lr1em4,finished,2026-03-16 18:21:39+00:00,apertus,ln_fp32,10,43,1e-4,float32,layernorm,0.26364782452583313,train/longfact_test_llama/all_f1,0.2766247559011957,llama,all,f1
mu08a37q,apertus_no_lora_ln_fp32_layer10_seed43_lr3em4,finished,2026-03-16 18:21:39+00:00,apertus,ln_fp32,10,43,3e-4,float32,layernorm,0.2802787125110626,train/longfact_test_llama/all_f1,0.2877160036835738,llama,all,f1
0q5lbh0o,apertus_no_lora_ln_fp32_layer10_seed43_lr3em5,finished,2026-03-16 18:21:39+00:00,apertus,ln_fp32,10,43,3e-5,float32,layernorm,0.27201464772224426,train/longfact_test_llama/all_f1,0.2293440423684972,llama,all,f1
b2incihb,apertus_no_lora_ln_fp32_layer10_seed44_lr1em3,finished,2026-03-16 18:21:39+00:00,apertus,ln_fp32,10,44,1e-3,float32,layernorm,0.19783645868301392,train/longfact_test_llama/all_f1,0.2859220492460231,llama,all,f1
9s2c6c1h,apertus_no_lora_ln_fp32_layer10_seed44_lr1em4,finished,2026-03-16 18:21:39+00:00,apertus,ln_fp32,10,44,1e-4,float32,layernorm,0.32758116722106934,train/longfact_test_llama/all_f1,0.2793966632436686,llama,all,f1
u1cqzubx,apertus_no_lora_ln_fp32_layer10_seed44_lr3em4,finished,2026-03-16 18:21:39+00:00,apertus,ln_fp32,10,44,3e-4,float32,layernorm,0.2790237069129944,train/longfact_test_llama/all_f1,0.28825698768966174,llama,all,f1
jd8rl3y0,apertus_no_lora_ln_fp32_layer10_seed44_lr3em5,finished,2026-03-16 18:21:39+00:00,apertus,ln_fp32,10,44,3e-5,float32,layernorm,0.29283058643341064,train/longfact_test_llama/all_f1,0.2291049874743794,llama,all,f1
tvxgxlk0,apertus_no_lora_ln_fp32_layer20_seed42_lr1em3,finished,2026-03-16 18:21:39+00:00,apertus,ln_fp32,20,42,1e-3,float32,layernorm,0.11203589290380478,train/longfact_test_llama/all_f1,0.2848073394495413,llama,all,f1
szjyc7rq,apertus_no_lora_ln_fp32_layer20_seed42_lr1em4,finished,2026-03-16 18:21:39+00:00,apertus,ln_fp32,20,42,1e-4,float32,layernorm,0.3388446271419525,train/longfact_test_llama/all_f1,0.27625221951521656,llama,all,f1
j1ydn4mi,apertus_no_lora_ln_fp32_layer20_seed42_lr3em4,finished,2026-03-16 18:21:39+00:00,apertus,ln_fp32,20,42,3e-4,float32,layernorm,0.18392929434776303,train/longfact_test_llama/all_f1,0.2857637771893791,llama,all,f1
mru621ko,apertus_no_lora_ln_fp32_layer20_seed42_lr3em5,finished,2026-03-16 18:21:39+00:00,apertus,ln_fp32,20,42,3e-5,float32,layernorm,0.6155123114585876,train/longfact_test_llama/all_f1,0.22358856643165545,llama,all,f1
cuinxn0m,apertus_no_lora_ln_fp32_layer20_seed43_lr1em3,finished,2026-03-16 18:21:39+00:00,apertus,ln_fp32,20,43,1e-3,float32,layernorm,0.2761920690536499,train/longfact_test_llama/all_f1,0.28516604990137717,llama,all,f1
gfuz02ro,apertus_no_lora_ln_fp32_layer20_seed43_lr1em4,finished,2026-03-16 18:21:39+00:00,apertus,ln_fp32,20,43,1e-4,float32,layernorm,0.28859972953796387,train/longfact_test_llama/all_f1,0.2744414940697469,llama,all,f1
bydlptvs,apertus_no_lora_ln_fp32_layer20_seed43_lr3em4,finished,2026-03-16 18:21:39+00:00,apertus,ln_fp32,20,43,3e-4,float32,layernorm,0.27679380774497986,train/longfact_test_llama/all_f1,0.28501536804081246,llama,all,f1
5a8w5arg,apertus_no_lora_ln_fp32_layer20_seed43_lr3em5,finished,2026-03-16 18:21:39+00:00,apertus,ln_fp32,20,43,3e-5,float32,layernorm,0.30041441321372986,train/longfact_test_llama/all_f1,0.22239149787538665,llama,all,f1
3wystufk,apertus_no_lora_ln_fp32_layer20_seed44_lr1em3,finished,2026-03-16 18:21:39+00:00,apertus,ln_fp32,20,44,1e-3,float32,layernorm,0.37859293818473816,train/longfact_test_llama/all_f1,0.2878962694357453,llama,all,f1
ipm80jlq,apertus_no_lora_ln_fp32_layer20_seed44_lr1em4,finished,2026-03-16 18:21:39+00:00,apertus,ln_fp32,20,44,1e-4,float32,layernorm,0.39040952920913696,train/longfact_test_llama/all_f1,0.275398220290898,llama,all,f1
28tm3neg,apertus_no_lora_ln_fp32_layer20_seed44_lr3em4,finished,2026-03-16 18:21:39+00:00,apertus,ln_fp32,20,44,3e-4,float32,layernorm,0.4330550134181976,train/longfact_test_llama/all_f1,0.2873304652397802,llama,all,f1
zoq512xp,apertus_no_lora_ln_fp32_layer20_seed44_lr3em5,finished,2026-03-16 18:21:39+00:00,apertus,ln_fp32,20,44,3e-5,float32,layernorm,0.37936899065971375,train/longfact_test_llama/all_f1,0.22345860006009888,llama,all,f1
8hrkgqv3,apertus_no_lora_ln_fp32_layer26_seed42_lr1em3,finished,2026-03-16 18:21:39+00:00,apertus,ln_fp32,26,42,1e-3,float32,layernorm,0.17951826751232147,train/longfact_test_llama/all_f1,0.26368223927913614,llama,all,f1
rlqcb2g4,apertus_no_lora_ln_fp32_layer26_seed42_lr1em4,finished,2026-03-16 18:21:39+00:00,apertus,ln_fp32,26,42,1e-4,float32,layernorm,0.3578282594680786,train/longfact_test_llama/all_f1,0.24323305188949915,llama,all,f1
r2wu0aof,apertus_no_lora_ln_fp32_layer26_seed42_lr3em4,finished,2026-03-16 18:21:39+00:00,apertus,ln_fp32,26,42,3e-4,float32,layernorm,0.24504521489143372,train/longfact_test_llama/all_f1,0.2645701055382736,llama,all,f1
okj43cej,apertus_no_lora_ln_fp32_layer26_seed42_lr3em5,finished,2026-03-16 18:21:39+00:00,apertus,ln_fp32,26,42,3e-5,float32,layernorm,0.6153150200843811,train/longfact_test_llama/all_f1,0.17587301587301588,llama,all,f1
44fifewm,apertus_no_lora_ln_fp32_layer26_seed43_lr1em3,finished,2026-03-16 18:21:39+00:00,apertus,ln_fp32,26,43,1e-3,float32,layernorm,0.26287174224853516,train/longfact_test_llama/all_f1,0.26584189105414946,llama,all,f1
cfgw5o62,apertus_no_lora_ln_fp32_layer26_seed43_lr1em4,finished,2026-03-16 18:21:39+00:00,apertus,ln_fp32,26,43,1e-4,float32,layernorm,0.27609291672706604,train/longfact_test_llama/all_f1,0.23854319640834137,llama,all,f1
5yjm6w2c,apertus_no_lora_ln_fp32_layer26_seed43_lr3em4,finished,2026-03-16 18:21:39+00:00,apertus,ln_fp32,26,43,3e-4,float32,layernorm,0.268221378326416,train/longfact_test_llama/all_f1,0.2606589502888137,llama,all,f1
bj0fbt17,apertus_no_lora_ln_fp32_layer26_seed43_lr3em5,finished,2026-03-16 18:21:39+00:00,apertus,ln_fp32,26,43,3e-5,float32,layernorm,0.28795114159584045,train/longfact_test_llama/all_f1,0.17478838279907505,llama,all,f1
thtwlsce,apertus_no_lora_ln_fp32_layer26_seed44_lr1em3,finished,2026-03-16 18:21:39+00:00,apertus,ln_fp32,26,44,1e-3,float32,layernorm,0.4517517387866974,train/longfact_test_llama/all_f1,0.26867850147831185,llama,all,f1
a2rdvxyc,apertus_no_lora_ln_fp32_layer26_seed44_lr1em4,finished,2026-03-16 18:21:39+00:00,apertus,ln_fp32,26,44,1e-4,float32,layernorm,0.28372296690940857,train/longfact_test_llama/all_f1,0.24221516264601745,llama,all,f1
veq9b7kw,apertus_no_lora_ln_fp32_layer26_seed44_lr3em4,finished,2026-03-16 18:21:39+00:00,apertus,ln_fp32,26,44,3e-4,float32,layernorm,0.37059929966926575,train/longfact_test_llama/all_f1,0.26340492507922614,llama,all,f1
5aqux06m,apertus_no_lora_ln_fp32_layer26_seed44_lr3em5,finished,2026-03-16 18:21:39+00:00,apertus,ln_fp32,26,44,3e-5,float32,layernorm,0.3035992383956909,train/longfact_test_llama/all_f1,0.1764643977184231,llama,all,f1
qg1y3gso,apertus_no_lora_ln_fp32_layer30_seed42_lr1em3,finished,2026-03-16 18:21:39+00:00,apertus,ln_fp32,30,42,1e-3,float32,layernorm,0.1903767287731171,train/longfact_test_llama/all_f1,0.2710804118337026,llama,all,f1
r9e2fhqm,apertus_no_lora_ln_fp32_layer30_seed42_lr1em4,finished,2026-03-16 18:21:39+00:00,apertus,ln_fp32,30,42,1e-4,float32,layernorm,0.38982802629470825,train/longfact_test_llama/all_f1,0.24832424262338176,llama,all,f1
e24v1w1s,apertus_no_lora_ln_fp32_layer30_seed42_lr3em4,finished,2026-03-16 18:21:39+00:00,apertus,ln_fp32,30,42,3e-4,float32,layernorm,0.2570212781429291,train/longfact_test_llama/all_f1,0.2695436351376555,llama,all,f1
jtcznw8g,apertus_no_lora_ln_fp32_layer30_seed42_lr3em5,finished,2026-03-16 18:21:39+00:00,apertus,ln_fp32,30,42,3e-5,float32,layernorm,0.6943867206573486,train/longfact_test_llama/all_f1,0.19388172703089832,llama,all,f1
v3qqa12o,apertus_no_lora_ln_fp32_layer30_seed43_lr1em3,finished,2026-03-16 18:21:39+00:00,apertus,ln_fp32,30,43,1e-3,float32,layernorm,0.2808498740196228,train/longfact_test_llama/all_f1,0.27684694513715713,llama,all,f1
lgm2cr72,apertus_no_lora_ln_fp32_layer30_seed43_lr1em4,finished,2026-03-16 18:21:39+00:00,apertus,ln_fp32,30,43,1e-4,float32,layernorm,0.2797033190727234,train/longfact_test_llama/all_f1,0.24479223424677057,llama,all,f1
f873k60o,apertus_no_lora_ln_fp32_layer30_seed43_lr3em4,finished,2026-03-16 18:21:39+00:00,apertus,ln_fp32,30,43,3e-4,float32,layernorm,0.28264516592025757,train/longfact_test_llama/all_f1,0.2700497258702027,llama,all,f1
ybsg28sj,apertus_no_lora_ln_fp32_layer30_seed43_lr3em5,finished,2026-03-16 18:21:39+00:00,apertus,ln_fp32,30,43,3e-5,float32,layernorm,0.30628159642219543,train/longfact_test_llama/all_f1,0.19106196156394964,llama,all,f1
kn811t36,apertus_no_lora_ln_fp32_layer30_seed44_lr1em3,finished,2026-03-16 18:21:39+00:00,apertus,ln_fp32,30,44,1e-3,float32,layernorm,0.3007677495479584,train/longfact_test_llama/all_f1,0.2762691123938544,llama,all,f1
wf8rodcd,apertus_no_lora_ln_fp32_layer30_seed44_lr1em4,finished,2026-03-16 18:21:39+00:00,apertus,ln_fp32,30,44,1e-4,float32,layernorm,0.3687911331653595,train/longfact_test_llama/all_f1,0.2471642477556284,llama,all,f1
524a5l0b,apertus_no_lora_ln_fp32_layer30_seed44_lr3em4,finished,2026-03-16 18:21:39+00:00,apertus,ln_fp32,30,44,3e-4,float32,layernorm,0.3833605647087097,train/longfact_test_llama/all_f1,0.2718636217792224,llama,all,f1
m6zpszut,apertus_no_lora_ln_fp32_layer30_seed44_lr3em5,finished,2026-03-16 18:21:39+00:00,apertus,ln_fp32,30,44,3e-5,float32,layernorm,0.4072107970714569,train/longfact_test_llama/all_f1,0.19391158023558208,llama,all,f1
2msk68xv,apertus_no_lora_long_form_layer10_seed42,finished,2026-03-02 14:54:28+00:00,apertus,apertus_layers,10,42,,bfloat16,none,0.1188635155558586,train/longfact_test_llama/all_recall_at_0.1_fpr,0.5157472259384591,llama,all,recall_at_0.1_fpr
ennpfi5c,apertus_no_lora_long_form_layer10_seed43,finished,2026-03-02 14:55:28+00:00,apertus,apertus_layers,10,43,,bfloat16,none,0.2892115116119385,train/longfact_test_llama/all_recall_at_0.1_fpr,0.5182340442275911,llama,all,recall_at_0.1_fpr
ckfvtpqq,apertus_no_lora_long_form_layer10_seed44,finished,2026-03-02 14:55:28+00:00,apertus,apertus_layers,10,44,,bfloat16,none,0.14164792001247406,train/longfact_test_llama/all_recall_at_0.1_fpr,0.5020539859919729,llama,all,recall_at_0.1_fpr
5w54hojz,apertus_no_lora_long_form_layer20_seed42,finished,2026-03-02 14:56:24+00:00,apertus,apertus_layers,20,42,,bfloat16,none,0.002515794476494193,train/longfact_test_llama/all_recall_at_0.1_fpr,0.37936570394270874,llama,all,recall_at_0.1_fpr
h3qhm4bp,apertus_no_lora_long_form_layer20_seed43,finished,2026-03-02 14:56:24+00:00,apertus,apertus_layers,20,43,,bfloat16,none,0.4361111521720886,train/longfact_test_llama/all_recall_at_0.1_fpr,0.40028330841268595,llama,all,recall_at_0.1_fpr
1sb6t3rt,apertus_no_lora_long_form_layer20_seed44,finished,2026-03-02 14:56:24+00:00,apertus,apertus_layers,20,44,,bfloat16,none,0.9805268049240112,train/longfact_test_llama/all_recall_at_0.1_fpr,0.3870465097977493,llama,all,recall_at_0.1_fpr
fjxaywoo,apertus_no_lora_long_form_layer26_seed42,finished,2026-03-02 14:56:59+00:00,apertus,apertus_layers,26,42,,bfloat16,none,0.022064460441470143,train/longfact_test_llama/all_recall_at_0.1_fpr,0.3868733768788857,llama,all,recall_at_0.1_fpr
fc3llcx0,apertus_no_lora_long_form_layer26_seed43,finished,2026-03-02 14:58:28+00:00,apertus,apertus_layers,26,43,,bfloat16,none,4.096796035766602,train/longfact_test_llama/all_recall_at_0.1_fpr,0.39568741638466987,llama,all,recall_at_0.1_fpr
gtn6g9ne,apertus_no_lora_long_form_layer26_seed44,finished,2026-03-02 14:58:28+00:00,apertus,apertus_layers,26,44,,bfloat16,none,0.0003512128023430705,train/longfact_test_llama/all_recall_at_0.1_fpr,0.3790823955300228,llama,all,recall_at_0.1_fpr
pk12wkry,apertus_no_lora_long_form_layer30_seed42,finished,2026-03-02 14:58:28+00:00,apertus,apertus_layers,30,42,,bfloat16,none,82.0517578125,train/longfact_test_llama/all_recall_at_0.1_fpr,0.0004092232627685527,llama,all,recall_at_0.1_fpr
vhvivjkc,apertus_no_lora_long_form_layer30_seed43,finished,2026-03-02 14:58:28+00:00,apertus,apertus_layers,30,43,,bfloat16,none,10.69191074371338,train/longfact_test_llama/all_recall_at_0.1_fpr,0.4098843157314866,llama,all,recall_at_0.1_fpr
agskbmvs,apertus_no_lora_long_form_layer30_seed44,finished,2026-03-02 14:58:28+00:00,apertus,apertus_layers,30,44,,bfloat16,none,0.0001453680742997676,train/longfact_test_llama/all_recall_at_0.1_fpr,0.3317541512552137,llama,all,recall_at_0.1_fpr
o5fobkxj,apertus_no_lora_bf16_only_layer10_seed42_lr1em3,finished,2026-03-16 01:21:45+00:00,apertus,bf16_only,10,42,1e-3,bfloat16,none,0.1060740053653717,train/longfact_test_llama/all_recall_at_0.1_fpr,0.5161407098449673,llama,all,recall_at_0.1_fpr
ngsqu3i1,apertus_no_lora_bf16_only_layer10_seed42_lr1em4,finished,2026-03-16 01:21:45+00:00,apertus,bf16_only,10,42,1e-4,bfloat16,none,0.11451046913862228,train/longfact_test_llama/all_recall_at_0.1_fpr,0.4891162351459825,llama,all,recall_at_0.1_fpr
5xzqhvy4,apertus_no_lora_bf16_only_layer10_seed42_lr3em4,finished,2026-03-16 01:21:45+00:00,apertus,bf16_only,10,42,3e-4,bfloat16,none,0.11626026779413225,train/longfact_test_llama/all_recall_at_0.1_fpr,0.5369953568899032,llama,all,recall_at_0.1_fpr
83kur7ka,apertus_no_lora_bf16_only_layer10_seed42_lr3em5,finished,2026-03-16 01:21:45+00:00,apertus,bf16_only,10,42,3e-5,bfloat16,none,0.4366786777973175,train/longfact_test_llama/all_recall_at_0.1_fpr,0.3398913984418037,llama,all,recall_at_0.1_fpr
j9k3f0jm,apertus_no_lora_bf16_only_layer10_seed43_lr1em3,finished,2026-03-16 01:21:44+00:00,apertus,bf16_only,10,43,1e-3,bfloat16,none,0.3009301424026489,train/longfact_test_llama/all_recall_at_0.1_fpr,0.5144565987251122,llama,all,recall_at_0.1_fpr
ougxjsfh,apertus_no_lora_bf16_only_layer10_seed43_lr1em4,finished,2026-03-16 01:21:44+00:00,apertus,bf16_only,10,43,1e-4,bfloat16,none,0.27749955654144287,train/longfact_test_llama/all_recall_at_0.1_fpr,0.4842842527740616,llama,all,recall_at_0.1_fpr
21sy8y12,apertus_no_lora_bf16_only_layer10_seed43_lr3em4,finished,2026-03-16 01:21:44+00:00,apertus,bf16_only,10,43,3e-4,bfloat16,none,0.2755349278450012,train/longfact_test_llama/all_recall_at_0.1_fpr,0.5446604233886834,llama,all,recall_at_0.1_fpr
t26a4uwp,apertus_no_lora_bf16_only_layer10_seed43_lr3em5,finished,2026-03-16 01:21:44+00:00,apertus,bf16_only,10,43,3e-5,bfloat16,none,0.3126707673072815,train/longfact_test_llama/all_recall_at_0.1_fpr,0.34396789171322895,llama,all,recall_at_0.1_fpr
p9n6ul1e,apertus_no_lora_bf16_only_layer10_seed44_lr1em3,finished,2026-03-16 01:21:44+00:00,apertus,bf16_only,10,44,1e-3,bfloat16,none,0.15629735589027405,train/longfact_test_llama/all_recall_at_0.1_fpr,0.4999449122530889,llama,all,recall_at_0.1_fpr
feljklm1,apertus_no_lora_bf16_only_layer10_seed44_lr1em4,finished,2026-03-16 01:21:44+00:00,apertus,bf16_only,10,44,1e-4,bfloat16,none,0.593794047832489,train/longfact_test_llama/all_recall_at_0.1_fpr,0.48856535767687104,llama,all,recall_at_0.1_fpr
lfafy2oe,apertus_no_lora_bf16_only_layer10_seed44_lr3em4,finished,2026-03-16 01:21:44+00:00,apertus,bf16_only,10,44,3e-4,bfloat16,none,0.2656649947166443,train/longfact_test_llama/all_recall_at_0.1_fpr,0.5345714960258126,llama,all,recall_at_0.1_fpr
r3oezlrl,apertus_no_lora_bf16_only_layer10_seed44_lr3em5,finished,2026-03-16 01:21:44+00:00,apertus,bf16_only,10,44,3e-5,bfloat16,none,0.7305357456207275,train/longfact_test_llama/all_recall_at_0.1_fpr,0.34755646494058395,llama,all,recall_at_0.1_fpr
uw94ef5i,apertus_no_lora_bf16_only_layer20_seed42_lr1em3,finished,2026-03-16 01:21:44+00:00,apertus,bf16_only,20,42,1e-3,bfloat16,none,0.006061427295207977,train/longfact_test_llama/all_recall_at_0.1_fpr,0.3868733768788857,llama,all,recall_at_0.1_fpr
ymsrn4r6,apertus_no_lora_bf16_only_layer20_seed42_lr1em4,finished,2026-03-16 01:21:44+00:00,apertus,bf16_only,20,42,1e-4,bfloat16,none,0.04400371387600899,train/longfact_test_llama/all_recall_at_0.1_fpr,0.35333280868812467,llama,all,recall_at_0.1_fpr
uy0gdnv4,apertus_no_lora_bf16_only_layer20_seed42_lr3em4,finished,2026-03-16 01:21:44+00:00,apertus,bf16_only,20,42,3e-4,bfloat16,none,0.00907330308109522,train/longfact_test_llama/all_recall_at_0.1_fpr,0.3926654599826867,llama,all,recall_at_0.1_fpr
fu81gp5i,apertus_no_lora_bf16_only_layer20_seed42_lr3em5,finished,2026-03-16 01:21:44+00:00,apertus,bf16_only,20,42,3e-5,bfloat16,none,2.1262459754943848,train/longfact_test_llama/all_recall_at_0.1_fpr,0.2458802234988589,llama,all,recall_at_0.1_fpr
2g6rw2bt,apertus_no_lora_bf16_only_layer20_seed43_lr1em3,finished,2026-03-16 01:21:44+00:00,apertus,bf16_only,20,43,1e-3,bfloat16,none,0.5826413631439209,train/longfact_test_llama/all_recall_at_0.1_fpr,0.401196191075785,llama,all,recall_at_0.1_fpr
7ynpw2cn,apertus_no_lora_bf16_only_layer20_seed43_lr1em4,finished,2026-03-16 01:21:44+00:00,apertus,bf16_only,20,43,1e-4,bfloat16,none,1.368619084358215,train/longfact_test_llama/all_recall_at_0.1_fpr,0.3522782718186826,llama,all,recall_at_0.1_fpr
900ivg46,apertus_no_lora_bf16_only_layer20_seed43_lr3em4,finished,2026-03-16 01:21:44+00:00,apertus,bf16_only,20,43,3e-4,bfloat16,none,0.40857547521591187,train/longfact_test_llama/all_recall_at_0.1_fpr,0.4022349885889667,llama,all,recall_at_0.1_fpr
qo5cb98m,apertus_no_lora_bf16_only_layer20_seed43_lr3em5,finished,2026-03-16 01:21:44+00:00,apertus,bf16_only,20,43,3e-5,bfloat16,none,6.096769332885742,train/longfact_test_llama/all_recall_at_0.1_fpr,0.24869756826945777,llama,all,recall_at_0.1_fpr
99kvtmj8,apertus_no_lora_bf16_only_layer20_seed44_lr1em3,finished,2026-03-16 01:21:44+00:00,apertus,bf16_only,20,44,1e-3,bfloat16,none,0.13294142484664917,train/longfact_test_llama/all_recall_at_0.1_fpr,0.38213583064452666,llama,all,recall_at_0.1_fpr
g1itgrow,apertus_no_lora_bf16_only_layer20_seed44_lr1em4,finished,2026-03-16 01:21:44+00:00,apertus,bf16_only,20,44,1e-4,bfloat16,none,4.639030521502718e-05,train/longfact_test_llama/all_recall_at_0.1_fpr,0.361485795230975,llama,all,recall_at_0.1_fpr
vuc2g8id,apertus_no_lora_bf16_only_layer20_seed44_lr3em4,finished,2026-03-16 01:21:44+00:00,apertus,bf16_only,20,44,3e-4,bfloat16,none,0.2754364609718323,train/longfact_test_llama/all_recall_at_0.1_fpr,0.3955929802471079,llama,all,recall_at_0.1_fpr
v52uwh1g,apertus_no_lora_bf16_only_layer20_seed44_lr3em5,finished,2026-03-16 01:21:44+00:00,apertus,bf16_only,20,44,3e-5,bfloat16,none,23.12533187866211,train/longfact_test_llama/all_recall_at_0.1_fpr,0.24551821830487133,llama,all,recall_at_0.1_fpr
vz5jn274,apertus_no_lora_bf16_only_layer26_seed42_lr1em3,finished,2026-03-16 01:21:44+00:00,apertus,bf16_only,26,42,1e-3,bfloat16,none,0.023973966017365456,train/longfact_test_llama/all_recall_at_0.1_fpr,0.37813803415440306,llama,all,recall_at_0.1_fpr
4drsxr5u,apertus_no_lora_bf16_only_layer26_seed42_lr1em4,finished,2026-03-16 01:21:44+00:00,apertus,bf16_only,26,42,1e-4,bfloat16,none,0.023594362661242485,train/longfact_test_llama/all_recall_at_0.1_fpr,0.32892106712835445,llama,all,recall_at_0.1_fpr
1crms08u,apertus_no_lora_bf16_only_layer26_seed42_lr3em4,finished,2026-03-16 01:21:44+00:00,apertus,bf16_only,26,42,3e-4,bfloat16,none,0.006822563707828522,train/longfact_test_llama/all_recall_at_0.1_fpr,0.35627606830880615,llama,all,recall_at_0.1_fpr
cq95ctu3,apertus_no_lora_bf16_only_layer26_seed42_lr3em5,finished,2026-03-16 01:21:44+00:00,apertus,bf16_only,26,42,3e-5,bfloat16,none,0.9924049973487854,train/longfact_test_llama/all_recall_at_0.1_fpr,0.2346738018415047,llama,all,recall_at_0.1_fpr
q08ckrfy,apertus_no_lora_bf16_only_layer26_seed43_lr1em3,finished,2026-03-16 01:21:45+00:00,apertus,bf16_only,26,43,1e-3,bfloat16,none,4.096848487854004,train/longfact_test_llama/all_recall_at_0.1_fpr,0.3836940269142992,llama,all,recall_at_0.1_fpr
hirctdjt,apertus_no_lora_bf16_only_layer26_seed43_lr1em4,finished,2026-03-16 01:21:45+00:00,apertus,bf16_only,26,43,1e-4,bfloat16,none,4.878128528594971,train/longfact_test_llama/all_recall_at_0.1_fpr,0.3326512945620524,llama,all,recall_at_0.1_fpr
psn29j9n,apertus_no_lora_bf16_only_layer26_seed43_lr3em4,finished,2026-03-16 01:21:45+00:00,apertus,bf16_only,26,43,3e-4,bfloat16,none,1.7208261489868164,train/longfact_test_llama/all_recall_at_0.1_fpr,0.3527032344377115,llama,all,recall_at_0.1_fpr
lx8g6b8s,apertus_no_lora_bf16_only_layer26_seed43_lr3em5,finished,2026-03-16 01:21:45+00:00,apertus,bf16_only,26,43,3e-5,bfloat16,none,12.94149684906006,train/longfact_test_llama/all_recall_at_0.1_fpr,0.23752262532462423,llama,all,recall_at_0.1_fpr
wixkxx9v,apertus_no_lora_bf16_only_layer26_seed44_lr1em3,finished,2026-03-16 01:21:44+00:00,apertus,bf16_only,26,44,1e-3,bfloat16,none,10.250615119934082,train/longfact_test_llama/all_recall_at_0.1_fpr,0.3826709687573778,llama,all,recall_at_0.1_fpr
2r4mqan8,apertus_no_lora_bf16_only_layer26_seed44_lr1em4,finished,2026-03-16 01:21:44+00:00,apertus,bf16_only,26,44,1e-4,bfloat16,none,0.0004059617640450597,train/longfact_test_llama/all_recall_at_0.1_fpr,0.3317069331864327,llama,all,recall_at_0.1_fpr
v3h0pfq3,apertus_no_lora_bf16_only_layer26_seed44_lr3em4,finished,2026-03-16 01:21:44+00:00,apertus,bf16_only,26,44,3e-4,bfloat16,none,0.3673836886882782,train/longfact_test_llama/all_recall_at_0.1_fpr,0.36153301329975607,llama,all,recall_at_0.1_fpr
muqajhqb,apertus_no_lora_bf16_only_layer26_seed44_lr3em5,finished,2026-03-16 01:21:44+00:00,apertus,bf16_only,26,44,3e-5,bfloat16,none,7.75074577331543,train/longfact_test_llama/all_recall_at_0.1_fpr,0.23764854017470685,llama,all,recall_at_0.1_fpr
imd2hxzj,apertus_no_lora_bf16_only_layer30_seed42_lr1em3,finished,2026-03-16 01:21:44+00:00,apertus,bf16_only,30,42,1e-3,bfloat16,none,82.0517578125,train/longfact_test_llama/all_recall_at_0.1_fpr,0.0,llama,all,recall_at_0.1_fpr
g9535ebe,apertus_no_lora_bf16_only_layer30_seed42_lr1em4,finished,2026-03-16 01:21:44+00:00,apertus,bf16_only,30,42,1e-4,bfloat16,none,0.033634547144174576,train/longfact_test_llama/all_recall_at_0.1_fpr,0.35109782009915796,llama,all,recall_at_0.1_fpr
j9yucacb,apertus_no_lora_bf16_only_layer30_seed42_lr3em4,finished,2026-03-16 01:21:44+00:00,apertus,bf16_only,30,42,3e-4,bfloat16,none,0.025012411177158356,train/longfact_test_llama/all_recall_at_0.1_fpr,0.3795230975053121,llama,all,recall_at_0.1_fpr
4bo3xdzv,apertus_no_lora_bf16_only_layer30_seed42_lr3em5,finished,2026-03-16 01:21:44+00:00,apertus,bf16_only,30,42,3e-5,bfloat16,none,33.04824447631836,train/longfact_test_llama/all_recall_at_0.1_fpr,0.2244746989848115,llama,all,recall_at_0.1_fpr
a55rsp1p,apertus_no_lora_bf16_only_layer30_seed43_lr1em3,finished,2026-03-16 01:21:45+00:00,apertus,bf16_only,30,43,1e-3,bfloat16,none,9.379252433776855,train/longfact_test_llama/all_recall_at_0.1_fpr,0.3674037931848587,llama,all,recall_at_0.1_fpr
5uzjpj1x,apertus_no_lora_bf16_only_layer30_seed43_lr1em4,finished,2026-03-16 01:21:45+00:00,apertus,bf16_only,30,43,1e-4,bfloat16,none,6.222002029418945,train/longfact_test_llama/all_recall_at_0.1_fpr,0.3445659872511214,llama,all,recall_at_0.1_fpr
fctlmblr,apertus_no_lora_bf16_only_layer30_seed43_lr3em4,finished,2026-03-16 01:21:45+00:00,apertus,bf16_only,30,43,3e-4,bfloat16,none,5.815634250640869,train/longfact_test_llama/all_recall_at_0.1_fpr,0.3617533642874006,llama,all,recall_at_0.1_fpr
580vhzgn,apertus_no_lora_bf16_only_layer30_seed43_lr3em5,finished,2026-03-16 01:21:45+00:00,apertus,bf16_only,30,43,3e-5,bfloat16,none,10.316194534301758,train/longfact_test_llama/all_recall_at_0.1_fpr,0.213110883764854,llama,all,recall_at_0.1_fpr
uns2a6j2,apertus_no_lora_bf16_only_layer30_seed44_lr1em3,finished,2026-03-16 01:21:44+00:00,apertus,bf16_only,30,44,1e-3,bfloat16,none,0.0,train/longfact_test_llama/all_recall_at_0.1_fpr,1.5739356260328953e-05,llama,all,recall_at_0.1_fpr
m97ar22y,apertus_no_lora_bf16_only_layer30_seed44_lr1em4,finished,2026-03-16 01:21:44+00:00,apertus,bf16_only,30,44,1e-4,bfloat16,none,10.063371658325195,train/longfact_test_llama/all_recall_at_0.1_fpr,0.337703627921618,llama,all,recall_at_0.1_fpr
hr0vmzt0,apertus_no_lora_bf16_only_layer30_seed44_lr3em4,finished,2026-03-16 01:21:44+00:00,apertus,bf16_only,30,44,3e-4,bfloat16,none,6.532261848449707,train/longfact_test_llama/all_recall_at_0.1_fpr,0.3543873455575667,llama,all,recall_at_0.1_fpr
w644eh9h,apertus_no_lora_bf16_only_layer30_seed44_lr3em5,finished,2026-03-16 01:21:44+00:00,apertus,bf16_only,30,44,3e-5,bfloat16,none,33.25065612792969,train/longfact_test_llama/all_recall_at_0.1_fpr,0.2159754466042339,llama,all,recall_at_0.1_fpr
3618z7cg,apertus_no_lora_fp32_only_layer10_seed42_lr1em3,finished,2026-03-16 18:21:39+00:00,apertus,fp32_only,10,42,1e-3,float32,none,0.11816876381635666,train/longfact_test_llama/all_recall_at_0.1_fpr,0.5022113795545762,llama,all,recall_at_0.1_fpr
mhg0ycoh,apertus_no_lora_fp32_only_layer10_seed42_lr1em4,finished,2026-03-16 18:21:39+00:00,apertus,fp32_only,10,42,1e-4,float32,none,0.1332954168319702,train/longfact_test_llama/all_recall_at_0.1_fpr,0.5174470764145747,llama,all,recall_at_0.1_fpr
b71ik25s,apertus_no_lora_fp32_only_layer10_seed42_lr3em4,finished,2026-03-16 18:21:39+00:00,apertus,fp32_only,10,42,3e-4,float32,none,0.1127048209309578,train/longfact_test_llama/all_recall_at_0.1_fpr,0.5308097898795939,llama,all,recall_at_0.1_fpr
8hl54mqx,apertus_no_lora_fp32_only_layer10_seed42_lr3em5,finished,2026-03-16 18:21:39+00:00,apertus,fp32_only,10,42,3e-5,float32,none,0.15368859469890594,train/longfact_test_llama/all_recall_at_0.1_fpr,0.45527661918627527,llama,all,recall_at_0.1_fpr
x3sqior5,apertus_no_lora_fp32_only_layer10_seed43_lr1em3,finished,2026-03-16 18:21:39+00:00,apertus,fp32_only,10,43,1e-3,float32,none,0.29647397994995117,train/longfact_test_llama/all_recall_at_0.1_fpr,0.5053120327378611,llama,all,recall_at_0.1_fpr
dm4602lm,apertus_no_lora_fp32_only_layer10_seed43_lr1em4,finished,2026-03-16 18:21:39+00:00,apertus,fp32_only,10,43,1e-4,float32,none,0.2917933166027069,train/longfact_test_llama/all_recall_at_0.1_fpr,0.5188321397654836,llama,all,recall_at_0.1_fpr
3mcpf9f3,apertus_no_lora_fp32_only_layer10_seed43_lr3em4,finished,2026-03-16 18:21:39+00:00,apertus,fp32_only,10,43,3e-4,float32,none,0.2921086251735687,train/longfact_test_llama/all_recall_at_0.1_fpr,0.5370268356024238,llama,all,recall_at_0.1_fpr
0v0cghh6,apertus_no_lora_fp32_only_layer10_seed43_lr3em5,finished,2026-03-16 18:21:39+00:00,apertus,fp32_only,10,43,3e-5,float32,none,0.27485892176628113,train/longfact_test_llama/all_recall_at_0.1_fpr,0.44863461084441647,llama,all,recall_at_0.1_fpr
k8u6gf39,apertus_no_lora_fp32_only_layer10_seed44_lr1em3,finished,2026-03-16 18:21:39+00:00,apertus,fp32_only,10,44,1e-3,float32,none,0.09856606274843216,train/longfact_test_llama/all_recall_at_0.1_fpr,0.4997560399779649,llama,all,recall_at_0.1_fpr
rgnn8edm,apertus_no_lora_fp32_only_layer10_seed44_lr1em4,finished,2026-03-16 18:21:39+00:00,apertus,fp32_only,10,44,1e-4,float32,none,0.4017370939254761,train/longfact_test_llama/all_recall_at_0.1_fpr,0.5118123868733769,llama,all,recall_at_0.1_fpr
1hlg6mhh,apertus_no_lora_fp32_only_layer10_seed44_lr3em4,finished,2026-03-16 18:21:39+00:00,apertus,fp32_only,10,44,3e-4,float32,none,0.3334559202194214,train/longfact_test_llama/all_recall_at_0.1_fpr,0.5281026206028173,llama,all,recall_at_0.1_fpr
h32xr3bj,apertus_no_lora_fp32_only_layer10_seed44_lr3em5,finished,2026-03-16 18:21:39+00:00,apertus,fp32_only,10,44,3e-5,float32,none,0.6063321232795715,train/longfact_test_llama/all_recall_at_0.1_fpr,0.4528055402534037,llama,all,recall_at_0.1_fpr
7otuls41,apertus_no_lora_fp32_only_layer20_seed42_lr1em3,finished,2026-03-16 18:21:39+00:00,apertus,fp32_only,20,42,1e-3,float32,none,0.0014074433129280806,train/longfact_test_llama/all_recall_at_0.1_fpr,0.39546706539702525,llama,all,recall_at_0.1_fpr
h3hhroh2,apertus_no_lora_fp32_only_layer20_seed42_lr1em4,finished,2026-03-16 18:21:39+00:00,apertus,fp32_only,20,42,1e-4,float32,none,0.005417922046035528,train/longfact_test_llama/all_recall_at_0.1_fpr,0.358227748485087,llama,all,recall_at_0.1_fpr
gbg3qolw,apertus_no_lora_fp32_only_layer20_seed42_lr3em4,finished,2026-03-16 18:21:39+00:00,apertus,fp32_only,20,42,3e-4,float32,none,0.012795637361705303,train/longfact_test_llama/all_recall_at_0.1_fpr,0.3935153852207445,llama,all,recall_at_0.1_fpr
vpc4pmw1,apertus_no_lora_fp32_only_layer20_seed42_lr3em5,finished,2026-03-16 18:21:39+00:00,apertus,fp32_only,20,42,3e-5,float32,none,0.4815448522567749,train/longfact_test_llama/all_recall_at_0.1_fpr,0.32745730699614384,llama,all,recall_at_0.1_fpr
4hd86xs1,apertus_no_lora_fp32_only_layer20_seed43_lr1em3,finished,2026-03-16 18:21:39+00:00,apertus,fp32_only,20,43,1e-3,float32,none,0.7915925979614258,train/longfact_test_llama/all_recall_at_0.1_fpr,0.3871094672227906,llama,all,recall_at_0.1_fpr
dtswvc78,apertus_no_lora_fp32_only_layer20_seed43_lr1em4,finished,2026-03-16 18:21:39+00:00,apertus,fp32_only,20,43,1e-4,float32,none,0.9363940954208374,train/longfact_test_llama/all_recall_at_0.1_fpr,0.354497521051389,llama,all,recall_at_0.1_fpr
r4canywa,apertus_no_lora_fp32_only_layer20_seed43_lr3em4,finished,2026-03-16 18:21:39+00:00,apertus,fp32_only,20,43,3e-4,float32,none,0.4842445254325866,train/longfact_test_llama/all_recall_at_0.1_fpr,0.4052097269221689,llama,all,recall_at_0.1_fpr
5pryw2ji,apertus_no_lora_fp32_only_layer20_seed43_lr3em5,finished,2026-03-16 18:21:39+00:00,apertus,fp32_only,20,43,3e-5,float32,none,2.3771839141845703,train/longfact_test_llama/all_recall_at_0.1_fpr,0.3223262768552766,llama,all,recall_at_0.1_fpr
cu47livm,apertus_no_lora_fp32_only_layer20_seed44_lr1em3,finished,2026-03-16 18:21:39+00:00,apertus,fp32_only,20,44,1e-3,float32,none,0.8405814170837402,train/longfact_test_llama/all_recall_at_0.1_fpr,0.38844731250491854,llama,all,recall_at_0.1_fpr
7cq66mkt,apertus_no_lora_fp32_only_layer20_seed44_lr1em4,finished,2026-03-16 18:21:39+00:00,apertus,fp32_only,20,44,1e-4,float32,none,0.00021276120969559997,train/longfact_test_llama/all_recall_at_0.1_fpr,0.3610765719682066,llama,all,recall_at_0.1_fpr
wrlr6qli,apertus_no_lora_fp32_only_layer20_seed44_lr3em4,finished,2026-03-16 18:21:39+00:00,apertus,fp32_only,20,44,3e-4,float32,none,0.7323926091194153,train/longfact_test_llama/all_recall_at_0.1_fpr,0.4049421578657433,llama,all,recall_at_0.1_fpr
nkk8fdiv,apertus_no_lora_fp32_only_layer20_seed44_lr3em5,finished,2026-03-16 18:21:39+00:00,apertus,fp32_only,20,44,3e-5,float32,none,3.7443130016326904,train/longfact_test_llama/all_recall_at_0.1_fpr,0.3273943495711025,llama,all,recall_at_0.1_fpr
jeyu4ke4,apertus_no_lora_fp32_only_layer26_seed42_lr1em3,finished,2026-03-16 18:21:39+00:00,apertus,fp32_only,26,42,1e-3,float32,none,0.02182931825518608,train/longfact_test_llama/all_recall_at_0.1_fpr,0.3815534744628945,llama,all,recall_at_0.1_fpr
6jnxw4n2,apertus_no_lora_fp32_only_layer26_seed42_lr1em4,finished,2026-03-16 18:21:39+00:00,apertus,fp32_only,26,42,1e-4,float32,none,0.017278315499424934,train/longfact_test_llama/all_recall_at_0.1_fpr,0.3330762571810813,llama,all,recall_at_0.1_fpr
vz2hbt4t,apertus_no_lora_fp32_only_layer26_seed42_lr3em4,finished,2026-03-16 18:21:39+00:00,apertus,fp32_only,26,42,3e-4,float32,none,0.006629477255046368,train/longfact_test_llama/all_recall_at_0.1_fpr,0.34846934760368303,llama,all,recall_at_0.1_fpr
g2rdqxou,apertus_no_lora_fp32_only_layer26_seed42_lr3em5,finished,2026-03-16 18:21:39+00:00,apertus,fp32_only,26,42,3e-5,float32,none,0.029366448521614075,train/longfact_test_llama/all_recall_at_0.1_fpr,0.2894152829149288,llama,all,recall_at_0.1_fpr
g557mw8r,apertus_no_lora_fp32_only_layer26_seed43_lr1em3,finished,2026-03-16 18:21:39+00:00,apertus,fp32_only,26,43,1e-3,float32,none,5.589945316314697,train/longfact_test_llama/all_recall_at_0.1_fpr,0.3709294089871724,llama,all,recall_at_0.1_fpr
xtj1l55e,apertus_no_lora_fp32_only_layer26_seed43_lr1em4,finished,2026-03-16 18:21:39+00:00,apertus,fp32_only,26,43,1e-4,float32,none,2.261085033416748,train/longfact_test_llama/all_recall_at_0.1_fpr,0.3291571574722594,llama,all,recall_at_0.1_fpr
tn9zon9i,apertus_no_lora_fp32_only_layer26_seed43_lr3em4,finished,2026-03-16 18:21:39+00:00,apertus,fp32_only,26,43,3e-4,float32,none,1.2675254344940186,train/longfact_test_llama/all_recall_at_0.1_fpr,0.34146533406783663,llama,all,recall_at_0.1_fpr
gi60xrz3,apertus_no_lora_fp32_only_layer26_seed43_lr3em5,finished,2026-03-16 18:21:39+00:00,apertus,fp32_only,26,43,3e-5,float32,none,5.592858791351318,train/longfact_test_llama/all_recall_at_0.1_fpr,0.2880931769890612,llama,all,recall_at_0.1_fpr
p7gub5up,apertus_no_lora_fp32_only_layer26_seed44_lr1em3,finished,2026-03-16 18:21:39+00:00,apertus,fp32_only,26,44,1e-3,float32,none,2.7211620807647705,train/longfact_test_llama/all_recall_at_0.1_fpr,0.3846069095773983,llama,all,recall_at_0.1_fpr
gani1xp7,apertus_no_lora_fp32_only_layer26_seed44_lr1em4,finished,2026-03-16 18:21:39+00:00,apertus,fp32_only,26,44,1e-4,float32,none,0.061501313000917435,train/longfact_test_llama/all_recall_at_0.1_fpr,0.324545526087983,llama,all,recall_at_0.1_fpr
ill5vvx2,apertus_no_lora_fp32_only_layer26_seed44_lr3em4,finished,2026-03-16 18:21:39+00:00,apertus,fp32_only,26,44,3e-4,float32,none,0.02174818329513073,train/longfact_test_llama/all_recall_at_0.1_fpr,0.34861100181002597,llama,all,recall_at_0.1_fpr
b9ibkxys,apertus_no_lora_fp32_only_layer26_seed44_lr3em5,finished,2026-03-16 18:21:39+00:00,apertus,fp32_only,26,44,3e-5,float32,none,0.0007233090000227094,train/longfact_test_llama/all_recall_at_0.1_fpr,0.29059573463445343,llama,all,recall_at_0.1_fpr
362f178l,apertus_no_lora_fp32_only_layer30_seed42_lr1em3,finished,2026-03-16 18:21:39+00:00,apertus,fp32_only,30,42,1e-3,float32,none,81.83356475830078,train/longfact_test_llama/all_recall_at_0.1_fpr,0.0,llama,all,recall_at_0.1_fpr
572p44e7,apertus_no_lora_fp32_only_layer30_seed42_lr1em4,finished,2026-03-16 18:21:39+00:00,apertus,fp32_only,30,42,1e-4,float32,none,0.03013068065047264,train/longfact_test_llama/all_recall_at_0.1_fpr,0.3368379633272999,llama,all,recall_at_0.1_fpr
9k35iiw5,apertus_no_lora_fp32_only_layer30_seed42_lr3em4,finished,2026-03-16 18:21:39+00:00,apertus,fp32_only,30,42,3e-4,float32,none,0.02508390322327614,train/longfact_test_llama/all_recall_at_0.1_fpr,0.35186904855591405,llama,all,recall_at_0.1_fpr
7u26q4rs,apertus_no_lora_fp32_only_layer30_seed42_lr3em5,finished,2026-03-16 18:21:39+00:00,apertus,fp32_only,30,42,3e-5,float32,none,0.5540672540664673,train/longfact_test_llama/all_recall_at_0.1_fpr,0.2984968914771386,llama,all,recall_at_0.1_fpr
f817tswh,apertus_no_lora_fp32_only_layer30_seed43_lr1em3,finished,2026-03-16 18:21:39+00:00,apertus,fp32_only,30,43,1e-3,float32,none,9.374524116516112,train/longfact_test_llama/all_recall_at_0.1_fpr,0.0,llama,all,recall_at_0.1_fpr
lqmdrcpg,apertus_no_lora_fp32_only_layer30_seed43_lr1em4,finished,2026-03-16 18:21:39+00:00,apertus,fp32_only,30,43,1e-4,float32,none,5.7266106605529785,train/longfact_test_llama/all_recall_at_0.1_fpr,0.33699535688990323,llama,all,recall_at_0.1_fpr
f3nq1ppq,apertus_no_lora_fp32_only_layer30_seed43_lr3em4,finished,2026-03-16 18:21:39+00:00,apertus,fp32_only,30,43,3e-4,float32,none,5.207202911376953,train/longfact_test_llama/all_recall_at_0.1_fpr,0.35866845046037615,llama,all,recall_at_0.1_fpr
z9shqkbl,apertus_no_lora_fp32_only_layer30_seed43_lr3em5,finished,2026-03-16 18:21:39+00:00,apertus,fp32_only,30,43,3e-5,float32,none,6.685286521911621,train/longfact_test_llama/all_recall_at_0.1_fpr,0.2865979381443299,llama,all,recall_at_0.1_fpr
bz9gcqwk,apertus_no_lora_fp32_only_layer30_seed44_lr1em3,finished,2026-03-16 18:21:39+00:00,apertus,fp32_only,30,44,1e-3,float32,none,0.0,train/longfact_test_llama/all_recall_at_0.1_fpr,0.0,llama,all,recall_at_0.1_fpr
nhg2yz2u,apertus_no_lora_fp32_only_layer30_seed44_lr1em4,finished,2026-03-16 18:21:39+00:00,apertus,fp32_only,30,44,1e-4,float32,none,0.01171684730798006,train/longfact_test_llama/all_recall_at_0.1_fpr,0.32289289368064844,llama,all,recall_at_0.1_fpr
4yytvlvi,apertus_no_lora_fp32_only_layer30_seed44_lr3em4,finished,2026-03-16 18:21:39+00:00,apertus,fp32_only,30,44,3e-4,float32,none,0.0005547898472286761,train/longfact_test_llama/all_recall_at_0.1_fpr,0.34163846698670025,llama,all,recall_at_0.1_fpr
8kx20a5i,apertus_no_lora_fp32_only_layer30_seed44_lr3em5,finished,2026-03-16 18:21:39+00:00,apertus,fp32_only,30,44,3e-5,float32,none,33.319332122802734,train/longfact_test_llama/all_recall_at_0.1_fpr,0.29663964743841975,llama,all,recall_at_0.1_fpr
kgoq3e5r,llama_no_lora_long_form_layer10_seed42,finished,2026-03-02 14:45:36+00:00,llama,llama_layers,10,42,,bfloat16,none,0.4103353917598725,train/longfact_test_llama/all_recall_at_0.1_fpr,0.6144810564433315,llama,all,recall_at_0.1_fpr
9oem35be,llama_no_lora_long_form_layer10_seed43,finished,2026-03-02 14:46:11+00:00,llama,llama_layers,10,43,,bfloat16,none,0.582381546497345,train/longfact_test_llama/all_recall_at_0.1_fpr,0.6146251824094259,llama,all,recall_at_0.1_fpr
rri8v027,llama_no_lora_long_form_layer10_seed44,finished,2026-03-02 14:46:11+00:00,llama,llama_layers,10,44,,bfloat16,none,0.3619125485420227,train/longfact_test_llama/all_recall_at_0.1_fpr,0.6147332768839966,llama,all,recall_at_0.1_fpr
qni919ee,llama_no_lora_long_form_layer20_seed42,finished,2026-03-02 14:50:44+00:00,llama,llama_layers,20,42,,bfloat16,none,0.4025150239467621,train/longfact_test_llama/all_recall_at_0.1_fpr,0.5993117985118994,llama,all,recall_at_0.1_fpr
4aryhr4u,llama_no_lora_long_form_layer20_seed43,finished,2026-03-02 14:50:44+00:00,llama,llama_layers,20,43,,bfloat16,none,0.6214630007743835,train/longfact_test_llama/all_recall_at_0.1_fpr,0.6001585385627038,llama,all,recall_at_0.1_fpr
v8qejznt,llama_no_lora_long_form_layer20_seed44,finished,2026-03-02 14:50:44+00:00,llama,llama_layers,20,44,,bfloat16,none,0.4049457013607025,train/longfact_test_llama/all_recall_at_0.1_fpr,0.6003747275118454,llama,all,recall_at_0.1_fpr
82vjeyys,llama_no_lora_long_form_layer26_seed42,finished,2026-03-02 14:50:44+00:00,llama,llama_layers,26,42,,bfloat16,none,0.38688111305236816,train/longfact_test_llama/all_recall_at_0.1_fpr,0.583908335885564,llama,all,recall_at_0.1_fpr
gzg4irhz,llama_no_lora_long_form_layer26_seed43,finished,2026-03-02 14:51:46+00:00,llama,llama_layers,26,43,,bfloat16,none,0.6332159042358398,train/longfact_test_llama/all_recall_at_0.1_fpr,0.5794404309366387,llama,all,recall_at_0.1_fpr
7u7entue,llama_no_lora_long_form_layer26_seed44,finished,2026-03-02 14:51:46+00:00,llama,llama_layers,26,44,,bfloat16,none,0.4069174230098725,train/longfact_test_llama/all_recall_at_0.1_fpr,0.5786657538688814,llama,all,recall_at_0.1_fpr
ct7o6ek7,llama_no_lora_long_form_layer30_seed42,finished,2026-03-02 14:51:46+00:00,llama,llama_layers,30,42,,bfloat16,none,0.4142408668994904,train/longfact_test_llama/all_recall_at_0.1_fpr,0.5747923685300953,llama,all,recall_at_0.1_fpr
av9rm02w,llama_no_lora_long_form_layer30_seed43,finished,2026-03-02 14:51:46+00:00,llama,llama_layers,30,43,,bfloat16,none,0.7231071591377258,train/longfact_test_llama/all_recall_at_0.1_fpr,0.5745401480894302,llama,all,recall_at_0.1_fpr
ojujrfsw,llama_no_lora_long_form_layer30_seed44,finished,2026-03-02 14:51:46+00:00,llama,llama_layers,30,44,,bfloat16,none,0.4089251160621643,train/longfact_test_llama/all_recall_at_0.1_fpr,0.5710811249031653,llama,all,recall_at_0.1_fpr
47rfeqmx,apertus_no_lora_ln_bf16_layer10_seed42_lr1em3,finished,2026-03-16 01:21:44+00:00,apertus,ln_bf16,10,42,1e-3,bfloat16,layernorm,0.14300638437271118,train/longfact_test_llama/all_recall_at_0.1_fpr,0.5718580310065319,llama,all,recall_at_0.1_fpr
ltvbxnyc,apertus_no_lora_ln_bf16_layer10_seed42_lr1em4,finished,2026-03-16 01:21:44+00:00,apertus,ln_bf16,10,42,1e-4,bfloat16,layernorm,0.3950393497943878,train/longfact_test_llama/all_recall_at_0.1_fpr,0.5561029353899426,llama,all,recall_at_0.1_fpr
aupa5a3l,apertus_no_lora_ln_bf16_layer10_seed42_lr3em4,finished,2026-03-16 01:21:44+00:00,apertus,ln_bf16,10,42,3e-4,bfloat16,layernorm,0.18207243084907532,train/longfact_test_llama/all_recall_at_0.1_fpr,0.5763909656095065,llama,all,recall_at_0.1_fpr
48kc2gt3,apertus_no_lora_ln_bf16_layer10_seed42_lr3em5,finished,2026-03-16 01:21:44+00:00,apertus,ln_bf16,10,42,3e-5,bfloat16,layernorm,0.942188560962677,train/longfact_test_llama/all_recall_at_0.1_fpr,0.45995120799559297,llama,all,recall_at_0.1_fpr
l92ugb0x,apertus_no_lora_ln_bf16_layer10_seed43_lr1em3,finished,2026-03-16 01:21:44+00:00,apertus,ln_bf16,10,43,1e-3,bfloat16,layernorm,0.2892049551010132,train/longfact_test_llama/all_recall_at_0.1_fpr,0.573825450539073,llama,all,recall_at_0.1_fpr
ks445ju3,apertus_no_lora_ln_bf16_layer10_seed43_lr1em4,finished,2026-03-16 01:21:44+00:00,apertus,ln_bf16,10,43,1e-4,bfloat16,layernorm,0.26968491077423096,train/longfact_test_llama/all_recall_at_0.1_fpr,0.5576296529471945,llama,all,recall_at_0.1_fpr
v1whaixy,apertus_no_lora_ln_bf16_layer10_seed43_lr3em4,finished,2026-03-16 01:21:44+00:00,apertus,ln_bf16,10,43,3e-4,bfloat16,layernorm,0.26967474818229675,train/longfact_test_llama/all_recall_at_0.1_fpr,0.5806878098685764,llama,all,recall_at_0.1_fpr
yrz15txm,apertus_no_lora_ln_bf16_layer10_seed43_lr3em5,finished,2026-03-16 01:21:44+00:00,apertus,ln_bf16,10,43,3e-5,bfloat16,layernorm,0.35177040100097656,train/longfact_test_llama/all_recall_at_0.1_fpr,0.46195010624065475,llama,all,recall_at_0.1_fpr
yjo8ext8,apertus_no_lora_ln_bf16_layer10_seed44_lr1em3,finished,2026-03-16 01:21:45+00:00,apertus,ln_bf16,10,44,1e-3,bfloat16,layernorm,0.20609278976917267,train/longfact_test_llama/all_recall_at_0.1_fpr,0.5682537184229165,llama,all,recall_at_0.1_fpr
wjc71sg6,apertus_no_lora_ln_bf16_layer10_seed44_lr1em4,finished,2026-03-16 01:21:45+00:00,apertus,ln_bf16,10,44,1e-4,bfloat16,layernorm,0.3125472366809845,train/longfact_test_llama/all_recall_at_0.1_fpr,0.5579444400724011,llama,all,recall_at_0.1_fpr
dd2pwu6g,apertus_no_lora_ln_bf16_layer10_seed44_lr3em4,finished,2026-03-16 01:21:45+00:00,apertus,ln_bf16,10,44,3e-4,bfloat16,layernorm,0.289102166891098,train/longfact_test_llama/all_recall_at_0.1_fpr,0.58086094278744,llama,all,recall_at_0.1_fpr
gk2y0cx9,apertus_no_lora_ln_bf16_layer10_seed44_lr3em5,finished,2026-03-16 01:21:45+00:00,apertus,ln_bf16,10,44,3e-5,bfloat16,layernorm,0.31844255328178406,train/longfact_test_llama/all_recall_at_0.1_fpr,0.46342960572912567,llama,all,recall_at_0.1_fpr
p3f6sakq,apertus_no_lora_ln_bf16_layer20_seed42_lr1em3,finished,2026-03-16 01:21:44+00:00,apertus,ln_bf16,20,42,1e-3,bfloat16,layernorm,0.11758887767791748,train/longfact_test_llama/all_recall_at_0.1_fpr,0.5614857952309751,llama,all,recall_at_0.1_fpr
2mbvnb3s,apertus_no_lora_ln_bf16_layer20_seed42_lr1em4,finished,2026-03-16 01:21:44+00:00,apertus,ln_bf16,20,42,1e-4,bfloat16,layernorm,0.5318654179573059,train/longfact_test_llama/all_recall_at_0.1_fpr,0.5602109073738885,llama,all,recall_at_0.1_fpr
pw74vso0,apertus_no_lora_ln_bf16_layer20_seed42_lr3em4,finished,2026-03-16 01:21:44+00:00,apertus,ln_bf16,20,42,3e-4,bfloat16,layernorm,0.2455830276012421,train/longfact_test_llama/all_recall_at_0.1_fpr,0.5766900133784528,llama,all,recall_at_0.1_fpr
lcc4r0ui,apertus_no_lora_ln_bf16_layer20_seed42_lr3em5,finished,2026-03-16 01:21:44+00:00,apertus,ln_bf16,20,42,3e-5,bfloat16,layernorm,0.8914243578910828,train/longfact_test_llama/all_recall_at_0.1_fpr,0.4029589989769418,llama,all,recall_at_0.1_fpr
ea20dmvq,apertus_no_lora_ln_bf16_layer20_seed43_lr1em3,finished,2026-03-16 01:21:44+00:00,apertus,ln_bf16,20,43,1e-3,bfloat16,layernorm,0.2716436982154846,train/longfact_test_llama/all_recall_at_0.1_fpr,0.5664909105217597,llama,all,recall_at_0.1_fpr
dq6d9cxj,apertus_no_lora_ln_bf16_layer20_seed43_lr1em4,finished,2026-03-16 01:21:44+00:00,apertus,ln_bf16,20,43,1e-4,bfloat16,layernorm,0.28726422786712646,train/longfact_test_llama/all_recall_at_0.1_fpr,0.5633430392696939,llama,all,recall_at_0.1_fpr
5rukn8sb,apertus_no_lora_ln_bf16_layer20_seed43_lr3em4,finished,2026-03-16 01:21:44+00:00,apertus,ln_bf16,20,43,3e-4,bfloat16,layernorm,0.279452383518219,train/longfact_test_llama/all_recall_at_0.1_fpr,0.5808452034311796,llama,all,recall_at_0.1_fpr
sg4y1aru,apertus_no_lora_ln_bf16_layer20_seed43_lr3em5,finished,2026-03-16 01:21:44+00:00,apertus,ln_bf16,20,43,3e-5,bfloat16,layernorm,0.383007675409317,train/longfact_test_llama/all_recall_at_0.1_fpr,0.4064216573542142,llama,all,recall_at_0.1_fpr
wjx8fs4d,apertus_no_lora_ln_bf16_layer20_seed44_lr1em3,finished,2026-03-16 01:21:44+00:00,apertus,ln_bf16,20,44,1e-3,bfloat16,layernorm,0.343784362077713,train/longfact_test_llama/all_recall_at_0.1_fpr,0.5691666010860156,llama,all,recall_at_0.1_fpr
ug8c0ane,apertus_no_lora_ln_bf16_layer20_seed44_lr1em4,finished,2026-03-16 01:21:44+00:00,apertus,ln_bf16,20,44,1e-4,bfloat16,layernorm,0.39652878046035767,train/longfact_test_llama/all_recall_at_0.1_fpr,0.5594554182733926,llama,all,recall_at_0.1_fpr
xy83pt3c,apertus_no_lora_ln_bf16_layer20_seed44_lr3em4,finished,2026-03-16 01:21:44+00:00,apertus,ln_bf16,20,44,3e-4,bfloat16,layernorm,0.4512102007865906,train/longfact_test_llama/all_recall_at_0.1_fpr,0.580624852443535,llama,all,recall_at_0.1_fpr
mgy8s31x,apertus_no_lora_ln_bf16_layer20_seed44_lr3em5,finished,2026-03-16 01:21:44+00:00,apertus,ln_bf16,20,44,3e-5,bfloat16,layernorm,0.44538286328315735,train/longfact_test_llama/all_recall_at_0.1_fpr,0.40849925238057766,llama,all,recall_at_0.1_fpr
qbe29z5d,apertus_no_lora_ln_bf16_layer26_seed42_lr1em3,finished,2026-03-16 01:21:44+00:00,apertus,ln_bf16,26,42,1e-3,bfloat16,layernorm,0.1929110735654831,train/longfact_test_llama/all_recall_at_0.1_fpr,0.5332179113874242,llama,all,recall_at_0.1_fpr
nyzlam71,apertus_no_lora_ln_bf16_layer26_seed42_lr1em4,finished,2026-03-16 01:21:44+00:00,apertus,ln_bf16,26,42,1e-4,bfloat16,layernorm,0.5006973147392273,train/longfact_test_llama/all_recall_at_0.1_fpr,0.5347603683009365,llama,all,recall_at_0.1_fpr
p9he43x3,apertus_no_lora_ln_bf16_layer26_seed42_lr3em4,finished,2026-03-16 01:21:44+00:00,apertus,ln_bf16,26,42,3e-4,bfloat16,layernorm,0.27400892972946167,train/longfact_test_llama/all_recall_at_0.1_fpr,0.5503423309986621,llama,all,recall_at_0.1_fpr
jap1923r,apertus_no_lora_ln_bf16_layer26_seed42_lr3em5,finished,2026-03-16 01:21:44+00:00,apertus,ln_bf16,26,42,3e-5,bfloat16,layernorm,0.9109970927238464,train/longfact_test_llama/all_recall_at_0.1_fpr,0.3743133705831431,llama,all,recall_at_0.1_fpr
kffm0190,apertus_no_lora_ln_bf16_layer26_seed43_lr1em3,finished,2026-03-16 01:21:44+00:00,apertus,ln_bf16,26,43,1e-3,bfloat16,layernorm,0.27165380120277405,train/longfact_test_llama/all_recall_at_0.1_fpr,0.5378767608404816,llama,all,recall_at_0.1_fpr
6nfiscpk,apertus_no_lora_ln_bf16_layer26_seed43_lr1em4,finished,2026-03-16 01:21:44+00:00,apertus,ln_bf16,26,43,1e-4,bfloat16,layernorm,0.29313549399375916,train/longfact_test_llama/all_recall_at_0.1_fpr,0.5372786653025892,llama,all,recall_at_0.1_fpr
livazl8t,apertus_no_lora_ln_bf16_layer26_seed43_lr3em4,finished,2026-03-16 01:21:44+00:00,apertus,ln_bf16,26,43,3e-4,bfloat16,layernorm,0.26969656348228455,train/longfact_test_llama/all_recall_at_0.1_fpr,0.5537262925946329,llama,all,recall_at_0.1_fpr
cs5p5dya,apertus_no_lora_ln_bf16_layer26_seed43_lr3em5,finished,2026-03-16 01:21:44+00:00,apertus,ln_bf16,26,43,3e-5,bfloat16,layernorm,0.3752008378505707,train/longfact_test_llama/all_recall_at_0.1_fpr,0.3788777838986385,llama,all,recall_at_0.1_fpr
m9z367ud,apertus_no_lora_ln_bf16_layer26_seed44_lr1em3,finished,2026-03-16 01:21:44+00:00,apertus,ln_bf16,26,44,1e-3,bfloat16,layernorm,0.44535091519355774,train/longfact_test_llama/all_recall_at_0.1_fpr,0.5363500432832297,llama,all,recall_at_0.1_fpr
ycmihac6,apertus_no_lora_ln_bf16_layer26_seed44_lr1em4,finished,2026-03-16 01:21:44+00:00,apertus,ln_bf16,26,44,1e-4,bfloat16,layernorm,0.3027840852737427,train/longfact_test_llama/all_recall_at_0.1_fpr,0.5352010702762257,llama,all,recall_at_0.1_fpr
b7cu6by4,apertus_no_lora_ln_bf16_layer26_seed44_lr3em4,finished,2026-03-16 01:21:44+00:00,apertus,ln_bf16,26,44,3e-4,bfloat16,layernorm,0.33402493596076965,train/longfact_test_llama/all_recall_at_0.1_fpr,0.5505626819863068,llama,all,recall_at_0.1_fpr
82b66i5k,apertus_no_lora_ln_bf16_layer26_seed44_lr3em5,finished,2026-03-16 01:21:44+00:00,apertus,ln_bf16,26,44,3e-5,bfloat16,layernorm,0.3965613543987274,train/longfact_test_llama/all_recall_at_0.1_fpr,0.38180530416305974,llama,all,recall_at_0.1_fpr
7hvw78qp,apertus_no_lora_ln_bf16_layer30_seed42_lr1em3,finished,2026-03-16 01:21:44+00:00,apertus,ln_bf16,30,42,1e-3,bfloat16,layernorm,0.18903133273124695,train/longfact_test_llama/all_recall_at_0.1_fpr,0.5463602738647989,llama,all,recall_at_0.1_fpr
hq7zzpsr,apertus_no_lora_ln_bf16_layer30_seed42_lr1em4,finished,2026-03-16 01:21:44+00:00,apertus,ln_bf16,30,42,1e-4,bfloat16,layernorm,0.6139996647834778,train/longfact_test_llama/all_recall_at_0.1_fpr,0.5603997796490123,llama,all,recall_at_0.1_fpr
wehbf6bi,apertus_no_lora_ln_bf16_layer30_seed42_lr3em4,finished,2026-03-16 01:21:44+00:00,apertus,ln_bf16,30,42,3e-4,bfloat16,layernorm,0.2974618077278137,train/longfact_test_llama/all_recall_at_0.1_fpr,0.5670260486346108,llama,all,recall_at_0.1_fpr
inx8ca5d,apertus_no_lora_ln_bf16_layer30_seed42_lr3em5,finished,2026-03-16 01:21:44+00:00,apertus,ln_bf16,30,42,3e-5,bfloat16,layernorm,0.8954324722290039,train/longfact_test_llama/all_recall_at_0.1_fpr,0.39305894388919493,llama,all,recall_at_0.1_fpr
og90cgj0,apertus_no_lora_ln_bf16_layer30_seed43_lr1em3,finished,2026-03-16 01:21:44+00:00,apertus,ln_bf16,30,43,1e-3,bfloat16,layernorm,0.2775192856788635,train/longfact_test_llama/all_recall_at_0.1_fpr,0.5471944597465964,llama,all,recall_at_0.1_fpr
5cwasjvc,apertus_no_lora_ln_bf16_layer30_seed43_lr1em4,finished,2026-03-16 01:21:44+00:00,apertus,ln_bf16,30,43,1e-4,bfloat16,layernorm,0.2989921569824219,train/longfact_test_llama/all_recall_at_0.1_fpr,0.5615487526560163,llama,all,recall_at_0.1_fpr
7jkvxq48,apertus_no_lora_ln_bf16_layer30_seed43_lr3em4,finished,2026-03-16 01:21:44+00:00,apertus,ln_bf16,30,43,3e-4,bfloat16,layernorm,0.28141525387763977,train/longfact_test_llama/all_recall_at_0.1_fpr,0.5665381285905406,llama,all,recall_at_0.1_fpr
74i6ukb7,apertus_no_lora_ln_bf16_layer30_seed43_lr3em5,finished,2026-03-16 01:21:44+00:00,apertus,ln_bf16,30,43,3e-5,bfloat16,layernorm,0.367383748292923,train/longfact_test_llama/all_recall_at_0.1_fpr,0.3972456126544424,llama,all,recall_at_0.1_fpr
4m7o0thq,apertus_no_lora_ln_bf16_layer30_seed44_lr1em3,finished,2026-03-16 01:21:44+00:00,apertus,ln_bf16,30,44,1e-3,bfloat16,layernorm,0.3379320204257965,train/longfact_test_llama/all_recall_at_0.1_fpr,0.5532698512630834,llama,all,recall_at_0.1_fpr
3huyrepp,apertus_no_lora_ln_bf16_layer30_seed44_lr1em4,finished,2026-03-16 01:21:44+00:00,apertus,ln_bf16,30,44,1e-4,bfloat16,layernorm,0.4082537889480591,train/longfact_test_llama/all_recall_at_0.1_fpr,0.5642716612890533,llama,all,recall_at_0.1_fpr
khqaa0hj,apertus_no_lora_ln_bf16_layer30_seed44_lr3em4,finished,2026-03-16 01:21:44+00:00,apertus,ln_bf16,30,44,3e-4,bfloat16,layernorm,0.3730915486812592,train/longfact_test_llama/all_recall_at_0.1_fpr,0.5687258991107264,llama,all,recall_at_0.1_fpr
v97a1dax,apertus_no_lora_ln_bf16_layer30_seed44_lr3em5,finished,2026-03-16 01:21:44+00:00,apertus,ln_bf16,30,44,3e-5,bfloat16,layernorm,0.44148337841033936,train/longfact_test_llama/all_recall_at_0.1_fpr,0.4010860155819627,llama,all,recall_at_0.1_fpr
a1vhu02a,apertus_no_lora_ln_fp32_layer10_seed42_lr1em3,finished,2026-03-16 18:21:39+00:00,apertus,ln_fp32,10,42,1e-3,float32,layernorm,0.12267088890075684,train/longfact_test_llama/all_recall_at_0.1_fpr,0.5634532147635162,llama,all,recall_at_0.1_fpr
s5e7uzrk,apertus_no_lora_ln_fp32_layer10_seed42_lr1em4,finished,2026-03-16 18:21:39+00:00,apertus,ln_fp32,10,42,1e-4,float32,layernorm,0.2215098738670349,train/longfact_test_llama/all_recall_at_0.1_fpr,0.5631384276383096,llama,all,recall_at_0.1_fpr
a039mxlm,apertus_no_lora_ln_fp32_layer10_seed42_lr3em4,finished,2026-03-16 18:21:39+00:00,apertus,ln_fp32,10,42,3e-4,float32,layernorm,0.15673403441905975,train/longfact_test_llama/all_recall_at_0.1_fpr,0.5707877547808294,llama,all,recall_at_0.1_fpr
ur0fzre6,apertus_no_lora_ln_fp32_layer10_seed42_lr3em5,finished,2026-03-16 18:21:39+00:00,apertus,ln_fp32,10,42,3e-5,float32,layernorm,0.4890720844268799,train/longfact_test_llama/all_recall_at_0.1_fpr,0.531769890611474,llama,all,recall_at_0.1_fpr
kyx3dh6x,apertus_no_lora_ln_fp32_layer10_seed43_lr1em3,finished,2026-03-16 18:21:39+00:00,apertus,ln_fp32,10,43,1e-3,float32,layernorm,0.2920945882797241,train/longfact_test_llama/all_recall_at_0.1_fpr,0.5627921618005823,llama,all,recall_at_0.1_fpr
anpnl7j5,apertus_no_lora_ln_fp32_layer10_seed43_lr1em4,finished,2026-03-16 18:21:39+00:00,apertus,ln_fp32,10,43,1e-4,float32,layernorm,0.26364782452583313,train/longfact_test_llama/all_recall_at_0.1_fpr,0.5670890060596522,llama,all,recall_at_0.1_fpr
mu08a37q,apertus_no_lora_ln_fp32_layer10_seed43_lr3em4,finished,2026-03-16 18:21:39+00:00,apertus,ln_fp32,10,43,3e-4,float32,layernorm,0.2802787125110626,train/longfact_test_llama/all_recall_at_0.1_fpr,0.5691823404422759,llama,all,recall_at_0.1_fpr
0q5lbh0o,apertus_no_lora_ln_fp32_layer10_seed43_lr3em5,finished,2026-03-16 18:21:39+00:00,apertus,ln_fp32,10,43,3e-5,float32,layernorm,0.27201464772224426,train/longfact_test_llama/all_recall_at_0.1_fpr,0.5337058314314944,llama,all,recall_at_0.1_fpr
b2incihb,apertus_no_lora_ln_fp32_layer10_seed44_lr1em3,finished,2026-03-16 18:21:39+00:00,apertus,ln_fp32,10,44,1e-3,float32,layernorm,0.19783645868301392,train/longfact_test_llama/all_recall_at_0.1_fpr,0.5577555677972771,llama,all,recall_at_0.1_fpr
9s2c6c1h,apertus_no_lora_ln_fp32_layer10_seed44_lr1em4,finished,2026-03-16 18:21:39+00:00,apertus,ln_fp32,10,44,1e-4,float32,layernorm,0.32758116722106934,train/longfact_test_llama/all_recall_at_0.1_fpr,0.5669630912095696,llama,all,recall_at_0.1_fpr
u1cqzubx,apertus_no_lora_ln_fp32_layer10_seed44_lr3em4,finished,2026-03-16 18:21:39+00:00,apertus,ln_fp32,10,44,3e-4,float32,layernorm,0.2790237069129944,train/longfact_test_llama/all_recall_at_0.1_fpr,0.5683638939167388,llama,all,recall_at_0.1_fpr
jd8rl3y0,apertus_no_lora_ln_fp32_layer10_seed44_lr3em5,finished,2026-03-16 18:21:39+00:00,apertus,ln_fp32,10,44,3e-5,float32,layernorm,0.29283058643341064,train/longfact_test_llama/all_recall_at_0.1_fpr,0.533831746281577,llama,all,recall_at_0.1_fpr
tvxgxlk0,apertus_no_lora_ln_fp32_layer20_seed42_lr1em3,finished,2026-03-16 18:21:39+00:00,apertus,ln_fp32,20,42,1e-3,float32,layernorm,0.11203589290380478,train/longfact_test_llama/all_recall_at_0.1_fpr,0.5528763673565751,llama,all,recall_at_0.1_fpr
szjyc7rq,apertus_no_lora_ln_fp32_layer20_seed42_lr1em4,finished,2026-03-16 18:21:39+00:00,apertus,ln_fp32,20,42,1e-4,float32,layernorm,0.3388446271419525,train/longfact_test_llama/all_recall_at_0.1_fpr,0.5598331628236405,llama,all,recall_at_0.1_fpr
j1ydn4mi,apertus_no_lora_ln_fp32_layer20_seed42_lr3em4,finished,2026-03-16 18:21:39+00:00,apertus,ln_fp32,20,42,3e-4,float32,layernorm,0.18392929434776303,train/longfact_test_llama/all_recall_at_0.1_fpr,0.5637050444636814,llama,all,recall_at_0.1_fpr
mru621ko,apertus_no_lora_ln_fp32_layer20_seed42_lr3em5,finished,2026-03-16 18:21:39+00:00,apertus,ln_fp32,20,42,3e-5,float32,layernorm,0.6155123114585876,train/longfact_test_llama/all_recall_at_0.1_fpr,0.5358936019516801,llama,all,recall_at_0.1_fpr
cuinxn0m,apertus_no_lora_ln_fp32_layer20_seed43_lr1em3,finished,2026-03-16 18:21:39+00:00,apertus,ln_fp32,20,43,1e-3,float32,layernorm,0.2761920690536499,train/longfact_test_llama/all_recall_at_0.1_fpr,0.5582907059101283,llama,all,recall_at_0.1_fpr
gfuz02ro,apertus_no_lora_ln_fp32_layer20_seed43_lr1em4,finished,2026-03-16 18:21:39+00:00,apertus,ln_fp32,20,43,1e-4,float32,layernorm,0.28859972953796387,train/longfact_test_llama/all_recall_at_0.1_fpr,0.564067049657669,llama,all,recall_at_0.1_fpr
bydlptvs,apertus_no_lora_ln_fp32_layer20_seed43_lr3em4,finished,2026-03-16 18:21:39+00:00,apertus,ln_fp32,20,43,3e-4,float32,layernorm,0.27679380774497986,train/longfact_test_llama/all_recall_at_0.1_fpr,0.5678287558038876,llama,all,recall_at_0.1_fpr
5a8w5arg,apertus_no_lora_ln_fp32_layer20_seed43_lr3em5,finished,2026-03-16 18:21:39+00:00,apertus,ln_fp32,20,43,3e-5,float32,layernorm,0.30041441321372986,train/longfact_test_llama/all_recall_at_0.1_fpr,0.5383961595970724,llama,all,recall_at_0.1_fpr
3wystufk,apertus_no_lora_ln_fp32_layer20_seed44_lr1em3,finished,2026-03-16 18:21:39+00:00,apertus,ln_fp32,20,44,1e-3,float32,layernorm,0.37859293818473816,train/longfact_test_llama/all_recall_at_0.1_fpr,0.5550326591642402,llama,all,recall_at_0.1_fpr
ipm80jlq,apertus_no_lora_ln_fp32_layer20_seed44_lr1em4,finished,2026-03-16 18:21:39+00:00,apertus,ln_fp32,20,44,1e-4,float32,layernorm,0.39040952920913696,train/longfact_test_llama/all_recall_at_0.1_fpr,0.5619422365625246,llama,all,recall_at_0.1_fpr
28tm3neg,apertus_no_lora_ln_fp32_layer20_seed44_lr3em4,finished,2026-03-16 18:21:39+00:00,apertus,ln_fp32,20,44,3e-4,float32,layernorm,0.4330550134181976,train/longfact_test_llama/all_recall_at_0.1_fpr,0.5664751711654993,llama,all,recall_at_0.1_fpr
zoq512xp,apertus_no_lora_ln_fp32_layer20_seed44_lr3em5,finished,2026-03-16 18:21:39+00:00,apertus,ln_fp32,20,44,3e-5,float32,layernorm,0.37936899065971375,train/longfact_test_llama/all_recall_at_0.1_fpr,0.5376406704965767,llama,all,recall_at_0.1_fpr
8hrkgqv3,apertus_no_lora_ln_fp32_layer26_seed42_lr1em3,finished,2026-03-16 18:21:39+00:00,apertus,ln_fp32,26,42,1e-3,float32,layernorm,0.17951826751232147,train/longfact_test_llama/all_recall_at_0.1_fpr,0.5255213661761234,llama,all,recall_at_0.1_fpr
rlqcb2g4,apertus_no_lora_ln_fp32_layer26_seed42_lr1em4,finished,2026-03-16 18:21:39+00:00,apertus,ln_fp32,26,42,1e-4,float32,layernorm,0.3578282594680786,train/longfact_test_llama/all_recall_at_0.1_fpr,0.5404107971983946,llama,all,recall_at_0.1_fpr
r2wu0aof,apertus_no_lora_ln_fp32_layer26_seed42_lr3em4,finished,2026-03-16 18:21:39+00:00,apertus,ln_fp32,26,42,3e-4,float32,layernorm,0.24504521489143372,train/longfact_test_llama/all_recall_at_0.1_fpr,0.5387266860785394,llama,all,recall_at_0.1_fpr
okj43cej,apertus_no_lora_ln_fp32_layer26_seed42_lr3em5,finished,2026-03-16 18:21:39+00:00,apertus,ln_fp32,26,42,3e-5,float32,layernorm,0.6153150200843811,train/longfact_test_llama/all_recall_at_0.1_fpr,0.5124104824112694,llama,all,recall_at_0.1_fpr
44fifewm,apertus_no_lora_ln_fp32_layer26_seed43_lr1em3,finished,2026-03-16 18:21:39+00:00,apertus,ln_fp32,26,43,1e-3,float32,layernorm,0.26287174224853516,train/longfact_test_llama/all_recall_at_0.1_fpr,0.528181317384119,llama,all,recall_at_0.1_fpr
cfgw5o62,apertus_no_lora_ln_fp32_layer26_seed43_lr1em4,finished,2026-03-16 18:21:39+00:00,apertus,ln_fp32,26,43,1e-4,float32,layernorm,0.27609291672706604,train/longfact_test_llama/all_recall_at_0.1_fpr,0.5421893444558118,llama,all,recall_at_0.1_fpr
5yjm6w2c,apertus_no_lora_ln_fp32_layer26_seed43_lr3em4,finished,2026-03-16 18:21:39+00:00,apertus,ln_fp32,26,43,3e-4,float32,layernorm,0.268221378326416,train/longfact_test_llama/all_recall_at_0.1_fpr,0.5407728023923821,llama,all,recall_at_0.1_fpr
bj0fbt17,apertus_no_lora_ln_fp32_layer26_seed43_lr3em5,finished,2026-03-16 18:21:39+00:00,apertus,ln_fp32,26,43,3e-5,float32,layernorm,0.28795114159584045,train/longfact_test_llama/all_recall_at_0.1_fpr,0.5144880774376328,llama,all,recall_at_0.1_fpr
thtwlsce,apertus_no_lora_ln_fp32_layer26_seed44_lr1em3,finished,2026-03-16 18:21:39+00:00,apertus,ln_fp32,26,44,1e-3,float32,layernorm,0.4517517387866974,train/longfact_test_llama/all_recall_at_0.1_fpr,0.5263240733454002,llama,all,recall_at_0.1_fpr
a2rdvxyc,apertus_no_lora_ln_fp32_layer26_seed44_lr1em4,finished,2026-03-16 18:21:39+00:00,apertus,ln_fp32,26,44,1e-4,float32,layernorm,0.28372296690940857,train/longfact_test_llama/all_recall_at_0.1_fpr,0.5427244825686629,llama,all,recall_at_0.1_fpr
veq9b7kw,apertus_no_lora_ln_fp32_layer26_seed44_lr3em4,finished,2026-03-16 18:21:39+00:00,apertus,ln_fp32,26,44,3e-4,float32,layernorm,0.37059929966926575,train/longfact_test_llama/all_recall_at_0.1_fpr,0.541339419217754,llama,all,recall_at_0.1_fpr
5aqux06m,apertus_no_lora_ln_fp32_layer26_seed44_lr3em5,finished,2026-03-16 18:21:39+00:00,apertus,ln_fp32,26,44,3e-5,float32,layernorm,0.3035992383956909,train/longfact_test_llama/all_recall_at_0.1_fpr,0.5138427638309593,llama,all,recall_at_0.1_fpr
qg1y3gso,apertus_no_lora_ln_fp32_layer30_seed42_lr1em3,finished,2026-03-16 18:21:39+00:00,apertus,ln_fp32,30,42,1e-3,float32,layernorm,0.1903767287731171,train/longfact_test_llama/all_recall_at_0.1_fpr,0.5378610214842213,llama,all,recall_at_0.1_fpr
r9e2fhqm,apertus_no_lora_ln_fp32_layer30_seed42_lr1em4,finished,2026-03-16 18:21:39+00:00,apertus,ln_fp32,30,42,1e-4,float32,layernorm,0.38982802629470825,train/longfact_test_llama/all_recall_at_0.1_fpr,0.5580546155662234,llama,all,recall_at_0.1_fpr
e24v1w1s,apertus_no_lora_ln_fp32_layer30_seed42_lr3em4,finished,2026-03-16 18:21:39+00:00,apertus,ln_fp32,30,42,3e-4,float32,layernorm,0.2570212781429291,train/longfact_test_llama/all_recall_at_0.1_fpr,0.554639175257732,llama,all,recall_at_0.1_fpr
jtcznw8g,apertus_no_lora_ln_fp32_layer30_seed42_lr3em5,finished,2026-03-16 18:21:39+00:00,apertus,ln_fp32,30,42,3e-5,float32,layernorm,0.6943867206573486,train/longfact_test_llama/all_recall_at_0.1_fpr,0.5385692925159361,llama,all,recall_at_0.1_fpr
v3qqa12o,apertus_no_lora_ln_fp32_layer30_seed43_lr1em3,finished,2026-03-16 18:21:39+00:00,apertus,ln_fp32,30,43,1e-3,float32,layernorm,0.2808498740196228,train/longfact_test_llama/all_recall_at_0.1_fpr,0.543495711025419,llama,all,recall_at_0.1_fpr
lgm2cr72,apertus_no_lora_ln_fp32_layer30_seed43_lr1em4,finished,2026-03-16 18:21:39+00:00,apertus,ln_fp32,30,43,1e-4,float32,layernorm,0.2797033190727234,train/longfact_test_llama/all_recall_at_0.1_fpr,0.5582277484850869,llama,all,recall_at_0.1_fpr
f873k60o,apertus_no_lora_ln_fp32_layer30_seed43_lr3em4,finished,2026-03-16 18:21:39+00:00,apertus,ln_fp32,30,43,3e-4,float32,layernorm,0.28264516592025757,train/longfact_test_llama/all_recall_at_0.1_fpr,0.5558038876209963,llama,all,recall_at_0.1_fpr
ybsg28sj,apertus_no_lora_ln_fp32_layer30_seed43_lr3em5,finished,2026-03-16 18:21:39+00:00,apertus,ln_fp32,30,43,3e-5,float32,layernorm,0.30628159642219543,train/longfact_test_llama/all_recall_at_0.1_fpr,0.5389785157787047,llama,all,recall_at_0.1_fpr
kn811t36,apertus_no_lora_ln_fp32_layer30_seed44_lr1em3,finished,2026-03-16 18:21:39+00:00,apertus,ln_fp32,30,44,1e-3,float32,layernorm,0.3007677495479584,train/longfact_test_llama/all_recall_at_0.1_fpr,0.5369481388211222,llama,all,recall_at_0.1_fpr
wf8rodcd,apertus_no_lora_ln_fp32_layer30_seed44_lr1em4,finished,2026-03-16 18:21:39+00:00,apertus,ln_fp32,30,44,1e-4,float32,layernorm,0.3687911331653595,train/longfact_test_llama/all_recall_at_0.1_fpr,0.5591721098607066,llama,all,recall_at_0.1_fpr
524a5l0b,apertus_no_lora_ln_fp32_layer30_seed44_lr3em4,finished,2026-03-16 18:21:39+00:00,apertus,ln_fp32,30,44,3e-4,float32,layernorm,0.3833605647087097,train/longfact_test_llama/all_recall_at_0.1_fpr,0.5573148658219879,llama,all,recall_at_0.1_fpr
m6zpszut,apertus_no_lora_ln_fp32_layer30_seed44_lr3em5,finished,2026-03-16 18:21:39+00:00,apertus,ln_fp32,30,44,3e-5,float32,layernorm,0.4072107970714569,train/longfact_test_llama/all_recall_at_0.1_fpr,0.539954355866845,llama,all,recall_at_0.1_fpr
2msk68xv,apertus_no_lora_long_form_layer10_seed42,finished,2026-03-02 14:54:28+00:00,apertus,apertus_layers,10,42,,bfloat16,none,0.1188635155558586,train/longfact_test_llama/span_auc,0.8139533745830329,llama,span,auc
ennpfi5c,apertus_no_lora_long_form_layer10_seed43,finished,2026-03-02 14:55:28+00:00,apertus,apertus_layers,10,43,,bfloat16,none,0.2892115116119385,train/longfact_test_llama/span_auc,0.8186411677879629,llama,span,auc
ckfvtpqq,apertus_no_lora_long_form_layer10_seed44,finished,2026-03-02 14:55:28+00:00,apertus,apertus_layers,10,44,,bfloat16,none,0.14164792001247406,train/longfact_test_llama/span_auc,0.8172171354570108,llama,span,auc
5w54hojz,apertus_no_lora_long_form_layer20_seed42,finished,2026-03-02 14:56:24+00:00,apertus,apertus_layers,20,42,,bfloat16,none,0.002515794476494193,train/longfact_test_llama/span_auc,0.7533504252780392,llama,span,auc
h3qhm4bp,apertus_no_lora_long_form_layer20_seed43,finished,2026-03-02 14:56:24+00:00,apertus,apertus_layers,20,43,,bfloat16,none,0.4361111521720886,train/longfact_test_llama/span_auc,0.7623195228087261,llama,span,auc
1sb6t3rt,apertus_no_lora_long_form_layer20_seed44,finished,2026-03-02 14:56:24+00:00,apertus,apertus_layers,20,44,,bfloat16,none,0.9805268049240112,train/longfact_test_llama/span_auc,0.7570589324338984,llama,span,auc
fjxaywoo,apertus_no_lora_long_form_layer26_seed42,finished,2026-03-02 14:56:59+00:00,apertus,apertus_layers,26,42,,bfloat16,none,0.022064460441470143,train/longfact_test_llama/span_auc,0.6838376003744628,llama,span,auc
fc3llcx0,apertus_no_lora_long_form_layer26_seed43,finished,2026-03-02 14:58:28+00:00,apertus,apertus_layers,26,43,,bfloat16,none,4.096796035766602,train/longfact_test_llama/span_auc,0.6860977780943553,llama,span,auc
gtn6g9ne,apertus_no_lora_long_form_layer26_seed44,finished,2026-03-02 14:58:28+00:00,apertus,apertus_layers,26,44,,bfloat16,none,0.0003512128023430705,train/longfact_test_llama/span_auc,0.6863596516897853,llama,span,auc
pk12wkry,apertus_no_lora_long_form_layer30_seed42,finished,2026-03-02 14:58:28+00:00,apertus,apertus_layers,30,42,,bfloat16,none,82.0517578125,train/longfact_test_llama/span_auc,0.5001899691781541,llama,span,auc
vhvivjkc,apertus_no_lora_long_form_layer30_seed43,finished,2026-03-02 14:58:28+00:00,apertus,apertus_layers,30,43,,bfloat16,none,10.69191074371338,train/longfact_test_llama/span_auc,0.6658728226797492,llama,span,auc
agskbmvs,apertus_no_lora_long_form_layer30_seed44,finished,2026-03-02 14:58:28+00:00,apertus,apertus_layers,30,44,,bfloat16,none,0.0001453680742997676,train/longfact_test_llama/span_auc,0.6358665083930621,llama,span,auc
o5fobkxj,apertus_no_lora_bf16_only_layer10_seed42_lr1em3,finished,2026-03-16 01:21:45+00:00,apertus,bf16_only,10,42,1e-3,bfloat16,none,0.1060740053653717,train/longfact_test_llama/span_auc,0.8142446222721502,llama,span,auc
ngsqu3i1,apertus_no_lora_bf16_only_layer10_seed42_lr1em4,finished,2026-03-16 01:21:45+00:00,apertus,bf16_only,10,42,1e-4,bfloat16,none,0.11451046913862228,train/longfact_test_llama/span_auc,0.7790610394525669,llama,span,auc
5xzqhvy4,apertus_no_lora_bf16_only_layer10_seed42_lr3em4,finished,2026-03-16 01:21:45+00:00,apertus,bf16_only,10,42,3e-4,bfloat16,none,0.11626026779413225,train/longfact_test_llama/span_auc,0.8161184693467126,llama,span,auc
83kur7ka,apertus_no_lora_bf16_only_layer10_seed42_lr3em5,finished,2026-03-16 01:21:45+00:00,apertus,bf16_only,10,42,3e-5,bfloat16,none,0.4366786777973175,train/longfact_test_llama/span_auc,0.6866878830405123,llama,span,auc
j9k3f0jm,apertus_no_lora_bf16_only_layer10_seed43_lr1em3,finished,2026-03-16 01:21:44+00:00,apertus,bf16_only,10,43,1e-3,bfloat16,none,0.3009301424026489,train/longfact_test_llama/span_auc,0.8183590636717126,llama,span,auc
ougxjsfh,apertus_no_lora_bf16_only_layer10_seed43_lr1em4,finished,2026-03-16 01:21:44+00:00,apertus,bf16_only,10,43,1e-4,bfloat16,none,0.27749955654144287,train/longfact_test_llama/span_auc,0.7764932633591703,llama,span,auc
21sy8y12,apertus_no_lora_bf16_only_layer10_seed43_lr3em4,finished,2026-03-16 01:21:44+00:00,apertus,bf16_only,10,43,3e-4,bfloat16,none,0.2755349278450012,train/longfact_test_llama/span_auc,0.8149485006984888,llama,span,auc
t26a4uwp,apertus_no_lora_bf16_only_layer10_seed43_lr3em5,finished,2026-03-16 01:21:44+00:00,apertus,bf16_only,10,43,3e-5,bfloat16,none,0.3126707673072815,train/longfact_test_llama/span_auc,0.6855966535778534,llama,span,auc
p9n6ul1e,apertus_no_lora_bf16_only_layer10_seed44_lr1em3,finished,2026-03-16 01:21:44+00:00,apertus,bf16_only,10,44,1e-3,bfloat16,none,0.15629735589027405,train/longfact_test_llama/span_auc,0.8160453213783301,llama,span,auc
feljklm1,apertus_no_lora_bf16_only_layer10_seed44_lr1em4,finished,2026-03-16 01:21:44+00:00,apertus,bf16_only,10,44,1e-4,bfloat16,none,0.593794047832489,train/longfact_test_llama/span_auc,0.7769949434329743,llama,span,auc
lfafy2oe,apertus_no_lora_bf16_only_layer10_seed44_lr3em4,finished,2026-03-16 01:21:44+00:00,apertus,bf16_only,10,44,3e-4,bfloat16,none,0.2656649947166443,train/longfact_test_llama/span_auc,0.8191413007207186,llama,span,auc
r3oezlrl,apertus_no_lora_bf16_only_layer10_seed44_lr3em5,finished,2026-03-16 01:21:44+00:00,apertus,bf16_only,10,44,3e-5,bfloat16,none,0.7305357456207275,train/longfact_test_llama/span_auc,0.6877298141672809,llama,span,auc
uw94ef5i,apertus_no_lora_bf16_only_layer20_seed42_lr1em3,finished,2026-03-16 01:21:44+00:00,apertus,bf16_only,20,42,1e-3,bfloat16,none,0.006061427295207977,train/longfact_test_llama/span_auc,0.7508816638303285,llama,span,auc
ymsrn4r6,apertus_no_lora_bf16_only_layer20_seed42_lr1em4,finished,2026-03-16 01:21:44+00:00,apertus,bf16_only,20,42,1e-4,bfloat16,none,0.04400371387600899,train/longfact_test_llama/span_auc,0.7276374571291747,llama,span,auc
uy0gdnv4,apertus_no_lora_bf16_only_layer20_seed42_lr3em4,finished,2026-03-16 01:21:44+00:00,apertus,bf16_only,20,42,3e-4,bfloat16,none,0.00907330308109522,train/longfact_test_llama/span_auc,0.751306440623429,llama,span,auc
fu81gp5i,apertus_no_lora_bf16_only_layer20_seed42_lr3em5,finished,2026-03-16 01:21:44+00:00,apertus,bf16_only,20,42,3e-5,bfloat16,none,2.1262459754943848,train/longfact_test_llama/span_auc,0.6392908615091916,llama,span,auc
2g6rw2bt,apertus_no_lora_bf16_only_layer20_seed43_lr1em3,finished,2026-03-16 01:21:44+00:00,apertus,bf16_only,20,43,1e-3,bfloat16,none,0.5826413631439209,train/longfact_test_llama/span_auc,0.7671743588506915,llama,span,auc
7ynpw2cn,apertus_no_lora_bf16_only_layer20_seed43_lr1em4,finished,2026-03-16 01:21:44+00:00,apertus,bf16_only,20,43,1e-4,bfloat16,none,1.368619084358215,train/longfact_test_llama/span_auc,0.7261234491743133,llama,span,auc
900ivg46,apertus_no_lora_bf16_only_layer20_seed43_lr3em4,finished,2026-03-16 01:21:44+00:00,apertus,bf16_only,20,43,3e-4,bfloat16,none,0.40857547521591187,train/longfact_test_llama/span_auc,0.7652963624575306,llama,span,auc
qo5cb98m,apertus_no_lora_bf16_only_layer20_seed43_lr3em5,finished,2026-03-16 01:21:44+00:00,apertus,bf16_only,20,43,3e-5,bfloat16,none,6.096769332885742,train/longfact_test_llama/span_auc,0.6400163691056588,llama,span,auc
99kvtmj8,apertus_no_lora_bf16_only_layer20_seed44_lr1em3,finished,2026-03-16 01:21:44+00:00,apertus,bf16_only,20,44,1e-3,bfloat16,none,0.13294142484664917,train/longfact_test_llama/span_auc,0.7605572307492842,llama,span,auc
g1itgrow,apertus_no_lora_bf16_only_layer20_seed44_lr1em4,finished,2026-03-16 01:21:44+00:00,apertus,bf16_only,20,44,1e-4,bfloat16,none,4.639030521502718e-05,train/longfact_test_llama/span_auc,0.7259671809378874,llama,span,auc
vuc2g8id,apertus_no_lora_bf16_only_layer20_seed44_lr3em4,finished,2026-03-16 01:21:44+00:00,apertus,bf16_only,20,44,3e-4,bfloat16,none,0.2754364609718323,train/longfact_test_llama/span_auc,0.7601869589517546,llama,span,auc
v52uwh1g,apertus_no_lora_bf16_only_layer20_seed44_lr3em5,finished,2026-03-16 01:21:44+00:00,apertus,bf16_only,20,44,3e-5,bfloat16,none,23.12533187866211,train/longfact_test_llama/span_auc,0.6389796356507107,llama,span,auc
vz5jn274,apertus_no_lora_bf16_only_layer26_seed42_lr1em3,finished,2026-03-16 01:21:44+00:00,apertus,bf16_only,26,42,1e-3,bfloat16,none,0.023973966017365456,train/longfact_test_llama/span_auc,0.6780416749988738,llama,span,auc
4drsxr5u,apertus_no_lora_bf16_only_layer26_seed42_lr1em4,finished,2026-03-16 01:21:44+00:00,apertus,bf16_only,26,42,1e-4,bfloat16,none,0.023594362661242485,train/longfact_test_llama/span_auc,0.6786283077887133,llama,span,auc
1crms08u,apertus_no_lora_bf16_only_layer26_seed42_lr3em4,finished,2026-03-16 01:21:44+00:00,apertus,bf16_only,26,42,3e-4,bfloat16,none,0.006822563707828522,train/longfact_test_llama/span_auc,0.7238639216531215,llama,span,auc
cq95ctu3,apertus_no_lora_bf16_only_layer26_seed42_lr3em5,finished,2026-03-16 01:21:44+00:00,apertus,bf16_only,26,42,3e-5,bfloat16,none,0.9924049973487854,train/longfact_test_llama/span_auc,0.5985273531018998,llama,span,auc
q08ckrfy,apertus_no_lora_bf16_only_layer26_seed43_lr1em3,finished,2026-03-16 01:21:45+00:00,apertus,bf16_only,26,43,1e-3,bfloat16,none,4.096848487854004,train/longfact_test_llama/span_auc,0.6913278917878359,llama,span,auc
hirctdjt,apertus_no_lora_bf16_only_layer26_seed43_lr1em4,finished,2026-03-16 01:21:45+00:00,apertus,bf16_only,26,43,1e-4,bfloat16,none,4.878128528594971,train/longfact_test_llama/span_auc,0.6740376586022762,llama,span,auc
psn29j9n,apertus_no_lora_bf16_only_layer26_seed43_lr3em4,finished,2026-03-16 01:21:45+00:00,apertus,bf16_only,26,43,3e-4,bfloat16,none,1.7208261489868164,train/longfact_test_llama/span_auc,0.7191313844223399,llama,span,auc
lx8g6b8s,apertus_no_lora_bf16_only_layer26_seed43_lr3em5,finished,2026-03-16 01:21:45+00:00,apertus,bf16_only,26,43,3e-5,bfloat16,none,12.94149684906006,train/longfact_test_llama/span_auc,0.5984718519902426,llama,span,auc
wixkxx9v,apertus_no_lora_bf16_only_layer26_seed44_lr1em3,finished,2026-03-16 01:21:44+00:00,apertus,bf16_only,26,44,1e-3,bfloat16,none,10.250615119934082,train/longfact_test_llama/span_auc,0.6960662843406125,llama,span,auc
2r4mqan8,apertus_no_lora_bf16_only_layer26_seed44_lr1em4,finished,2026-03-16 01:21:44+00:00,apertus,bf16_only,26,44,1e-4,bfloat16,none,0.0004059617640450597,train/longfact_test_llama/span_auc,0.6765898310791458,llama,span,auc
v3h0pfq3,apertus_no_lora_bf16_only_layer26_seed44_lr3em4,finished,2026-03-16 01:21:44+00:00,apertus,bf16_only,26,44,3e-4,bfloat16,none,0.3673836886882782,train/longfact_test_llama/span_auc,0.7255223083650487,llama,span,auc
muqajhqb,apertus_no_lora_bf16_only_layer26_seed44_lr3em5,finished,2026-03-16 01:21:44+00:00,apertus,bf16_only,26,44,3e-5,bfloat16,none,7.75074577331543,train/longfact_test_llama/span_auc,0.5976263851917161,llama,span,auc
imd2hxzj,apertus_no_lora_bf16_only_layer30_seed42_lr1em3,finished,2026-03-16 01:21:44+00:00,apertus,bf16_only,30,42,1e-3,bfloat16,none,82.0517578125,train/longfact_test_llama/span_auc,0.5,llama,span,auc
g9535ebe,apertus_no_lora_bf16_only_layer30_seed42_lr1em4,finished,2026-03-16 01:21:44+00:00,apertus,bf16_only,30,42,1e-4,bfloat16,none,0.033634547144174576,train/longfact_test_llama/span_auc,0.6594306371298604,llama,span,auc
j9yucacb,apertus_no_lora_bf16_only_layer30_seed42_lr3em4,finished,2026-03-16 01:21:44+00:00,apertus,bf16_only,30,42,3e-4,bfloat16,none,0.025012411177158356,train/longfact_test_llama/span_auc,0.688391680954061,llama,span,auc
4bo3xdzv,apertus_no_lora_bf16_only_layer30_seed42_lr3em5,finished,2026-03-16 01:21:44+00:00,apertus,bf16_only,30,42,3e-5,bfloat16,none,33.04824447631836,train/longfact_test_llama/span_auc,0.5681981480970549,llama,span,auc
a55rsp1p,apertus_no_lora_bf16_only_layer30_seed43_lr1em3,finished,2026-03-16 01:21:45+00:00,apertus,bf16_only,30,43,1e-3,bfloat16,none,9.379252433776855,train/longfact_test_llama/span_auc,0.6500868519200145,llama,span,auc
5uzjpj1x,apertus_no_lora_bf16_only_layer30_seed43_lr1em4,finished,2026-03-16 01:21:45+00:00,apertus,bf16_only,30,43,1e-4,bfloat16,none,6.222002029418945,train/longfact_test_llama/span_auc,0.6545116962895321,llama,span,auc
fctlmblr,apertus_no_lora_bf16_only_layer30_seed43_lr3em4,finished,2026-03-16 01:21:45+00:00,apertus,bf16_only,30,43,3e-4,bfloat16,none,5.815634250640869,train/longfact_test_llama/span_auc,0.6798100927074879,llama,span,auc
580vhzgn,apertus_no_lora_bf16_only_layer30_seed43_lr3em5,finished,2026-03-16 01:21:45+00:00,apertus,bf16_only,30,43,3e-5,bfloat16,none,10.316194534301758,train/longfact_test_llama/span_auc,0.5627076996527063,llama,span,auc
uns2a6j2,apertus_no_lora_bf16_only_layer30_seed44_lr1em3,finished,2026-03-16 01:21:44+00:00,apertus,bf16_only,30,44,1e-3,bfloat16,none,0.0,train/longfact_test_llama/span_auc,0.4999932275321772,llama,span,auc
m97ar22y,apertus_no_lora_bf16_only_layer30_seed44_lr1em4,finished,2026-03-16 01:21:44+00:00,apertus,bf16_only,30,44,1e-4,bfloat16,none,10.063371658325195,train/longfact_test_llama/span_auc,0.6519138918323235,llama,span,auc
hr0vmzt0,apertus_no_lora_bf16_only_layer30_seed44_lr3em4,finished,2026-03-16 01:21:44+00:00,apertus,bf16_only,30,44,3e-4,bfloat16,none,6.532261848449707,train/longfact_test_llama/span_auc,0.6868370505601731,llama,span,auc
w644eh9h,apertus_no_lora_bf16_only_layer30_seed44_lr3em5,finished,2026-03-16 01:21:44+00:00,apertus,bf16_only,30,44,3e-5,bfloat16,none,33.25065612792969,train/longfact_test_llama/span_auc,0.5660162897451586,llama,span,auc
3618z7cg,apertus_no_lora_fp32_only_layer10_seed42_lr1em3,finished,2026-03-16 18:21:39+00:00,apertus,fp32_only,10,42,1e-3,float32,none,0.11816876381635666,train/longfact_test_llama/span_auc,0.8104408583947829,llama,span,auc
mhg0ycoh,apertus_no_lora_fp32_only_layer10_seed42_lr1em4,finished,2026-03-16 18:21:39+00:00,apertus,fp32_only,10,42,1e-4,float32,none,0.1332954168319702,train/longfact_test_llama/span_auc,0.8007538518503885,llama,span,auc
b71ik25s,apertus_no_lora_fp32_only_layer10_seed42_lr3em4,finished,2026-03-16 18:21:39+00:00,apertus,fp32_only,10,42,3e-4,float32,none,0.1127048209309578,train/longfact_test_llama/span_auc,0.8170132363247934,llama,span,auc
8hl54mqx,apertus_no_lora_fp32_only_layer10_seed42_lr3em5,finished,2026-03-16 18:21:39+00:00,apertus,fp32_only,10,42,3e-5,float32,none,0.15368859469890594,train/longfact_test_llama/span_auc,0.7653728897844956,llama,span,auc
x3sqior5,apertus_no_lora_fp32_only_layer10_seed43_lr1em3,finished,2026-03-16 18:21:39+00:00,apertus,fp32_only,10,43,1e-3,float32,none,0.29647397994995117,train/longfact_test_llama/span_auc,0.8153194995140364,llama,span,auc
dm4602lm,apertus_no_lora_fp32_only_layer10_seed43_lr1em4,finished,2026-03-16 18:21:39+00:00,apertus,fp32_only,10,43,1e-4,float32,none,0.2917933166027069,train/longfact_test_llama/span_auc,0.7996815441378431,llama,span,auc
3mcpf9f3,apertus_no_lora_fp32_only_layer10_seed43_lr3em4,finished,2026-03-16 18:21:39+00:00,apertus,fp32_only,10,43,3e-4,float32,none,0.2921086251735687,train/longfact_test_llama/span_auc,0.8200117740506541,llama,span,auc
0v0cghh6,apertus_no_lora_fp32_only_layer10_seed43_lr3em5,finished,2026-03-16 18:21:39+00:00,apertus,fp32_only,10,43,3e-5,float32,none,0.27485892176628113,train/longfact_test_llama/span_auc,0.7634943759364141,llama,span,auc
k8u6gf39,apertus_no_lora_fp32_only_layer10_seed44_lr1em3,finished,2026-03-16 18:21:39+00:00,apertus,fp32_only,10,44,1e-3,float32,none,0.09856606274843216,train/longfact_test_llama/span_auc,0.8172827634287949,llama,span,auc
rgnn8edm,apertus_no_lora_fp32_only_layer10_seed44_lr1em4,finished,2026-03-16 18:21:39+00:00,apertus,fp32_only,10,44,1e-4,float32,none,0.4017370939254761,train/longfact_test_llama/span_auc,0.8023604026539206,llama,span,auc
1hlg6mhh,apertus_no_lora_fp32_only_layer10_seed44_lr3em4,finished,2026-03-16 18:21:39+00:00,apertus,fp32_only,10,44,3e-4,float32,none,0.3334559202194214,train/longfact_test_llama/span_auc,0.8202219590003197,llama,span,auc
h32xr3bj,apertus_no_lora_fp32_only_layer10_seed44_lr3em5,finished,2026-03-16 18:21:39+00:00,apertus,fp32_only,10,44,3e-5,float32,none,0.6063321232795715,train/longfact_test_llama/span_auc,0.7646990478648167,llama,span,auc
7otuls41,apertus_no_lora_fp32_only_layer20_seed42_lr1em3,finished,2026-03-16 18:21:39+00:00,apertus,fp32_only,20,42,1e-3,float32,none,0.0014074433129280806,train/longfact_test_llama/span_auc,0.7511564382314291,llama,span,auc
h3hhroh2,apertus_no_lora_fp32_only_layer20_seed42_lr1em4,finished,2026-03-16 18:21:39+00:00,apertus,fp32_only,20,42,1e-4,float32,none,0.005417922046035528,train/longfact_test_llama/span_auc,0.7363183298876951,llama,span,auc
gbg3qolw,apertus_no_lora_fp32_only_layer20_seed42_lr3em4,finished,2026-03-16 18:21:39+00:00,apertus,fp32_only,20,42,3e-4,float32,none,0.012795637361705303,train/longfact_test_llama/span_auc,0.7557421247363373,llama,span,auc
vpc4pmw1,apertus_no_lora_fp32_only_layer20_seed42_lr3em5,finished,2026-03-16 18:21:39+00:00,apertus,fp32_only,20,42,3e-5,float32,none,0.4815448522567749,train/longfact_test_llama/span_auc,0.7189103956807239,llama,span,auc
4hd86xs1,apertus_no_lora_fp32_only_layer20_seed43_lr1em3,finished,2026-03-16 18:21:39+00:00,apertus,fp32_only,20,43,1e-3,float32,none,0.7915925979614258,train/longfact_test_llama/span_auc,0.7562917378363071,llama,span,auc
dtswvc78,apertus_no_lora_fp32_only_layer20_seed43_lr1em4,finished,2026-03-16 18:21:39+00:00,apertus,fp32_only,20,43,1e-4,float32,none,0.9363940954208374,train/longfact_test_llama/span_auc,0.7332486327382967,llama,span,auc
r4canywa,apertus_no_lora_fp32_only_layer20_seed43_lr3em4,finished,2026-03-16 18:21:39+00:00,apertus,fp32_only,20,43,3e-4,float32,none,0.4842445254325866,train/longfact_test_llama/span_auc,0.7621729358035685,llama,span,auc
5pryw2ji,apertus_no_lora_fp32_only_layer20_seed43_lr3em5,finished,2026-03-16 18:21:39+00:00,apertus,fp32_only,20,43,3e-5,float32,none,2.3771839141845703,train/longfact_test_llama/span_auc,0.7167997201822571,llama,span,auc
cu47livm,apertus_no_lora_fp32_only_layer20_seed44_lr1em3,finished,2026-03-16 18:21:39+00:00,apertus,fp32_only,20,44,1e-3,float32,none,0.8405814170837402,train/longfact_test_llama/span_auc,0.7623633431591078,llama,span,auc
7cq66mkt,apertus_no_lora_fp32_only_layer20_seed44_lr1em4,finished,2026-03-16 18:21:39+00:00,apertus,fp32_only,20,44,1e-4,float32,none,0.00021276120969559997,train/longfact_test_llama/span_auc,0.7348069456197928,llama,span,auc
wrlr6qli,apertus_no_lora_fp32_only_layer20_seed44_lr3em4,finished,2026-03-16 18:21:39+00:00,apertus,fp32_only,20,44,3e-4,float32,none,0.7323926091194153,train/longfact_test_llama/span_auc,0.7593846096068572,llama,span,auc
nkk8fdiv,apertus_no_lora_fp32_only_layer20_seed44_lr3em5,finished,2026-03-16 18:21:39+00:00,apertus,fp32_only,20,44,3e-5,float32,none,3.7443130016326904,train/longfact_test_llama/span_auc,0.7167319912021479,llama,span,auc
jeyu4ke4,apertus_no_lora_fp32_only_layer26_seed42_lr1em3,finished,2026-03-16 18:21:39+00:00,apertus,fp32_only,26,42,1e-3,float32,none,0.02182931825518608,train/longfact_test_llama/span_auc,0.6746615330129925,llama,span,auc
6jnxw4n2,apertus_no_lora_fp32_only_layer26_seed42_lr1em4,finished,2026-03-16 18:21:39+00:00,apertus,fp32_only,26,42,1e-4,float32,none,0.017278315499424934,train/longfact_test_llama/span_auc,0.6946625696435864,llama,span,auc
vz2hbt4t,apertus_no_lora_fp32_only_layer26_seed42_lr3em4,finished,2026-03-16 18:21:39+00:00,apertus,fp32_only,26,42,3e-4,float32,none,0.006629477255046368,train/longfact_test_llama/span_auc,0.7176239528924035,llama,span,auc
g2rdqxou,apertus_no_lora_fp32_only_layer26_seed42_lr3em5,finished,2026-03-16 18:21:39+00:00,apertus,fp32_only,26,42,3e-5,float32,none,0.029366448521614075,train/longfact_test_llama/span_auc,0.6551109170767829,llama,span,auc
g557mw8r,apertus_no_lora_fp32_only_layer26_seed43_lr1em3,finished,2026-03-16 18:21:39+00:00,apertus,fp32_only,26,43,1e-3,float32,none,5.589945316314697,train/longfact_test_llama/span_auc,0.6783091962736842,llama,span,auc
xtj1l55e,apertus_no_lora_fp32_only_layer26_seed43_lr1em4,finished,2026-03-16 18:21:39+00:00,apertus,fp32_only,26,43,1e-4,float32,none,2.261085033416748,train/longfact_test_llama/span_auc,0.6919712296784905,llama,span,auc
tn9zon9i,apertus_no_lora_fp32_only_layer26_seed43_lr3em4,finished,2026-03-16 18:21:39+00:00,apertus,fp32_only,26,43,3e-4,float32,none,1.2675254344940186,train/longfact_test_llama/span_auc,0.7197630549182804,llama,span,auc
gi60xrz3,apertus_no_lora_fp32_only_layer26_seed43_lr3em5,finished,2026-03-16 18:21:39+00:00,apertus,fp32_only,26,43,3e-5,float32,none,5.592858791351318,train/longfact_test_llama/span_auc,0.6530707214581738,llama,span,auc
p7gub5up,apertus_no_lora_fp32_only_layer26_seed44_lr1em3,finished,2026-03-16 18:21:39+00:00,apertus,fp32_only,26,44,1e-3,float32,none,2.7211620807647705,train/longfact_test_llama/span_auc,0.6874333811742532,llama,span,auc
gani1xp7,apertus_no_lora_fp32_only_layer26_seed44_lr1em4,finished,2026-03-16 18:21:39+00:00,apertus,fp32_only,26,44,1e-4,float32,none,0.061501313000917435,train/longfact_test_llama/span_auc,0.6964616845049878,llama,span,auc
ill5vvx2,apertus_no_lora_fp32_only_layer26_seed44_lr3em4,finished,2026-03-16 18:21:39+00:00,apertus,fp32_only,26,44,3e-4,float32,none,0.02174818329513073,train/longfact_test_llama/span_auc,0.7242159503992049,llama,span,auc
b9ibkxys,apertus_no_lora_fp32_only_layer26_seed44_lr3em5,finished,2026-03-16 18:21:39+00:00,apertus,fp32_only,26,44,3e-5,float32,none,0.0007233090000227094,train/longfact_test_llama/span_auc,0.6549635866910926,llama,span,auc
362f178l,apertus_no_lora_fp32_only_layer30_seed42_lr1em3,finished,2026-03-16 18:21:39+00:00,apertus,fp32_only,30,42,1e-3,float32,none,81.83356475830078,train/longfact_test_llama/span_auc,0.5,llama,span,auc
572p44e7,apertus_no_lora_fp32_only_layer30_seed42_lr1em4,finished,2026-03-16 18:21:39+00:00,apertus,fp32_only,30,42,1e-4,float32,none,0.03013068065047264,train/longfact_test_llama/span_auc,0.669295811331167,llama,span,auc
9k35iiw5,apertus_no_lora_fp32_only_layer30_seed42_lr3em4,finished,2026-03-16 18:21:39+00:00,apertus,fp32_only,30,42,3e-4,float32,none,0.02508390322327614,train/longfact_test_llama/span_auc,0.6789973606173177,llama,span,auc
7u26q4rs,apertus_no_lora_fp32_only_layer30_seed42_lr3em5,finished,2026-03-16 18:21:39+00:00,apertus,fp32_only,30,42,3e-5,float32,none,0.5540672540664673,train/longfact_test_llama/span_auc,0.626955299979326,llama,span,auc
f817tswh,apertus_no_lora_fp32_only_layer30_seed43_lr1em3,finished,2026-03-16 18:21:39+00:00,apertus,fp32_only,30,43,1e-3,float32,none,9.374524116516112,train/longfact_test_llama/span_auc,0.5,llama,span,auc
lqmdrcpg,apertus_no_lora_fp32_only_layer30_seed43_lr1em4,finished,2026-03-16 18:21:39+00:00,apertus,fp32_only,30,43,1e-4,float32,none,5.7266106605529785,train/longfact_test_llama/span_auc,0.6646698414676986,llama,span,auc
f3nq1ppq,apertus_no_lora_fp32_only_layer30_seed43_lr3em4,finished,2026-03-16 18:21:39+00:00,apertus,fp32_only,30,43,3e-4,float32,none,5.207202911376953,train/longfact_test_llama/span_auc,0.6815627153658367,llama,span,auc
z9shqkbl,apertus_no_lora_fp32_only_layer30_seed43_lr3em5,finished,2026-03-16 18:21:39+00:00,apertus,fp32_only,30,43,3e-5,float32,none,6.685286521911621,train/longfact_test_llama/span_auc,0.6197626380966652,llama,span,auc
bz9gcqwk,apertus_no_lora_fp32_only_layer30_seed44_lr1em3,finished,2026-03-16 18:21:39+00:00,apertus,fp32_only,30,44,1e-3,float32,none,0.0,train/longfact_test_llama/span_auc,0.5,llama,span,auc
nhg2yz2u,apertus_no_lora_fp32_only_layer30_seed44_lr1em4,finished,2026-03-16 18:21:39+00:00,apertus,fp32_only,30,44,1e-4,float32,none,0.01171684730798006,train/longfact_test_llama/span_auc,0.6671515339110718,llama,span,auc
4yytvlvi,apertus_no_lora_fp32_only_layer30_seed44_lr3em4,finished,2026-03-16 18:21:39+00:00,apertus,fp32_only,30,44,3e-4,float32,none,0.0005547898472286761,train/longfact_test_llama/span_auc,0.6837510760888362,llama,span,auc
8kx20a5i,apertus_no_lora_fp32_only_layer30_seed44_lr3em5,finished,2026-03-16 18:21:39+00:00,apertus,fp32_only,30,44,3e-5,float32,none,33.319332122802734,train/longfact_test_llama/span_auc,0.6250732245572417,llama,span,auc
kgoq3e5r,llama_no_lora_long_form_layer10_seed42,finished,2026-03-02 14:45:36+00:00,llama,llama_layers,10,42,,bfloat16,none,0.4103353917598725,train/longfact_test_llama/span_auc,0.8261130584584122,llama,span,auc
9oem35be,llama_no_lora_long_form_layer10_seed43,finished,2026-03-02 14:46:11+00:00,llama,llama_layers,10,43,,bfloat16,none,0.582381546497345,train/longfact_test_llama/span_auc,0.8277488737065405,llama,span,auc
rri8v027,llama_no_lora_long_form_layer10_seed44,finished,2026-03-02 14:46:11+00:00,llama,llama_layers,10,44,,bfloat16,none,0.3619125485420227,train/longfact_test_llama/span_auc,0.8278622360097336,llama,span,auc
qni919ee,llama_no_lora_long_form_layer20_seed42,finished,2026-03-02 14:50:44+00:00,llama,llama_layers,20,42,,bfloat16,none,0.4025150239467621,train/longfact_test_llama/span_auc,0.8285624391741049,llama,span,auc
4aryhr4u,llama_no_lora_long_form_layer20_seed43,finished,2026-03-02 14:50:44+00:00,llama,llama_layers,20,43,,bfloat16,none,0.6214630007743835,train/longfact_test_llama/span_auc,0.8307437562311761,llama,span,auc
v8qejznt,llama_no_lora_long_form_layer20_seed44,finished,2026-03-02 14:50:44+00:00,llama,llama_layers,20,44,,bfloat16,none,0.4049457013607025,train/longfact_test_llama/span_auc,0.8300914823228299,llama,span,auc
82vjeyys,llama_no_lora_long_form_layer26_seed42,finished,2026-03-02 14:50:44+00:00,llama,llama_layers,26,42,,bfloat16,none,0.38688111305236816,train/longfact_test_llama/span_auc,0.8228908650414475,llama,span,auc
gzg4irhz,llama_no_lora_long_form_layer26_seed43,finished,2026-03-02 14:51:46+00:00,llama,llama_layers,26,43,,bfloat16,none,0.6332159042358398,train/longfact_test_llama/span_auc,0.8235205816741915,llama,span,auc
7u7entue,llama_no_lora_long_form_layer26_seed44,finished,2026-03-02 14:51:46+00:00,llama,llama_layers,26,44,,bfloat16,none,0.4069174230098725,train/longfact_test_llama/span_auc,0.824966635705541,llama,span,auc
ct7o6ek7,llama_no_lora_long_form_layer30_seed42,finished,2026-03-02 14:51:46+00:00,llama,llama_layers,30,42,,bfloat16,none,0.4142408668994904,train/longfact_test_llama/span_auc,0.8310315211125916,llama,span,auc
av9rm02w,llama_no_lora_long_form_layer30_seed43,finished,2026-03-02 14:51:46+00:00,llama,llama_layers,30,43,,bfloat16,none,0.7231071591377258,train/longfact_test_llama/span_auc,0.8300707065276327,llama,span,auc
ojujrfsw,llama_no_lora_long_form_layer30_seed44,finished,2026-03-02 14:51:46+00:00,llama,llama_layers,30,44,,bfloat16,none,0.4089251160621643,train/longfact_test_llama/span_auc,0.8323208661773918,llama,span,auc
47rfeqmx,apertus_no_lora_ln_bf16_layer10_seed42_lr1em3,finished,2026-03-16 01:21:44+00:00,apertus,ln_bf16,10,42,1e-3,bfloat16,layernorm,0.14300638437271118,train/longfact_test_llama/span_auc,0.8248087040754188,llama,span,auc
ltvbxnyc,apertus_no_lora_ln_bf16_layer10_seed42_lr1em4,finished,2026-03-16 01:21:44+00:00,apertus,ln_bf16,10,42,1e-4,bfloat16,layernorm,0.3950393497943878,train/longfact_test_llama/span_auc,0.7810893334543637,llama,span,auc
aupa5a3l,apertus_no_lora_ln_bf16_layer10_seed42_lr3em4,finished,2026-03-16 01:21:44+00:00,apertus,ln_bf16,10,42,3e-4,bfloat16,layernorm,0.18207243084907532,train/longfact_test_llama/span_auc,0.8142795951113133,llama,span,auc
48kc2gt3,apertus_no_lora_ln_bf16_layer10_seed42_lr3em5,finished,2026-03-16 01:21:44+00:00,apertus,ln_bf16,10,42,3e-5,bfloat16,layernorm,0.942188560962677,train/longfact_test_llama/span_auc,0.6742486270321578,llama,span,auc
l92ugb0x,apertus_no_lora_ln_bf16_layer10_seed43_lr1em3,finished,2026-03-16 01:21:44+00:00,apertus,ln_bf16,10,43,1e-3,bfloat16,layernorm,0.2892049551010132,train/longfact_test_llama/span_auc,0.8242318801905526,llama,span,auc
ks445ju3,apertus_no_lora_ln_bf16_layer10_seed43_lr1em4,finished,2026-03-16 01:21:44+00:00,apertus,ln_bf16,10,43,1e-4,bfloat16,layernorm,0.26968491077423096,train/longfact_test_llama/span_auc,0.7791263646026025,llama,span,auc
v1whaixy,apertus_no_lora_ln_bf16_layer10_seed43_lr3em4,finished,2026-03-16 01:21:44+00:00,apertus,ln_bf16,10,43,3e-4,bfloat16,layernorm,0.26967474818229675,train/longfact_test_llama/span_auc,0.8141336714409596,llama,span,auc
yrz15txm,apertus_no_lora_ln_bf16_layer10_seed43_lr3em5,finished,2026-03-16 01:21:44+00:00,apertus,ln_bf16,10,43,3e-5,bfloat16,layernorm,0.35177040100097656,train/longfact_test_llama/span_auc,0.6759900028047348,llama,span,auc
yjo8ext8,apertus_no_lora_ln_bf16_layer10_seed44_lr1em3,finished,2026-03-16 01:21:45+00:00,apertus,ln_bf16,10,44,1e-3,bfloat16,layernorm,0.20609278976917267,train/longfact_test_llama/span_auc,0.825635523061517,llama,span,auc
wjc71sg6,apertus_no_lora_ln_bf16_layer10_seed44_lr1em4,finished,2026-03-16 01:21:45+00:00,apertus,ln_bf16,10,44,1e-4,bfloat16,layernorm,0.3125472366809845,train/longfact_test_llama/span_auc,0.7795394461155769,llama,span,auc
dd2pwu6g,apertus_no_lora_ln_bf16_layer10_seed44_lr3em4,finished,2026-03-16 01:21:45+00:00,apertus,ln_bf16,10,44,3e-4,bfloat16,layernorm,0.289102166891098,train/longfact_test_llama/span_auc,0.8137877591257301,llama,span,auc
gk2y0cx9,apertus_no_lora_ln_bf16_layer10_seed44_lr3em5,finished,2026-03-16 01:21:45+00:00,apertus,ln_bf16,10,44,3e-5,bfloat16,layernorm,0.31844255328178406,train/longfact_test_llama/span_auc,0.6753276570495119,llama,span,auc
p3f6sakq,apertus_no_lora_ln_bf16_layer20_seed42_lr1em3,finished,2026-03-16 01:21:44+00:00,apertus,ln_bf16,20,42,1e-3,bfloat16,layernorm,0.11758887767791748,train/longfact_test_llama/span_auc,0.8267872549574786,llama,span,auc
2mbvnb3s,apertus_no_lora_ln_bf16_layer20_seed42_lr1em4,finished,2026-03-16 01:21:44+00:00,apertus,ln_bf16,20,42,1e-4,bfloat16,layernorm,0.5318654179573059,train/longfact_test_llama/span_auc,0.7768703739195935,llama,span,auc
pw74vso0,apertus_no_lora_ln_bf16_layer20_seed42_lr3em4,finished,2026-03-16 01:21:44+00:00,apertus,ln_bf16,20,42,3e-4,bfloat16,layernorm,0.2455830276012421,train/longfact_test_llama/span_auc,0.8157177656534975,llama,span,auc
lcc4r0ui,apertus_no_lora_ln_bf16_layer20_seed42_lr3em5,finished,2026-03-16 01:21:44+00:00,apertus,ln_bf16,20,42,3e-5,bfloat16,layernorm,0.8914243578910828,train/longfact_test_llama/span_auc,0.6360109853252152,llama,span,auc
ea20dmvq,apertus_no_lora_ln_bf16_layer20_seed43_lr1em3,finished,2026-03-16 01:21:44+00:00,apertus,ln_bf16,20,43,1e-3,bfloat16,layernorm,0.2716436982154846,train/longfact_test_llama/span_auc,0.8269448835103732,llama,span,auc
dq6d9cxj,apertus_no_lora_ln_bf16_layer20_seed43_lr1em4,finished,2026-03-16 01:21:44+00:00,apertus,ln_bf16,20,43,1e-4,bfloat16,layernorm,0.28726422786712646,train/longfact_test_llama/span_auc,0.7742947428205565,llama,span,auc
5rukn8sb,apertus_no_lora_ln_bf16_layer20_seed43_lr3em4,finished,2026-03-16 01:21:44+00:00,apertus,ln_bf16,20,43,3e-4,bfloat16,layernorm,0.279452383518219,train/longfact_test_llama/span_auc,0.8155692040846109,llama,span,auc
sg4y1aru,apertus_no_lora_ln_bf16_layer20_seed43_lr3em5,finished,2026-03-16 01:21:44+00:00,apertus,ln_bf16,20,43,3e-5,bfloat16,layernorm,0.383007675409317,train/longfact_test_llama/span_auc,0.6341609824289731,llama,span,auc
wjx8fs4d,apertus_no_lora_ln_bf16_layer20_seed44_lr1em3,finished,2026-03-16 01:21:44+00:00,apertus,ln_bf16,20,44,1e-3,bfloat16,layernorm,0.343784362077713,train/longfact_test_llama/span_auc,0.8293214537882473,llama,span,auc
ug8c0ane,apertus_no_lora_ln_bf16_layer20_seed44_lr1em4,finished,2026-03-16 01:21:44+00:00,apertus,ln_bf16,20,44,1e-4,bfloat16,layernorm,0.39652878046035767,train/longfact_test_llama/span_auc,0.7774296885311314,llama,span,auc
xy83pt3c,apertus_no_lora_ln_bf16_layer20_seed44_lr3em4,finished,2026-03-16 01:21:44+00:00,apertus,ln_bf16,20,44,3e-4,bfloat16,layernorm,0.4512102007865906,train/longfact_test_llama/span_auc,0.8149127701904004,llama,span,auc
mgy8s31x,apertus_no_lora_ln_bf16_layer20_seed44_lr3em5,finished,2026-03-16 01:21:44+00:00,apertus,ln_bf16,20,44,3e-5,bfloat16,layernorm,0.44538286328315735,train/longfact_test_llama/span_auc,0.6407123453592961,llama,span,auc
qbe29z5d,apertus_no_lora_ln_bf16_layer26_seed42_lr1em3,finished,2026-03-16 01:21:44+00:00,apertus,ln_bf16,26,42,1e-3,bfloat16,layernorm,0.1929110735654831,train/longfact_test_llama/span_auc,0.8081208951194558,llama,span,auc
nyzlam71,apertus_no_lora_ln_bf16_layer26_seed42_lr1em4,finished,2026-03-16 01:21:44+00:00,apertus,ln_bf16,26,42,1e-4,bfloat16,layernorm,0.5006973147392273,train/longfact_test_llama/span_auc,0.7479366200810053,llama,span,auc
p9he43x3,apertus_no_lora_ln_bf16_layer26_seed42_lr3em4,finished,2026-03-16 01:21:44+00:00,apertus,ln_bf16,26,42,3e-4,bfloat16,layernorm,0.27400892972946167,train/longfact_test_llama/span_auc,0.7955780917416047,llama,span,auc
jap1923r,apertus_no_lora_ln_bf16_layer26_seed42_lr3em5,finished,2026-03-16 01:21:44+00:00,apertus,ln_bf16,26,42,3e-5,bfloat16,layernorm,0.9109970927238464,train/longfact_test_llama/span_auc,0.6266192357469217,llama,span,auc
kffm0190,apertus_no_lora_ln_bf16_layer26_seed43_lr1em3,finished,2026-03-16 01:21:44+00:00,apertus,ln_bf16,26,43,1e-3,bfloat16,layernorm,0.27165380120277405,train/longfact_test_llama/span_auc,0.8089323159807007,llama,span,auc
6nfiscpk,apertus_no_lora_ln_bf16_layer26_seed43_lr1em4,finished,2026-03-16 01:21:44+00:00,apertus,ln_bf16,26,43,1e-4,bfloat16,layernorm,0.29313549399375916,train/longfact_test_llama/span_auc,0.7473385979823799,llama,span,auc
livazl8t,apertus_no_lora_ln_bf16_layer26_seed43_lr3em4,finished,2026-03-16 01:21:44+00:00,apertus,ln_bf16,26,43,3e-4,bfloat16,layernorm,0.26969656348228455,train/longfact_test_llama/span_auc,0.7943997673026117,llama,span,auc
cs5p5dya,apertus_no_lora_ln_bf16_layer26_seed43_lr3em5,finished,2026-03-16 01:21:44+00:00,apertus,ln_bf16,26,43,3e-5,bfloat16,layernorm,0.3752008378505707,train/longfact_test_llama/span_auc,0.6292766627489738,llama,span,auc
m9z367ud,apertus_no_lora_ln_bf16_layer26_seed44_lr1em3,finished,2026-03-16 01:21:44+00:00,apertus,ln_bf16,26,44,1e-3,bfloat16,layernorm,0.44535091519355774,train/longfact_test_llama/span_auc,0.8114613859697573,llama,span,auc
ycmihac6,apertus_no_lora_ln_bf16_layer26_seed44_lr1em4,finished,2026-03-16 01:21:44+00:00,apertus,ln_bf16,26,44,1e-4,bfloat16,layernorm,0.3027840852737427,train/longfact_test_llama/span_auc,0.7507798850719715,llama,span,auc
b7cu6by4,apertus_no_lora_ln_bf16_layer26_seed44_lr3em4,finished,2026-03-16 01:21:44+00:00,apertus,ln_bf16,26,44,3e-4,bfloat16,layernorm,0.33402493596076965,train/longfact_test_llama/span_auc,0.7946905447038694,llama,span,auc
82b66i5k,apertus_no_lora_ln_bf16_layer26_seed44_lr3em5,finished,2026-03-16 01:21:44+00:00,apertus,ln_bf16,26,44,3e-5,bfloat16,layernorm,0.3965613543987274,train/longfact_test_llama/span_auc,0.6316132058607103,llama,span,auc
7hvw78qp,apertus_no_lora_ln_bf16_layer30_seed42_lr1em3,finished,2026-03-16 01:21:44+00:00,apertus,ln_bf16,30,42,1e-3,bfloat16,layernorm,0.18903133273124695,train/longfact_test_llama/span_auc,0.8130811808076694,llama,span,auc
hq7zzpsr,apertus_no_lora_ln_bf16_layer30_seed42_lr1em4,finished,2026-03-16 01:21:44+00:00,apertus,ln_bf16,30,42,1e-4,bfloat16,layernorm,0.6139996647834778,train/longfact_test_llama/span_auc,0.7555754540120743,llama,span,auc
wehbf6bi,apertus_no_lora_ln_bf16_layer30_seed42_lr3em4,finished,2026-03-16 01:21:44+00:00,apertus,ln_bf16,30,42,3e-4,bfloat16,layernorm,0.2974618077278137,train/longfact_test_llama/span_auc,0.8002089187368604,llama,span,auc
inx8ca5d,apertus_no_lora_ln_bf16_layer30_seed42_lr3em5,finished,2026-03-16 01:21:44+00:00,apertus,ln_bf16,30,42,3e-5,bfloat16,layernorm,0.8954324722290039,train/longfact_test_llama/span_auc,0.6444784192214321,llama,span,auc
og90cgj0,apertus_no_lora_ln_bf16_layer30_seed43_lr1em3,finished,2026-03-16 01:21:44+00:00,apertus,ln_bf16,30,43,1e-3,bfloat16,layernorm,0.2775192856788635,train/longfact_test_llama/span_auc,0.815132794465489,llama,span,auc
5cwasjvc,apertus_no_lora_ln_bf16_layer30_seed43_lr1em4,finished,2026-03-16 01:21:44+00:00,apertus,ln_bf16,30,43,1e-4,bfloat16,layernorm,0.2989921569824219,train/longfact_test_llama/span_auc,0.753354927504581,llama,span,auc
7jkvxq48,apertus_no_lora_ln_bf16_layer30_seed43_lr3em4,finished,2026-03-16 01:21:44+00:00,apertus,ln_bf16,30,43,3e-4,bfloat16,layernorm,0.28141525387763977,train/longfact_test_llama/span_auc,0.8005631192418602,llama,span,auc
74i6ukb7,apertus_no_lora_ln_bf16_layer30_seed43_lr3em5,finished,2026-03-16 01:21:44+00:00,apertus,ln_bf16,30,43,3e-5,bfloat16,layernorm,0.367383748292923,train/longfact_test_llama/span_auc,0.6433657983444312,llama,span,auc
4m7o0thq,apertus_no_lora_ln_bf16_layer30_seed44_lr1em3,finished,2026-03-16 01:21:44+00:00,apertus,ln_bf16,30,44,1e-3,bfloat16,layernorm,0.3379320204257965,train/longfact_test_llama/span_auc,0.814973423266384,llama,span,auc
3huyrepp,apertus_no_lora_ln_bf16_layer30_seed44_lr1em4,finished,2026-03-16 01:21:44+00:00,apertus,ln_bf16,30,44,1e-4,bfloat16,layernorm,0.4082537889480591,train/longfact_test_llama/span_auc,0.7573966647977756,llama,span,auc
khqaa0hj,apertus_no_lora_ln_bf16_layer30_seed44_lr3em4,finished,2026-03-16 01:21:44+00:00,apertus,ln_bf16,30,44,3e-4,bfloat16,layernorm,0.3730915486812592,train/longfact_test_llama/span_auc,0.8010073672736501,llama,span,auc
v97a1dax,apertus_no_lora_ln_bf16_layer30_seed44_lr3em5,finished,2026-03-16 01:21:44+00:00,apertus,ln_bf16,30,44,3e-5,bfloat16,layernorm,0.44148337841033936,train/longfact_test_llama/span_auc,0.6463794651738964,llama,span,auc
a1vhu02a,apertus_no_lora_ln_fp32_layer10_seed42_lr1em3,finished,2026-03-16 18:21:39+00:00,apertus,ln_fp32,10,42,1e-3,float32,layernorm,0.12267088890075684,train/longfact_test_llama/span_auc,0.8257309244337995,llama,span,auc
s5e7uzrk,apertus_no_lora_ln_fp32_layer10_seed42_lr1em4,finished,2026-03-16 18:21:39+00:00,apertus,ln_fp32,10,42,1e-4,float32,layernorm,0.2215098738670349,train/longfact_test_llama/span_auc,0.8035549236009305,llama,span,auc
a039mxlm,apertus_no_lora_ln_fp32_layer10_seed42_lr3em4,finished,2026-03-16 18:21:39+00:00,apertus,ln_fp32,10,42,3e-4,float32,layernorm,0.15673403441905975,train/longfact_test_llama/span_auc,0.8188439659457263,llama,span,auc
ur0fzre6,apertus_no_lora_ln_fp32_layer10_seed42_lr3em5,finished,2026-03-16 18:21:39+00:00,apertus,ln_fp32,10,42,3e-5,float32,layernorm,0.4890720844268799,train/longfact_test_llama/span_auc,0.7668750177087731,llama,span,auc
kyx3dh6x,apertus_no_lora_ln_fp32_layer10_seed43_lr1em3,finished,2026-03-16 18:21:39+00:00,apertus,ln_fp32,10,43,1e-3,float32,layernorm,0.2920945882797241,train/longfact_test_llama/span_auc,0.8263851030664959,llama,span,auc
anpnl7j5,apertus_no_lora_ln_fp32_layer10_seed43_lr1em4,finished,2026-03-16 18:21:39+00:00,apertus,ln_fp32,10,43,1e-4,float32,layernorm,0.26364782452583313,train/longfact_test_llama/span_auc,0.8030075313474206,llama,span,auc
mu08a37q,apertus_no_lora_ln_fp32_layer10_seed43_lr3em4,finished,2026-03-16 18:21:39+00:00,apertus,ln_fp32,10,43,3e-4,float32,layernorm,0.2802787125110626,train/longfact_test_llama/span_auc,0.8191138219132246,llama,span,auc
0q5lbh0o,apertus_no_lora_ln_fp32_layer10_seed43_lr3em5,finished,2026-03-16 18:21:39+00:00,apertus,ln_fp32,10,43,3e-5,float32,layernorm,0.27201464772224426,train/longfact_test_llama/span_auc,0.766711860162343,llama,span,auc
b2incihb,apertus_no_lora_ln_fp32_layer10_seed44_lr1em3,finished,2026-03-16 18:21:39+00:00,apertus,ln_fp32,10,44,1e-3,float32,layernorm,0.19783645868301392,train/longfact_test_llama/span_auc,0.8261184531532004,llama,span,auc
9s2c6c1h,apertus_no_lora_ln_fp32_layer10_seed44_lr1em4,finished,2026-03-16 18:21:39+00:00,apertus,ln_fp32,10,44,1e-4,float32,layernorm,0.32758116722106934,train/longfact_test_llama/span_auc,0.8032586241966952,llama,span,auc
u1cqzubx,apertus_no_lora_ln_fp32_layer10_seed44_lr3em4,finished,2026-03-16 18:21:39+00:00,apertus,ln_fp32,10,44,3e-4,float32,layernorm,0.2790237069129944,train/longfact_test_llama/span_auc,0.819561062518335,llama,span,auc
jd8rl3y0,apertus_no_lora_ln_fp32_layer10_seed44_lr3em5,finished,2026-03-16 18:21:39+00:00,apertus,ln_fp32,10,44,3e-5,float32,layernorm,0.29283058643341064,train/longfact_test_llama/span_auc,0.7665124465100566,llama,span,auc
tvxgxlk0,apertus_no_lora_ln_fp32_layer20_seed42_lr1em3,finished,2026-03-16 18:21:39+00:00,apertus,ln_fp32,20,42,1e-3,float32,layernorm,0.11203589290380478,train/longfact_test_llama/span_auc,0.8283905779669409,llama,span,auc
szjyc7rq,apertus_no_lora_ln_fp32_layer20_seed42_lr1em4,finished,2026-03-16 18:21:39+00:00,apertus,ln_fp32,20,42,1e-4,float32,layernorm,0.3388446271419525,train/longfact_test_llama/span_auc,0.803419145688256,llama,span,auc
j1ydn4mi,apertus_no_lora_ln_fp32_layer20_seed42_lr3em4,finished,2026-03-16 18:21:39+00:00,apertus,ln_fp32,20,42,3e-4,float32,layernorm,0.18392929434776303,train/longfact_test_llama/span_auc,0.8220408764989451,llama,span,auc
mru621ko,apertus_no_lora_ln_fp32_layer20_seed42_lr3em5,finished,2026-03-16 18:21:39+00:00,apertus,ln_fp32,20,42,3e-5,float32,layernorm,0.6155123114585876,train/longfact_test_llama/span_auc,0.7569750757758805,llama,span,auc
cuinxn0m,apertus_no_lora_ln_fp32_layer20_seed43_lr1em3,finished,2026-03-16 18:21:39+00:00,apertus,ln_fp32,20,43,1e-3,float32,layernorm,0.2761920690536499,train/longfact_test_llama/span_auc,0.8289206463121349,llama,span,auc
gfuz02ro,apertus_no_lora_ln_fp32_layer20_seed43_lr1em4,finished,2026-03-16 18:21:39+00:00,apertus,ln_fp32,20,43,1e-4,float32,layernorm,0.28859972953796387,train/longfact_test_llama/span_auc,0.8033327173499565,llama,span,auc
bydlptvs,apertus_no_lora_ln_fp32_layer20_seed43_lr3em4,finished,2026-03-16 18:21:39+00:00,apertus,ln_fp32,20,43,3e-4,float32,layernorm,0.27679380774497986,train/longfact_test_llama/span_auc,0.8219803059269081,llama,span,auc
5a8w5arg,apertus_no_lora_ln_fp32_layer20_seed43_lr3em5,finished,2026-03-16 18:21:39+00:00,apertus,ln_fp32,20,43,3e-5,float32,layernorm,0.30041441321372986,train/longfact_test_llama/span_auc,0.7563482702472974,llama,span,auc
3wystufk,apertus_no_lora_ln_fp32_layer20_seed44_lr1em3,finished,2026-03-16 18:21:39+00:00,apertus,ln_fp32,20,44,1e-3,float32,layernorm,0.37859293818473816,train/longfact_test_llama/span_auc,0.8301180630401257,llama,span,auc
ipm80jlq,apertus_no_lora_ln_fp32_layer20_seed44_lr1em4,finished,2026-03-16 18:21:39+00:00,apertus,ln_fp32,20,44,1e-4,float32,layernorm,0.39040952920913696,train/longfact_test_llama/span_auc,0.8040094555883514,llama,span,auc
28tm3neg,apertus_no_lora_ln_fp32_layer20_seed44_lr3em4,finished,2026-03-16 18:21:39+00:00,apertus,ln_fp32,20,44,3e-4,float32,layernorm,0.4330550134181976,train/longfact_test_llama/span_auc,0.8227349195176459,llama,span,auc
zoq512xp,apertus_no_lora_ln_fp32_layer20_seed44_lr3em5,finished,2026-03-16 18:21:39+00:00,apertus,ln_fp32,20,44,3e-5,float32,layernorm,0.37936899065971375,train/longfact_test_llama/span_auc,0.7580683927266646,llama,span,auc
8hrkgqv3,apertus_no_lora_ln_fp32_layer26_seed42_lr1em3,finished,2026-03-16 18:21:39+00:00,apertus,ln_fp32,26,42,1e-3,float32,layernorm,0.17951826751232147,train/longfact_test_llama/span_auc,0.8105966424390525,llama,span,auc
rlqcb2g4,apertus_no_lora_ln_fp32_layer26_seed42_lr1em4,finished,2026-03-16 18:21:39+00:00,apertus,ln_fp32,26,42,1e-4,float32,layernorm,0.3578282594680786,train/longfact_test_llama/span_auc,0.780267444347946,llama,span,auc
r2wu0aof,apertus_no_lora_ln_fp32_layer26_seed42_lr3em4,finished,2026-03-16 18:21:39+00:00,apertus,ln_fp32,26,42,3e-4,float32,layernorm,0.24504521489143372,train/longfact_test_llama/span_auc,0.8037711352564878,llama,span,auc
okj43cej,apertus_no_lora_ln_fp32_layer26_seed42_lr3em5,finished,2026-03-16 18:21:39+00:00,apertus,ln_fp32,26,42,3e-5,float32,layernorm,0.6153150200843811,train/longfact_test_llama/span_auc,0.7268439324033396,llama,span,auc
44fifewm,apertus_no_lora_ln_fp32_layer26_seed43_lr1em3,finished,2026-03-16 18:21:39+00:00,apertus,ln_fp32,26,43,1e-3,float32,layernorm,0.26287174224853516,train/longfact_test_llama/span_auc,0.8111649186384948,llama,span,auc
cfgw5o62,apertus_no_lora_ln_fp32_layer26_seed43_lr1em4,finished,2026-03-16 18:21:39+00:00,apertus,ln_fp32,26,43,1e-4,float32,layernorm,0.27609291672706604,train/longfact_test_llama/span_auc,0.7798030375445778,llama,span,auc
5yjm6w2c,apertus_no_lora_ln_fp32_layer26_seed43_lr3em4,finished,2026-03-16 18:21:39+00:00,apertus,ln_fp32,26,43,3e-4,float32,layernorm,0.268221378326416,train/longfact_test_llama/span_auc,0.8031169232073884,llama,span,auc
bj0fbt17,apertus_no_lora_ln_fp32_layer26_seed43_lr3em5,finished,2026-03-16 18:21:39+00:00,apertus,ln_fp32,26,43,3e-5,float32,layernorm,0.28795114159584045,train/longfact_test_llama/span_auc,0.7265552245144871,llama,span,auc
thtwlsce,apertus_no_lora_ln_fp32_layer26_seed44_lr1em3,finished,2026-03-16 18:21:39+00:00,apertus,ln_fp32,26,44,1e-3,float32,layernorm,0.4517517387866974,train/longfact_test_llama/span_auc,0.8134549960498432,llama,span,auc
a2rdvxyc,apertus_no_lora_ln_fp32_layer26_seed44_lr1em4,finished,2026-03-16 18:21:39+00:00,apertus,ln_fp32,26,44,1e-4,float32,layernorm,0.28372296690940857,train/longfact_test_llama/span_auc,0.780885815192321,llama,span,auc
veq9b7kw,apertus_no_lora_ln_fp32_layer26_seed44_lr3em4,finished,2026-03-16 18:21:39+00:00,apertus,ln_fp32,26,44,3e-4,float32,layernorm,0.37059929966926575,train/longfact_test_llama/span_auc,0.8042347433694153,llama,span,auc
5aqux06m,apertus_no_lora_ln_fp32_layer26_seed44_lr3em5,finished,2026-03-16 18:21:39+00:00,apertus,ln_fp32,26,44,3e-5,float32,layernorm,0.3035992383956909,train/longfact_test_llama/span_auc,0.7289424968755356,llama,span,auc
qg1y3gso,apertus_no_lora_ln_fp32_layer30_seed42_lr1em3,finished,2026-03-16 18:21:39+00:00,apertus,ln_fp32,30,42,1e-3,float32,layernorm,0.1903767287731171,train/longfact_test_llama/span_auc,0.8136550588253599,llama,span,auc
r9e2fhqm,apertus_no_lora_ln_fp32_layer30_seed42_lr1em4,finished,2026-03-16 18:21:39+00:00,apertus,ln_fp32,30,42,1e-4,float32,layernorm,0.38982802629470825,train/longfact_test_llama/span_auc,0.7856703791506818,llama,span,auc
e24v1w1s,apertus_no_lora_ln_fp32_layer30_seed42_lr3em4,finished,2026-03-16 18:21:39+00:00,apertus,ln_fp32,30,42,3e-4,float32,layernorm,0.2570212781429291,train/longfact_test_llama/span_auc,0.8069980813945343,llama,span,auc
jtcznw8g,apertus_no_lora_ln_fp32_layer30_seed42_lr3em5,finished,2026-03-16 18:21:39+00:00,apertus,ln_fp32,30,42,3e-5,float32,layernorm,0.6943867206573486,train/longfact_test_llama/span_auc,0.739953283930093,llama,span,auc
v3qqa12o,apertus_no_lora_ln_fp32_layer30_seed43_lr1em3,finished,2026-03-16 18:21:39+00:00,apertus,ln_fp32,30,43,1e-3,float32,layernorm,0.2808498740196228,train/longfact_test_llama/span_auc,0.8159817281198005,llama,span,auc
lgm2cr72,apertus_no_lora_ln_fp32_layer30_seed43_lr1em4,finished,2026-03-16 18:21:39+00:00,apertus,ln_fp32,30,43,1e-4,float32,layernorm,0.2797033190727234,train/longfact_test_llama/span_auc,0.7862464555835915,llama,span,auc
f873k60o,apertus_no_lora_ln_fp32_layer30_seed43_lr3em4,finished,2026-03-16 18:21:39+00:00,apertus,ln_fp32,30,43,3e-4,float32,layernorm,0.28264516592025757,train/longfact_test_llama/span_auc,0.8079979314370818,llama,span,auc
ybsg28sj,apertus_no_lora_ln_fp32_layer30_seed43_lr3em5,finished,2026-03-16 18:21:39+00:00,apertus,ln_fp32,30,43,3e-5,float32,layernorm,0.30628159642219543,train/longfact_test_llama/span_auc,0.7399249110225663,llama,span,auc
kn811t36,apertus_no_lora_ln_fp32_layer30_seed44_lr1em3,finished,2026-03-16 18:21:39+00:00,apertus,ln_fp32,30,44,1e-3,float32,layernorm,0.3007677495479584,train/longfact_test_llama/span_auc,0.8166019609107854,llama,span,auc
wf8rodcd,apertus_no_lora_ln_fp32_layer30_seed44_lr1em4,finished,2026-03-16 18:21:39+00:00,apertus,ln_fp32,30,44,1e-4,float32,layernorm,0.3687911331653595,train/longfact_test_llama/span_auc,0.7860679767316254,llama,span,auc
524a5l0b,apertus_no_lora_ln_fp32_layer30_seed44_lr3em4,finished,2026-03-16 18:21:39+00:00,apertus,ln_fp32,30,44,3e-4,float32,layernorm,0.3833605647087097,train/longfact_test_llama/span_auc,0.808385731712769,llama,span,auc
m6zpszut,apertus_no_lora_ln_fp32_layer30_seed44_lr3em5,finished,2026-03-16 18:21:39+00:00,apertus,ln_fp32,30,44,3e-5,float32,layernorm,0.4072107970714569,train/longfact_test_llama/span_auc,0.7415754605509346,llama,span,auc
2msk68xv,apertus_no_lora_long_form_layer10_seed42,finished,2026-03-02 14:54:28+00:00,apertus,apertus_layers,10,42,,bfloat16,none,0.1188635155558586,train/longfact_test_llama/span_f1,0.4938731842897636,llama,span,f1
ennpfi5c,apertus_no_lora_long_form_layer10_seed43,finished,2026-03-02 14:55:28+00:00,apertus,apertus_layers,10,43,,bfloat16,none,0.2892115116119385,train/longfact_test_llama/span_f1,0.5458616221819124,llama,span,f1
ckfvtpqq,apertus_no_lora_long_form_layer10_seed44,finished,2026-03-02 14:55:28+00:00,apertus,apertus_layers,10,44,,bfloat16,none,0.14164792001247406,train/longfact_test_llama/span_f1,0.5732659162503261,llama,span,f1
5w54hojz,apertus_no_lora_long_form_layer20_seed42,finished,2026-03-02 14:56:24+00:00,apertus,apertus_layers,20,42,,bfloat16,none,0.002515794476494193,train/longfact_test_llama/span_f1,0.4108404977637708,llama,span,f1
h3qhm4bp,apertus_no_lora_long_form_layer20_seed43,finished,2026-03-02 14:56:24+00:00,apertus,apertus_layers,20,43,,bfloat16,none,0.4361111521720886,train/longfact_test_llama/span_f1,0.42426054556327336,llama,span,f1
1sb6t3rt,apertus_no_lora_long_form_layer20_seed44,finished,2026-03-02 14:56:24+00:00,apertus,apertus_layers,20,44,,bfloat16,none,0.9805268049240112,train/longfact_test_llama/span_f1,0.4426168728302268,llama,span,f1
fjxaywoo,apertus_no_lora_long_form_layer26_seed42,finished,2026-03-02 14:56:59+00:00,apertus,apertus_layers,26,42,,bfloat16,none,0.022064460441470143,train/longfact_test_llama/span_f1,0.4017663683466792,llama,span,f1
fc3llcx0,apertus_no_lora_long_form_layer26_seed43,finished,2026-03-02 14:58:28+00:00,apertus,apertus_layers,26,43,,bfloat16,none,4.096796035766602,train/longfact_test_llama/span_f1,0.411768105889833,llama,span,f1
gtn6g9ne,apertus_no_lora_long_form_layer26_seed44,finished,2026-03-02 14:58:28+00:00,apertus,apertus_layers,26,44,,bfloat16,none,0.0003512128023430705,train/longfact_test_llama/span_f1,0.40374767225325886,llama,span,f1
pk12wkry,apertus_no_lora_long_form_layer30_seed42,finished,2026-03-02 14:58:28+00:00,apertus,apertus_layers,30,42,,bfloat16,none,82.0517578125,train/longfact_test_llama/span_f1,0.0005349781288353212,llama,span,f1
vhvivjkc,apertus_no_lora_long_form_layer30_seed43,finished,2026-03-02 14:58:28+00:00,apertus,apertus_layers,30,43,,bfloat16,none,10.69191074371338,train/longfact_test_llama/span_f1,0.4915767576714558,llama,span,f1
agskbmvs,apertus_no_lora_long_form_layer30_seed44,finished,2026-03-02 14:58:28+00:00,apertus,apertus_layers,30,44,,bfloat16,none,0.0001453680742997676,train/longfact_test_llama/span_f1,0.4369267745190291,llama,span,f1
o5fobkxj,apertus_no_lora_bf16_only_layer10_seed42_lr1em3,finished,2026-03-16 01:21:45+00:00,apertus,bf16_only,10,42,1e-3,bfloat16,none,0.1060740053653717,train/longfact_test_llama/span_f1,0.506009144350098,llama,span,f1
ngsqu3i1,apertus_no_lora_bf16_only_layer10_seed42_lr1em4,finished,2026-03-16 01:21:45+00:00,apertus,bf16_only,10,42,1e-4,bfloat16,none,0.11451046913862228,train/longfact_test_llama/span_f1,0.4556869680557091,llama,span,f1
5xzqhvy4,apertus_no_lora_bf16_only_layer10_seed42_lr3em4,finished,2026-03-16 01:21:45+00:00,apertus,bf16_only,10,42,3e-4,bfloat16,none,0.11626026779413225,train/longfact_test_llama/span_f1,0.5222204481345468,llama,span,f1
83kur7ka,apertus_no_lora_bf16_only_layer10_seed42_lr3em5,finished,2026-03-16 01:21:45+00:00,apertus,bf16_only,10,42,3e-5,bfloat16,none,0.4366786777973175,train/longfact_test_llama/span_f1,0.29196581196581195,llama,span,f1
j9k3f0jm,apertus_no_lora_bf16_only_layer10_seed43_lr1em3,finished,2026-03-16 01:21:44+00:00,apertus,bf16_only,10,43,1e-3,bfloat16,none,0.3009301424026489,train/longfact_test_llama/span_f1,0.548321306927003,llama,span,f1
ougxjsfh,apertus_no_lora_bf16_only_layer10_seed43_lr1em4,finished,2026-03-16 01:21:44+00:00,apertus,bf16_only,10,43,1e-4,bfloat16,none,0.27749955654144287,train/longfact_test_llama/span_f1,0.4273121239350751,llama,span,f1
21sy8y12,apertus_no_lora_bf16_only_layer10_seed43_lr3em4,finished,2026-03-16 01:21:44+00:00,apertus,bf16_only,10,43,3e-4,bfloat16,none,0.2755349278450012,train/longfact_test_llama/span_f1,0.5138249095340871,llama,span,f1
t26a4uwp,apertus_no_lora_bf16_only_layer10_seed43_lr3em5,finished,2026-03-16 01:21:44+00:00,apertus,bf16_only,10,43,3e-5,bfloat16,none,0.3126707673072815,train/longfact_test_llama/span_f1,0.2868610003068426,llama,span,f1
p9n6ul1e,apertus_no_lora_bf16_only_layer10_seed44_lr1em3,finished,2026-03-16 01:21:44+00:00,apertus,bf16_only,10,44,1e-3,bfloat16,none,0.15629735589027405,train/longfact_test_llama/span_f1,0.561858707357214,llama,span,f1
feljklm1,apertus_no_lora_bf16_only_layer10_seed44_lr1em4,finished,2026-03-16 01:21:44+00:00,apertus,bf16_only,10,44,1e-4,bfloat16,none,0.593794047832489,train/longfact_test_llama/span_f1,0.4499050200513225,llama,span,f1
lfafy2oe,apertus_no_lora_bf16_only_layer10_seed44_lr3em4,finished,2026-03-16 01:21:44+00:00,apertus,bf16_only,10,44,3e-4,bfloat16,none,0.2656649947166443,train/longfact_test_llama/span_f1,0.5399044305654525,llama,span,f1
r3oezlrl,apertus_no_lora_bf16_only_layer10_seed44_lr3em5,finished,2026-03-16 01:21:44+00:00,apertus,bf16_only,10,44,3e-5,bfloat16,none,0.7305357456207275,train/longfact_test_llama/span_f1,0.2917534105660193,llama,span,f1
uw94ef5i,apertus_no_lora_bf16_only_layer20_seed42_lr1em3,finished,2026-03-16 01:21:44+00:00,apertus,bf16_only,20,42,1e-3,bfloat16,none,0.006061427295207977,train/longfact_test_llama/span_f1,0.3890747065984329,llama,span,f1
ymsrn4r6,apertus_no_lora_bf16_only_layer20_seed42_lr1em4,finished,2026-03-16 01:21:44+00:00,apertus,bf16_only,20,42,1e-4,bfloat16,none,0.04400371387600899,train/longfact_test_llama/span_f1,0.40789131932289135,llama,span,f1
uy0gdnv4,apertus_no_lora_bf16_only_layer20_seed42_lr3em4,finished,2026-03-16 01:21:44+00:00,apertus,bf16_only,20,42,3e-4,bfloat16,none,0.00907330308109522,train/longfact_test_llama/span_f1,0.39669810211424944,llama,span,f1
fu81gp5i,apertus_no_lora_bf16_only_layer20_seed42_lr3em5,finished,2026-03-16 01:21:44+00:00,apertus,bf16_only,20,42,3e-5,bfloat16,none,2.1262459754943848,train/longfact_test_llama/span_f1,0.28293010752688175,llama,span,f1
2g6rw2bt,apertus_no_lora_bf16_only_layer20_seed43_lr1em3,finished,2026-03-16 01:21:44+00:00,apertus,bf16_only,20,43,1e-3,bfloat16,none,0.5826413631439209,train/longfact_test_llama/span_f1,0.43638064383655406,llama,span,f1
7ynpw2cn,apertus_no_lora_bf16_only_layer20_seed43_lr1em4,finished,2026-03-16 01:21:44+00:00,apertus,bf16_only,20,43,1e-4,bfloat16,none,1.368619084358215,train/longfact_test_llama/span_f1,0.38893811929614586,llama,span,f1
900ivg46,apertus_no_lora_bf16_only_layer20_seed43_lr3em4,finished,2026-03-16 01:21:44+00:00,apertus,bf16_only,20,43,3e-4,bfloat16,none,0.40857547521591187,train/longfact_test_llama/span_f1,0.4520025143678161,llama,span,f1
qo5cb98m,apertus_no_lora_bf16_only_layer20_seed43_lr3em5,finished,2026-03-16 01:21:44+00:00,apertus,bf16_only,20,43,3e-5,bfloat16,none,6.096769332885742,train/longfact_test_llama/span_f1,0.2856355774873939,llama,span,f1
99kvtmj8,apertus_no_lora_bf16_only_layer20_seed44_lr1em3,finished,2026-03-16 01:21:44+00:00,apertus,bf16_only,20,44,1e-3,bfloat16,none,0.13294142484664917,train/longfact_test_llama/span_f1,0.45256218492050304,llama,span,f1
g1itgrow,apertus_no_lora_bf16_only_layer20_seed44_lr1em4,finished,2026-03-16 01:21:44+00:00,apertus,bf16_only,20,44,1e-4,bfloat16,none,4.639030521502718e-05,train/longfact_test_llama/span_f1,0.4055449850502854,llama,span,f1
vuc2g8id,apertus_no_lora_bf16_only_layer20_seed44_lr3em4,finished,2026-03-16 01:21:44+00:00,apertus,bf16_only,20,44,3e-4,bfloat16,none,0.2754364609718323,train/longfact_test_llama/span_f1,0.4531400858959704,llama,span,f1
v52uwh1g,apertus_no_lora_bf16_only_layer20_seed44_lr3em5,finished,2026-03-16 01:21:44+00:00,apertus,bf16_only,20,44,3e-5,bfloat16,none,23.12533187866211,train/longfact_test_llama/span_f1,0.2838807187582468,llama,span,f1
vz5jn274,apertus_no_lora_bf16_only_layer26_seed42_lr1em3,finished,2026-03-16 01:21:44+00:00,apertus,bf16_only,26,42,1e-3,bfloat16,none,0.023973966017365456,train/longfact_test_llama/span_f1,0.3765880654475457,llama,span,f1
4drsxr5u,apertus_no_lora_bf16_only_layer26_seed42_lr1em4,finished,2026-03-16 01:21:44+00:00,apertus,bf16_only,26,42,1e-4,bfloat16,none,0.023594362661242485,train/longfact_test_llama/span_f1,0.37223915592028134,llama,span,f1
1crms08u,apertus_no_lora_bf16_only_layer26_seed42_lr3em4,finished,2026-03-16 01:21:44+00:00,apertus,bf16_only,26,42,3e-4,bfloat16,none,0.006822563707828522,train/longfact_test_llama/span_f1,0.37411948865118705,llama,span,f1
cq95ctu3,apertus_no_lora_bf16_only_layer26_seed42_lr3em5,finished,2026-03-16 01:21:44+00:00,apertus,bf16_only,26,42,3e-5,bfloat16,none,0.9924049973487854,train/longfact_test_llama/span_f1,0.2381029722267338,llama,span,f1
q08ckrfy,apertus_no_lora_bf16_only_layer26_seed43_lr1em3,finished,2026-03-16 01:21:45+00:00,apertus,bf16_only,26,43,1e-3,bfloat16,none,4.096848487854004,train/longfact_test_llama/span_f1,0.4131671696113888,llama,span,f1
hirctdjt,apertus_no_lora_bf16_only_layer26_seed43_lr1em4,finished,2026-03-16 01:21:45+00:00,apertus,bf16_only,26,43,1e-4,bfloat16,none,4.878128528594971,train/longfact_test_llama/span_f1,0.35723428463070067,llama,span,f1
psn29j9n,apertus_no_lora_bf16_only_layer26_seed43_lr3em4,finished,2026-03-16 01:21:45+00:00,apertus,bf16_only,26,43,3e-4,bfloat16,none,1.7208261489868164,train/longfact_test_llama/span_f1,0.3774515560775103,llama,span,f1
lx8g6b8s,apertus_no_lora_bf16_only_layer26_seed43_lr3em5,finished,2026-03-16 01:21:45+00:00,apertus,bf16_only,26,43,3e-5,bfloat16,none,12.94149684906006,train/longfact_test_llama/span_f1,0.2372159446796783,llama,span,f1
wixkxx9v,apertus_no_lora_bf16_only_layer26_seed44_lr1em3,finished,2026-03-16 01:21:44+00:00,apertus,bf16_only,26,44,1e-3,bfloat16,none,10.250615119934082,train/longfact_test_llama/span_f1,0.4252381169393428,llama,span,f1
2r4mqan8,apertus_no_lora_bf16_only_layer26_seed44_lr1em4,finished,2026-03-16 01:21:44+00:00,apertus,bf16_only,26,44,1e-4,bfloat16,none,0.0004059617640450597,train/longfact_test_llama/span_f1,0.3699874281820211,llama,span,f1
v3h0pfq3,apertus_no_lora_bf16_only_layer26_seed44_lr3em4,finished,2026-03-16 01:21:44+00:00,apertus,bf16_only,26,44,3e-4,bfloat16,none,0.3673836886882782,train/longfact_test_llama/span_f1,0.394083060261684,llama,span,f1
muqajhqb,apertus_no_lora_bf16_only_layer26_seed44_lr3em5,finished,2026-03-16 01:21:44+00:00,apertus,bf16_only,26,44,3e-5,bfloat16,none,7.75074577331543,train/longfact_test_llama/span_f1,0.23376166610141816,llama,span,f1
imd2hxzj,apertus_no_lora_bf16_only_layer30_seed42_lr1em3,finished,2026-03-16 01:21:44+00:00,apertus,bf16_only,30,42,1e-3,bfloat16,none,82.0517578125,train/longfact_test_llama/span_f1,0.0,llama,span,f1
g9535ebe,apertus_no_lora_bf16_only_layer30_seed42_lr1em4,finished,2026-03-16 01:21:44+00:00,apertus,bf16_only,30,42,1e-4,bfloat16,none,0.033634547144174576,train/longfact_test_llama/span_f1,0.3801734355014727,llama,span,f1
j9yucacb,apertus_no_lora_bf16_only_layer30_seed42_lr3em4,finished,2026-03-16 01:21:44+00:00,apertus,bf16_only,30,42,3e-4,bfloat16,none,0.025012411177158356,train/longfact_test_llama/span_f1,0.4130462332515352,llama,span,f1
4bo3xdzv,apertus_no_lora_bf16_only_layer30_seed42_lr3em5,finished,2026-03-16 01:21:44+00:00,apertus,bf16_only,30,42,3e-5,bfloat16,none,33.04824447631836,train/longfact_test_llama/span_f1,0.17683777233152342,llama,span,f1
a55rsp1p,apertus_no_lora_bf16_only_layer30_seed43_lr1em3,finished,2026-03-16 01:21:45+00:00,apertus,bf16_only,30,43,1e-3,bfloat16,none,9.379252433776855,train/longfact_test_llama/span_f1,0.45513157159617856,llama,span,f1
5uzjpj1x,apertus_no_lora_bf16_only_layer30_seed43_lr1em4,finished,2026-03-16 01:21:45+00:00,apertus,bf16_only,30,43,1e-4,bfloat16,none,6.222002029418945,train/longfact_test_llama/span_f1,0.3711045481393975,llama,span,f1
fctlmblr,apertus_no_lora_bf16_only_layer30_seed43_lr3em4,finished,2026-03-16 01:21:45+00:00,apertus,bf16_only,30,43,3e-4,bfloat16,none,5.815634250640869,train/longfact_test_llama/span_f1,0.3854181356649274,llama,span,f1
580vhzgn,apertus_no_lora_bf16_only_layer30_seed43_lr3em5,finished,2026-03-16 01:21:45+00:00,apertus,bf16_only,30,43,3e-5,bfloat16,none,10.316194534301758,train/longfact_test_llama/span_f1,0.1663349057890001,llama,span,f1
uns2a6j2,apertus_no_lora_bf16_only_layer30_seed44_lr1em3,finished,2026-03-16 01:21:44+00:00,apertus,bf16_only,30,44,1e-3,bfloat16,none,0.0,train/longfact_test_llama/span_f1,3.1476730826736335e-05,llama,span,f1
m97ar22y,apertus_no_lora_bf16_only_layer30_seed44_lr1em4,finished,2026-03-16 01:21:44+00:00,apertus,bf16_only,30,44,1e-4,bfloat16,none,10.063371658325195,train/longfact_test_llama/span_f1,0.3577301651612288,llama,span,f1
hr0vmzt0,apertus_no_lora_bf16_only_layer30_seed44_lr3em4,finished,2026-03-16 01:21:44+00:00,apertus,bf16_only,30,44,3e-4,bfloat16,none,6.532261848449707,train/longfact_test_llama/span_f1,0.39942726098040815,llama,span,f1
w644eh9h,apertus_no_lora_bf16_only_layer30_seed44_lr3em5,finished,2026-03-16 01:21:44+00:00,apertus,bf16_only,30,44,3e-5,bfloat16,none,33.25065612792969,train/longfact_test_llama/span_f1,0.1690631808278867,llama,span,f1
3618z7cg,apertus_no_lora_fp32_only_layer10_seed42_lr1em3,finished,2026-03-16 18:21:39+00:00,apertus,fp32_only,10,42,1e-3,float32,none,0.11816876381635666,train/longfact_test_llama/span_f1,0.4818914825374198,llama,span,f1
mhg0ycoh,apertus_no_lora_fp32_only_layer10_seed42_lr1em4,finished,2026-03-16 18:21:39+00:00,apertus,fp32_only,10,42,1e-4,float32,none,0.1332954168319702,train/longfact_test_llama/span_f1,0.4894552419091562,llama,span,f1
b71ik25s,apertus_no_lora_fp32_only_layer10_seed42_lr3em4,finished,2026-03-16 18:21:39+00:00,apertus,fp32_only,10,42,3e-4,float32,none,0.1127048209309578,train/longfact_test_llama/span_f1,0.5101361966779713,llama,span,f1
8hl54mqx,apertus_no_lora_fp32_only_layer10_seed42_lr3em5,finished,2026-03-16 18:21:39+00:00,apertus,fp32_only,10,42,3e-5,float32,none,0.15368859469890594,train/longfact_test_llama/span_f1,0.4257697388476781,llama,span,f1
x3sqior5,apertus_no_lora_fp32_only_layer10_seed43_lr1em3,finished,2026-03-16 18:21:39+00:00,apertus,fp32_only,10,43,1e-3,float32,none,0.29647397994995117,train/longfact_test_llama/span_f1,0.530157924779603,llama,span,f1
dm4602lm,apertus_no_lora_fp32_only_layer10_seed43_lr1em4,finished,2026-03-16 18:21:39+00:00,apertus,fp32_only,10,43,1e-4,float32,none,0.2917933166027069,train/longfact_test_llama/span_f1,0.47776640133875,llama,span,f1
3mcpf9f3,apertus_no_lora_fp32_only_layer10_seed43_lr3em4,finished,2026-03-16 18:21:39+00:00,apertus,fp32_only,10,43,3e-4,float32,none,0.2921086251735687,train/longfact_test_llama/span_f1,0.5340233568025633,llama,span,f1
0v0cghh6,apertus_no_lora_fp32_only_layer10_seed43_lr3em5,finished,2026-03-16 18:21:39+00:00,apertus,fp32_only,10,43,3e-5,float32,none,0.27485892176628113,train/longfact_test_llama/span_f1,0.40371058370158414,llama,span,f1
k8u6gf39,apertus_no_lora_fp32_only_layer10_seed44_lr1em3,finished,2026-03-16 18:21:39+00:00,apertus,fp32_only,10,44,1e-3,float32,none,0.09856606274843216,train/longfact_test_llama/span_f1,0.566023166023166,llama,span,f1
rgnn8edm,apertus_no_lora_fp32_only_layer10_seed44_lr1em4,finished,2026-03-16 18:21:39+00:00,apertus,fp32_only,10,44,1e-4,float32,none,0.4017370939254761,train/longfact_test_llama/span_f1,0.50855996243009,llama,span,f1
1hlg6mhh,apertus_no_lora_fp32_only_layer10_seed44_lr3em4,finished,2026-03-16 18:21:39+00:00,apertus,fp32_only,10,44,3e-4,float32,none,0.3334559202194214,train/longfact_test_llama/span_f1,0.5598032686100722,llama,span,f1
h32xr3bj,apertus_no_lora_fp32_only_layer10_seed44_lr3em5,finished,2026-03-16 18:21:39+00:00,apertus,fp32_only,10,44,3e-5,float32,none,0.6063321232795715,train/longfact_test_llama/span_f1,0.421981712159372,llama,span,f1
7otuls41,apertus_no_lora_fp32_only_layer20_seed42_lr1em3,finished,2026-03-16 18:21:39+00:00,apertus,fp32_only,20,42,1e-3,float32,none,0.0014074433129280806,train/longfact_test_llama/span_f1,0.4086068697881777,llama,span,f1
h3hhroh2,apertus_no_lora_fp32_only_layer20_seed42_lr1em4,finished,2026-03-16 18:21:39+00:00,apertus,fp32_only,20,42,1e-4,float32,none,0.005417922046035528,train/longfact_test_llama/span_f1,0.37354168896500056,llama,span,f1
gbg3qolw,apertus_no_lora_fp32_only_layer20_seed42_lr3em4,finished,2026-03-16 18:21:39+00:00,apertus,fp32_only,20,42,3e-4,float32,none,0.012795637361705303,train/longfact_test_llama/span_f1,0.38503682307022047,llama,span,f1
vpc4pmw1,apertus_no_lora_fp32_only_layer20_seed42_lr3em5,finished,2026-03-16 18:21:39+00:00,apertus,fp32_only,20,42,3e-5,float32,none,0.4815448522567749,train/longfact_test_llama/span_f1,0.383723211503618,llama,span,f1
4hd86xs1,apertus_no_lora_fp32_only_layer20_seed43_lr1em3,finished,2026-03-16 18:21:39+00:00,apertus,fp32_only,20,43,1e-3,float32,none,0.7915925979614258,train/longfact_test_llama/span_f1,0.40844906328642,llama,span,f1
dtswvc78,apertus_no_lora_fp32_only_layer20_seed43_lr1em4,finished,2026-03-16 18:21:39+00:00,apertus,fp32_only,20,43,1e-4,float32,none,0.9363940954208374,train/longfact_test_llama/span_f1,0.3850107116517016,llama,span,f1
r4canywa,apertus_no_lora_fp32_only_layer20_seed43_lr3em4,finished,2026-03-16 18:21:39+00:00,apertus,fp32_only,20,43,3e-4,float32,none,0.4842445254325866,train/longfact_test_llama/span_f1,0.4210380590902274,llama,span,f1
5pryw2ji,apertus_no_lora_fp32_only_layer20_seed43_lr3em5,finished,2026-03-16 18:21:39+00:00,apertus,fp32_only,20,43,3e-5,float32,none,2.3771839141845703,train/longfact_test_llama/span_f1,0.3717348950616563,llama,span,f1
cu47livm,apertus_no_lora_fp32_only_layer20_seed44_lr1em3,finished,2026-03-16 18:21:39+00:00,apertus,fp32_only,20,44,1e-3,float32,none,0.8405814170837402,train/longfact_test_llama/span_f1,0.4295880662378541,llama,span,f1
7cq66mkt,apertus_no_lora_fp32_only_layer20_seed44_lr1em4,finished,2026-03-16 18:21:39+00:00,apertus,fp32_only,20,44,1e-4,float32,none,0.00021276120969559997,train/longfact_test_llama/span_f1,0.40195142156919145,llama,span,f1
wrlr6qli,apertus_no_lora_fp32_only_layer20_seed44_lr3em4,finished,2026-03-16 18:21:39+00:00,apertus,fp32_only,20,44,3e-4,float32,none,0.7323926091194153,train/longfact_test_llama/span_f1,0.4305301125308635,llama,span,f1
nkk8fdiv,apertus_no_lora_fp32_only_layer20_seed44_lr3em5,finished,2026-03-16 18:21:39+00:00,apertus,fp32_only,20,44,3e-5,float32,none,3.7443130016326904,train/longfact_test_llama/span_f1,0.3834716459197787,llama,span,f1
jeyu4ke4,apertus_no_lora_fp32_only_layer26_seed42_lr1em3,finished,2026-03-16 18:21:39+00:00,apertus,fp32_only,26,42,1e-3,float32,none,0.02182931825518608,train/longfact_test_llama/span_f1,0.3845888167688918,llama,span,f1
6jnxw4n2,apertus_no_lora_fp32_only_layer26_seed42_lr1em4,finished,2026-03-16 18:21:39+00:00,apertus,fp32_only,26,42,1e-4,float32,none,0.017278315499424934,train/longfact_test_llama/span_f1,0.34163165181065264,llama,span,f1
vz2hbt4t,apertus_no_lora_fp32_only_layer26_seed42_lr3em4,finished,2026-03-16 18:21:39+00:00,apertus,fp32_only,26,42,3e-4,float32,none,0.006629477255046368,train/longfact_test_llama/span_f1,0.33513075307383344,llama,span,f1
g2rdqxou,apertus_no_lora_fp32_only_layer26_seed42_lr3em5,finished,2026-03-16 18:21:39+00:00,apertus,fp32_only,26,42,3e-5,float32,none,0.029366448521614075,train/longfact_test_llama/span_f1,0.3190768967498258,llama,span,f1
g557mw8r,apertus_no_lora_fp32_only_layer26_seed43_lr1em3,finished,2026-03-16 18:21:39+00:00,apertus,fp32_only,26,43,1e-3,float32,none,5.589945316314697,train/longfact_test_llama/span_f1,0.39025257915332623,llama,span,f1
xtj1l55e,apertus_no_lora_fp32_only_layer26_seed43_lr1em4,finished,2026-03-16 18:21:39+00:00,apertus,fp32_only,26,43,1e-4,float32,none,2.261085033416748,train/longfact_test_llama/span_f1,0.35186179414677216,llama,span,f1
tn9zon9i,apertus_no_lora_fp32_only_layer26_seed43_lr3em4,finished,2026-03-16 18:21:39+00:00,apertus,fp32_only,26,43,3e-4,float32,none,1.2675254344940186,train/longfact_test_llama/span_f1,0.33658954584404455,llama,span,f1
gi60xrz3,apertus_no_lora_fp32_only_layer26_seed43_lr3em5,finished,2026-03-16 18:21:39+00:00,apertus,fp32_only,26,43,3e-5,float32,none,5.592858791351318,train/longfact_test_llama/span_f1,0.3163366155422966,llama,span,f1
p7gub5up,apertus_no_lora_fp32_only_layer26_seed44_lr1em3,finished,2026-03-16 18:21:39+00:00,apertus,fp32_only,26,44,1e-3,float32,none,2.7211620807647705,train/longfact_test_llama/span_f1,0.42529684133314993,llama,span,f1
gani1xp7,apertus_no_lora_fp32_only_layer26_seed44_lr1em4,finished,2026-03-16 18:21:39+00:00,apertus,fp32_only,26,44,1e-4,float32,none,0.061501313000917435,train/longfact_test_llama/span_f1,0.3727283413659339,llama,span,f1
ill5vvx2,apertus_no_lora_fp32_only_layer26_seed44_lr3em4,finished,2026-03-16 18:21:39+00:00,apertus,fp32_only,26,44,3e-4,float32,none,0.02174818329513073,train/longfact_test_llama/span_f1,0.37994940283579454,llama,span,f1
b9ibkxys,apertus_no_lora_fp32_only_layer26_seed44_lr3em5,finished,2026-03-16 18:21:39+00:00,apertus,fp32_only,26,44,3e-5,float32,none,0.0007233090000227094,train/longfact_test_llama/span_f1,0.3265706093710304,llama,span,f1
362f178l,apertus_no_lora_fp32_only_layer30_seed42_lr1em3,finished,2026-03-16 18:21:39+00:00,apertus,fp32_only,30,42,1e-3,float32,none,81.83356475830078,train/longfact_test_llama/span_f1,0.0,llama,span,f1
572p44e7,apertus_no_lora_fp32_only_layer30_seed42_lr1em4,finished,2026-03-16 18:21:39+00:00,apertus,fp32_only,30,42,1e-4,float32,none,0.03013068065047264,train/longfact_test_llama/span_f1,0.3515061955692293,llama,span,f1
9k35iiw5,apertus_no_lora_fp32_only_layer30_seed42_lr3em4,finished,2026-03-16 18:21:39+00:00,apertus,fp32_only,30,42,3e-4,float32,none,0.02508390322327614,train/longfact_test_llama/span_f1,0.350831986192311,llama,span,f1
7u26q4rs,apertus_no_lora_fp32_only_layer30_seed42_lr3em5,finished,2026-03-16 18:21:39+00:00,apertus,fp32_only,30,42,3e-5,float32,none,0.5540672540664673,train/longfact_test_llama/span_f1,0.30819468587037496,llama,span,f1
f817tswh,apertus_no_lora_fp32_only_layer30_seed43_lr1em3,finished,2026-03-16 18:21:39+00:00,apertus,fp32_only,30,43,1e-3,float32,none,9.374524116516112,train/longfact_test_llama/span_f1,0.0,llama,span,f1
lqmdrcpg,apertus_no_lora_fp32_only_layer30_seed43_lr1em4,finished,2026-03-16 18:21:39+00:00,apertus,fp32_only,30,43,1e-4,float32,none,5.7266106605529785,train/longfact_test_llama/span_f1,0.35639166346523243,llama,span,f1
f3nq1ppq,apertus_no_lora_fp32_only_layer30_seed43_lr3em4,finished,2026-03-16 18:21:39+00:00,apertus,fp32_only,30,43,3e-4,float32,none,5.207202911376953,train/longfact_test_llama/span_f1,0.3723440855112524,llama,span,f1
z9shqkbl,apertus_no_lora_fp32_only_layer30_seed43_lr3em5,finished,2026-03-16 18:21:39+00:00,apertus,fp32_only,30,43,3e-5,float32,none,6.685286521911621,train/longfact_test_llama/span_f1,0.2951893858870312,llama,span,f1
bz9gcqwk,apertus_no_lora_fp32_only_layer30_seed44_lr1em3,finished,2026-03-16 18:21:39+00:00,apertus,fp32_only,30,44,1e-3,float32,none,0.0,train/longfact_test_llama/span_f1,0.0,llama,span,f1
nhg2yz2u,apertus_no_lora_fp32_only_layer30_seed44_lr1em4,finished,2026-03-16 18:21:39+00:00,apertus,fp32_only,30,44,1e-4,float32,none,0.01171684730798006,train/longfact_test_llama/span_f1,0.3685470490637592,llama,span,f1
4yytvlvi,apertus_no_lora_fp32_only_layer30_seed44_lr3em4,finished,2026-03-16 18:21:39+00:00,apertus,fp32_only,30,44,3e-4,float32,none,0.0005547898472286761,train/longfact_test_llama/span_f1,0.3833159198431612,llama,span,f1
8kx20a5i,apertus_no_lora_fp32_only_layer30_seed44_lr3em5,finished,2026-03-16 18:21:39+00:00,apertus,fp32_only,30,44,3e-5,float32,none,33.319332122802734,train/longfact_test_llama/span_f1,0.3143702648608161,llama,span,f1
kgoq3e5r,llama_no_lora_long_form_layer10_seed42,finished,2026-03-02 14:45:36+00:00,llama,llama_layers,10,42,,bfloat16,none,0.4103353917598725,train/longfact_test_llama/span_f1,0.433088393048702,llama,span,f1
9oem35be,llama_no_lora_long_form_layer10_seed43,finished,2026-03-02 14:46:11+00:00,llama,llama_layers,10,43,,bfloat16,none,0.582381546497345,train/longfact_test_llama/span_f1,0.4425827761647266,llama,span,f1
rri8v027,llama_no_lora_long_form_layer10_seed44,finished,2026-03-02 14:46:11+00:00,llama,llama_layers,10,44,,bfloat16,none,0.3619125485420227,train/longfact_test_llama/span_f1,0.44026902957190134,llama,span,f1
qni919ee,llama_no_lora_long_form_layer20_seed42,finished,2026-03-02 14:50:44+00:00,llama,llama_layers,20,42,,bfloat16,none,0.4025150239467621,train/longfact_test_llama/span_f1,0.4488736910733531,llama,span,f1
4aryhr4u,llama_no_lora_long_form_layer20_seed43,finished,2026-03-02 14:50:44+00:00,llama,llama_layers,20,43,,bfloat16,none,0.6214630007743835,train/longfact_test_llama/span_f1,0.44671080734728746,llama,span,f1
v8qejznt,llama_no_lora_long_form_layer20_seed44,finished,2026-03-02 14:50:44+00:00,llama,llama_layers,20,44,,bfloat16,none,0.4049457013607025,train/longfact_test_llama/span_f1,0.4500851426138782,llama,span,f1
82vjeyys,llama_no_lora_long_form_layer26_seed42,finished,2026-03-02 14:50:44+00:00,llama,llama_layers,26,42,,bfloat16,none,0.38688111305236816,train/longfact_test_llama/span_f1,0.4317414896201712,llama,span,f1
gzg4irhz,llama_no_lora_long_form_layer26_seed43,finished,2026-03-02 14:51:46+00:00,llama,llama_layers,26,43,,bfloat16,none,0.6332159042358398,train/longfact_test_llama/span_f1,0.43136830719307734,llama,span,f1
7u7entue,llama_no_lora_long_form_layer26_seed44,finished,2026-03-02 14:51:46+00:00,llama,llama_layers,26,44,,bfloat16,none,0.4069174230098725,train/longfact_test_llama/span_f1,0.43889879715178415,llama,span,f1
ct7o6ek7,llama_no_lora_long_form_layer30_seed42,finished,2026-03-02 14:51:46+00:00,llama,llama_layers,30,42,,bfloat16,none,0.4142408668994904,train/longfact_test_llama/span_f1,0.43625163086607394,llama,span,f1
av9rm02w,llama_no_lora_long_form_layer30_seed43,finished,2026-03-02 14:51:46+00:00,llama,llama_layers,30,43,,bfloat16,none,0.7231071591377258,train/longfact_test_llama/span_f1,0.43584329652890785,llama,span,f1
ojujrfsw,llama_no_lora_long_form_layer30_seed44,finished,2026-03-02 14:51:46+00:00,llama,llama_layers,30,44,,bfloat16,none,0.4089251160621643,train/longfact_test_llama/span_f1,0.434469941822883,llama,span,f1
47rfeqmx,apertus_no_lora_ln_bf16_layer10_seed42_lr1em3,finished,2026-03-16 01:21:44+00:00,apertus,ln_bf16,10,42,1e-3,bfloat16,layernorm,0.14300638437271118,train/longfact_test_llama/span_f1,0.544806824928907,llama,span,f1
ltvbxnyc,apertus_no_lora_ln_bf16_layer10_seed42_lr1em4,finished,2026-03-16 01:21:44+00:00,apertus,ln_bf16,10,42,1e-4,bfloat16,layernorm,0.3950393497943878,train/longfact_test_llama/span_f1,0.3845402339933757,llama,span,f1
aupa5a3l,apertus_no_lora_ln_bf16_layer10_seed42_lr3em4,finished,2026-03-16 01:21:44+00:00,apertus,ln_bf16,10,42,3e-4,bfloat16,layernorm,0.18207243084907532,train/longfact_test_llama/span_f1,0.5206784707821556,llama,span,f1
48kc2gt3,apertus_no_lora_ln_bf16_layer10_seed42_lr3em5,finished,2026-03-16 01:21:44+00:00,apertus,ln_bf16,10,42,3e-5,bfloat16,layernorm,0.942188560962677,train/longfact_test_llama/span_f1,0.008578181988948547,llama,span,f1
l92ugb0x,apertus_no_lora_ln_bf16_layer10_seed43_lr1em3,finished,2026-03-16 01:21:44+00:00,apertus,ln_bf16,10,43,1e-3,bfloat16,layernorm,0.2892049551010132,train/longfact_test_llama/span_f1,0.53448786890799,llama,span,f1
ks445ju3,apertus_no_lora_ln_bf16_layer10_seed43_lr1em4,finished,2026-03-16 01:21:44+00:00,apertus,ln_bf16,10,43,1e-4,bfloat16,layernorm,0.26968491077423096,train/longfact_test_llama/span_f1,0.3816148358127181,llama,span,f1
v1whaixy,apertus_no_lora_ln_bf16_layer10_seed43_lr3em4,finished,2026-03-16 01:21:44+00:00,apertus,ln_bf16,10,43,3e-4,bfloat16,layernorm,0.26967474818229675,train/longfact_test_llama/span_f1,0.4911188588146014,llama,span,f1
yrz15txm,apertus_no_lora_ln_bf16_layer10_seed43_lr3em5,finished,2026-03-16 01:21:44+00:00,apertus,ln_bf16,10,43,3e-5,bfloat16,layernorm,0.35177040100097656,train/longfact_test_llama/span_f1,0.012394823522065597,llama,span,f1
yjo8ext8,apertus_no_lora_ln_bf16_layer10_seed44_lr1em3,finished,2026-03-16 01:21:45+00:00,apertus,ln_bf16,10,44,1e-3,bfloat16,layernorm,0.20609278976917267,train/longfact_test_llama/span_f1,0.548266966254733,llama,span,f1
wjc71sg6,apertus_no_lora_ln_bf16_layer10_seed44_lr1em4,finished,2026-03-16 01:21:45+00:00,apertus,ln_bf16,10,44,1e-4,bfloat16,layernorm,0.3125472366809845,train/longfact_test_llama/span_f1,0.3652662693220914,llama,span,f1
dd2pwu6g,apertus_no_lora_ln_bf16_layer10_seed44_lr3em4,finished,2026-03-16 01:21:45+00:00,apertus,ln_bf16,10,44,3e-4,bfloat16,layernorm,0.289102166891098,train/longfact_test_llama/span_f1,0.4938699039125242,llama,span,f1
gk2y0cx9,apertus_no_lora_ln_bf16_layer10_seed44_lr3em5,finished,2026-03-16 01:21:45+00:00,apertus,ln_bf16,10,44,3e-5,bfloat16,layernorm,0.31844255328178406,train/longfact_test_llama/span_f1,0.007175646669904586,llama,span,f1
p3f6sakq,apertus_no_lora_ln_bf16_layer20_seed42_lr1em3,finished,2026-03-16 01:21:44+00:00,apertus,ln_bf16,20,42,1e-3,bfloat16,layernorm,0.11758887767791748,train/longfact_test_llama/span_f1,0.5235442821029178,llama,span,f1
2mbvnb3s,apertus_no_lora_ln_bf16_layer20_seed42_lr1em4,finished,2026-03-16 01:21:44+00:00,apertus,ln_bf16,20,42,1e-4,bfloat16,layernorm,0.5318654179573059,train/longfact_test_llama/span_f1,0.3715848316917939,llama,span,f1
pw74vso0,apertus_no_lora_ln_bf16_layer20_seed42_lr3em4,finished,2026-03-16 01:21:44+00:00,apertus,ln_bf16,20,42,3e-4,bfloat16,layernorm,0.2455830276012421,train/longfact_test_llama/span_f1,0.4943520140105079,llama,span,f1
lcc4r0ui,apertus_no_lora_ln_bf16_layer20_seed42_lr3em5,finished,2026-03-16 01:21:44+00:00,apertus,ln_bf16,20,42,3e-5,bfloat16,layernorm,0.8914243578910828,train/longfact_test_llama/span_f1,0.03170299622583378,llama,span,f1
ea20dmvq,apertus_no_lora_ln_bf16_layer20_seed43_lr1em3,finished,2026-03-16 01:21:44+00:00,apertus,ln_bf16,20,43,1e-3,bfloat16,layernorm,0.2716436982154846,train/longfact_test_llama/span_f1,0.5161974421674493,llama,span,f1
dq6d9cxj,apertus_no_lora_ln_bf16_layer20_seed43_lr1em4,finished,2026-03-16 01:21:44+00:00,apertus,ln_bf16,20,43,1e-4,bfloat16,layernorm,0.28726422786712646,train/longfact_test_llama/span_f1,0.36397447584320874,llama,span,f1
5rukn8sb,apertus_no_lora_ln_bf16_layer20_seed43_lr3em4,finished,2026-03-16 01:21:44+00:00,apertus,ln_bf16,20,43,3e-4,bfloat16,layernorm,0.279452383518219,train/longfact_test_llama/span_f1,0.4830235605000777,llama,span,f1
sg4y1aru,apertus_no_lora_ln_bf16_layer20_seed43_lr3em5,finished,2026-03-16 01:21:44+00:00,apertus,ln_bf16,20,43,3e-5,bfloat16,layernorm,0.383007675409317,train/longfact_test_llama/span_f1,0.029640367651594595,llama,span,f1
wjx8fs4d,apertus_no_lora_ln_bf16_layer20_seed44_lr1em3,finished,2026-03-16 01:21:44+00:00,apertus,ln_bf16,20,44,1e-3,bfloat16,layernorm,0.343784362077713,train/longfact_test_llama/span_f1,0.538743748876648,llama,span,f1
ug8c0ane,apertus_no_lora_ln_bf16_layer20_seed44_lr1em4,finished,2026-03-16 01:21:44+00:00,apertus,ln_bf16,20,44,1e-4,bfloat16,layernorm,0.39652878046035767,train/longfact_test_llama/span_f1,0.369090490221042,llama,span,f1
xy83pt3c,apertus_no_lora_ln_bf16_layer20_seed44_lr3em4,finished,2026-03-16 01:21:44+00:00,apertus,ln_bf16,20,44,3e-4,bfloat16,layernorm,0.4512102007865906,train/longfact_test_llama/span_f1,0.4853839272895938,llama,span,f1
mgy8s31x,apertus_no_lora_ln_bf16_layer20_seed44_lr3em5,finished,2026-03-16 01:21:44+00:00,apertus,ln_bf16,20,44,3e-5,bfloat16,layernorm,0.44538286328315735,train/longfact_test_llama/span_f1,0.03321175185065485,llama,span,f1
qbe29z5d,apertus_no_lora_ln_bf16_layer26_seed42_lr1em3,finished,2026-03-16 01:21:44+00:00,apertus,ln_bf16,26,42,1e-3,bfloat16,layernorm,0.1929110735654831,train/longfact_test_llama/span_f1,0.45594212415229773,llama,span,f1
nyzlam71,apertus_no_lora_ln_bf16_layer26_seed42_lr1em4,finished,2026-03-16 01:21:44+00:00,apertus,ln_bf16,26,42,1e-4,bfloat16,layernorm,0.5006973147392273,train/longfact_test_llama/span_f1,0.2825560422571502,llama,span,f1
p9he43x3,apertus_no_lora_ln_bf16_layer26_seed42_lr3em4,finished,2026-03-16 01:21:44+00:00,apertus,ln_bf16,26,42,3e-4,bfloat16,layernorm,0.27400892972946167,train/longfact_test_llama/span_f1,0.413706859273284,llama,span,f1
jap1923r,apertus_no_lora_ln_bf16_layer26_seed42_lr3em5,finished,2026-03-16 01:21:44+00:00,apertus,ln_bf16,26,42,3e-5,bfloat16,layernorm,0.9109970927238464,train/longfact_test_llama/span_f1,0.027892847279756973,llama,span,f1
kffm0190,apertus_no_lora_ln_bf16_layer26_seed43_lr1em3,finished,2026-03-16 01:21:44+00:00,apertus,ln_bf16,26,43,1e-3,bfloat16,layernorm,0.27165380120277405,train/longfact_test_llama/span_f1,0.44310497250255454,llama,span,f1
6nfiscpk,apertus_no_lora_ln_bf16_layer26_seed43_lr1em4,finished,2026-03-16 01:21:44+00:00,apertus,ln_bf16,26,43,1e-4,bfloat16,layernorm,0.29313549399375916,train/longfact_test_llama/span_f1,0.27942277409195343,llama,span,f1
livazl8t,apertus_no_lora_ln_bf16_layer26_seed43_lr3em4,finished,2026-03-16 01:21:44+00:00,apertus,ln_bf16,26,43,3e-4,bfloat16,layernorm,0.26969656348228455,train/longfact_test_llama/span_f1,0.3995073658282412,llama,span,f1
cs5p5dya,apertus_no_lora_ln_bf16_layer26_seed43_lr3em5,finished,2026-03-16 01:21:44+00:00,apertus,ln_bf16,26,43,3e-5,bfloat16,layernorm,0.3752008378505707,train/longfact_test_llama/span_f1,0.028055312552757183,llama,span,f1
m9z367ud,apertus_no_lora_ln_bf16_layer26_seed44_lr1em3,finished,2026-03-16 01:21:44+00:00,apertus,ln_bf16,26,44,1e-3,bfloat16,layernorm,0.44535091519355774,train/longfact_test_llama/span_f1,0.4605468132662046,llama,span,f1
ycmihac6,apertus_no_lora_ln_bf16_layer26_seed44_lr1em4,finished,2026-03-16 01:21:44+00:00,apertus,ln_bf16,26,44,1e-4,bfloat16,layernorm,0.3027840852737427,train/longfact_test_llama/span_f1,0.28204863707868066,llama,span,f1
b7cu6by4,apertus_no_lora_ln_bf16_layer26_seed44_lr3em4,finished,2026-03-16 01:21:44+00:00,apertus,ln_bf16,26,44,3e-4,bfloat16,layernorm,0.33402493596076965,train/longfact_test_llama/span_f1,0.3991663311465315,llama,span,f1
82b66i5k,apertus_no_lora_ln_bf16_layer26_seed44_lr3em5,finished,2026-03-16 01:21:44+00:00,apertus,ln_bf16,26,44,3e-5,bfloat16,layernorm,0.3965613543987274,train/longfact_test_llama/span_f1,0.028633245868434375,llama,span,f1
7hvw78qp,apertus_no_lora_ln_bf16_layer30_seed42_lr1em3,finished,2026-03-16 01:21:44+00:00,apertus,ln_bf16,30,42,1e-3,bfloat16,layernorm,0.18903133273124695,train/longfact_test_llama/span_f1,0.4764987241375501,llama,span,f1
hq7zzpsr,apertus_no_lora_ln_bf16_layer30_seed42_lr1em4,finished,2026-03-16 01:21:44+00:00,apertus,ln_bf16,30,42,1e-4,bfloat16,layernorm,0.6139996647834778,train/longfact_test_llama/span_f1,0.2851247613066937,llama,span,f1
wehbf6bi,apertus_no_lora_ln_bf16_layer30_seed42_lr3em4,finished,2026-03-16 01:21:44+00:00,apertus,ln_bf16,30,42,3e-4,bfloat16,layernorm,0.2974618077278137,train/longfact_test_llama/span_f1,0.4286827568818905,llama,span,f1
inx8ca5d,apertus_no_lora_ln_bf16_layer30_seed42_lr3em5,finished,2026-03-16 01:21:44+00:00,apertus,ln_bf16,30,42,3e-5,bfloat16,layernorm,0.8954324722290039,train/longfact_test_llama/span_f1,0.056752559443933474,llama,span,f1
og90cgj0,apertus_no_lora_ln_bf16_layer30_seed43_lr1em3,finished,2026-03-16 01:21:44+00:00,apertus,ln_bf16,30,43,1e-3,bfloat16,layernorm,0.2775192856788635,train/longfact_test_llama/span_f1,0.4698783063461732,llama,span,f1
5cwasjvc,apertus_no_lora_ln_bf16_layer30_seed43_lr1em4,finished,2026-03-16 01:21:44+00:00,apertus,ln_bf16,30,43,1e-4,bfloat16,layernorm,0.2989921569824219,train/longfact_test_llama/span_f1,0.2856228641640322,llama,span,f1
7jkvxq48,apertus_no_lora_ln_bf16_layer30_seed43_lr3em4,finished,2026-03-16 01:21:44+00:00,apertus,ln_bf16,30,43,3e-4,bfloat16,layernorm,0.28141525387763977,train/longfact_test_llama/span_f1,0.4094249033328271,llama,span,f1
74i6ukb7,apertus_no_lora_ln_bf16_layer30_seed43_lr3em5,finished,2026-03-16 01:21:44+00:00,apertus,ln_bf16,30,43,3e-5,bfloat16,layernorm,0.367383748292923,train/longfact_test_llama/span_f1,0.05638859556494192,llama,span,f1
4m7o0thq,apertus_no_lora_ln_bf16_layer30_seed44_lr1em3,finished,2026-03-16 01:21:44+00:00,apertus,ln_bf16,30,44,1e-3,bfloat16,layernorm,0.3379320204257965,train/longfact_test_llama/span_f1,0.4724335973516702,llama,span,f1
3huyrepp,apertus_no_lora_ln_bf16_layer30_seed44_lr1em4,finished,2026-03-16 01:21:44+00:00,apertus,ln_bf16,30,44,1e-4,bfloat16,layernorm,0.4082537889480591,train/longfact_test_llama/span_f1,0.29288223613868947,llama,span,f1
khqaa0hj,apertus_no_lora_ln_bf16_layer30_seed44_lr3em4,finished,2026-03-16 01:21:44+00:00,apertus,ln_bf16,30,44,3e-4,bfloat16,layernorm,0.3730915486812592,train/longfact_test_llama/span_f1,0.41358146671471246,llama,span,f1
v97a1dax,apertus_no_lora_ln_bf16_layer30_seed44_lr3em5,finished,2026-03-16 01:21:44+00:00,apertus,ln_bf16,30,44,3e-5,bfloat16,layernorm,0.44148337841033936,train/longfact_test_llama/span_f1,0.06020761245674741,llama,span,f1
a1vhu02a,apertus_no_lora_ln_fp32_layer10_seed42_lr1em3,finished,2026-03-16 18:21:39+00:00,apertus,ln_fp32,10,42,1e-3,float32,layernorm,0.12267088890075684,train/longfact_test_llama/span_f1,0.5354056167191429,llama,span,f1
s5e7uzrk,apertus_no_lora_ln_fp32_layer10_seed42_lr1em4,finished,2026-03-16 18:21:39+00:00,apertus,ln_fp32,10,42,1e-4,float32,layernorm,0.2215098738670349,train/longfact_test_llama/span_f1,0.4755261761584718,llama,span,f1
a039mxlm,apertus_no_lora_ln_fp32_layer10_seed42_lr3em4,finished,2026-03-16 18:21:39+00:00,apertus,ln_fp32,10,42,3e-4,float32,layernorm,0.15673403441905975,train/longfact_test_llama/span_f1,0.5254842916671084,llama,span,f1
ur0fzre6,apertus_no_lora_ln_fp32_layer10_seed42_lr3em5,finished,2026-03-16 18:21:39+00:00,apertus,ln_fp32,10,42,3e-5,float32,layernorm,0.4890720844268799,train/longfact_test_llama/span_f1,0.33265468268944287,llama,span,f1
kyx3dh6x,apertus_no_lora_ln_fp32_layer10_seed43_lr1em3,finished,2026-03-16 18:21:39+00:00,apertus,ln_fp32,10,43,1e-3,float32,layernorm,0.2920945882797241,train/longfact_test_llama/span_f1,0.5395125242472801,llama,span,f1
anpnl7j5,apertus_no_lora_ln_fp32_layer10_seed43_lr1em4,finished,2026-03-16 18:21:39+00:00,apertus,ln_fp32,10,43,1e-4,float32,layernorm,0.26364782452583313,train/longfact_test_llama/span_f1,0.4554345986801286,llama,span,f1
mu08a37q,apertus_no_lora_ln_fp32_layer10_seed43_lr3em4,finished,2026-03-16 18:21:39+00:00,apertus,ln_fp32,10,43,3e-4,float32,layernorm,0.2802787125110626,train/longfact_test_llama/span_f1,0.5146917900403768,llama,span,f1
0q5lbh0o,apertus_no_lora_ln_fp32_layer10_seed43_lr3em5,finished,2026-03-16 18:21:39+00:00,apertus,ln_fp32,10,43,3e-5,float32,layernorm,0.27201464772224426,train/longfact_test_llama/span_f1,0.3264399375975039,llama,span,f1
b2incihb,apertus_no_lora_ln_fp32_layer10_seed44_lr1em3,finished,2026-03-16 18:21:39+00:00,apertus,ln_fp32,10,44,1e-3,float32,layernorm,0.19783645868301392,train/longfact_test_llama/span_f1,0.5559764266325382,llama,span,f1
9s2c6c1h,apertus_no_lora_ln_fp32_layer10_seed44_lr1em4,finished,2026-03-16 18:21:39+00:00,apertus,ln_fp32,10,44,1e-4,float32,layernorm,0.32758116722106934,train/longfact_test_llama/span_f1,0.4676130529887058,llama,span,f1
u1cqzubx,apertus_no_lora_ln_fp32_layer10_seed44_lr3em4,finished,2026-03-16 18:21:39+00:00,apertus,ln_fp32,10,44,3e-4,float32,layernorm,0.2790237069129944,train/longfact_test_llama/span_f1,0.5284508115199864,llama,span,f1
jd8rl3y0,apertus_no_lora_ln_fp32_layer10_seed44_lr3em5,finished,2026-03-16 18:21:39+00:00,apertus,ln_fp32,10,44,3e-5,float32,layernorm,0.29283058643341064,train/longfact_test_llama/span_f1,0.32656220737873776,llama,span,f1
tvxgxlk0,apertus_no_lora_ln_fp32_layer20_seed42_lr1em3,finished,2026-03-16 18:21:39+00:00,apertus,ln_fp32,20,42,1e-3,float32,layernorm,0.11203589290380478,train/longfact_test_llama/span_f1,0.508829057214039,llama,span,f1
szjyc7rq,apertus_no_lora_ln_fp32_layer20_seed42_lr1em4,finished,2026-03-16 18:21:39+00:00,apertus,ln_fp32,20,42,1e-4,float32,layernorm,0.3388446271419525,train/longfact_test_llama/span_f1,0.4543293718166383,llama,span,f1
j1ydn4mi,apertus_no_lora_ln_fp32_layer20_seed42_lr3em4,finished,2026-03-16 18:21:39+00:00,apertus,ln_fp32,20,42,3e-4,float32,layernorm,0.18392929434776303,train/longfact_test_llama/span_f1,0.5034166330634176,llama,span,f1
mru621ko,apertus_no_lora_ln_fp32_layer20_seed42_lr3em5,finished,2026-03-16 18:21:39+00:00,apertus,ln_fp32,20,42,3e-5,float32,layernorm,0.6155123114585876,train/longfact_test_llama/span_f1,0.3108111530377086,llama,span,f1
cuinxn0m,apertus_no_lora_ln_fp32_layer20_seed43_lr1em3,finished,2026-03-16 18:21:39+00:00,apertus,ln_fp32,20,43,1e-3,float32,layernorm,0.2761920690536499,train/longfact_test_llama/span_f1,0.5171672196345009,llama,span,f1
gfuz02ro,apertus_no_lora_ln_fp32_layer20_seed43_lr1em4,finished,2026-03-16 18:21:39+00:00,apertus,ln_fp32,20,43,1e-4,float32,layernorm,0.28859972953796387,train/longfact_test_llama/span_f1,0.4435061219819202,llama,span,f1
bydlptvs,apertus_no_lora_ln_fp32_layer20_seed43_lr3em4,finished,2026-03-16 18:21:39+00:00,apertus,ln_fp32,20,43,3e-4,float32,layernorm,0.27679380774497986,train/longfact_test_llama/span_f1,0.4948723591549295,llama,span,f1
5a8w5arg,apertus_no_lora_ln_fp32_layer20_seed43_lr3em5,finished,2026-03-16 18:21:39+00:00,apertus,ln_fp32,20,43,3e-5,float32,layernorm,0.30041441321372986,train/longfact_test_llama/span_f1,0.307700121901666,llama,span,f1
3wystufk,apertus_no_lora_ln_fp32_layer20_seed44_lr1em3,finished,2026-03-16 18:21:39+00:00,apertus,ln_fp32,20,44,1e-3,float32,layernorm,0.37859293818473816,train/longfact_test_llama/span_f1,0.5482605283808527,llama,span,f1
ipm80jlq,apertus_no_lora_ln_fp32_layer20_seed44_lr1em4,finished,2026-03-16 18:21:39+00:00,apertus,ln_fp32,20,44,1e-4,float32,layernorm,0.39040952920913696,train/longfact_test_llama/span_f1,0.45163120567375886,llama,span,f1
28tm3neg,apertus_no_lora_ln_fp32_layer20_seed44_lr3em4,finished,2026-03-16 18:21:39+00:00,apertus,ln_fp32,20,44,3e-4,float32,layernorm,0.4330550134181976,train/longfact_test_llama/span_f1,0.5171454652848628,llama,span,f1
zoq512xp,apertus_no_lora_ln_fp32_layer20_seed44_lr3em5,finished,2026-03-16 18:21:39+00:00,apertus,ln_fp32,20,44,3e-5,float32,layernorm,0.37936899065971375,train/longfact_test_llama/span_f1,0.3108611385574219,llama,span,f1
8hrkgqv3,apertus_no_lora_ln_fp32_layer26_seed42_lr1em3,finished,2026-03-16 18:21:39+00:00,apertus,ln_fp32,26,42,1e-3,float32,layernorm,0.17951826751232147,train/longfact_test_llama/span_f1,0.4432550644567219,llama,span,f1
rlqcb2g4,apertus_no_lora_ln_fp32_layer26_seed42_lr1em4,finished,2026-03-16 18:21:39+00:00,apertus,ln_fp32,26,42,1e-4,float32,layernorm,0.3578282594680786,train/longfact_test_llama/span_f1,0.3609117668523609,llama,span,f1
r2wu0aof,apertus_no_lora_ln_fp32_layer26_seed42_lr3em4,finished,2026-03-16 18:21:39+00:00,apertus,ln_fp32,26,42,3e-4,float32,layernorm,0.24504521489143372,train/longfact_test_llama/span_f1,0.4302113408014782,llama,span,f1
okj43cej,apertus_no_lora_ln_fp32_layer26_seed42_lr3em5,finished,2026-03-16 18:21:39+00:00,apertus,ln_fp32,26,42,3e-5,float32,layernorm,0.6153150200843811,train/longfact_test_llama/span_f1,0.22353431695605977,llama,span,f1
44fifewm,apertus_no_lora_ln_fp32_layer26_seed43_lr1em3,finished,2026-03-16 18:21:39+00:00,apertus,ln_fp32,26,43,1e-3,float32,layernorm,0.26287174224853516,train/longfact_test_llama/span_f1,0.45045785663720855,llama,span,f1
cfgw5o62,apertus_no_lora_ln_fp32_layer26_seed43_lr1em4,finished,2026-03-16 18:21:39+00:00,apertus,ln_fp32,26,43,1e-4,float32,layernorm,0.27609291672706604,train/longfact_test_llama/span_f1,0.3493124592943952,llama,span,f1
5yjm6w2c,apertus_no_lora_ln_fp32_layer26_seed43_lr3em4,finished,2026-03-16 18:21:39+00:00,apertus,ln_fp32,26,43,3e-4,float32,layernorm,0.268221378326416,train/longfact_test_llama/span_f1,0.4157379659112193,llama,span,f1
bj0fbt17,apertus_no_lora_ln_fp32_layer26_seed43_lr3em5,finished,2026-03-16 18:21:39+00:00,apertus,ln_fp32,26,43,3e-5,float32,layernorm,0.28795114159584045,train/longfact_test_llama/span_f1,0.22197076850542197,llama,span,f1
thtwlsce,apertus_no_lora_ln_fp32_layer26_seed44_lr1em3,finished,2026-03-16 18:21:39+00:00,apertus,ln_fp32,26,44,1e-3,float32,layernorm,0.4517517387866974,train/longfact_test_llama/span_f1,0.4784139501305048,llama,span,f1
a2rdvxyc,apertus_no_lora_ln_fp32_layer26_seed44_lr1em4,finished,2026-03-16 18:21:39+00:00,apertus,ln_fp32,26,44,1e-4,float32,layernorm,0.28372296690940857,train/longfact_test_llama/span_f1,0.3575633228304145,llama,span,f1
veq9b7kw,apertus_no_lora_ln_fp32_layer26_seed44_lr3em4,finished,2026-03-16 18:21:39+00:00,apertus,ln_fp32,26,44,3e-4,float32,layernorm,0.37059929966926575,train/longfact_test_llama/span_f1,0.43040018452312306,llama,span,f1
5aqux06m,apertus_no_lora_ln_fp32_layer26_seed44_lr3em5,finished,2026-03-16 18:21:39+00:00,apertus,ln_fp32,26,44,3e-5,float32,layernorm,0.3035992383956909,train/longfact_test_llama/span_f1,0.22538240275276217,llama,span,f1
qg1y3gso,apertus_no_lora_ln_fp32_layer30_seed42_lr1em3,finished,2026-03-16 18:21:39+00:00,apertus,ln_fp32,30,42,1e-3,float32,layernorm,0.1903767287731171,train/longfact_test_llama/span_f1,0.44970414201183434,llama,span,f1
r9e2fhqm,apertus_no_lora_ln_fp32_layer30_seed42_lr1em4,finished,2026-03-16 18:21:39+00:00,apertus,ln_fp32,30,42,1e-4,float32,layernorm,0.38982802629470825,train/longfact_test_llama/span_f1,0.36468700614044613,llama,span,f1
e24v1w1s,apertus_no_lora_ln_fp32_layer30_seed42_lr3em4,finished,2026-03-16 18:21:39+00:00,apertus,ln_fp32,30,42,3e-4,float32,layernorm,0.2570212781429291,train/longfact_test_llama/span_f1,0.4313428381201644,llama,span,f1
jtcznw8g,apertus_no_lora_ln_fp32_layer30_seed42_lr3em5,finished,2026-03-16 18:21:39+00:00,apertus,ln_fp32,30,42,3e-5,float32,layernorm,0.6943867206573486,train/longfact_test_llama/span_f1,0.24962457517717415,llama,span,f1
v3qqa12o,apertus_no_lora_ln_fp32_layer30_seed43_lr1em3,finished,2026-03-16 18:21:39+00:00,apertus,ln_fp32,30,43,1e-3,float32,layernorm,0.2808498740196228,train/longfact_test_llama/span_f1,0.4744627096573139,llama,span,f1
lgm2cr72,apertus_no_lora_ln_fp32_layer30_seed43_lr1em4,finished,2026-03-16 18:21:39+00:00,apertus,ln_fp32,30,43,1e-4,float32,layernorm,0.2797033190727234,train/longfact_test_llama/span_f1,0.3556232113499361,llama,span,f1
f873k60o,apertus_no_lora_ln_fp32_layer30_seed43_lr3em4,finished,2026-03-16 18:21:39+00:00,apertus,ln_fp32,30,43,3e-4,float32,layernorm,0.28264516592025757,train/longfact_test_llama/span_f1,0.4364610523423547,llama,span,f1
ybsg28sj,apertus_no_lora_ln_fp32_layer30_seed43_lr3em5,finished,2026-03-16 18:21:39+00:00,apertus,ln_fp32,30,43,3e-5,float32,layernorm,0.30628159642219543,train/longfact_test_llama/span_f1,0.2443326271186441,llama,span,f1
kn811t36,apertus_no_lora_ln_fp32_layer30_seed44_lr1em3,finished,2026-03-16 18:21:39+00:00,apertus,ln_fp32,30,44,1e-3,float32,layernorm,0.3007677495479584,train/longfact_test_llama/span_f1,0.48943438369063,llama,span,f1
wf8rodcd,apertus_no_lora_ln_fp32_layer30_seed44_lr1em4,finished,2026-03-16 18:21:39+00:00,apertus,ln_fp32,30,44,1e-4,float32,layernorm,0.3687911331653595,train/longfact_test_llama/span_f1,0.3632763928291181,llama,span,f1
524a5l0b,apertus_no_lora_ln_fp32_layer30_seed44_lr3em4,finished,2026-03-16 18:21:39+00:00,apertus,ln_fp32,30,44,3e-4,float32,layernorm,0.3833605647087097,train/longfact_test_llama/span_f1,0.4424214218418334,llama,span,f1
m6zpszut,apertus_no_lora_ln_fp32_layer30_seed44_lr3em5,finished,2026-03-16 18:21:39+00:00,apertus,ln_fp32,30,44,3e-5,float32,layernorm,0.4072107970714569,train/longfact_test_llama/span_f1,0.25040166460347146,llama,span,f1
2msk68xv,apertus_no_lora_long_form_layer10_seed42,finished,2026-03-02 14:54:28+00:00,apertus,apertus_layers,10,42,,bfloat16,none,0.1188635155558586,train/longfact_test_llama/span_recall_at_0.1_fpr,0.5034862674116629,llama,span,recall_at_0.1_fpr
ennpfi5c,apertus_no_lora_long_form_layer10_seed43,finished,2026-03-02 14:55:28+00:00,apertus,apertus_layers,10,43,,bfloat16,none,0.2892115116119385,train/longfact_test_llama/span_recall_at_0.1_fpr,0.5113087274730463,llama,span,recall_at_0.1_fpr
ckfvtpqq,apertus_no_lora_long_form_layer10_seed44,finished,2026-03-02 14:55:28+00:00,apertus,apertus_layers,10,44,,bfloat16,none,0.14164792001247406,train/longfact_test_llama/span_recall_at_0.1_fpr,0.5134650192807114,llama,span,recall_at_0.1_fpr
5w54hojz,apertus_no_lora_long_form_layer20_seed42,finished,2026-03-02 14:56:24+00:00,apertus,apertus_layers,20,42,,bfloat16,none,0.002515794476494193,train/longfact_test_llama/span_recall_at_0.1_fpr,0.4119776501141103,llama,span,recall_at_0.1_fpr
h3qhm4bp,apertus_no_lora_long_form_layer20_seed43,finished,2026-03-02 14:56:24+00:00,apertus,apertus_layers,20,43,,bfloat16,none,0.4361111521720886,train/longfact_test_llama/span_recall_at_0.1_fpr,0.42208231683324154,llama,span,recall_at_0.1_fpr
1sb6t3rt,apertus_no_lora_long_form_layer20_seed44,finished,2026-03-02 14:56:24+00:00,apertus,apertus_layers,20,44,,bfloat16,none,0.9805268049240112,train/longfact_test_llama/span_recall_at_0.1_fpr,0.4190131423624774,llama,span,recall_at_0.1_fpr
fjxaywoo,apertus_no_lora_long_form_layer26_seed42,finished,2026-03-02 14:56:59+00:00,apertus,apertus_layers,26,42,,bfloat16,none,0.022064460441470143,train/longfact_test_llama/span_recall_at_0.1_fpr,0.3996852128747934,llama,span,recall_at_0.1_fpr
fc3llcx0,apertus_no_lora_long_form_layer26_seed43,finished,2026-03-02 14:58:28+00:00,apertus,apertus_layers,26,43,,bfloat16,none,4.096796035766602,train/longfact_test_llama/span_recall_at_0.1_fpr,0.3871409459353112,llama,span,recall_at_0.1_fpr
gtn6g9ne,apertus_no_lora_long_form_layer26_seed44,finished,2026-03-02 14:58:28+00:00,apertus,apertus_layers,26,44,,bfloat16,none,0.0003512128023430705,train/longfact_test_llama/span_recall_at_0.1_fpr,0.3835051546391753,llama,span,recall_at_0.1_fpr
pk12wkry,apertus_no_lora_long_form_layer30_seed42,finished,2026-03-02 14:58:28+00:00,apertus,apertus_layers,30,42,,bfloat16,none,82.0517578125,train/longfact_test_llama/span_recall_at_0.1_fpr,0.0004092232627685527,llama,span,recall_at_0.1_fpr
vhvivjkc,apertus_no_lora_long_form_layer30_seed43,finished,2026-03-02 14:58:28+00:00,apertus,apertus_layers,30,43,,bfloat16,none,10.69191074371338,train/longfact_test_llama/span_recall_at_0.1_fpr,0.4098843157314866,llama,span,recall_at_0.1_fpr
agskbmvs,apertus_no_lora_long_form_layer30_seed44,finished,2026-03-02 14:58:28+00:00,apertus,apertus_layers,30,44,,bfloat16,none,0.0001453680742997676,train/longfact_test_llama/span_recall_at_0.1_fpr,0.3317541512552137,llama,span,recall_at_0.1_fpr
o5fobkxj,apertus_no_lora_bf16_only_layer10_seed42_lr1em3,finished,2026-03-16 01:21:45+00:00,apertus,bf16_only,10,42,1e-3,bfloat16,none,0.1060740053653717,train/longfact_test_llama/span_recall_at_0.1_fpr,0.5027307783111671,llama,span,recall_at_0.1_fpr
ngsqu3i1,apertus_no_lora_bf16_only_layer10_seed42_lr1em4,finished,2026-03-16 01:21:45+00:00,apertus,bf16_only,10,42,1e-4,bfloat16,none,0.11451046913862228,train/longfact_test_llama/span_recall_at_0.1_fpr,0.431195404107972,llama,span,recall_at_0.1_fpr
5xzqhvy4,apertus_no_lora_bf16_only_layer10_seed42_lr3em4,finished,2026-03-16 01:21:45+00:00,apertus,bf16_only,10,42,3e-4,bfloat16,none,0.11626026779413225,train/longfact_test_llama/span_recall_at_0.1_fpr,0.5013457149602581,llama,span,recall_at_0.1_fpr
83kur7ka,apertus_no_lora_bf16_only_layer10_seed42_lr3em5,finished,2026-03-16 01:21:45+00:00,apertus,bf16_only,10,42,3e-5,bfloat16,none,0.4366786777973175,train/longfact_test_llama/span_recall_at_0.1_fpr,0.2701188321397655,llama,span,recall_at_0.1_fpr
j9k3f0jm,apertus_no_lora_bf16_only_layer10_seed43_lr1em3,finished,2026-03-16 01:21:44+00:00,apertus,bf16_only,10,43,1e-3,bfloat16,none,0.3009301424026489,train/longfact_test_llama/span_recall_at_0.1_fpr,0.5123160462737074,llama,span,recall_at_0.1_fpr
ougxjsfh,apertus_no_lora_bf16_only_layer10_seed43_lr1em4,finished,2026-03-16 01:21:44+00:00,apertus,bf16_only,10,43,1e-4,bfloat16,none,0.27749955654144287,train/longfact_test_llama/span_recall_at_0.1_fpr,0.4209805618950185,llama,span,recall_at_0.1_fpr
21sy8y12,apertus_no_lora_bf16_only_layer10_seed43_lr3em4,finished,2026-03-16 01:21:44+00:00,apertus,bf16_only,10,43,3e-4,bfloat16,none,0.2755349278450012,train/longfact_test_llama/span_recall_at_0.1_fpr,0.5006059652160226,llama,span,recall_at_0.1_fpr
t26a4uwp,apertus_no_lora_bf16_only_layer10_seed43_lr3em5,finished,2026-03-16 01:21:44+00:00,apertus,bf16_only,10,43,3e-5,bfloat16,none,0.3126707673072815,train/longfact_test_llama/span_recall_at_0.1_fpr,0.269426300464311,llama,span,recall_at_0.1_fpr
p9n6ul1e,apertus_no_lora_bf16_only_layer10_seed44_lr1em3,finished,2026-03-16 01:21:44+00:00,apertus,bf16_only,10,44,1e-3,bfloat16,none,0.15629735589027405,train/longfact_test_llama/span_recall_at_0.1_fpr,0.5074368458330054,llama,span,recall_at_0.1_fpr
feljklm1,apertus_no_lora_bf16_only_layer10_seed44_lr1em4,finished,2026-03-16 01:21:44+00:00,apertus,bf16_only,10,44,1e-4,bfloat16,none,0.593794047832489,train/longfact_test_llama/span_recall_at_0.1_fpr,0.4269929959864642,llama,span,recall_at_0.1_fpr
lfafy2oe,apertus_no_lora_bf16_only_layer10_seed44_lr3em4,finished,2026-03-16 01:21:44+00:00,apertus,bf16_only,10,44,3e-4,bfloat16,none,0.2656649947166443,train/longfact_test_llama/span_recall_at_0.1_fpr,0.5119540410797199,llama,span,recall_at_0.1_fpr
r3oezlrl,apertus_no_lora_bf16_only_layer10_seed44_lr3em5,finished,2026-03-16 01:21:44+00:00,apertus,bf16_only,10,44,3e-5,bfloat16,none,0.7305357456207275,train/longfact_test_llama/span_recall_at_0.1_fpr,0.27298339497914537,llama,span,recall_at_0.1_fpr
uw94ef5i,apertus_no_lora_bf16_only_layer20_seed42_lr1em3,finished,2026-03-16 01:21:44+00:00,apertus,bf16_only,20,42,1e-3,bfloat16,none,0.006061427295207977,train/longfact_test_llama/span_recall_at_0.1_fpr,0.40234516408278903,llama,span,recall_at_0.1_fpr
ymsrn4r6,apertus_no_lora_bf16_only_layer20_seed42_lr1em4,finished,2026-03-16 01:21:44+00:00,apertus,bf16_only,20,42,1e-4,bfloat16,none,0.04400371387600899,train/longfact_test_llama/span_recall_at_0.1_fpr,0.35874714724167783,llama,span,recall_at_0.1_fpr
uy0gdnv4,apertus_no_lora_bf16_only_layer20_seed42_lr3em4,finished,2026-03-16 01:21:44+00:00,apertus,bf16_only,20,42,3e-4,bfloat16,none,0.00907330308109522,train/longfact_test_llama/span_recall_at_0.1_fpr,0.4110647674510112,llama,span,recall_at_0.1_fpr
fu81gp5i,apertus_no_lora_bf16_only_layer20_seed42_lr3em5,finished,2026-03-16 01:21:44+00:00,apertus,bf16_only,20,42,3e-5,bfloat16,none,2.1262459754943848,train/longfact_test_llama/span_recall_at_0.1_fpr,0.2266309907924766,llama,span,recall_at_0.1_fpr
2g6rw2bt,apertus_no_lora_bf16_only_layer20_seed43_lr1em3,finished,2026-03-16 01:21:44+00:00,apertus,bf16_only,20,43,1e-3,bfloat16,none,0.5826413631439209,train/longfact_test_llama/span_recall_at_0.1_fpr,0.43487841347288897,llama,span,recall_at_0.1_fpr
7ynpw2cn,apertus_no_lora_bf16_only_layer20_seed43_lr1em4,finished,2026-03-16 01:21:44+00:00,apertus,bf16_only,20,43,1e-4,bfloat16,none,1.368619084358215,train/longfact_test_llama/span_recall_at_0.1_fpr,0.3543401274887857,llama,span,recall_at_0.1_fpr
900ivg46,apertus_no_lora_bf16_only_layer20_seed43_lr3em4,finished,2026-03-16 01:21:44+00:00,apertus,bf16_only,20,43,3e-4,bfloat16,none,0.40857547521591187,train/longfact_test_llama/span_recall_at_0.1_fpr,0.4379475879436531,llama,span,recall_at_0.1_fpr
qo5cb98m,apertus_no_lora_bf16_only_layer20_seed43_lr3em5,finished,2026-03-16 01:21:44+00:00,apertus,bf16_only,20,43,3e-5,bfloat16,none,6.096769332885742,train/longfact_test_llama/span_recall_at_0.1_fpr,0.22862988903753836,llama,span,recall_at_0.1_fpr
99kvtmj8,apertus_no_lora_bf16_only_layer20_seed44_lr1em3,finished,2026-03-16 01:21:44+00:00,apertus,bf16_only,20,44,1e-3,bfloat16,none,0.13294142484664917,train/longfact_test_llama/span_recall_at_0.1_fpr,0.4175651215865271,llama,span,recall_at_0.1_fpr
g1itgrow,apertus_no_lora_bf16_only_layer20_seed44_lr1em4,finished,2026-03-16 01:21:44+00:00,apertus,bf16_only,20,44,1e-4,bfloat16,none,4.639030521502718e-05,train/longfact_test_llama/span_recall_at_0.1_fpr,0.3591563705044464,llama,span,recall_at_0.1_fpr
vuc2g8id,apertus_no_lora_bf16_only_layer20_seed44_lr3em4,finished,2026-03-16 01:21:44+00:00,apertus,bf16_only,20,44,3e-4,bfloat16,none,0.2754364609718323,train/longfact_test_llama/span_recall_at_0.1_fpr,0.4201306366569607,llama,span,recall_at_0.1_fpr
v52uwh1g,apertus_no_lora_bf16_only_layer20_seed44_lr3em5,finished,2026-03-16 01:21:44+00:00,apertus,bf16_only,20,44,3e-5,bfloat16,none,23.12533187866211,train/longfact_test_llama/span_recall_at_0.1_fpr,0.2268356024238609,llama,span,recall_at_0.1_fpr
vz5jn274,apertus_no_lora_bf16_only_layer26_seed42_lr1em3,finished,2026-03-16 01:21:44+00:00,apertus,bf16_only,26,42,1e-3,bfloat16,none,0.023973966017365456,train/longfact_test_llama/span_recall_at_0.1_fpr,0.3865743291099394,llama,span,recall_at_0.1_fpr
4drsxr5u,apertus_no_lora_bf16_only_layer26_seed42_lr1em4,finished,2026-03-16 01:21:44+00:00,apertus,bf16_only,26,42,1e-4,bfloat16,none,0.023594362661242485,train/longfact_test_llama/span_recall_at_0.1_fpr,0.3364759581333123,llama,span,recall_at_0.1_fpr
1crms08u,apertus_no_lora_bf16_only_layer26_seed42_lr3em4,finished,2026-03-16 01:21:44+00:00,apertus,bf16_only,26,42,3e-4,bfloat16,none,0.006822563707828522,train/longfact_test_llama/span_recall_at_0.1_fpr,0.3725348233257259,llama,span,recall_at_0.1_fpr
cq95ctu3,apertus_no_lora_bf16_only_layer26_seed42_lr3em5,finished,2026-03-16 01:21:44+00:00,apertus,bf16_only,26,42,3e-5,bfloat16,none,0.9924049973487854,train/longfact_test_llama/span_recall_at_0.1_fpr,0.20746045486739592,llama,span,recall_at_0.1_fpr
q08ckrfy,apertus_no_lora_bf16_only_layer26_seed43_lr1em3,finished,2026-03-16 01:21:45+00:00,apertus,bf16_only,26,43,1e-3,bfloat16,none,4.096848487854004,train/longfact_test_llama/span_recall_at_0.1_fpr,0.3790351774612418,llama,span,recall_at_0.1_fpr
hirctdjt,apertus_no_lora_bf16_only_layer26_seed43_lr1em4,finished,2026-03-16 01:21:45+00:00,apertus,bf16_only,26,43,1e-4,bfloat16,none,4.878128528594971,train/longfact_test_llama/span_recall_at_0.1_fpr,0.329424726528685,llama,span,recall_at_0.1_fpr
psn29j9n,apertus_no_lora_bf16_only_layer26_seed43_lr3em4,finished,2026-03-16 01:21:45+00:00,apertus,bf16_only,26,43,3e-4,bfloat16,none,1.7208261489868164,train/longfact_test_llama/span_recall_at_0.1_fpr,0.3527032344377115,llama,span,recall_at_0.1_fpr
lx8g6b8s,apertus_no_lora_bf16_only_layer26_seed43_lr3em5,finished,2026-03-16 01:21:45+00:00,apertus,bf16_only,26,43,3e-5,bfloat16,none,12.94149684906006,train/longfact_test_llama/span_recall_at_0.1_fpr,0.21051388998189977,llama,span,recall_at_0.1_fpr
wixkxx9v,apertus_no_lora_bf16_only_layer26_seed44_lr1em3,finished,2026-03-16 01:21:44+00:00,apertus,bf16_only,26,44,1e-3,bfloat16,none,10.250615119934082,train/longfact_test_llama/span_recall_at_0.1_fpr,0.3911859604942158,llama,span,recall_at_0.1_fpr
2r4mqan8,apertus_no_lora_bf16_only_layer26_seed44_lr1em4,finished,2026-03-16 01:21:44+00:00,apertus,bf16_only,26,44,1e-4,bfloat16,none,0.0004059617640450597,train/longfact_test_llama/span_recall_at_0.1_fpr,0.3364287400645314,llama,span,recall_at_0.1_fpr
v3h0pfq3,apertus_no_lora_bf16_only_layer26_seed44_lr3em4,finished,2026-03-16 01:21:44+00:00,apertus,bf16_only,26,44,3e-4,bfloat16,none,0.3673836886882782,train/longfact_test_llama/span_recall_at_0.1_fpr,0.36545211300857794,llama,span,recall_at_0.1_fpr
muqajhqb,apertus_no_lora_bf16_only_layer26_seed44_lr3em5,finished,2026-03-16 01:21:44+00:00,apertus,bf16_only,26,44,3e-5,bfloat16,none,7.75074577331543,train/longfact_test_llama/span_recall_at_0.1_fpr,0.20982135830644527,llama,span,recall_at_0.1_fpr
imd2hxzj,apertus_no_lora_bf16_only_layer30_seed42_lr1em3,finished,2026-03-16 01:21:44+00:00,apertus,bf16_only,30,42,1e-3,bfloat16,none,82.0517578125,train/longfact_test_llama/span_recall_at_0.1_fpr,0.0,llama,span,recall_at_0.1_fpr
g9535ebe,apertus_no_lora_bf16_only_layer30_seed42_lr1em4,finished,2026-03-16 01:21:44+00:00,apertus,bf16_only,30,42,1e-4,bfloat16,none,0.033634547144174576,train/longfact_test_llama/span_recall_at_0.1_fpr,0.3572046903281656,llama,span,recall_at_0.1_fpr
j9yucacb,apertus_no_lora_bf16_only_layer30_seed42_lr3em4,finished,2026-03-16 01:21:44+00:00,apertus,bf16_only,30,42,3e-4,bfloat16,none,0.025012411177158356,train/longfact_test_llama/span_recall_at_0.1_fpr,0.3892657590304556,llama,span,recall_at_0.1_fpr
4bo3xdzv,apertus_no_lora_bf16_only_layer30_seed42_lr3em5,finished,2026-03-16 01:21:44+00:00,apertus,bf16_only,30,42,3e-5,bfloat16,none,33.04824447631836,train/longfact_test_llama/span_recall_at_0.1_fpr,0.22548201778547255,llama,span,recall_at_0.1_fpr
a55rsp1p,apertus_no_lora_bf16_only_layer30_seed43_lr1em3,finished,2026-03-16 01:21:45+00:00,apertus,bf16_only,30,43,1e-3,bfloat16,none,9.379252433776855,train/longfact_test_llama/span_recall_at_0.1_fpr,0.3674037931848587,llama,span,recall_at_0.1_fpr
5uzjpj1x,apertus_no_lora_bf16_only_layer30_seed43_lr1em4,finished,2026-03-16 01:21:45+00:00,apertus,bf16_only,30,43,1e-4,bfloat16,none,6.222002029418945,train/longfact_test_llama/span_recall_at_0.1_fpr,0.3489887463602739,llama,span,recall_at_0.1_fpr
fctlmblr,apertus_no_lora_bf16_only_layer30_seed43_lr3em4,finished,2026-03-16 01:21:45+00:00,apertus,bf16_only,30,43,3e-4,bfloat16,none,5.815634250640869,train/longfact_test_llama/span_recall_at_0.1_fpr,0.36469662390808216,llama,span,recall_at_0.1_fpr
580vhzgn,apertus_no_lora_bf16_only_layer30_seed43_lr3em5,finished,2026-03-16 01:21:45+00:00,apertus,bf16_only,30,43,3e-5,bfloat16,none,10.316194534301758,train/longfact_test_llama/span_recall_at_0.1_fpr,0.2158810104666719,llama,span,recall_at_0.1_fpr
uns2a6j2,apertus_no_lora_bf16_only_layer30_seed44_lr1em3,finished,2026-03-16 01:21:44+00:00,apertus,bf16_only,30,44,1e-3,bfloat16,none,0.0,train/longfact_test_llama/span_recall_at_0.1_fpr,1.5739356260328953e-05,llama,span,recall_at_0.1_fpr
m97ar22y,apertus_no_lora_bf16_only_layer30_seed44_lr1em4,finished,2026-03-16 01:21:44+00:00,apertus,bf16_only,30,44,1e-4,bfloat16,none,10.063371658325195,train/longfact_test_llama/span_recall_at_0.1_fpr,0.3422680412371134,llama,span,recall_at_0.1_fpr
hr0vmzt0,apertus_no_lora_bf16_only_layer30_seed44_lr3em4,finished,2026-03-16 01:21:44+00:00,apertus,bf16_only,30,44,3e-4,bfloat16,none,6.532261848449707,train/longfact_test_llama/span_recall_at_0.1_fpr,0.3797277091366963,llama,span,recall_at_0.1_fpr
w644eh9h,apertus_no_lora_bf16_only_layer30_seed44_lr3em5,finished,2026-03-16 01:21:44+00:00,apertus,bf16_only,30,44,3e-5,bfloat16,none,33.25065612792969,train/longfact_test_llama/span_recall_at_0.1_fpr,0.22257023687731173,llama,span,recall_at_0.1_fpr
3618z7cg,apertus_no_lora_fp32_only_layer10_seed42_lr1em3,finished,2026-03-16 18:21:39+00:00,apertus,fp32_only,10,42,1e-3,float32,none,0.11816876381635666,train/longfact_test_llama/span_recall_at_0.1_fpr,0.4995042102777996,llama,span,recall_at_0.1_fpr
mhg0ycoh,apertus_no_lora_fp32_only_layer10_seed42_lr1em4,finished,2026-03-16 18:21:39+00:00,apertus,fp32_only,10,42,1e-4,float32,none,0.1332954168319702,train/longfact_test_llama/span_recall_at_0.1_fpr,0.47471472416778154,llama,span,recall_at_0.1_fpr
b71ik25s,apertus_no_lora_fp32_only_layer10_seed42_lr3em4,finished,2026-03-16 18:21:39+00:00,apertus,fp32_only,10,42,3e-4,float32,none,0.1127048209309578,train/longfact_test_llama/span_recall_at_0.1_fpr,0.5062563941134808,llama,span,recall_at_0.1_fpr
8hl54mqx,apertus_no_lora_fp32_only_layer10_seed42_lr3em5,finished,2026-03-16 18:21:39+00:00,apertus,fp32_only,10,42,3e-5,float32,none,0.15368859469890594,train/longfact_test_llama/span_recall_at_0.1_fpr,0.4026599512079956,llama,span,recall_at_0.1_fpr
x3sqior5,apertus_no_lora_fp32_only_layer10_seed43_lr1em3,finished,2026-03-16 18:21:39+00:00,apertus,fp32_only,10,43,1e-3,float32,none,0.29647397994995117,train/longfact_test_llama/span_recall_at_0.1_fpr,0.5056897772881089,llama,span,recall_at_0.1_fpr
dm4602lm,apertus_no_lora_fp32_only_layer10_seed43_lr1em4,finished,2026-03-16 18:21:39+00:00,apertus,fp32_only,10,43,1e-4,float32,none,0.2917933166027069,train/longfact_test_llama/span_recall_at_0.1_fpr,0.4722436452349099,llama,span,recall_at_0.1_fpr
3mcpf9f3,apertus_no_lora_fp32_only_layer10_seed43_lr3em4,finished,2026-03-16 18:21:39+00:00,apertus,fp32_only,10,43,3e-4,float32,none,0.2921086251735687,train/longfact_test_llama/span_recall_at_0.1_fpr,0.5126150940426537,llama,span,recall_at_0.1_fpr
0v0cghh6,apertus_no_lora_fp32_only_layer10_seed43_lr3em5,finished,2026-03-16 18:21:39+00:00,apertus,fp32_only,10,43,3e-5,float32,none,0.27485892176628113,train/longfact_test_llama/span_recall_at_0.1_fpr,0.39781222947981426,llama,span,recall_at_0.1_fpr
k8u6gf39,apertus_no_lora_fp32_only_layer10_seed44_lr1em3,finished,2026-03-16 18:21:39+00:00,apertus,fp32_only,10,44,1e-3,float32,none,0.09856606274843216,train/longfact_test_llama/span_recall_at_0.1_fpr,0.5176359486896986,llama,span,recall_at_0.1_fpr
rgnn8edm,apertus_no_lora_fp32_only_layer10_seed44_lr1em4,finished,2026-03-16 18:21:39+00:00,apertus,fp32_only,10,44,1e-4,float32,none,0.4017370939254761,train/longfact_test_llama/span_recall_at_0.1_fpr,0.4778625954198473,llama,span,recall_at_0.1_fpr
1hlg6mhh,apertus_no_lora_fp32_only_layer10_seed44_lr3em4,finished,2026-03-16 18:21:39+00:00,apertus,fp32_only,10,44,3e-4,float32,none,0.3334559202194214,train/longfact_test_llama/span_recall_at_0.1_fpr,0.51387424254348,llama,span,recall_at_0.1_fpr
h32xr3bj,apertus_no_lora_fp32_only_layer10_seed44_lr3em5,finished,2026-03-16 18:21:39+00:00,apertus,fp32_only,10,44,3e-5,float32,none,0.6063321232795715,train/longfact_test_llama/span_recall_at_0.1_fpr,0.4028173447705989,llama,span,recall_at_0.1_fpr
7otuls41,apertus_no_lora_fp32_only_layer20_seed42_lr1em3,finished,2026-03-16 18:21:39+00:00,apertus,fp32_only,20,42,1e-3,float32,none,0.0014074433129280806,train/longfact_test_llama/span_recall_at_0.1_fpr,0.3980955378925002,llama,span,recall_at_0.1_fpr
h3hhroh2,apertus_no_lora_fp32_only_layer20_seed42_lr1em4,finished,2026-03-16 18:21:39+00:00,apertus,fp32_only,20,42,1e-4,float32,none,0.005417922046035528,train/longfact_test_llama/span_recall_at_0.1_fpr,0.3829070591012827,llama,span,recall_at_0.1_fpr
gbg3qolw,apertus_no_lora_fp32_only_layer20_seed42_lr3em4,finished,2026-03-16 18:21:39+00:00,apertus,fp32_only,20,42,3e-4,float32,none,0.012795637361705303,train/longfact_test_llama/span_recall_at_0.1_fpr,0.4187613126623121,llama,span,recall_at_0.1_fpr
vpc4pmw1,apertus_no_lora_fp32_only_layer20_seed42_lr3em5,finished,2026-03-16 18:21:39+00:00,apertus,fp32_only,20,42,3e-5,float32,none,0.4815448522567749,train/longfact_test_llama/span_recall_at_0.1_fpr,0.34256708900605964,llama,span,recall_at_0.1_fpr
4hd86xs1,apertus_no_lora_fp32_only_layer20_seed43_lr1em3,finished,2026-03-16 18:21:39+00:00,apertus,fp32_only,20,43,1e-3,float32,none,0.7915925979614258,train/longfact_test_llama/span_recall_at_0.1_fpr,0.41507830329739515,llama,span,recall_at_0.1_fpr
dtswvc78,apertus_no_lora_fp32_only_layer20_seed43_lr1em4,finished,2026-03-16 18:21:39+00:00,apertus,fp32_only,20,43,1e-4,float32,none,0.9363940954208374,train/longfact_test_llama/span_recall_at_0.1_fpr,0.37121271739985834,llama,span,recall_at_0.1_fpr
r4canywa,apertus_no_lora_fp32_only_layer20_seed43_lr3em4,finished,2026-03-16 18:21:39+00:00,apertus,fp32_only,20,43,3e-4,float32,none,0.4842445254325866,train/longfact_test_llama/span_recall_at_0.1_fpr,0.4258755016919808,llama,span,recall_at_0.1_fpr
5pryw2ji,apertus_no_lora_fp32_only_layer20_seed43_lr3em5,finished,2026-03-16 18:21:39+00:00,apertus,fp32_only,20,43,3e-5,float32,none,2.3771839141845703,train/longfact_test_llama/span_recall_at_0.1_fpr,0.33773510663413864,llama,span,recall_at_0.1_fpr
cu47livm,apertus_no_lora_fp32_only_layer20_seed44_lr1em3,finished,2026-03-16 18:21:39+00:00,apertus,fp32_only,20,44,1e-3,float32,none,0.8405814170837402,train/longfact_test_llama/span_recall_at_0.1_fpr,0.4235932950342331,llama,span,recall_at_0.1_fpr
7cq66mkt,apertus_no_lora_fp32_only_layer20_seed44_lr1em4,finished,2026-03-16 18:21:39+00:00,apertus,fp32_only,20,44,1e-4,float32,none,0.00021276120969559997,train/longfact_test_llama/span_recall_at_0.1_fpr,0.3787046509797749,llama,span,recall_at_0.1_fpr
wrlr6qli,apertus_no_lora_fp32_only_layer20_seed44_lr3em4,finished,2026-03-16 18:21:39+00:00,apertus,fp32_only,20,44,3e-4,float32,none,0.7323926091194153,train/longfact_test_llama/span_recall_at_0.1_fpr,0.4191547965688203,llama,span,recall_at_0.1_fpr
nkk8fdiv,apertus_no_lora_fp32_only_layer20_seed44_lr3em5,finished,2026-03-16 18:21:39+00:00,apertus,fp32_only,20,44,3e-5,float32,none,3.7443130016326904,train/longfact_test_llama/span_recall_at_0.1_fpr,0.3403635791296136,llama,span,recall_at_0.1_fpr
jeyu4ke4,apertus_no_lora_fp32_only_layer26_seed42_lr1em3,finished,2026-03-16 18:21:39+00:00,apertus,fp32_only,26,42,1e-3,float32,none,0.02182931825518608,train/longfact_test_llama/span_recall_at_0.1_fpr,0.383206106870229,llama,span,recall_at_0.1_fpr
6jnxw4n2,apertus_no_lora_fp32_only_layer26_seed42_lr1em4,finished,2026-03-16 18:21:39+00:00,apertus,fp32_only,26,42,1e-4,float32,none,0.017278315499424934,train/longfact_test_llama/span_recall_at_0.1_fpr,0.3408672385299441,llama,span,recall_at_0.1_fpr
vz2hbt4t,apertus_no_lora_fp32_only_layer26_seed42_lr3em4,finished,2026-03-16 18:21:39+00:00,apertus,fp32_only,26,42,3e-4,float32,none,0.006629477255046368,train/longfact_test_llama/span_recall_at_0.1_fpr,0.3539151648697568,llama,span,recall_at_0.1_fpr
g2rdqxou,apertus_no_lora_fp32_only_layer26_seed42_lr3em5,finished,2026-03-16 18:21:39+00:00,apertus,fp32_only,26,42,3e-5,float32,none,0.029366448521614075,train/longfact_test_llama/span_recall_at_0.1_fpr,0.3033288738490596,llama,span,recall_at_0.1_fpr
g557mw8r,apertus_no_lora_fp32_only_layer26_seed43_lr1em3,finished,2026-03-16 18:21:39+00:00,apertus,fp32_only,26,43,1e-3,float32,none,5.589945316314697,train/longfact_test_llama/span_recall_at_0.1_fpr,0.3831746281577083,llama,span,recall_at_0.1_fpr
xtj1l55e,apertus_no_lora_fp32_only_layer26_seed43_lr1em4,finished,2026-03-16 18:21:39+00:00,apertus,fp32_only,26,43,1e-4,float32,none,2.261085033416748,train/longfact_test_llama/span_recall_at_0.1_fpr,0.32775635476509013,llama,span,recall_at_0.1_fpr
tn9zon9i,apertus_no_lora_fp32_only_layer26_seed43_lr3em4,finished,2026-03-16 18:21:39+00:00,apertus,fp32_only,26,43,3e-4,float32,none,1.2675254344940186,train/longfact_test_llama/span_recall_at_0.1_fpr,0.35194774533721573,llama,span,recall_at_0.1_fpr
gi60xrz3,apertus_no_lora_fp32_only_layer26_seed43_lr3em5,finished,2026-03-16 18:21:39+00:00,apertus,fp32_only,26,43,3e-5,float32,none,5.592858791351318,train/longfact_test_llama/span_recall_at_0.1_fpr,0.29684425906980405,llama,span,recall_at_0.1_fpr
p7gub5up,apertus_no_lora_fp32_only_layer26_seed44_lr1em3,finished,2026-03-16 18:21:39+00:00,apertus,fp32_only,26,44,1e-3,float32,none,2.7211620807647705,train/longfact_test_llama/span_recall_at_0.1_fpr,0.3935626032895254,llama,span,recall_at_0.1_fpr
gani1xp7,apertus_no_lora_fp32_only_layer26_seed44_lr1em4,finished,2026-03-16 18:21:39+00:00,apertus,fp32_only,26,44,1e-4,float32,none,0.061501313000917435,train/longfact_test_llama/span_recall_at_0.1_fpr,0.34288187613126625,llama,span,recall_at_0.1_fpr
ill5vvx2,apertus_no_lora_fp32_only_layer26_seed44_lr3em4,finished,2026-03-16 18:21:39+00:00,apertus,fp32_only,26,44,3e-4,float32,none,0.02174818329513073,train/longfact_test_llama/span_recall_at_0.1_fpr,0.3627606830880617,llama,span,recall_at_0.1_fpr
b9ibkxys,apertus_no_lora_fp32_only_layer26_seed44_lr3em5,finished,2026-03-16 18:21:39+00:00,apertus,fp32_only,26,44,3e-5,float32,none,0.0007233090000227094,train/longfact_test_llama/span_recall_at_0.1_fpr,0.3008105768474069,llama,span,recall_at_0.1_fpr
362f178l,apertus_no_lora_fp32_only_layer30_seed42_lr1em3,finished,2026-03-16 18:21:39+00:00,apertus,fp32_only,30,42,1e-3,float32,none,81.83356475830078,train/longfact_test_llama/span_recall_at_0.1_fpr,0.0,llama,span,recall_at_0.1_fpr
572p44e7,apertus_no_lora_fp32_only_layer30_seed42_lr1em4,finished,2026-03-16 18:21:39+00:00,apertus,fp32_only,30,42,1e-4,float32,none,0.03013068065047264,train/longfact_test_llama/span_recall_at_0.1_fpr,0.35627606830880615,llama,span,recall_at_0.1_fpr
9k35iiw5,apertus_no_lora_fp32_only_layer30_seed42_lr3em4,finished,2026-03-16 18:21:39+00:00,apertus,fp32_only,30,42,3e-4,float32,none,0.02508390322327614,train/longfact_test_llama/span_recall_at_0.1_fpr,0.3582907059101283,llama,span,recall_at_0.1_fpr
7u26q4rs,apertus_no_lora_fp32_only_layer30_seed42_lr3em5,finished,2026-03-16 18:21:39+00:00,apertus,fp32_only,30,42,3e-5,float32,none,0.5540672540664673,train/longfact_test_llama/span_recall_at_0.1_fpr,0.3075785000393484,llama,span,recall_at_0.1_fpr
f817tswh,apertus_no_lora_fp32_only_layer30_seed43_lr1em3,finished,2026-03-16 18:21:39+00:00,apertus,fp32_only,30,43,1e-3,float32,none,9.374524116516112,train/longfact_test_llama/span_recall_at_0.1_fpr,0.0,llama,span,recall_at_0.1_fpr
lqmdrcpg,apertus_no_lora_fp32_only_layer30_seed43_lr1em4,finished,2026-03-16 18:21:39+00:00,apertus,fp32_only,30,43,1e-4,float32,none,5.7266106605529785,train/longfact_test_llama/span_recall_at_0.1_fpr,0.34702132682773273,llama,span,recall_at_0.1_fpr
f3nq1ppq,apertus_no_lora_fp32_only_layer30_seed43_lr3em4,finished,2026-03-16 18:21:39+00:00,apertus,fp32_only,30,43,3e-4,float32,none,5.207202911376953,train/longfact_test_llama/span_recall_at_0.1_fpr,0.35693712127174,llama,span,recall_at_0.1_fpr
z9shqkbl,apertus_no_lora_fp32_only_layer30_seed43_lr3em5,finished,2026-03-16 18:21:39+00:00,apertus,fp32_only,30,43,3e-5,float32,none,6.685286521911621,train/longfact_test_llama/span_recall_at_0.1_fpr,0.29460927048083735,llama,span,recall_at_0.1_fpr
bz9gcqwk,apertus_no_lora_fp32_only_layer30_seed44_lr1em3,finished,2026-03-16 18:21:39+00:00,apertus,fp32_only,30,44,1e-3,float32,none,0.0,train/longfact_test_llama/span_recall_at_0.1_fpr,0.0,llama,span,recall_at_0.1_fpr
nhg2yz2u,apertus_no_lora_fp32_only_layer30_seed44_lr1em4,finished,2026-03-16 18:21:39+00:00,apertus,fp32_only,30,44,1e-4,float32,none,0.01171684730798006,train/longfact_test_llama/span_recall_at_0.1_fpr,0.34968127803572835,llama,span,recall_at_0.1_fpr
4yytvlvi,apertus_no_lora_fp32_only_layer30_seed44_lr3em4,finished,2026-03-16 18:21:39+00:00,apertus,fp32_only,30,44,3e-4,float32,none,0.0005547898472286761,train/longfact_test_llama/span_recall_at_0.1_fpr,0.359282285354529,llama,span,recall_at_0.1_fpr
8kx20a5i,apertus_no_lora_fp32_only_layer30_seed44_lr3em5,finished,2026-03-16 18:21:39+00:00,apertus,fp32_only,30,44,3e-5,float32,none,33.319332122802734,train/longfact_test_llama/span_recall_at_0.1_fpr,0.30027543873455576,llama,span,recall_at_0.1_fpr
kgoq3e5r,llama_no_lora_long_form_layer10_seed42,finished,2026-03-02 14:45:36+00:00,llama,llama_layers,10,42,,bfloat16,none,0.4103353917598725,train/longfact_test_llama/span_recall_at_0.1_fpr,0.5233393986344065,llama,span,recall_at_0.1_fpr
9oem35be,llama_no_lora_long_form_layer10_seed43,finished,2026-03-02 14:46:11+00:00,llama,llama_layers,10,43,,bfloat16,none,0.582381546497345,train/longfact_test_llama/span_recall_at_0.1_fpr,0.5233033671428828,llama,span,recall_at_0.1_fpr
rri8v027,llama_no_lora_long_form_layer10_seed44,finished,2026-03-02 14:46:11+00:00,llama,llama_layers,10,44,,bfloat16,none,0.3619125485420227,train/longfact_test_llama/span_recall_at_0.1_fpr,0.52708667375286,llama,span,recall_at_0.1_fpr
qni919ee,llama_no_lora_long_form_layer20_seed42,finished,2026-03-02 14:50:44+00:00,llama,llama_layers,20,42,,bfloat16,none,0.4025150239467621,train/longfact_test_llama/span_recall_at_0.1_fpr,0.5370313654133713,llama,span,recall_at_0.1_fpr
4aryhr4u,llama_no_lora_long_form_layer20_seed43,finished,2026-03-02 14:50:44+00:00,llama,llama_layers,20,43,,bfloat16,none,0.6214630007743835,train/longfact_test_llama/span_recall_at_0.1_fpr,0.5421118057181977,llama,span,recall_at_0.1_fpr
v8qejznt,llama_no_lora_long_form_layer20_seed44,finished,2026-03-02 14:50:44+00:00,llama,llama_layers,20,44,,bfloat16,none,0.4049457013607025,train/longfact_test_llama/span_recall_at_0.1_fpr,0.5395715855657846,llama,span,recall_at_0.1_fpr
82vjeyys,llama_no_lora_long_form_layer26_seed42,finished,2026-03-02 14:50:44+00:00,llama,llama_layers,26,42,,bfloat16,none,0.38688111305236816,train/longfact_test_llama/span_recall_at_0.1_fpr,0.5252850991766804,llama,span,recall_at_0.1_fpr
gzg4irhz,llama_no_lora_long_form_layer26_seed43,finished,2026-03-02 14:51:46+00:00,llama,llama_layers,26,43,,bfloat16,none,0.6332159042358398,train/longfact_test_llama/span_recall_at_0.1_fpr,0.5308159331255518,llama,span,recall_at_0.1_fpr
7u7entue,llama_no_lora_long_form_layer26_seed44,finished,2026-03-02 14:51:46+00:00,llama,llama_layers,26,44,,bfloat16,none,0.4069174230098725,train/longfact_test_llama/span_recall_at_0.1_fpr,0.5318067991424505,llama,span,recall_at_0.1_fpr
ct7o6ek7,llama_no_lora_long_form_layer30_seed42,finished,2026-03-02 14:51:46+00:00,llama,llama_layers,30,42,,bfloat16,none,0.4142408668994904,train/longfact_test_llama/span_recall_at_0.1_fpr,0.5415713333453438,llama,span,recall_at_0.1_fpr
av9rm02w,llama_no_lora_long_form_layer30_seed43,finished,2026-03-02 14:51:46+00:00,llama,llama_layers,30,43,,bfloat16,none,0.7231071591377258,train/longfact_test_llama/span_recall_at_0.1_fpr,0.5405624515826832,llama,span,recall_at_0.1_fpr
ojujrfsw,llama_no_lora_long_form_layer30_seed44,finished,2026-03-02 14:51:46+00:00,llama,llama_layers,30,44,,bfloat16,none,0.4089251160621643,train/longfact_test_llama/span_recall_at_0.1_fpr,0.5458951123281748,llama,span,recall_at_0.1_fpr
47rfeqmx,apertus_no_lora_ln_bf16_layer10_seed42_lr1em3,finished,2026-03-16 01:21:44+00:00,apertus,ln_bf16,10,42,1e-3,bfloat16,layernorm,0.14300638437271118,train/longfact_test_llama/span_recall_at_0.1_fpr,0.5134807586369717,llama,span,recall_at_0.1_fpr
ltvbxnyc,apertus_no_lora_ln_bf16_layer10_seed42_lr1em4,finished,2026-03-16 01:21:44+00:00,apertus,ln_bf16,10,42,1e-4,bfloat16,layernorm,0.3950393497943878,train/longfact_test_llama/span_recall_at_0.1_fpr,0.4242700873534273,llama,span,recall_at_0.1_fpr
aupa5a3l,apertus_no_lora_ln_bf16_layer10_seed42_lr3em4,finished,2026-03-16 01:21:44+00:00,apertus,ln_bf16,10,42,3e-4,bfloat16,layernorm,0.18207243084907532,train/longfact_test_llama/span_recall_at_0.1_fpr,0.4924529786731723,llama,span,recall_at_0.1_fpr
48kc2gt3,apertus_no_lora_ln_bf16_layer10_seed42_lr3em5,finished,2026-03-16 01:21:44+00:00,apertus,ln_bf16,10,42,3e-5,bfloat16,layernorm,0.942188560962677,train/longfact_test_llama/span_recall_at_0.1_fpr,0.27717006374439285,llama,span,recall_at_0.1_fpr
l92ugb0x,apertus_no_lora_ln_bf16_layer10_seed43_lr1em3,finished,2026-03-16 01:21:44+00:00,apertus,ln_bf16,10,43,1e-3,bfloat16,layernorm,0.2892049551010132,train/longfact_test_llama/span_recall_at_0.1_fpr,0.5177146454710002,llama,span,recall_at_0.1_fpr
ks445ju3,apertus_no_lora_ln_bf16_layer10_seed43_lr1em4,finished,2026-03-16 01:21:44+00:00,apertus,ln_bf16,10,43,1e-4,bfloat16,layernorm,0.26968491077423096,train/longfact_test_llama/span_recall_at_0.1_fpr,0.4160384040292752,llama,span,recall_at_0.1_fpr
v1whaixy,apertus_no_lora_ln_bf16_layer10_seed43_lr3em4,finished,2026-03-16 01:21:44+00:00,apertus,ln_bf16,10,43,3e-4,bfloat16,layernorm,0.26967474818229675,train/longfact_test_llama/span_recall_at_0.1_fpr,0.4918234044227591,llama,span,recall_at_0.1_fpr
yrz15txm,apertus_no_lora_ln_bf16_layer10_seed43_lr3em5,finished,2026-03-16 01:21:44+00:00,apertus,ln_bf16,10,43,3e-5,bfloat16,layernorm,0.35177040100097656,train/longfact_test_llama/span_recall_at_0.1_fpr,0.2776422444322027,llama,span,recall_at_0.1_fpr
yjo8ext8,apertus_no_lora_ln_bf16_layer10_seed44_lr1em3,finished,2026-03-16 01:21:45+00:00,apertus,ln_bf16,10,44,1e-3,bfloat16,layernorm,0.20609278976917267,train/longfact_test_llama/span_recall_at_0.1_fpr,0.5188478791217439,llama,span,recall_at_0.1_fpr
wjc71sg6,apertus_no_lora_ln_bf16_layer10_seed44_lr1em4,finished,2026-03-16 01:21:45+00:00,apertus,ln_bf16,10,44,1e-4,bfloat16,layernorm,0.3125472366809845,train/longfact_test_llama/span_recall_at_0.1_fpr,0.4189501849374361,llama,span,recall_at_0.1_fpr
dd2pwu6g,apertus_no_lora_ln_bf16_layer10_seed44_lr3em4,finished,2026-03-16 01:21:45+00:00,apertus,ln_bf16,10,44,3e-4,bfloat16,layernorm,0.289102166891098,train/longfact_test_llama/span_recall_at_0.1_fpr,0.4902337294404659,llama,span,recall_at_0.1_fpr
gk2y0cx9,apertus_no_lora_ln_bf16_layer10_seed44_lr3em5,finished,2026-03-16 01:21:45+00:00,apertus,ln_bf16,10,44,3e-5,bfloat16,layernorm,0.31844255328178406,train/longfact_test_llama/span_recall_at_0.1_fpr,0.28107342409695446,llama,span,recall_at_0.1_fpr
p3f6sakq,apertus_no_lora_ln_bf16_layer20_seed42_lr1em3,finished,2026-03-16 01:21:44+00:00,apertus,ln_bf16,20,42,1e-3,bfloat16,layernorm,0.11758887767791748,train/longfact_test_llama/span_recall_at_0.1_fpr,0.5179035177461242,llama,span,recall_at_0.1_fpr
2mbvnb3s,apertus_no_lora_ln_bf16_layer20_seed42_lr1em4,finished,2026-03-16 01:21:44+00:00,apertus,ln_bf16,20,42,1e-4,bfloat16,layernorm,0.5318654179573059,train/longfact_test_llama/span_recall_at_0.1_fpr,0.4243487841347289,llama,span,recall_at_0.1_fpr
pw74vso0,apertus_no_lora_ln_bf16_layer20_seed42_lr3em4,finished,2026-03-16 01:21:44+00:00,apertus,ln_bf16,20,42,3e-4,bfloat16,layernorm,0.2455830276012421,train/longfact_test_llama/span_recall_at_0.1_fpr,0.49325568584244905,llama,span,recall_at_0.1_fpr
lcc4r0ui,apertus_no_lora_ln_bf16_layer20_seed42_lr3em5,finished,2026-03-16 01:21:44+00:00,apertus,ln_bf16,20,42,3e-5,bfloat16,layernorm,0.8914243578910828,train/longfact_test_llama/span_recall_at_0.1_fpr,0.237176359486897,llama,span,recall_at_0.1_fpr
ea20dmvq,apertus_no_lora_ln_bf16_layer20_seed43_lr1em3,finished,2026-03-16 01:21:44+00:00,apertus,ln_bf16,20,43,1e-3,bfloat16,layernorm,0.2716436982154846,train/longfact_test_llama/span_recall_at_0.1_fpr,0.5218855748799874,llama,span,recall_at_0.1_fpr
dq6d9cxj,apertus_no_lora_ln_bf16_layer20_seed43_lr1em4,finished,2026-03-16 01:21:44+00:00,apertus,ln_bf16,20,43,1e-4,bfloat16,layernorm,0.28726422786712646,train/longfact_test_llama/span_recall_at_0.1_fpr,0.4154717872039034,llama,span,recall_at_0.1_fpr
5rukn8sb,apertus_no_lora_ln_bf16_layer20_seed43_lr3em4,finished,2026-03-16 01:21:44+00:00,apertus,ln_bf16,20,43,3e-4,bfloat16,layernorm,0.279452383518219,train/longfact_test_llama/span_recall_at_0.1_fpr,0.49511292988116784,llama,span,recall_at_0.1_fpr
sg4y1aru,apertus_no_lora_ln_bf16_layer20_seed43_lr3em5,finished,2026-03-16 01:21:44+00:00,apertus,ln_bf16,20,43,3e-5,bfloat16,layernorm,0.383007675409317,train/longfact_test_llama/span_recall_at_0.1_fpr,0.23432753600377745,llama,span,recall_at_0.1_fpr
wjx8fs4d,apertus_no_lora_ln_bf16_layer20_seed44_lr1em3,finished,2026-03-16 01:21:44+00:00,apertus,ln_bf16,20,44,1e-3,bfloat16,layernorm,0.343784362077713,train/longfact_test_llama/span_recall_at_0.1_fpr,0.5277878334776107,llama,span,recall_at_0.1_fpr
ug8c0ane,apertus_no_lora_ln_bf16_layer20_seed44_lr1em4,finished,2026-03-16 01:21:44+00:00,apertus,ln_bf16,20,44,1e-4,bfloat16,layernorm,0.39652878046035767,train/longfact_test_llama/span_recall_at_0.1_fpr,0.4193436688439443,llama,span,recall_at_0.1_fpr
xy83pt3c,apertus_no_lora_ln_bf16_layer20_seed44_lr3em4,finished,2026-03-16 01:21:44+00:00,apertus,ln_bf16,20,44,3e-4,bfloat16,layernorm,0.4512102007865906,train/longfact_test_llama/span_recall_at_0.1_fpr,0.4924214999606516,llama,span,recall_at_0.1_fpr
mgy8s31x,apertus_no_lora_ln_bf16_layer20_seed44_lr3em5,finished,2026-03-16 01:21:44+00:00,apertus,ln_bf16,20,44,3e-5,bfloat16,layernorm,0.44538286328315735,train/longfact_test_llama/span_recall_at_0.1_fpr,0.2414732037459668,llama,span,recall_at_0.1_fpr
qbe29z5d,apertus_no_lora_ln_bf16_layer26_seed42_lr1em3,finished,2026-03-16 01:21:44+00:00,apertus,ln_bf16,26,42,1e-3,bfloat16,layernorm,0.1929110735654831,train/longfact_test_llama/span_recall_at_0.1_fpr,0.4800346265837727,llama,span,recall_at_0.1_fpr
nyzlam71,apertus_no_lora_ln_bf16_layer26_seed42_lr1em4,finished,2026-03-16 01:21:44+00:00,apertus,ln_bf16,26,42,1e-4,bfloat16,layernorm,0.5006973147392273,train/longfact_test_llama/span_recall_at_0.1_fpr,0.3621625875501692,llama,span,recall_at_0.1_fpr
p9he43x3,apertus_no_lora_ln_bf16_layer26_seed42_lr3em4,finished,2026-03-16 01:21:44+00:00,apertus,ln_bf16,26,42,3e-4,bfloat16,layernorm,0.27400892972946167,train/longfact_test_llama/span_recall_at_0.1_fpr,0.4464311009679704,llama,span,recall_at_0.1_fpr
jap1923r,apertus_no_lora_ln_bf16_layer26_seed42_lr3em5,finished,2026-03-16 01:21:44+00:00,apertus,ln_bf16,26,42,3e-5,bfloat16,layernorm,0.9109970927238464,train/longfact_test_llama/span_recall_at_0.1_fpr,0.201196191075785,llama,span,recall_at_0.1_fpr
kffm0190,apertus_no_lora_ln_bf16_layer26_seed43_lr1em3,finished,2026-03-16 01:21:44+00:00,apertus,ln_bf16,26,43,1e-3,bfloat16,layernorm,0.27165380120277405,train/longfact_test_llama/span_recall_at_0.1_fpr,0.48615723616904066,llama,span,recall_at_0.1_fpr
6nfiscpk,apertus_no_lora_ln_bf16_layer26_seed43_lr1em4,finished,2026-03-16 01:21:44+00:00,apertus,ln_bf16,26,43,1e-4,bfloat16,layernorm,0.29313549399375916,train/longfact_test_llama/span_recall_at_0.1_fpr,0.36441331549539624,llama,span,recall_at_0.1_fpr
livazl8t,apertus_no_lora_ln_bf16_layer26_seed43_lr3em4,finished,2026-03-16 01:21:44+00:00,apertus,ln_bf16,26,43,3e-4,bfloat16,layernorm,0.26969656348228455,train/longfact_test_llama/span_recall_at_0.1_fpr,0.446934760368301,llama,span,recall_at_0.1_fpr
cs5p5dya,apertus_no_lora_ln_bf16_layer26_seed43_lr3em5,finished,2026-03-16 01:21:44+00:00,apertus,ln_bf16,26,43,3e-5,bfloat16,layernorm,0.3752008378505707,train/longfact_test_llama/span_recall_at_0.1_fpr,0.20610687022900764,llama,span,recall_at_0.1_fpr
m9z367ud,apertus_no_lora_ln_bf16_layer26_seed44_lr1em3,finished,2026-03-16 01:21:44+00:00,apertus,ln_bf16,26,44,1e-3,bfloat16,layernorm,0.44535091519355774,train/longfact_test_llama/span_recall_at_0.1_fpr,0.48629889037538365,llama,span,recall_at_0.1_fpr
ycmihac6,apertus_no_lora_ln_bf16_layer26_seed44_lr1em4,finished,2026-03-16 01:21:44+00:00,apertus,ln_bf16,26,44,1e-4,bfloat16,layernorm,0.3027840852737427,train/longfact_test_llama/span_recall_at_0.1_fpr,0.3664436924529787,llama,span,recall_at_0.1_fpr
b7cu6by4,apertus_no_lora_ln_bf16_layer26_seed44_lr3em4,finished,2026-03-16 01:21:44+00:00,apertus,ln_bf16,26,44,3e-4,bfloat16,layernorm,0.33402493596076965,train/longfact_test_llama/span_recall_at_0.1_fpr,0.4476745101125364,llama,span,recall_at_0.1_fpr
82b66i5k,apertus_no_lora_ln_bf16_layer26_seed44_lr3em5,finished,2026-03-16 01:21:44+00:00,apertus,ln_bf16,26,44,3e-5,bfloat16,layernorm,0.3965613543987274,train/longfact_test_llama/span_recall_at_0.1_fpr,0.20809002911780908,llama,span,recall_at_0.1_fpr
7hvw78qp,apertus_no_lora_ln_bf16_layer30_seed42_lr1em3,finished,2026-03-16 01:21:44+00:00,apertus,ln_bf16,30,42,1e-3,bfloat16,layernorm,0.18903133273124695,train/longfact_test_llama/span_recall_at_0.1_fpr,0.488659793814433,llama,span,recall_at_0.1_fpr
hq7zzpsr,apertus_no_lora_ln_bf16_layer30_seed42_lr1em4,finished,2026-03-16 01:21:44+00:00,apertus,ln_bf16,30,42,1e-4,bfloat16,layernorm,0.6139996647834778,train/longfact_test_llama/span_recall_at_0.1_fpr,0.3664436924529787,llama,span,recall_at_0.1_fpr
wehbf6bi,apertus_no_lora_ln_bf16_layer30_seed42_lr3em4,finished,2026-03-16 01:21:44+00:00,apertus,ln_bf16,30,42,3e-4,bfloat16,layernorm,0.2974618077278137,train/longfact_test_llama/span_recall_at_0.1_fpr,0.4533091996537342,llama,span,recall_at_0.1_fpr
inx8ca5d,apertus_no_lora_ln_bf16_layer30_seed42_lr3em5,finished,2026-03-16 01:21:44+00:00,apertus,ln_bf16,30,42,3e-5,bfloat16,layernorm,0.8954324722290039,train/longfact_test_llama/span_recall_at_0.1_fpr,0.2332257810655544,llama,span,recall_at_0.1_fpr
og90cgj0,apertus_no_lora_ln_bf16_layer30_seed43_lr1em3,finished,2026-03-16 01:21:44+00:00,apertus,ln_bf16,30,43,1e-3,bfloat16,layernorm,0.2775192856788635,train/longfact_test_llama/span_recall_at_0.1_fpr,0.4957739828441017,llama,span,recall_at_0.1_fpr
5cwasjvc,apertus_no_lora_ln_bf16_layer30_seed43_lr1em4,finished,2026-03-16 01:21:44+00:00,apertus,ln_bf16,30,43,1e-4,bfloat16,layernorm,0.2989921569824219,train/longfact_test_llama/span_recall_at_0.1_fpr,0.36576690013378454,llama,span,recall_at_0.1_fpr
7jkvxq48,apertus_no_lora_ln_bf16_layer30_seed43_lr3em4,finished,2026-03-16 01:21:44+00:00,apertus,ln_bf16,30,43,3e-4,bfloat16,layernorm,0.28141525387763977,train/longfact_test_llama/span_recall_at_0.1_fpr,0.45477295978594473,llama,span,recall_at_0.1_fpr
74i6ukb7,apertus_no_lora_ln_bf16_layer30_seed43_lr3em5,finished,2026-03-16 01:21:44+00:00,apertus,ln_bf16,30,43,3e-5,bfloat16,layernorm,0.367383748292923,train/longfact_test_llama/span_recall_at_0.1_fpr,0.2320138506335091,llama,span,recall_at_0.1_fpr
4m7o0thq,apertus_no_lora_ln_bf16_layer30_seed44_lr1em3,finished,2026-03-16 01:21:44+00:00,apertus,ln_bf16,30,44,1e-3,bfloat16,layernorm,0.3379320204257965,train/longfact_test_llama/span_recall_at_0.1_fpr,0.4930668135673251,llama,span,recall_at_0.1_fpr
3huyrepp,apertus_no_lora_ln_bf16_layer30_seed44_lr1em4,finished,2026-03-16 01:21:44+00:00,apertus,ln_bf16,30,44,1e-4,bfloat16,layernorm,0.4082537889480591,train/longfact_test_llama/span_recall_at_0.1_fpr,0.368757377823247,llama,span,recall_at_0.1_fpr
khqaa0hj,apertus_no_lora_ln_bf16_layer30_seed44_lr3em4,finished,2026-03-16 01:21:44+00:00,apertus,ln_bf16,30,44,3e-4,bfloat16,layernorm,0.3730915486812592,train/longfact_test_llama/span_recall_at_0.1_fpr,0.4528370189659243,llama,span,recall_at_0.1_fpr
v97a1dax,apertus_no_lora_ln_bf16_layer30_seed44_lr3em5,finished,2026-03-16 01:21:44+00:00,apertus,ln_bf16,30,44,3e-5,bfloat16,layernorm,0.44148337841033936,train/longfact_test_llama/span_recall_at_0.1_fpr,0.23451640827890136,llama,span,recall_at_0.1_fpr
a1vhu02a,apertus_no_lora_ln_fp32_layer10_seed42_lr1em3,finished,2026-03-16 18:21:39+00:00,apertus,ln_fp32,10,42,1e-3,float32,layernorm,0.12267088890075684,train/longfact_test_llama/span_recall_at_0.1_fpr,0.5174942944833556,llama,span,recall_at_0.1_fpr
s5e7uzrk,apertus_no_lora_ln_fp32_layer10_seed42_lr1em4,finished,2026-03-16 18:21:39+00:00,apertus,ln_fp32,10,42,1e-4,float32,layernorm,0.2215098738670349,train/longfact_test_llama/span_recall_at_0.1_fpr,0.4698040450145589,llama,span,recall_at_0.1_fpr
a039mxlm,apertus_no_lora_ln_fp32_layer10_seed42_lr3em4,finished,2026-03-16 18:21:39+00:00,apertus,ln_fp32,10,42,3e-4,float32,layernorm,0.15673403441905975,train/longfact_test_llama/span_recall_at_0.1_fpr,0.5016762414417251,llama,span,recall_at_0.1_fpr
ur0fzre6,apertus_no_lora_ln_fp32_layer10_seed42_lr3em5,finished,2026-03-16 18:21:39+00:00,apertus,ln_fp32,10,42,3e-5,float32,layernorm,0.4890720844268799,train/longfact_test_llama/span_recall_at_0.1_fpr,0.39551428346580625,llama,span,recall_at_0.1_fpr
kyx3dh6x,apertus_no_lora_ln_fp32_layer10_seed43_lr1em3,finished,2026-03-16 18:21:39+00:00,apertus,ln_fp32,10,43,1e-3,float32,layernorm,0.2920945882797241,train/longfact_test_llama/span_recall_at_0.1_fpr,0.5222790587864956,llama,span,recall_at_0.1_fpr
anpnl7j5,apertus_no_lora_ln_fp32_layer10_seed43_lr1em4,finished,2026-03-16 18:21:39+00:00,apertus,ln_fp32,10,43,1e-4,float32,layernorm,0.26364782452583313,train/longfact_test_llama/span_recall_at_0.1_fpr,0.46753757771307153,llama,span,recall_at_0.1_fpr
mu08a37q,apertus_no_lora_ln_fp32_layer10_seed43_lr3em4,finished,2026-03-16 18:21:39+00:00,apertus,ln_fp32,10,43,3e-4,float32,layernorm,0.2802787125110626,train/longfact_test_llama/span_recall_at_0.1_fpr,0.5036436609742662,llama,span,recall_at_0.1_fpr
0q5lbh0o,apertus_no_lora_ln_fp32_layer10_seed43_lr3em5,finished,2026-03-16 18:21:39+00:00,apertus,ln_fp32,10,43,3e-5,float32,layernorm,0.27201464772224426,train/longfact_test_llama/span_recall_at_0.1_fpr,0.3932635555205792,llama,span,recall_at_0.1_fpr
b2incihb,apertus_no_lora_ln_fp32_layer10_seed44_lr1em3,finished,2026-03-16 18:21:39+00:00,apertus,ln_fp32,10,44,1e-3,float32,layernorm,0.19783645868301392,train/longfact_test_llama/span_recall_at_0.1_fpr,0.519713543716062,llama,span,recall_at_0.1_fpr
9s2c6c1h,apertus_no_lora_ln_fp32_layer10_seed44_lr1em4,finished,2026-03-16 18:21:39+00:00,apertus,ln_fp32,10,44,1e-4,float32,layernorm,0.32758116722106934,train/longfact_test_llama/span_recall_at_0.1_fpr,0.4705123160462737,llama,span,recall_at_0.1_fpr
u1cqzubx,apertus_no_lora_ln_fp32_layer10_seed44_lr3em4,finished,2026-03-16 18:21:39+00:00,apertus,ln_fp32,10,44,3e-4,float32,layernorm,0.2790237069129944,train/longfact_test_llama/span_recall_at_0.1_fpr,0.5033446132053199,llama,span,recall_at_0.1_fpr
jd8rl3y0,apertus_no_lora_ln_fp32_layer10_seed44_lr3em5,finished,2026-03-16 18:21:39+00:00,apertus,ln_fp32,10,44,3e-5,float32,layernorm,0.29283058643341064,train/longfact_test_llama/span_recall_at_0.1_fpr,0.3946171401589675,llama,span,recall_at_0.1_fpr
tvxgxlk0,apertus_no_lora_ln_fp32_layer20_seed42_lr1em3,finished,2026-03-16 18:21:39+00:00,apertus,ln_fp32,20,42,1e-3,float32,layernorm,0.11203589290380478,train/longfact_test_llama/span_recall_at_0.1_fpr,0.5256630203824664,llama,span,recall_at_0.1_fpr
szjyc7rq,apertus_no_lora_ln_fp32_layer20_seed42_lr1em4,finished,2026-03-16 18:21:39+00:00,apertus,ln_fp32,20,42,1e-4,float32,layernorm,0.3388446271419525,train/longfact_test_llama/span_recall_at_0.1_fpr,0.47232234201621154,llama,span,recall_at_0.1_fpr
j1ydn4mi,apertus_no_lora_ln_fp32_layer20_seed42_lr3em4,finished,2026-03-16 18:21:39+00:00,apertus,ln_fp32,20,42,3e-4,float32,layernorm,0.18392929434776303,train/longfact_test_llama/span_recall_at_0.1_fpr,0.5055638624380263,llama,span,recall_at_0.1_fpr
mru621ko,apertus_no_lora_ln_fp32_layer20_seed42_lr3em5,finished,2026-03-16 18:21:39+00:00,apertus,ln_fp32,20,42,3e-5,float32,layernorm,0.6155123114585876,train/longfact_test_llama/span_recall_at_0.1_fpr,0.3888093176989061,llama,span,recall_at_0.1_fpr
cuinxn0m,apertus_no_lora_ln_fp32_layer20_seed43_lr1em3,finished,2026-03-16 18:21:39+00:00,apertus,ln_fp32,20,43,1e-3,float32,layernorm,0.2761920690536499,train/longfact_test_llama/span_recall_at_0.1_fpr,0.5258991107263713,llama,span,recall_at_0.1_fpr
gfuz02ro,apertus_no_lora_ln_fp32_layer20_seed43_lr1em4,finished,2026-03-16 18:21:39+00:00,apertus,ln_fp32,20,43,1e-4,float32,layernorm,0.28859972953796387,train/longfact_test_llama/span_recall_at_0.1_fpr,0.47128354450302984,llama,span,recall_at_0.1_fpr
bydlptvs,apertus_no_lora_ln_fp32_layer20_seed43_lr3em4,finished,2026-03-16 18:21:39+00:00,apertus,ln_fp32,20,43,3e-4,float32,layernorm,0.27679380774497986,train/longfact_test_llama/span_recall_at_0.1_fpr,0.5077044148894311,llama,span,recall_at_0.1_fpr
5a8w5arg,apertus_no_lora_ln_fp32_layer20_seed43_lr3em5,finished,2026-03-16 18:21:39+00:00,apertus,ln_fp32,20,43,3e-5,float32,layernorm,0.30041441321372986,train/longfact_test_llama/span_recall_at_0.1_fpr,0.3884787912174392,llama,span,recall_at_0.1_fpr
3wystufk,apertus_no_lora_ln_fp32_layer20_seed44_lr1em3,finished,2026-03-16 18:21:39+00:00,apertus,ln_fp32,20,44,1e-3,float32,layernorm,0.37859293818473816,train/longfact_test_llama/span_recall_at_0.1_fpr,0.5286220193594082,llama,span,recall_at_0.1_fpr
ipm80jlq,apertus_no_lora_ln_fp32_layer20_seed44_lr1em4,finished,2026-03-16 18:21:39+00:00,apertus,ln_fp32,20,44,1e-4,float32,layernorm,0.39040952920913696,train/longfact_test_llama/span_recall_at_0.1_fpr,0.4726686078539388,llama,span,recall_at_0.1_fpr
28tm3neg,apertus_no_lora_ln_fp32_layer20_seed44_lr3em4,finished,2026-03-16 18:21:39+00:00,apertus,ln_fp32,20,44,3e-4,float32,layernorm,0.4330550134181976,train/longfact_test_llama/span_recall_at_0.1_fpr,0.5081608562209806,llama,span,recall_at_0.1_fpr
zoq512xp,apertus_no_lora_ln_fp32_layer20_seed44_lr3em5,finished,2026-03-16 18:21:39+00:00,apertus,ln_fp32,20,44,3e-5,float32,layernorm,0.37936899065971375,train/longfact_test_llama/span_recall_at_0.1_fpr,0.39043047139372,llama,span,recall_at_0.1_fpr
8hrkgqv3,apertus_no_lora_ln_fp32_layer26_seed42_lr1em3,finished,2026-03-16 18:21:39+00:00,apertus,ln_fp32,26,42,1e-3,float32,layernorm,0.17951826751232147,train/longfact_test_llama/span_recall_at_0.1_fpr,0.4924687180294326,llama,span,recall_at_0.1_fpr
rlqcb2g4,apertus_no_lora_ln_fp32_layer26_seed42_lr1em4,finished,2026-03-16 18:21:39+00:00,apertus,ln_fp32,26,42,1e-4,float32,layernorm,0.3578282594680786,train/longfact_test_llama/span_recall_at_0.1_fpr,0.4191705359250807,llama,span,recall_at_0.1_fpr
r2wu0aof,apertus_no_lora_ln_fp32_layer26_seed42_lr3em4,finished,2026-03-16 18:21:39+00:00,apertus,ln_fp32,26,42,3e-4,float32,layernorm,0.24504521489143372,train/longfact_test_llama/span_recall_at_0.1_fpr,0.4671913118753443,llama,span,recall_at_0.1_fpr
okj43cej,apertus_no_lora_ln_fp32_layer26_seed42_lr3em5,finished,2026-03-16 18:21:39+00:00,apertus,ln_fp32,26,42,3e-5,float32,layernorm,0.6153150200843811,train/longfact_test_llama/span_recall_at_0.1_fpr,0.3316124970488707,llama,span,recall_at_0.1_fpr
44fifewm,apertus_no_lora_ln_fp32_layer26_seed43_lr1em3,finished,2026-03-16 18:21:39+00:00,apertus,ln_fp32,26,43,1e-3,float32,layernorm,0.26287174224853516,train/longfact_test_llama/span_recall_at_0.1_fpr,0.49191784056032106,llama,span,recall_at_0.1_fpr
cfgw5o62,apertus_no_lora_ln_fp32_layer26_seed43_lr1em4,finished,2026-03-16 18:21:39+00:00,apertus,ln_fp32,26,43,1e-4,float32,layernorm,0.27609291672706604,train/longfact_test_llama/span_recall_at_0.1_fpr,0.4205555992759896,llama,span,recall_at_0.1_fpr
5yjm6w2c,apertus_no_lora_ln_fp32_layer26_seed43_lr3em4,finished,2026-03-16 18:21:39+00:00,apertus,ln_fp32,26,43,3e-4,float32,layernorm,0.268221378326416,train/longfact_test_llama/span_recall_at_0.1_fpr,0.4661682537184229,llama,span,recall_at_0.1_fpr
bj0fbt17,apertus_no_lora_ln_fp32_layer26_seed43_lr3em5,finished,2026-03-16 18:21:39+00:00,apertus,ln_fp32,26,43,3e-5,float32,layernorm,0.28795114159584045,train/longfact_test_llama/span_recall_at_0.1_fpr,0.3320531990241599,llama,span,recall_at_0.1_fpr
thtwlsce,apertus_no_lora_ln_fp32_layer26_seed44_lr1em3,finished,2026-03-16 18:21:39+00:00,apertus,ln_fp32,26,44,1e-3,float32,layernorm,0.4517517387866974,train/longfact_test_llama/span_recall_at_0.1_fpr,0.4945620524120563,llama,span,recall_at_0.1_fpr
a2rdvxyc,apertus_no_lora_ln_fp32_layer26_seed44_lr1em4,finished,2026-03-16 18:21:39+00:00,apertus,ln_fp32,26,44,1e-4,float32,layernorm,0.28372296690940857,train/longfact_test_llama/span_recall_at_0.1_fpr,0.4224285826709688,llama,span,recall_at_0.1_fpr
veq9b7kw,apertus_no_lora_ln_fp32_layer26_seed44_lr3em4,finished,2026-03-16 18:21:39+00:00,apertus,ln_fp32,26,44,3e-4,float32,layernorm,0.37059929966926575,train/longfact_test_llama/span_recall_at_0.1_fpr,0.46689226410639806,llama,span,recall_at_0.1_fpr
5aqux06m,apertus_no_lora_ln_fp32_layer26_seed44_lr3em5,finished,2026-03-16 18:21:39+00:00,apertus,ln_fp32,26,44,3e-5,float32,layernorm,0.3035992383956909,train/longfact_test_llama/span_recall_at_0.1_fpr,0.3352010702762257,llama,span,recall_at_0.1_fpr
qg1y3gso,apertus_no_lora_ln_fp32_layer30_seed42_lr1em3,finished,2026-03-16 18:21:39+00:00,apertus,ln_fp32,30,42,1e-3,float32,layernorm,0.1903767287731171,train/longfact_test_llama/span_recall_at_0.1_fpr,0.49300385614228376,llama,span,recall_at_0.1_fpr
r9e2fhqm,apertus_no_lora_ln_fp32_layer30_seed42_lr1em4,finished,2026-03-16 18:21:39+00:00,apertus,ln_fp32,30,42,1e-4,float32,layernorm,0.38982802629470825,train/longfact_test_llama/span_recall_at_0.1_fpr,0.4217990084205556,llama,span,recall_at_0.1_fpr
e24v1w1s,apertus_no_lora_ln_fp32_layer30_seed42_lr3em4,finished,2026-03-16 18:21:39+00:00,apertus,ln_fp32,30,42,3e-4,float32,layernorm,0.2570212781429291,train/longfact_test_llama/span_recall_at_0.1_fpr,0.4681514126072244,llama,span,recall_at_0.1_fpr
jtcznw8g,apertus_no_lora_ln_fp32_layer30_seed42_lr3em5,finished,2026-03-16 18:21:39+00:00,apertus,ln_fp32,30,42,3e-5,float32,layernorm,0.6943867206573486,train/longfact_test_llama/span_recall_at_0.1_fpr,0.3441567639883529,llama,span,recall_at_0.1_fpr
v3qqa12o,apertus_no_lora_ln_fp32_layer30_seed43_lr1em3,finished,2026-03-16 18:21:39+00:00,apertus,ln_fp32,30,43,1e-3,float32,layernorm,0.2808498740196228,train/longfact_test_llama/span_recall_at_0.1_fpr,0.5000708271031715,llama,span,recall_at_0.1_fpr
lgm2cr72,apertus_no_lora_ln_fp32_layer30_seed43_lr1em4,finished,2026-03-16 18:21:39+00:00,apertus,ln_fp32,30,43,1e-4,float32,layernorm,0.2797033190727234,train/longfact_test_llama/span_recall_at_0.1_fpr,0.42395530022822064,llama,span,recall_at_0.1_fpr
f873k60o,apertus_no_lora_ln_fp32_layer30_seed43_lr3em4,finished,2026-03-16 18:21:39+00:00,apertus,ln_fp32,30,43,3e-4,float32,layernorm,0.28264516592025757,train/longfact_test_llama/span_recall_at_0.1_fpr,0.4733454001731329,llama,span,recall_at_0.1_fpr
ybsg28sj,apertus_no_lora_ln_fp32_layer30_seed43_lr3em5,finished,2026-03-16 18:21:39+00:00,apertus,ln_fp32,30,43,3e-5,float32,layernorm,0.30628159642219543,train/longfact_test_llama/span_recall_at_0.1_fpr,0.3457621783269064,llama,span,recall_at_0.1_fpr
kn811t36,apertus_no_lora_ln_fp32_layer30_seed44_lr1em3,finished,2026-03-16 18:21:39+00:00,apertus,ln_fp32,30,44,1e-3,float32,layernorm,0.3007677495479584,train/longfact_test_llama/span_recall_at_0.1_fpr,0.5012040607539152,llama,span,recall_at_0.1_fpr
wf8rodcd,apertus_no_lora_ln_fp32_layer30_seed44_lr1em4,finished,2026-03-16 18:21:39+00:00,apertus,ln_fp32,30,44,1e-4,float32,layernorm,0.3687911331653595,train/longfact_test_llama/span_recall_at_0.1_fpr,0.4217360509955143,llama,span,recall_at_0.1_fpr
524a5l0b,apertus_no_lora_ln_fp32_layer30_seed44_lr3em4,finished,2026-03-16 18:21:39+00:00,apertus,ln_fp32,30,44,3e-4,float32,layernorm,0.3833605647087097,train/longfact_test_llama/span_recall_at_0.1_fpr,0.4697096088769969,llama,span,recall_at_0.1_fpr
m6zpszut,apertus_no_lora_ln_fp32_layer30_seed44_lr3em5,finished,2026-03-16 18:21:39+00:00,apertus,ln_fp32,30,44,3e-5,float32,layernorm,0.4072107970714569,train/longfact_test_llama/span_recall_at_0.1_fpr,0.34629731643975764,llama,span,recall_at_0.1_fpr
2msk68xv,apertus_no_lora_long_form_layer10_seed42,finished,2026-03-02 14:54:28+00:00,apertus,apertus_layers,10,42,,bfloat16,none,0.1188635155558586,train/longfact_test_llama/span_max_auc,0.8574751331855613,llama,span_max,auc
ennpfi5c,apertus_no_lora_long_form_layer10_seed43,finished,2026-03-02 14:55:28+00:00,apertus,apertus_layers,10,43,,bfloat16,none,0.2892115116119385,train/longfact_test_llama/span_max_auc,0.8577265431456805,llama,span_max,auc
ckfvtpqq,apertus_no_lora_long_form_layer10_seed44,finished,2026-03-02 14:55:28+00:00,apertus,apertus_layers,10,44,,bfloat16,none,0.14164792001247406,train/longfact_test_llama/span_max_auc,0.8586864674778496,llama,span_max,auc
5w54hojz,apertus_no_lora_long_form_layer20_seed42,finished,2026-03-02 14:56:24+00:00,apertus,apertus_layers,20,42,,bfloat16,none,0.002515794476494193,train/longfact_test_llama/span_max_auc,0.8388654097938774,llama,span_max,auc
h3qhm4bp,apertus_no_lora_long_form_layer20_seed43,finished,2026-03-02 14:56:24+00:00,apertus,apertus_layers,20,43,,bfloat16,none,0.4361111521720886,train/longfact_test_llama/span_max_auc,0.8415728147515787,llama,span_max,auc
1sb6t3rt,apertus_no_lora_long_form_layer20_seed44,finished,2026-03-02 14:56:24+00:00,apertus,apertus_layers,20,44,,bfloat16,none,0.9805268049240112,train/longfact_test_llama/span_max_auc,0.8377789849446498,llama,span_max,auc
fjxaywoo,apertus_no_lora_long_form_layer26_seed42,finished,2026-03-02 14:56:59+00:00,apertus,apertus_layers,26,42,,bfloat16,none,0.022064460441470143,train/longfact_test_llama/span_max_auc,0.8110870464828519,llama,span_max,auc
fc3llcx0,apertus_no_lora_long_form_layer26_seed43,finished,2026-03-02 14:58:28+00:00,apertus,apertus_layers,26,43,,bfloat16,none,4.096796035766602,train/longfact_test_llama/span_max_auc,0.8051164855676516,llama,span_max,auc
gtn6g9ne,apertus_no_lora_long_form_layer26_seed44,finished,2026-03-02 14:58:28+00:00,apertus,apertus_layers,26,44,,bfloat16,none,0.0003512128023430705,train/longfact_test_llama/span_max_auc,0.8022784807971455,llama,span_max,auc
pk12wkry,apertus_no_lora_long_form_layer30_seed42,finished,2026-03-02 14:58:28+00:00,apertus,apertus_layers,30,42,,bfloat16,none,82.0517578125,train/longfact_test_llama/span_max_auc,0.5016529637360996,llama,span_max,auc
vhvivjkc,apertus_no_lora_long_form_layer30_seed43,finished,2026-03-02 14:58:28+00:00,apertus,apertus_layers,30,43,,bfloat16,none,10.69191074371338,train/longfact_test_llama/span_max_auc,0.775875530017658,llama,span_max,auc
agskbmvs,apertus_no_lora_long_form_layer30_seed44,finished,2026-03-02 14:58:28+00:00,apertus,apertus_layers,30,44,,bfloat16,none,0.0001453680742997676,train/longfact_test_llama/span_max_auc,0.757597079379979,llama,span_max,auc
o5fobkxj,apertus_no_lora_bf16_only_layer10_seed42_lr1em3,finished,2026-03-16 01:21:45+00:00,apertus,bf16_only,10,42,1e-3,bfloat16,none,0.1060740053653717,train/longfact_test_llama/span_max_auc,0.8555812838864558,llama,span_max,auc
ngsqu3i1,apertus_no_lora_bf16_only_layer10_seed42_lr1em4,finished,2026-03-16 01:21:45+00:00,apertus,bf16_only,10,42,1e-4,bfloat16,none,0.11451046913862228,train/longfact_test_llama/span_max_auc,0.8244101174226798,llama,span_max,auc
5xzqhvy4,apertus_no_lora_bf16_only_layer10_seed42_lr3em4,finished,2026-03-16 01:21:45+00:00,apertus,bf16_only,10,42,3e-4,bfloat16,none,0.11626026779413225,train/longfact_test_llama/span_max_auc,0.8551964061266443,llama,span_max,auc
83kur7ka,apertus_no_lora_bf16_only_layer10_seed42_lr3em5,finished,2026-03-16 01:21:45+00:00,apertus,bf16_only,10,42,3e-5,bfloat16,none,0.4366786777973175,train/longfact_test_llama/span_max_auc,0.7512699202717886,llama,span_max,auc
j9k3f0jm,apertus_no_lora_bf16_only_layer10_seed43_lr1em3,finished,2026-03-16 01:21:44+00:00,apertus,bf16_only,10,43,1e-3,bfloat16,none,0.3009301424026489,train/longfact_test_llama/span_max_auc,0.8585940179711911,llama,span_max,auc
ougxjsfh,apertus_no_lora_bf16_only_layer10_seed43_lr1em4,finished,2026-03-16 01:21:44+00:00,apertus,bf16_only,10,43,1e-4,bfloat16,none,0.27749955654144287,train/longfact_test_llama/span_max_auc,0.8225518291341378,llama,span_max,auc
21sy8y12,apertus_no_lora_bf16_only_layer10_seed43_lr3em4,finished,2026-03-16 01:21:44+00:00,apertus,bf16_only,10,43,3e-4,bfloat16,none,0.2755349278450012,train/longfact_test_llama/span_max_auc,0.8533199066280759,llama,span_max,auc
t26a4uwp,apertus_no_lora_bf16_only_layer10_seed43_lr3em5,finished,2026-03-16 01:21:44+00:00,apertus,bf16_only,10,43,3e-5,bfloat16,none,0.3126707673072815,train/longfact_test_llama/span_max_auc,0.7503966740027002,llama,span_max,auc
p9n6ul1e,apertus_no_lora_bf16_only_layer10_seed44_lr1em3,finished,2026-03-16 01:21:44+00:00,apertus,bf16_only,10,44,1e-3,bfloat16,none,0.15629735589027405,train/longfact_test_llama/span_max_auc,0.8565357762717278,llama,span_max,auc
feljklm1,apertus_no_lora_bf16_only_layer10_seed44_lr1em4,finished,2026-03-16 01:21:44+00:00,apertus,bf16_only,10,44,1e-4,bfloat16,none,0.593794047832489,train/longfact_test_llama/span_max_auc,0.8226005190387408,llama,span_max,auc
lfafy2oe,apertus_no_lora_bf16_only_layer10_seed44_lr3em4,finished,2026-03-16 01:21:44+00:00,apertus,bf16_only,10,44,3e-4,bfloat16,none,0.2656649947166443,train/longfact_test_llama/span_max_auc,0.8553855007108857,llama,span_max,auc
r3oezlrl,apertus_no_lora_bf16_only_layer10_seed44_lr3em5,finished,2026-03-16 01:21:44+00:00,apertus,bf16_only,10,44,3e-5,bfloat16,none,0.7305357456207275,train/longfact_test_llama/span_max_auc,0.752209495071552,llama,span_max,auc
uw94ef5i,apertus_no_lora_bf16_only_layer20_seed42_lr1em3,finished,2026-03-16 01:21:44+00:00,apertus,bf16_only,20,42,1e-3,bfloat16,none,0.006061427295207977,train/longfact_test_llama/span_max_auc,0.8357897320110488,llama,span_max,auc
ymsrn4r6,apertus_no_lora_bf16_only_layer20_seed42_lr1em4,finished,2026-03-16 01:21:44+00:00,apertus,bf16_only,20,42,1e-4,bfloat16,none,0.04400371387600899,train/longfact_test_llama/span_max_auc,0.7945408548583182,llama,span_max,auc
uy0gdnv4,apertus_no_lora_bf16_only_layer20_seed42_lr3em4,finished,2026-03-16 01:21:44+00:00,apertus,bf16_only,20,42,3e-4,bfloat16,none,0.00907330308109522,train/longfact_test_llama/span_max_auc,0.8370931864475439,llama,span_max,auc
fu81gp5i,apertus_no_lora_bf16_only_layer20_seed42_lr3em5,finished,2026-03-16 01:21:44+00:00,apertus,bf16_only,20,42,3e-5,bfloat16,none,2.1262459754943848,train/longfact_test_llama/span_max_auc,0.714656515601048,llama,span_max,auc
2g6rw2bt,apertus_no_lora_bf16_only_layer20_seed43_lr1em3,finished,2026-03-16 01:21:44+00:00,apertus,bf16_only,20,43,1e-3,bfloat16,none,0.5826413631439209,train/longfact_test_llama/span_max_auc,0.8436083203076397,llama,span_max,auc
7ynpw2cn,apertus_no_lora_bf16_only_layer20_seed43_lr1em4,finished,2026-03-16 01:21:44+00:00,apertus,bf16_only,20,43,1e-4,bfloat16,none,1.368619084358215,train/longfact_test_llama/span_max_auc,0.7952708892662561,llama,span_max,auc
900ivg46,apertus_no_lora_bf16_only_layer20_seed43_lr3em4,finished,2026-03-16 01:21:44+00:00,apertus,bf16_only,20,43,3e-4,bfloat16,none,0.40857547521591187,train/longfact_test_llama/span_max_auc,0.8472779551346723,llama,span_max,auc
qo5cb98m,apertus_no_lora_bf16_only_layer20_seed43_lr3em5,finished,2026-03-16 01:21:44+00:00,apertus,bf16_only,20,43,3e-5,bfloat16,none,6.096769332885742,train/longfact_test_llama/span_max_auc,0.7153581133616104,llama,span_max,auc
99kvtmj8,apertus_no_lora_bf16_only_layer20_seed44_lr1em3,finished,2026-03-16 01:21:44+00:00,apertus,bf16_only,20,44,1e-3,bfloat16,none,0.13294142484664917,train/longfact_test_llama/span_max_auc,0.8355650612148999,llama,span_max,auc
g1itgrow,apertus_no_lora_bf16_only_layer20_seed44_lr1em4,finished,2026-03-16 01:21:44+00:00,apertus,bf16_only,20,44,1e-4,bfloat16,none,4.639030521502718e-05,train/longfact_test_llama/span_max_auc,0.7933901283242729,llama,span_max,auc
vuc2g8id,apertus_no_lora_bf16_only_layer20_seed44_lr3em4,finished,2026-03-16 01:21:44+00:00,apertus,bf16_only,20,44,3e-4,bfloat16,none,0.2754364609718323,train/longfact_test_llama/span_max_auc,0.8415157337051271,llama,span_max,auc
v52uwh1g,apertus_no_lora_bf16_only_layer20_seed44_lr3em5,finished,2026-03-16 01:21:44+00:00,apertus,bf16_only,20,44,3e-5,bfloat16,none,23.12533187866211,train/longfact_test_llama/span_max_auc,0.7149006035805083,llama,span_max,auc
vz5jn274,apertus_no_lora_bf16_only_layer26_seed42_lr1em3,finished,2026-03-16 01:21:44+00:00,apertus,bf16_only,26,42,1e-3,bfloat16,none,0.023973966017365456,train/longfact_test_llama/span_max_auc,0.8085874844335705,llama,span_max,auc
4drsxr5u,apertus_no_lora_bf16_only_layer26_seed42_lr1em4,finished,2026-03-16 01:21:44+00:00,apertus,bf16_only,26,42,1e-4,bfloat16,none,0.023594362661242485,train/longfact_test_llama/span_max_auc,0.7771276039116748,llama,span_max,auc
1crms08u,apertus_no_lora_bf16_only_layer26_seed42_lr3em4,finished,2026-03-16 01:21:44+00:00,apertus,bf16_only,26,42,3e-4,bfloat16,none,0.006822563707828522,train/longfact_test_llama/span_max_auc,0.8121703499894594,llama,span_max,auc
cq95ctu3,apertus_no_lora_bf16_only_layer26_seed42_lr3em5,finished,2026-03-16 01:21:44+00:00,apertus,bf16_only,26,42,3e-5,bfloat16,none,0.9924049973487854,train/longfact_test_llama/span_max_auc,0.6999595877338775,llama,span_max,auc
q08ckrfy,apertus_no_lora_bf16_only_layer26_seed43_lr1em3,finished,2026-03-16 01:21:45+00:00,apertus,bf16_only,26,43,1e-3,bfloat16,none,4.096848487854004,train/longfact_test_llama/span_max_auc,0.8065886141163774,llama,span_max,auc
hirctdjt,apertus_no_lora_bf16_only_layer26_seed43_lr1em4,finished,2026-03-16 01:21:45+00:00,apertus,bf16_only,26,43,1e-4,bfloat16,none,4.878128528594971,train/longfact_test_llama/span_max_auc,0.7763447397664703,llama,span_max,auc
psn29j9n,apertus_no_lora_bf16_only_layer26_seed43_lr3em4,finished,2026-03-16 01:21:45+00:00,apertus,bf16_only,26,43,3e-4,bfloat16,none,1.7208261489868164,train/longfact_test_llama/span_max_auc,0.8091004639186676,llama,span_max,auc
lx8g6b8s,apertus_no_lora_bf16_only_layer26_seed43_lr3em5,finished,2026-03-16 01:21:45+00:00,apertus,bf16_only,26,43,3e-5,bfloat16,none,12.94149684906006,train/longfact_test_llama/span_max_auc,0.7009394410279369,llama,span_max,auc
wixkxx9v,apertus_no_lora_bf16_only_layer26_seed44_lr1em3,finished,2026-03-16 01:21:44+00:00,apertus,bf16_only,26,44,1e-3,bfloat16,none,10.250615119934082,train/longfact_test_llama/span_max_auc,0.8047991473789143,llama,span_max,auc
2r4mqan8,apertus_no_lora_bf16_only_layer26_seed44_lr1em4,finished,2026-03-16 01:21:44+00:00,apertus,bf16_only,26,44,1e-4,bfloat16,none,0.0004059617640450597,train/longfact_test_llama/span_max_auc,0.7752713222005311,llama,span_max,auc
v3h0pfq3,apertus_no_lora_bf16_only_layer26_seed44_lr3em4,finished,2026-03-16 01:21:44+00:00,apertus,bf16_only,26,44,3e-4,bfloat16,none,0.3673836886882782,train/longfact_test_llama/span_max_auc,0.8074992100874983,llama,span_max,auc
muqajhqb,apertus_no_lora_bf16_only_layer26_seed44_lr3em5,finished,2026-03-16 01:21:44+00:00,apertus,bf16_only,26,44,3e-5,bfloat16,none,7.75074577331543,train/longfact_test_llama/span_max_auc,0.7016248138874126,llama,span_max,auc
imd2hxzj,apertus_no_lora_bf16_only_layer30_seed42_lr1em3,finished,2026-03-16 01:21:44+00:00,apertus,bf16_only,30,42,1e-3,bfloat16,none,82.0517578125,train/longfact_test_llama/span_max_auc,0.5,llama,span_max,auc
g9535ebe,apertus_no_lora_bf16_only_layer30_seed42_lr1em4,finished,2026-03-16 01:21:44+00:00,apertus,bf16_only,30,42,1e-4,bfloat16,none,0.033634547144174576,train/longfact_test_llama/span_max_auc,0.786727196864275,llama,span_max,auc
j9yucacb,apertus_no_lora_bf16_only_layer30_seed42_lr3em4,finished,2026-03-16 01:21:44+00:00,apertus,bf16_only,30,42,3e-4,bfloat16,none,0.025012411177158356,train/longfact_test_llama/span_max_auc,0.8048084708698572,llama,span_max,auc
4bo3xdzv,apertus_no_lora_bf16_only_layer30_seed42_lr3em5,finished,2026-03-16 01:21:44+00:00,apertus,bf16_only,30,42,3e-5,bfloat16,none,33.04824447631836,train/longfact_test_llama/span_max_auc,0.7026102612760377,llama,span_max,auc
a55rsp1p,apertus_no_lora_bf16_only_layer30_seed43_lr1em3,finished,2026-03-16 01:21:45+00:00,apertus,bf16_only,30,43,1e-3,bfloat16,none,9.379252433776855,train/longfact_test_llama/span_max_auc,0.7641286002888295,llama,span_max,auc
5uzjpj1x,apertus_no_lora_bf16_only_layer30_seed43_lr1em4,finished,2026-03-16 01:21:45+00:00,apertus,bf16_only,30,43,1e-4,bfloat16,none,6.222002029418945,train/longfact_test_llama/span_max_auc,0.7844053486597472,llama,span_max,auc
fctlmblr,apertus_no_lora_bf16_only_layer30_seed43_lr3em4,finished,2026-03-16 01:21:45+00:00,apertus,bf16_only,30,43,3e-4,bfloat16,none,5.815634250640869,train/longfact_test_llama/span_max_auc,0.8016823702292177,llama,span_max,auc
580vhzgn,apertus_no_lora_bf16_only_layer30_seed43_lr3em5,finished,2026-03-16 01:21:45+00:00,apertus,bf16_only,30,43,3e-5,bfloat16,none,10.316194534301758,train/longfact_test_llama/span_max_auc,0.6990338005530574,llama,span_max,auc
uns2a6j2,apertus_no_lora_bf16_only_layer30_seed44_lr1em3,finished,2026-03-16 01:21:44+00:00,apertus,bf16_only,30,44,1e-3,bfloat16,none,0.0,train/longfact_test_llama/span_max_auc,0.499991573388349,llama,span_max,auc
m97ar22y,apertus_no_lora_bf16_only_layer30_seed44_lr1em4,finished,2026-03-16 01:21:44+00:00,apertus,bf16_only,30,44,1e-4,bfloat16,none,10.063371658325195,train/longfact_test_llama/span_max_auc,0.7824593334153936,llama,span_max,auc
hr0vmzt0,apertus_no_lora_bf16_only_layer30_seed44_lr3em4,finished,2026-03-16 01:21:44+00:00,apertus,bf16_only,30,44,3e-4,bfloat16,none,6.532261848449707,train/longfact_test_llama/span_max_auc,0.8035694954671923,llama,span_max,auc
w644eh9h,apertus_no_lora_bf16_only_layer30_seed44_lr3em5,finished,2026-03-16 01:21:44+00:00,apertus,bf16_only,30,44,3e-5,bfloat16,none,33.25065612792969,train/longfact_test_llama/span_max_auc,0.7017891809521971,llama,span_max,auc
3618z7cg,apertus_no_lora_fp32_only_layer10_seed42_lr1em3,finished,2026-03-16 18:21:39+00:00,apertus,fp32_only,10,42,1e-3,float32,none,0.11816876381635666,train/longfact_test_llama/span_max_auc,0.8558541024059411,llama,span_max,auc
mhg0ycoh,apertus_no_lora_fp32_only_layer10_seed42_lr1em4,finished,2026-03-16 18:21:39+00:00,apertus,fp32_only,10,42,1e-4,float32,none,0.1332954168319702,train/longfact_test_llama/span_max_auc,0.8438964364462314,llama,span_max,auc
b71ik25s,apertus_no_lora_fp32_only_layer10_seed42_lr3em4,finished,2026-03-16 18:21:39+00:00,apertus,fp32_only,10,42,3e-4,float32,none,0.1127048209309578,train/longfact_test_llama/span_max_auc,0.8572208197687519,llama,span_max,auc
8hl54mqx,apertus_no_lora_fp32_only_layer10_seed42_lr3em5,finished,2026-03-16 18:21:39+00:00,apertus,fp32_only,10,42,3e-5,float32,none,0.15368859469890594,train/longfact_test_llama/span_max_auc,0.816218787105847,llama,span_max,auc
x3sqior5,apertus_no_lora_fp32_only_layer10_seed43_lr1em3,finished,2026-03-16 18:21:39+00:00,apertus,fp32_only,10,43,1e-3,float32,none,0.29647397994995117,train/longfact_test_llama/span_max_auc,0.8575737949747722,llama,span_max,auc
dm4602lm,apertus_no_lora_fp32_only_layer10_seed43_lr1em4,finished,2026-03-16 18:21:39+00:00,apertus,fp32_only,10,43,1e-4,float32,none,0.2917933166027069,train/longfact_test_llama/span_max_auc,0.8418795373351391,llama,span_max,auc
3mcpf9f3,apertus_no_lora_fp32_only_layer10_seed43_lr3em4,finished,2026-03-16 18:21:39+00:00,apertus,fp32_only,10,43,3e-4,float32,none,0.2921086251735687,train/longfact_test_llama/span_max_auc,0.8585932883066822,llama,span_max,auc
0v0cghh6,apertus_no_lora_fp32_only_layer10_seed43_lr3em5,finished,2026-03-16 18:21:39+00:00,apertus,fp32_only,10,43,3e-5,float32,none,0.27485892176628113,train/longfact_test_llama/span_max_auc,0.8142963086090095,llama,span_max,auc
k8u6gf39,apertus_no_lora_fp32_only_layer10_seed44_lr1em3,finished,2026-03-16 18:21:39+00:00,apertus,fp32_only,10,44,1e-3,float32,none,0.09856606274843216,train/longfact_test_llama/span_max_auc,0.856865128589283,llama,span_max,auc
rgnn8edm,apertus_no_lora_fp32_only_layer10_seed44_lr1em4,finished,2026-03-16 18:21:39+00:00,apertus,fp32_only,10,44,1e-4,float32,none,0.4017370939254761,train/longfact_test_llama/span_max_auc,0.8439117695351406,llama,span_max,auc
1hlg6mhh,apertus_no_lora_fp32_only_layer10_seed44_lr3em4,finished,2026-03-16 18:21:39+00:00,apertus,fp32_only,10,44,3e-4,float32,none,0.3334559202194214,train/longfact_test_llama/span_max_auc,0.8589625846889672,llama,span_max,auc
h32xr3bj,apertus_no_lora_fp32_only_layer10_seed44_lr3em5,finished,2026-03-16 18:21:39+00:00,apertus,fp32_only,10,44,3e-5,float32,none,0.6063321232795715,train/longfact_test_llama/span_max_auc,0.8148824521624347,llama,span_max,auc
7otuls41,apertus_no_lora_fp32_only_layer20_seed42_lr1em3,finished,2026-03-16 18:21:39+00:00,apertus,fp32_only,20,42,1e-3,float32,none,0.0014074433129280806,train/longfact_test_llama/span_max_auc,0.8356121093743587,llama,span_max,auc
h3hhroh2,apertus_no_lora_fp32_only_layer20_seed42_lr1em4,finished,2026-03-16 18:21:39+00:00,apertus,fp32_only,20,42,1e-4,float32,none,0.005417922046035528,train/longfact_test_llama/span_max_auc,0.8191300876896619,llama,span_max,auc
gbg3qolw,apertus_no_lora_fp32_only_layer20_seed42_lr3em4,finished,2026-03-16 18:21:39+00:00,apertus,fp32_only,20,42,3e-4,float32,none,0.012795637361705303,train/longfact_test_llama/span_max_auc,0.8395607344665117,llama,span_max,auc
vpc4pmw1,apertus_no_lora_fp32_only_layer20_seed42_lr3em5,finished,2026-03-16 18:21:39+00:00,apertus,fp32_only,20,42,3e-5,float32,none,0.4815448522567749,train/longfact_test_llama/span_max_auc,0.7963370456569122,llama,span_max,auc
4hd86xs1,apertus_no_lora_fp32_only_layer20_seed43_lr1em3,finished,2026-03-16 18:21:39+00:00,apertus,fp32_only,20,43,1e-3,float32,none,0.7915925979614258,train/longfact_test_llama/span_max_auc,0.8416307876102075,llama,span_max,auc
dtswvc78,apertus_no_lora_fp32_only_layer20_seed43_lr1em4,finished,2026-03-16 18:21:39+00:00,apertus,fp32_only,20,43,1e-4,float32,none,0.9363940954208374,train/longfact_test_llama/span_max_auc,0.8187057624423557,llama,span_max,auc
r4canywa,apertus_no_lora_fp32_only_layer20_seed43_lr3em4,finished,2026-03-16 18:21:39+00:00,apertus,fp32_only,20,43,3e-4,float32,none,0.4842445254325866,train/longfact_test_llama/span_max_auc,0.8463986536635858,llama,span_max,auc
5pryw2ji,apertus_no_lora_fp32_only_layer20_seed43_lr3em5,finished,2026-03-16 18:21:39+00:00,apertus,fp32_only,20,43,3e-5,float32,none,2.3771839141845703,train/longfact_test_llama/span_max_auc,0.7944072755821036,llama,span_max,auc
cu47livm,apertus_no_lora_fp32_only_layer20_seed44_lr1em3,finished,2026-03-16 18:21:39+00:00,apertus,fp32_only,20,44,1e-3,float32,none,0.8405814170837402,train/longfact_test_llama/span_max_auc,0.8375120189425772,llama,span_max,auc
7cq66mkt,apertus_no_lora_fp32_only_layer20_seed44_lr1em4,finished,2026-03-16 18:21:39+00:00,apertus,fp32_only,20,44,1e-4,float32,none,0.00021276120969559997,train/longfact_test_llama/span_max_auc,0.8179020116505937,llama,span_max,auc
wrlr6qli,apertus_no_lora_fp32_only_layer20_seed44_lr3em4,finished,2026-03-16 18:21:39+00:00,apertus,fp32_only,20,44,3e-4,float32,none,0.7323926091194153,train/longfact_test_llama/span_max_auc,0.8400954569405414,llama,span_max,auc
nkk8fdiv,apertus_no_lora_fp32_only_layer20_seed44_lr3em5,finished,2026-03-16 18:21:39+00:00,apertus,fp32_only,20,44,3e-5,float32,none,3.7443130016326904,train/longfact_test_llama/span_max_auc,0.793328441270611,llama,span_max,auc
jeyu4ke4,apertus_no_lora_fp32_only_layer26_seed42_lr1em3,finished,2026-03-16 18:21:39+00:00,apertus,fp32_only,26,42,1e-3,float32,none,0.02182931825518608,train/longfact_test_llama/span_max_auc,0.813523137854117,llama,span_max,auc
6jnxw4n2,apertus_no_lora_fp32_only_layer26_seed42_lr1em4,finished,2026-03-16 18:21:39+00:00,apertus,fp32_only,26,42,1e-4,float32,none,0.017278315499424934,train/longfact_test_llama/span_max_auc,0.7981537886724976,llama,span_max,auc
vz2hbt4t,apertus_no_lora_fp32_only_layer26_seed42_lr3em4,finished,2026-03-16 18:21:39+00:00,apertus,fp32_only,26,42,3e-4,float32,none,0.006629477255046368,train/longfact_test_llama/span_max_auc,0.8153272688213565,llama,span_max,auc
g2rdqxou,apertus_no_lora_fp32_only_layer26_seed42_lr3em5,finished,2026-03-16 18:21:39+00:00,apertus,fp32_only,26,42,3e-5,float32,none,0.029366448521614075,train/longfact_test_llama/span_max_auc,0.77299499188684,llama,span_max,auc
g557mw8r,apertus_no_lora_fp32_only_layer26_seed43_lr1em3,finished,2026-03-16 18:21:39+00:00,apertus,fp32_only,26,43,1e-3,float32,none,5.589945316314697,train/longfact_test_llama/span_max_auc,0.8174359384457451,llama,span_max,auc
xtj1l55e,apertus_no_lora_fp32_only_layer26_seed43_lr1em4,finished,2026-03-16 18:21:39+00:00,apertus,fp32_only,26,43,1e-4,float32,none,2.261085033416748,train/longfact_test_llama/span_max_auc,0.7948757911362099,llama,span_max,auc
tn9zon9i,apertus_no_lora_fp32_only_layer26_seed43_lr3em4,finished,2026-03-16 18:21:39+00:00,apertus,fp32_only,26,43,3e-4,float32,none,1.2675254344940186,train/longfact_test_llama/span_max_auc,0.8148891407537633,llama,span_max,auc
gi60xrz3,apertus_no_lora_fp32_only_layer26_seed43_lr3em5,finished,2026-03-16 18:21:39+00:00,apertus,fp32_only,26,43,3e-5,float32,none,5.592858791351318,train/longfact_test_llama/span_max_auc,0.7705313658146057,llama,span_max,auc
p7gub5up,apertus_no_lora_fp32_only_layer26_seed44_lr1em3,finished,2026-03-16 18:21:39+00:00,apertus,fp32_only,26,44,1e-3,float32,none,2.7211620807647705,train/longfact_test_llama/span_max_auc,0.8120043259781868,llama,span_max,auc
gani1xp7,apertus_no_lora_fp32_only_layer26_seed44_lr1em4,finished,2026-03-16 18:21:39+00:00,apertus,fp32_only,26,44,1e-4,float32,none,0.061501313000917435,train/longfact_test_llama/span_max_auc,0.7964196649611637,llama,span_max,auc
ill5vvx2,apertus_no_lora_fp32_only_layer26_seed44_lr3em4,finished,2026-03-16 18:21:39+00:00,apertus,fp32_only,26,44,3e-4,float32,none,0.02174818329513073,train/longfact_test_llama/span_max_auc,0.8168803343922725,llama,span_max,auc
b9ibkxys,apertus_no_lora_fp32_only_layer26_seed44_lr3em5,finished,2026-03-16 18:21:39+00:00,apertus,fp32_only,26,44,3e-5,float32,none,0.0007233090000227094,train/longfact_test_llama/span_max_auc,0.7717613166860916,llama,span_max,auc
362f178l,apertus_no_lora_fp32_only_layer30_seed42_lr1em3,finished,2026-03-16 18:21:39+00:00,apertus,fp32_only,30,42,1e-3,float32,none,81.83356475830078,train/longfact_test_llama/span_max_auc,0.5,llama,span_max,auc
572p44e7,apertus_no_lora_fp32_only_layer30_seed42_lr1em4,finished,2026-03-16 18:21:39+00:00,apertus,fp32_only,30,42,1e-4,float32,none,0.03013068065047264,train/longfact_test_llama/span_max_auc,0.8017112223799941,llama,span_max,auc
9k35iiw5,apertus_no_lora_fp32_only_layer30_seed42_lr3em4,finished,2026-03-16 18:21:39+00:00,apertus,fp32_only,30,42,3e-4,float32,none,0.02508390322327614,train/longfact_test_llama/span_max_auc,0.8129633179612614,llama,span_max,auc
7u26q4rs,apertus_no_lora_fp32_only_layer30_seed42_lr3em5,finished,2026-03-16 18:21:39+00:00,apertus,fp32_only,30,42,3e-5,float32,none,0.5540672540664673,train/longfact_test_llama/span_max_auc,0.7792749862919347,llama,span_max,auc
f817tswh,apertus_no_lora_fp32_only_layer30_seed43_lr1em3,finished,2026-03-16 18:21:39+00:00,apertus,fp32_only,30,43,1e-3,float32,none,9.374524116516112,train/longfact_test_llama/span_max_auc,0.5,llama,span_max,auc
lqmdrcpg,apertus_no_lora_fp32_only_layer30_seed43_lr1em4,finished,2026-03-16 18:21:39+00:00,apertus,fp32_only,30,43,1e-4,float32,none,5.7266106605529785,train/longfact_test_llama/span_max_auc,0.8013534334150633,llama,span_max,auc
f3nq1ppq,apertus_no_lora_fp32_only_layer30_seed43_lr3em4,finished,2026-03-16 18:21:39+00:00,apertus,fp32_only,30,43,3e-4,float32,none,5.207202911376953,train/longfact_test_llama/span_max_auc,0.8106629695241634,llama,span_max,auc
z9shqkbl,apertus_no_lora_fp32_only_layer30_seed43_lr3em5,finished,2026-03-16 18:21:39+00:00,apertus,fp32_only,30,43,3e-5,float32,none,6.685286521911621,train/longfact_test_llama/span_max_auc,0.7745193218506164,llama,span_max,auc
bz9gcqwk,apertus_no_lora_fp32_only_layer30_seed44_lr1em3,finished,2026-03-16 18:21:39+00:00,apertus,fp32_only,30,44,1e-3,float32,none,0.0,train/longfact_test_llama/span_max_auc,0.5,llama,span_max,auc
nhg2yz2u,apertus_no_lora_fp32_only_layer30_seed44_lr1em4,finished,2026-03-16 18:21:39+00:00,apertus,fp32_only,30,44,1e-4,float32,none,0.01171684730798006,train/longfact_test_llama/span_max_auc,0.7992441253342295,llama,span_max,auc
4yytvlvi,apertus_no_lora_fp32_only_layer30_seed44_lr3em4,finished,2026-03-16 18:21:39+00:00,apertus,fp32_only,30,44,3e-4,float32,none,0.0005547898472286761,train/longfact_test_llama/span_max_auc,0.8085271502995182,llama,span_max,auc
8kx20a5i,apertus_no_lora_fp32_only_layer30_seed44_lr3em5,finished,2026-03-16 18:21:39+00:00,apertus,fp32_only,30,44,3e-5,float32,none,33.319332122802734,train/longfact_test_llama/span_max_auc,0.775354306337037,llama,span_max,auc
kgoq3e5r,llama_no_lora_long_form_layer10_seed42,finished,2026-03-02 14:45:36+00:00,llama,llama_layers,10,42,,bfloat16,none,0.4103353917598725,train/longfact_test_llama/span_max_auc,0.8652355144590025,llama,span_max,auc
9oem35be,llama_no_lora_long_form_layer10_seed43,finished,2026-03-02 14:46:11+00:00,llama,llama_layers,10,43,,bfloat16,none,0.582381546497345,train/longfact_test_llama/span_max_auc,0.8667972029893992,llama,span_max,auc
rri8v027,llama_no_lora_long_form_layer10_seed44,finished,2026-03-02 14:46:11+00:00,llama,llama_layers,10,44,,bfloat16,none,0.3619125485420227,train/longfact_test_llama/span_max_auc,0.8659345377398329,llama,span_max,auc
qni919ee,llama_no_lora_long_form_layer20_seed42,finished,2026-03-02 14:50:44+00:00,llama,llama_layers,20,42,,bfloat16,none,0.4025150239467621,train/longfact_test_llama/span_max_auc,0.8745965764971402,llama,span_max,auc
4aryhr4u,llama_no_lora_long_form_layer20_seed43,finished,2026-03-02 14:50:44+00:00,llama,llama_layers,20,43,,bfloat16,none,0.6214630007743835,train/longfact_test_llama/span_max_auc,0.8757667224557364,llama,span_max,auc
v8qejznt,llama_no_lora_long_form_layer20_seed44,finished,2026-03-02 14:50:44+00:00,llama,llama_layers,20,44,,bfloat16,none,0.4049457013607025,train/longfact_test_llama/span_max_auc,0.8755827893456398,llama,span_max,auc
82vjeyys,llama_no_lora_long_form_layer26_seed42,finished,2026-03-02 14:50:44+00:00,llama,llama_layers,26,42,,bfloat16,none,0.38688111305236816,train/longfact_test_llama/span_max_auc,0.8715595348727156,llama,span_max,auc
gzg4irhz,llama_no_lora_long_form_layer26_seed43,finished,2026-03-02 14:51:46+00:00,llama,llama_layers,26,43,,bfloat16,none,0.6332159042358398,train/longfact_test_llama/span_max_auc,0.871939271963908,llama,span_max,auc
7u7entue,llama_no_lora_long_form_layer26_seed44,finished,2026-03-02 14:51:46+00:00,llama,llama_layers,26,44,,bfloat16,none,0.4069174230098725,train/longfact_test_llama/span_max_auc,0.8727722097356756,llama,span_max,auc
ct7o6ek7,llama_no_lora_long_form_layer30_seed42,finished,2026-03-02 14:51:46+00:00,llama,llama_layers,30,42,,bfloat16,none,0.4142408668994904,train/longfact_test_llama/span_max_auc,0.8791740095045839,llama,span_max,auc
av9rm02w,llama_no_lora_long_form_layer30_seed43,finished,2026-03-02 14:51:46+00:00,llama,llama_layers,30,43,,bfloat16,none,0.7231071591377258,train/longfact_test_llama/span_max_auc,0.8783795514629622,llama,span_max,auc
ojujrfsw,llama_no_lora_long_form_layer30_seed44,finished,2026-03-02 14:51:46+00:00,llama,llama_layers,30,44,,bfloat16,none,0.4089251160621643,train/longfact_test_llama/span_max_auc,0.8787603851007129,llama,span_max,auc
47rfeqmx,apertus_no_lora_ln_bf16_layer10_seed42_lr1em3,finished,2026-03-16 01:21:44+00:00,apertus,ln_bf16,10,42,1e-3,bfloat16,layernorm,0.14300638437271118,train/longfact_test_llama/span_max_auc,0.8600361035971993,llama,span_max,auc
ltvbxnyc,apertus_no_lora_ln_bf16_layer10_seed42_lr1em4,finished,2026-03-16 01:21:44+00:00,apertus,ln_bf16,10,42,1e-4,bfloat16,layernorm,0.3950393497943878,train/longfact_test_llama/span_max_auc,0.8242374048200786,llama,span_max,auc
aupa5a3l,apertus_no_lora_ln_bf16_layer10_seed42_lr3em4,finished,2026-03-16 01:21:44+00:00,apertus,ln_bf16,10,42,3e-4,bfloat16,layernorm,0.18207243084907532,train/longfact_test_llama/span_max_auc,0.8494738551376377,llama,span_max,auc
48kc2gt3,apertus_no_lora_ln_bf16_layer10_seed42_lr3em5,finished,2026-03-16 01:21:44+00:00,apertus,ln_bf16,10,42,3e-5,bfloat16,layernorm,0.942188560962677,train/longfact_test_llama/span_max_auc,0.7627370743327274,llama,span_max,auc
l92ugb0x,apertus_no_lora_ln_bf16_layer10_seed43_lr1em3,finished,2026-03-16 01:21:44+00:00,apertus,ln_bf16,10,43,1e-3,bfloat16,layernorm,0.2892049551010132,train/longfact_test_llama/span_max_auc,0.8600240286630056,llama,span_max,auc
ks445ju3,apertus_no_lora_ln_bf16_layer10_seed43_lr1em4,finished,2026-03-16 01:21:44+00:00,apertus,ln_bf16,10,43,1e-4,bfloat16,layernorm,0.26968491077423096,train/longfact_test_llama/span_max_auc,0.8236759887861104,llama,span_max,auc
v1whaixy,apertus_no_lora_ln_bf16_layer10_seed43_lr3em4,finished,2026-03-16 01:21:44+00:00,apertus,ln_bf16,10,43,3e-4,bfloat16,layernorm,0.26967474818229675,train/longfact_test_llama/span_max_auc,0.8496790479450995,llama,span_max,auc
yrz15txm,apertus_no_lora_ln_bf16_layer10_seed43_lr3em5,finished,2026-03-16 01:21:44+00:00,apertus,ln_bf16,10,43,3e-5,bfloat16,layernorm,0.35177040100097656,train/longfact_test_llama/span_max_auc,0.7640217804450438,llama,span_max,auc
yjo8ext8,apertus_no_lora_ln_bf16_layer10_seed44_lr1em3,finished,2026-03-16 01:21:45+00:00,apertus,ln_bf16,10,44,1e-3,bfloat16,layernorm,0.20609278976917267,train/longfact_test_llama/span_max_auc,0.8612884612496359,llama,span_max,auc
wjc71sg6,apertus_no_lora_ln_bf16_layer10_seed44_lr1em4,finished,2026-03-16 01:21:45+00:00,apertus,ln_bf16,10,44,1e-4,bfloat16,layernorm,0.3125472366809845,train/longfact_test_llama/span_max_auc,0.8234100260727371,llama,span_max,auc
dd2pwu6g,apertus_no_lora_ln_bf16_layer10_seed44_lr3em4,finished,2026-03-16 01:21:45+00:00,apertus,ln_bf16,10,44,3e-4,bfloat16,layernorm,0.289102166891098,train/longfact_test_llama/span_max_auc,0.8489307769915619,llama,span_max,auc
gk2y0cx9,apertus_no_lora_ln_bf16_layer10_seed44_lr3em5,finished,2026-03-16 01:21:45+00:00,apertus,ln_bf16,10,44,3e-5,bfloat16,layernorm,0.31844255328178406,train/longfact_test_llama/span_max_auc,0.7641252205233628,llama,span_max,auc
p3f6sakq,apertus_no_lora_ln_bf16_layer20_seed42_lr1em3,finished,2026-03-16 01:21:44+00:00,apertus,ln_bf16,20,42,1e-3,bfloat16,layernorm,0.11758887767791748,train/longfact_test_llama/span_max_auc,0.8713605829111397,llama,span_max,auc
2mbvnb3s,apertus_no_lora_ln_bf16_layer20_seed42_lr1em4,finished,2026-03-16 01:21:44+00:00,apertus,ln_bf16,20,42,1e-4,bfloat16,layernorm,0.5318654179573059,train/longfact_test_llama/span_max_auc,0.8276232710928833,llama,span_max,auc
pw74vso0,apertus_no_lora_ln_bf16_layer20_seed42_lr3em4,finished,2026-03-16 01:21:44+00:00,apertus,ln_bf16,20,42,3e-4,bfloat16,layernorm,0.2455830276012421,train/longfact_test_llama/span_max_auc,0.8592304931743635,llama,span_max,auc
lcc4r0ui,apertus_no_lora_ln_bf16_layer20_seed42_lr3em5,finished,2026-03-16 01:21:44+00:00,apertus,ln_bf16,20,42,3e-5,bfloat16,layernorm,0.8914243578910828,train/longfact_test_llama/span_max_auc,0.7341067517012279,llama,span_max,auc
ea20dmvq,apertus_no_lora_ln_bf16_layer20_seed43_lr1em3,finished,2026-03-16 01:21:44+00:00,apertus,ln_bf16,20,43,1e-3,bfloat16,layernorm,0.2716436982154846,train/longfact_test_llama/span_max_auc,0.8700565609578046,llama,span_max,auc
dq6d9cxj,apertus_no_lora_ln_bf16_layer20_seed43_lr1em4,finished,2026-03-16 01:21:44+00:00,apertus,ln_bf16,20,43,1e-4,bfloat16,layernorm,0.28726422786712646,train/longfact_test_llama/span_max_auc,0.8267552236834181,llama,span_max,auc
5rukn8sb,apertus_no_lora_ln_bf16_layer20_seed43_lr3em4,finished,2026-03-16 01:21:44+00:00,apertus,ln_bf16,20,43,3e-4,bfloat16,layernorm,0.279452383518219,train/longfact_test_llama/span_max_auc,0.85866681214015,llama,span_max,auc
sg4y1aru,apertus_no_lora_ln_bf16_layer20_seed43_lr3em5,finished,2026-03-16 01:21:44+00:00,apertus,ln_bf16,20,43,3e-5,bfloat16,layernorm,0.383007675409317,train/longfact_test_llama/span_max_auc,0.7336745622919962,llama,span_max,auc
wjx8fs4d,apertus_no_lora_ln_bf16_layer20_seed44_lr1em3,finished,2026-03-16 01:21:44+00:00,apertus,ln_bf16,20,44,1e-3,bfloat16,layernorm,0.343784362077713,train/longfact_test_llama/span_max_auc,0.8707062461288511,llama,span_max,auc
ug8c0ane,apertus_no_lora_ln_bf16_layer20_seed44_lr1em4,finished,2026-03-16 01:21:44+00:00,apertus,ln_bf16,20,44,1e-4,bfloat16,layernorm,0.39652878046035767,train/longfact_test_llama/span_max_auc,0.8277591609733748,llama,span_max,auc
xy83pt3c,apertus_no_lora_ln_bf16_layer20_seed44_lr3em4,finished,2026-03-16 01:21:44+00:00,apertus,ln_bf16,20,44,3e-4,bfloat16,layernorm,0.4512102007865906,train/longfact_test_llama/span_max_auc,0.8583742318735577,llama,span_max,auc
mgy8s31x,apertus_no_lora_ln_bf16_layer20_seed44_lr3em5,finished,2026-03-16 01:21:44+00:00,apertus,ln_bf16,20,44,3e-5,bfloat16,layernorm,0.44538286328315735,train/longfact_test_llama/span_max_auc,0.7379688558108546,llama,span_max,auc
qbe29z5d,apertus_no_lora_ln_bf16_layer26_seed42_lr1em3,finished,2026-03-16 01:21:44+00:00,apertus,ln_bf16,26,42,1e-3,bfloat16,layernorm,0.1929110735654831,train/longfact_test_llama/span_max_auc,0.8564179658562816,llama,span_max,auc
nyzlam71,apertus_no_lora_ln_bf16_layer26_seed42_lr1em4,finished,2026-03-16 01:21:44+00:00,apertus,ln_bf16,26,42,1e-4,bfloat16,layernorm,0.5006973147392273,train/longfact_test_llama/span_max_auc,0.808539579931737,llama,span_max,auc
p9he43x3,apertus_no_lora_ln_bf16_layer26_seed42_lr3em4,finished,2026-03-16 01:21:44+00:00,apertus,ln_bf16,26,42,3e-4,bfloat16,layernorm,0.27400892972946167,train/longfact_test_llama/span_max_auc,0.842901518620339,llama,span_max,auc
jap1923r,apertus_no_lora_ln_bf16_layer26_seed42_lr3em5,finished,2026-03-16 01:21:44+00:00,apertus,ln_bf16,26,42,3e-5,bfloat16,layernorm,0.9109970927238464,train/longfact_test_llama/span_max_auc,0.705319399186947,llama,span_max,auc
kffm0190,apertus_no_lora_ln_bf16_layer26_seed43_lr1em3,finished,2026-03-16 01:21:44+00:00,apertus,ln_bf16,26,43,1e-3,bfloat16,layernorm,0.27165380120277405,train/longfact_test_llama/span_max_auc,0.8566921220940326,llama,span_max,auc
6nfiscpk,apertus_no_lora_ln_bf16_layer26_seed43_lr1em4,finished,2026-03-16 01:21:44+00:00,apertus,ln_bf16,26,43,1e-4,bfloat16,layernorm,0.29313549399375916,train/longfact_test_llama/span_max_auc,0.8088884811775845,llama,span_max,auc
livazl8t,apertus_no_lora_ln_bf16_layer26_seed43_lr3em4,finished,2026-03-16 01:21:44+00:00,apertus,ln_bf16,26,43,3e-4,bfloat16,layernorm,0.26969656348228455,train/longfact_test_llama/span_max_auc,0.8429798106086854,llama,span_max,auc
cs5p5dya,apertus_no_lora_ln_bf16_layer26_seed43_lr3em5,finished,2026-03-16 01:21:44+00:00,apertus,ln_bf16,26,43,3e-5,bfloat16,layernorm,0.3752008378505707,train/longfact_test_llama/span_max_auc,0.7099039573010058,llama,span_max,auc
m9z367ud,apertus_no_lora_ln_bf16_layer26_seed44_lr1em3,finished,2026-03-16 01:21:44+00:00,apertus,ln_bf16,26,44,1e-3,bfloat16,layernorm,0.44535091519355774,train/longfact_test_llama/span_max_auc,0.8560668806840233,llama,span_max,auc
ycmihac6,apertus_no_lora_ln_bf16_layer26_seed44_lr1em4,finished,2026-03-16 01:21:44+00:00,apertus,ln_bf16,26,44,1e-4,bfloat16,layernorm,0.3027840852737427,train/longfact_test_llama/span_max_auc,0.8099006271932625,llama,span_max,auc
b7cu6by4,apertus_no_lora_ln_bf16_layer26_seed44_lr3em4,finished,2026-03-16 01:21:44+00:00,apertus,ln_bf16,26,44,3e-4,bfloat16,layernorm,0.33402493596076965,train/longfact_test_llama/span_max_auc,0.8421630930705525,llama,span_max,auc
82b66i5k,apertus_no_lora_ln_bf16_layer26_seed44_lr3em5,finished,2026-03-16 01:21:44+00:00,apertus,ln_bf16,26,44,3e-5,bfloat16,layernorm,0.3965613543987274,train/longfact_test_llama/span_max_auc,0.7123043103126951,llama,span_max,auc
7hvw78qp,apertus_no_lora_ln_bf16_layer30_seed42_lr1em3,finished,2026-03-16 01:21:44+00:00,apertus,ln_bf16,30,42,1e-3,bfloat16,layernorm,0.18903133273124695,train/longfact_test_llama/span_max_auc,0.8591680561877344,llama,span_max,auc
hq7zzpsr,apertus_no_lora_ln_bf16_layer30_seed42_lr1em4,finished,2026-03-16 01:21:44+00:00,apertus,ln_bf16,30,42,1e-4,bfloat16,layernorm,0.6139996647834778,train/longfact_test_llama/span_max_auc,0.8185361103769988,llama,span_max,auc
wehbf6bi,apertus_no_lora_ln_bf16_layer30_seed42_lr3em4,finished,2026-03-16 01:21:44+00:00,apertus,ln_bf16,30,42,3e-4,bfloat16,layernorm,0.2974618077278137,train/longfact_test_llama/span_max_auc,0.8468317044823068,llama,span_max,auc
inx8ca5d,apertus_no_lora_ln_bf16_layer30_seed42_lr3em5,finished,2026-03-16 01:21:44+00:00,apertus,ln_bf16,30,42,3e-5,bfloat16,layernorm,0.8954324722290039,train/longfact_test_llama/span_max_auc,0.7437984445295766,llama,span_max,auc
og90cgj0,apertus_no_lora_ln_bf16_layer30_seed43_lr1em3,finished,2026-03-16 01:21:44+00:00,apertus,ln_bf16,30,43,1e-3,bfloat16,layernorm,0.2775192856788635,train/longfact_test_llama/span_max_auc,0.8602077419714964,llama,span_max,auc
5cwasjvc,apertus_no_lora_ln_bf16_layer30_seed43_lr1em4,finished,2026-03-16 01:21:44+00:00,apertus,ln_bf16,30,43,1e-4,bfloat16,layernorm,0.2989921569824219,train/longfact_test_llama/span_max_auc,0.8183940943549038,llama,span_max,auc
7jkvxq48,apertus_no_lora_ln_bf16_layer30_seed43_lr3em4,finished,2026-03-16 01:21:44+00:00,apertus,ln_bf16,30,43,3e-4,bfloat16,layernorm,0.28141525387763977,train/longfact_test_llama/span_max_auc,0.8467208056112336,llama,span_max,auc
74i6ukb7,apertus_no_lora_ln_bf16_layer30_seed43_lr3em5,finished,2026-03-16 01:21:44+00:00,apertus,ln_bf16,30,43,3e-5,bfloat16,layernorm,0.367383748292923,train/longfact_test_llama/span_max_auc,0.7444096044279933,llama,span_max,auc
4m7o0thq,apertus_no_lora_ln_bf16_layer30_seed44_lr1em3,finished,2026-03-16 01:21:44+00:00,apertus,ln_bf16,30,44,1e-3,bfloat16,layernorm,0.3379320204257965,train/longfact_test_llama/span_max_auc,0.8602600649972982,llama,span_max,auc
3huyrepp,apertus_no_lora_ln_bf16_layer30_seed44_lr1em4,finished,2026-03-16 01:21:44+00:00,apertus,ln_bf16,30,44,1e-4,bfloat16,layernorm,0.4082537889480591,train/longfact_test_llama/span_max_auc,0.8195519705877101,llama,span_max,auc
khqaa0hj,apertus_no_lora_ln_bf16_layer30_seed44_lr3em4,finished,2026-03-16 01:21:44+00:00,apertus,ln_bf16,30,44,3e-4,bfloat16,layernorm,0.3730915486812592,train/longfact_test_llama/span_max_auc,0.8470409459143682,llama,span_max,auc
v97a1dax,apertus_no_lora_ln_bf16_layer30_seed44_lr3em5,finished,2026-03-16 01:21:44+00:00,apertus,ln_bf16,30,44,3e-5,bfloat16,layernorm,0.44148337841033936,train/longfact_test_llama/span_max_auc,0.7462124382138843,llama,span_max,auc
a1vhu02a,apertus_no_lora_ln_fp32_layer10_seed42_lr1em3,finished,2026-03-16 18:21:39+00:00,apertus,ln_fp32,10,42,1e-3,float32,layernorm,0.12267088890075684,train/longfact_test_llama/span_max_auc,0.8619874190434695,llama,span_max,auc
s5e7uzrk,apertus_no_lora_ln_fp32_layer10_seed42_lr1em4,finished,2026-03-16 18:21:39+00:00,apertus,ln_fp32,10,42,1e-4,float32,layernorm,0.2215098738670349,train/longfact_test_llama/span_max_auc,0.8411554871895942,llama,span_max,auc
a039mxlm,apertus_no_lora_ln_fp32_layer10_seed42_lr3em4,finished,2026-03-16 18:21:39+00:00,apertus,ln_fp32,10,42,3e-4,float32,layernorm,0.15673403441905975,train/longfact_test_llama/span_max_auc,0.854991476809144,llama,span_max,auc
ur0fzre6,apertus_no_lora_ln_fp32_layer10_seed42_lr3em5,finished,2026-03-16 18:21:39+00:00,apertus,ln_fp32,10,42,3e-5,float32,layernorm,0.4890720844268799,train/longfact_test_llama/span_max_auc,0.8171274221036012,llama,span_max,auc
kyx3dh6x,apertus_no_lora_ln_fp32_layer10_seed43_lr1em3,finished,2026-03-16 18:21:39+00:00,apertus,ln_fp32,10,43,1e-3,float32,layernorm,0.2920945882797241,train/longfact_test_llama/span_max_auc,0.8622409774601971,llama,span_max,auc
anpnl7j5,apertus_no_lora_ln_fp32_layer10_seed43_lr1em4,finished,2026-03-16 18:21:39+00:00,apertus,ln_fp32,10,43,1e-4,float32,layernorm,0.26364782452583313,train/longfact_test_llama/span_max_auc,0.8415257969948078,llama,span_max,auc
mu08a37q,apertus_no_lora_ln_fp32_layer10_seed43_lr3em4,finished,2026-03-16 18:21:39+00:00,apertus,ln_fp32,10,43,3e-4,float32,layernorm,0.2802787125110626,train/longfact_test_llama/span_max_auc,0.8554338865886103,llama,span_max,auc
0q5lbh0o,apertus_no_lora_ln_fp32_layer10_seed43_lr3em5,finished,2026-03-16 18:21:39+00:00,apertus,ln_fp32,10,43,3e-5,float32,layernorm,0.27201464772224426,train/longfact_test_llama/span_max_auc,0.8173595314240458,llama,span_max,auc
b2incihb,apertus_no_lora_ln_fp32_layer10_seed44_lr1em3,finished,2026-03-16 18:21:39+00:00,apertus,ln_fp32,10,44,1e-3,float32,layernorm,0.19783645868301392,train/longfact_test_llama/span_max_auc,0.8633610327493092,llama,span_max,auc
9s2c6c1h,apertus_no_lora_ln_fp32_layer10_seed44_lr1em4,finished,2026-03-16 18:21:39+00:00,apertus,ln_fp32,10,44,1e-4,float32,layernorm,0.32758116722106934,train/longfact_test_llama/span_max_auc,0.8409313737760562,llama,span_max,auc
u1cqzubx,apertus_no_lora_ln_fp32_layer10_seed44_lr3em4,finished,2026-03-16 18:21:39+00:00,apertus,ln_fp32,10,44,3e-4,float32,layernorm,0.2790237069129944,train/longfact_test_llama/span_max_auc,0.8554156247074374,llama,span_max,auc
jd8rl3y0,apertus_no_lora_ln_fp32_layer10_seed44_lr3em5,finished,2026-03-16 18:21:39+00:00,apertus,ln_fp32,10,44,3e-5,float32,layernorm,0.29283058643341064,train/longfact_test_llama/span_max_auc,0.8167158305153926,llama,span_max,auc
tvxgxlk0,apertus_no_lora_ln_fp32_layer20_seed42_lr1em3,finished,2026-03-16 18:21:39+00:00,apertus,ln_fp32,20,42,1e-3,float32,layernorm,0.11203589290380478,train/longfact_test_llama/span_max_auc,0.873455763876349,llama,span_max,auc
szjyc7rq,apertus_no_lora_ln_fp32_layer20_seed42_lr1em4,finished,2026-03-16 18:21:39+00:00,apertus,ln_fp32,20,42,1e-4,float32,layernorm,0.3388446271419525,train/longfact_test_llama/span_max_auc,0.849611396897503,llama,span_max,auc
j1ydn4mi,apertus_no_lora_ln_fp32_layer20_seed42_lr3em4,finished,2026-03-16 18:21:39+00:00,apertus,ln_fp32,20,42,3e-4,float32,layernorm,0.18392929434776303,train/longfact_test_llama/span_max_auc,0.8658112664375426,llama,span_max,auc
mru621ko,apertus_no_lora_ln_fp32_layer20_seed42_lr3em5,finished,2026-03-16 18:21:39+00:00,apertus,ln_fp32,20,42,3e-5,float32,layernorm,0.6155123114585876,train/longfact_test_llama/span_max_auc,0.8165367232141122,llama,span_max,auc
cuinxn0m,apertus_no_lora_ln_fp32_layer20_seed43_lr1em3,finished,2026-03-16 18:21:39+00:00,apertus,ln_fp32,20,43,1e-3,float32,layernorm,0.2761920690536499,train/longfact_test_llama/span_max_auc,0.8720514991940349,llama,span_max,auc
gfuz02ro,apertus_no_lora_ln_fp32_layer20_seed43_lr1em4,finished,2026-03-16 18:21:39+00:00,apertus,ln_fp32,20,43,1e-4,float32,layernorm,0.28859972953796387,train/longfact_test_llama/span_max_auc,0.849160611177532,llama,span_max,auc
bydlptvs,apertus_no_lora_ln_fp32_layer20_seed43_lr3em4,finished,2026-03-16 18:21:39+00:00,apertus,ln_fp32,20,43,3e-4,float32,layernorm,0.27679380774497986,train/longfact_test_llama/span_max_auc,0.8648241114312829,llama,span_max,auc
5a8w5arg,apertus_no_lora_ln_fp32_layer20_seed43_lr3em5,finished,2026-03-16 18:21:39+00:00,apertus,ln_fp32,20,43,3e-5,float32,layernorm,0.30041441321372986,train/longfact_test_llama/span_max_auc,0.8167722021657942,llama,span_max,auc
3wystufk,apertus_no_lora_ln_fp32_layer20_seed44_lr1em3,finished,2026-03-16 18:21:39+00:00,apertus,ln_fp32,20,44,1e-3,float32,layernorm,0.37859293818473816,train/longfact_test_llama/span_max_auc,0.8722853566690313,llama,span_max,auc
ipm80jlq,apertus_no_lora_ln_fp32_layer20_seed44_lr1em4,finished,2026-03-16 18:21:39+00:00,apertus,ln_fp32,20,44,1e-4,float32,layernorm,0.39040952920913696,train/longfact_test_llama/span_max_auc,0.8493326853236883,llama,span_max,auc
28tm3neg,apertus_no_lora_ln_fp32_layer20_seed44_lr3em4,finished,2026-03-16 18:21:39+00:00,apertus,ln_fp32,20,44,3e-4,float32,layernorm,0.4330550134181976,train/longfact_test_llama/span_max_auc,0.8649066445945857,llama,span_max,auc
zoq512xp,apertus_no_lora_ln_fp32_layer20_seed44_lr3em5,finished,2026-03-16 18:21:39+00:00,apertus,ln_fp32,20,44,3e-5,float32,layernorm,0.37936899065971375,train/longfact_test_llama/span_max_auc,0.8168459996234526,llama,span_max,auc
8hrkgqv3,apertus_no_lora_ln_fp32_layer26_seed42_lr1em3,finished,2026-03-16 18:21:39+00:00,apertus,ln_fp32,26,42,1e-3,float32,layernorm,0.17951826751232147,train/longfact_test_llama/span_max_auc,0.8593043261018243,llama,span_max,auc
rlqcb2g4,apertus_no_lora_ln_fp32_layer26_seed42_lr1em4,finished,2026-03-16 18:21:39+00:00,apertus,ln_fp32,26,42,1e-4,float32,layernorm,0.3578282594680786,train/longfact_test_llama/span_max_auc,0.8320006146207377,llama,span_max,auc
r2wu0aof,apertus_no_lora_ln_fp32_layer26_seed42_lr3em4,finished,2026-03-16 18:21:39+00:00,apertus,ln_fp32,26,42,3e-4,float32,layernorm,0.24504521489143372,train/longfact_test_llama/span_max_auc,0.85040656399706,llama,span_max,auc
okj43cej,apertus_no_lora_ln_fp32_layer26_seed42_lr3em5,finished,2026-03-16 18:21:39+00:00,apertus,ln_fp32,26,42,3e-5,float32,layernorm,0.6153150200843811,train/longfact_test_llama/span_max_auc,0.7954023707570084,llama,span_max,auc
44fifewm,apertus_no_lora_ln_fp32_layer26_seed43_lr1em3,finished,2026-03-16 18:21:39+00:00,apertus,ln_fp32,26,43,1e-3,float32,layernorm,0.26287174224853516,train/longfact_test_llama/span_max_auc,0.8591271392369936,llama,span_max,auc
cfgw5o62,apertus_no_lora_ln_fp32_layer26_seed43_lr1em4,finished,2026-03-16 18:21:39+00:00,apertus,ln_fp32,26,43,1e-4,float32,layernorm,0.27609291672706604,train/longfact_test_llama/span_max_auc,0.8325959701885836,llama,span_max,auc
5yjm6w2c,apertus_no_lora_ln_fp32_layer26_seed43_lr3em4,finished,2026-03-16 18:21:39+00:00,apertus,ln_fp32,26,43,3e-4,float32,layernorm,0.268221378326416,train/longfact_test_llama/span_max_auc,0.8501191927243206,llama,span_max,auc
bj0fbt17,apertus_no_lora_ln_fp32_layer26_seed43_lr3em5,finished,2026-03-16 18:21:39+00:00,apertus,ln_fp32,26,43,3e-5,float32,layernorm,0.28795114159584045,train/longfact_test_llama/span_max_auc,0.7963624471026167,llama,span_max,auc
thtwlsce,apertus_no_lora_ln_fp32_layer26_seed44_lr1em3,finished,2026-03-16 18:21:39+00:00,apertus,ln_fp32,26,44,1e-3,float32,layernorm,0.4517517387866974,train/longfact_test_llama/span_max_auc,0.859330335601286,llama,span_max,auc
a2rdvxyc,apertus_no_lora_ln_fp32_layer26_seed44_lr1em4,finished,2026-03-16 18:21:39+00:00,apertus,ln_fp32,26,44,1e-4,float32,layernorm,0.28372296690940857,train/longfact_test_llama/span_max_auc,0.8323741977820105,llama,span_max,auc
veq9b7kw,apertus_no_lora_ln_fp32_layer26_seed44_lr3em4,finished,2026-03-16 18:21:39+00:00,apertus,ln_fp32,26,44,3e-4,float32,layernorm,0.37059929966926575,train/longfact_test_llama/span_max_auc,0.8498098149726874,llama,span_max,auc
5aqux06m,apertus_no_lora_ln_fp32_layer26_seed44_lr3em5,finished,2026-03-16 18:21:39+00:00,apertus,ln_fp32,26,44,3e-5,float32,layernorm,0.3035992383956909,train/longfact_test_llama/span_max_auc,0.7964808351691322,llama,span_max,auc
qg1y3gso,apertus_no_lora_ln_fp32_layer30_seed42_lr1em3,finished,2026-03-16 18:21:39+00:00,apertus,ln_fp32,30,42,1e-3,float32,layernorm,0.1903767287731171,train/longfact_test_llama/span_max_auc,0.8621342842942776,llama,span_max,auc
r9e2fhqm,apertus_no_lora_ln_fp32_layer30_seed42_lr1em4,finished,2026-03-16 18:21:39+00:00,apertus,ln_fp32,30,42,1e-4,float32,layernorm,0.38982802629470825,train/longfact_test_llama/span_max_auc,0.8381184968270642,llama,span_max,auc
e24v1w1s,apertus_no_lora_ln_fp32_layer30_seed42_lr3em4,finished,2026-03-16 18:21:39+00:00,apertus,ln_fp32,30,42,3e-4,float32,layernorm,0.2570212781429291,train/longfact_test_llama/span_max_auc,0.8529525205480113,llama,span_max,auc
jtcznw8g,apertus_no_lora_ln_fp32_layer30_seed42_lr3em5,finished,2026-03-16 18:21:39+00:00,apertus,ln_fp32,30,42,3e-5,float32,layernorm,0.6943867206573486,train/longfact_test_llama/span_max_auc,0.8111821916945005,llama,span_max,auc
v3qqa12o,apertus_no_lora_ln_fp32_layer30_seed43_lr1em3,finished,2026-03-16 18:21:39+00:00,apertus,ln_fp32,30,43,1e-3,float32,layernorm,0.2808498740196228,train/longfact_test_llama/span_max_auc,0.8628810300463075,llama,span_max,auc
lgm2cr72,apertus_no_lora_ln_fp32_layer30_seed43_lr1em4,finished,2026-03-16 18:21:39+00:00,apertus,ln_fp32,30,43,1e-4,float32,layernorm,0.2797033190727234,train/longfact_test_llama/span_max_auc,0.8386224771165556,llama,span_max,auc
f873k60o,apertus_no_lora_ln_fp32_layer30_seed43_lr3em4,finished,2026-03-16 18:21:39+00:00,apertus,ln_fp32,30,43,3e-4,float32,layernorm,0.28264516592025757,train/longfact_test_llama/span_max_auc,0.8533421360600139,llama,span_max,auc
ybsg28sj,apertus_no_lora_ln_fp32_layer30_seed43_lr3em5,finished,2026-03-16 18:21:39+00:00,apertus,ln_fp32,30,43,3e-5,float32,layernorm,0.30628159642219543,train/longfact_test_llama/span_max_auc,0.8119689423166357,llama,span_max,auc
kn811t36,apertus_no_lora_ln_fp32_layer30_seed44_lr1em3,finished,2026-03-16 18:21:39+00:00,apertus,ln_fp32,30,44,1e-3,float32,layernorm,0.3007677495479584,train/longfact_test_llama/span_max_auc,0.8627777470485425,llama,span_max,auc
wf8rodcd,apertus_no_lora_ln_fp32_layer30_seed44_lr1em4,finished,2026-03-16 18:21:39+00:00,apertus,ln_fp32,30,44,1e-4,float32,layernorm,0.3687911331653595,train/longfact_test_llama/span_max_auc,0.8385724494936868,llama,span_max,auc
524a5l0b,apertus_no_lora_ln_fp32_layer30_seed44_lr3em4,finished,2026-03-16 18:21:39+00:00,apertus,ln_fp32,30,44,3e-4,float32,layernorm,0.3833605647087097,train/longfact_test_llama/span_max_auc,0.8529438507148573,llama,span_max,auc
m6zpszut,apertus_no_lora_ln_fp32_layer30_seed44_lr3em5,finished,2026-03-16 18:21:39+00:00,apertus,ln_fp32,30,44,3e-5,float32,layernorm,0.4072107970714569,train/longfact_test_llama/span_max_auc,0.8118739035143947,llama,span_max,auc
2msk68xv,apertus_no_lora_long_form_layer10_seed42,finished,2026-03-02 14:54:28+00:00,apertus,apertus_layers,10,42,,bfloat16,none,0.1188635155558586,train/longfact_test_llama/span_max_f1,0.6395668767196236,llama,span_max,f1
ennpfi5c,apertus_no_lora_long_form_layer10_seed43,finished,2026-03-02 14:55:28+00:00,apertus,apertus_layers,10,43,,bfloat16,none,0.2892115116119385,train/longfact_test_llama/span_max_f1,0.6508885707066453,llama,span_max,f1
ckfvtpqq,apertus_no_lora_long_form_layer10_seed44,finished,2026-03-02 14:55:28+00:00,apertus,apertus_layers,10,44,,bfloat16,none,0.14164792001247406,train/longfact_test_llama/span_max_f1,0.6580976863753213,llama,span_max,f1
5w54hojz,apertus_no_lora_long_form_layer20_seed42,finished,2026-03-02 14:56:24+00:00,apertus,apertus_layers,20,42,,bfloat16,none,0.002515794476494193,train/longfact_test_llama/span_max_f1,0.6432152805411858,llama,span_max,f1
h3qhm4bp,apertus_no_lora_long_form_layer20_seed43,finished,2026-03-02 14:56:24+00:00,apertus,apertus_layers,20,43,,bfloat16,none,0.4361111521720886,train/longfact_test_llama/span_max_f1,0.6404207841887153,llama,span_max,f1
1sb6t3rt,apertus_no_lora_long_form_layer20_seed44,finished,2026-03-02 14:56:24+00:00,apertus,apertus_layers,20,44,,bfloat16,none,0.9805268049240112,train/longfact_test_llama/span_max_f1,0.6395429630201498,llama,span_max,f1
fjxaywoo,apertus_no_lora_long_form_layer26_seed42,finished,2026-03-02 14:56:59+00:00,apertus,apertus_layers,26,42,,bfloat16,none,0.022064460441470143,train/longfact_test_llama/span_max_f1,0.6356324640506946,llama,span_max,f1
fc3llcx0,apertus_no_lora_long_form_layer26_seed43,finished,2026-03-02 14:58:28+00:00,apertus,apertus_layers,26,43,,bfloat16,none,4.096796035766602,train/longfact_test_llama/span_max_f1,0.6270504487774683,llama,span_max,f1
gtn6g9ne,apertus_no_lora_long_form_layer26_seed44,finished,2026-03-02 14:58:28+00:00,apertus,apertus_layers,26,44,,bfloat16,none,0.0003512128023430705,train/longfact_test_llama/span_max_f1,0.624310239117106,llama,span_max,f1
pk12wkry,apertus_no_lora_long_form_layer30_seed42,finished,2026-03-02 14:58:28+00:00,apertus,apertus_layers,30,42,,bfloat16,none,82.0517578125,train/longfact_test_llama/span_max_f1,0.00463960231980116,llama,span_max,f1
vhvivjkc,apertus_no_lora_long_form_layer30_seed43,finished,2026-03-02 14:58:28+00:00,apertus,apertus_layers,30,43,,bfloat16,none,10.69191074371338,train/longfact_test_llama/span_max_f1,0.6423202614379085,llama,span_max,f1
agskbmvs,apertus_no_lora_long_form_layer30_seed44,finished,2026-03-02 14:58:28+00:00,apertus,apertus_layers,30,44,,bfloat16,none,0.0001453680742997676,train/longfact_test_llama/span_max_f1,0.6351139725073952,llama,span_max,f1
o5fobkxj,apertus_no_lora_bf16_only_layer10_seed42_lr1em3,finished,2026-03-16 01:21:45+00:00,apertus,bf16_only,10,42,1e-3,bfloat16,none,0.1060740053653717,train/longfact_test_llama/span_max_f1,0.6409422519117518,llama,span_max,f1
ngsqu3i1,apertus_no_lora_bf16_only_layer10_seed42_lr1em4,finished,2026-03-16 01:21:45+00:00,apertus,bf16_only,10,42,1e-4,bfloat16,none,0.11451046913862228,train/longfact_test_llama/span_max_f1,0.6165250707979344,llama,span_max,f1
5xzqhvy4,apertus_no_lora_bf16_only_layer10_seed42_lr3em4,finished,2026-03-16 01:21:45+00:00,apertus,bf16_only,10,42,3e-4,bfloat16,none,0.11626026779413225,train/longfact_test_llama/span_max_f1,0.6470030185424752,llama,span_max,f1
83kur7ka,apertus_no_lora_bf16_only_layer10_seed42_lr3em5,finished,2026-03-16 01:21:45+00:00,apertus,bf16_only,10,42,3e-5,bfloat16,none,0.4366786777973175,train/longfact_test_llama/span_max_f1,0.5272459499263623,llama,span_max,f1
j9k3f0jm,apertus_no_lora_bf16_only_layer10_seed43_lr1em3,finished,2026-03-16 01:21:44+00:00,apertus,bf16_only,10,43,1e-3,bfloat16,none,0.3009301424026489,train/longfact_test_llama/span_max_f1,0.6568627450980392,llama,span_max,f1
ougxjsfh,apertus_no_lora_bf16_only_layer10_seed43_lr1em4,finished,2026-03-16 01:21:44+00:00,apertus,bf16_only,10,43,1e-4,bfloat16,none,0.27749955654144287,train/longfact_test_llama/span_max_f1,0.6089399744572158,llama,span_max,f1
21sy8y12,apertus_no_lora_bf16_only_layer10_seed43_lr3em4,finished,2026-03-16 01:21:44+00:00,apertus,bf16_only,10,43,3e-4,bfloat16,none,0.2755349278450012,train/longfact_test_llama/span_max_f1,0.6384696384696384,llama,span_max,f1
t26a4uwp,apertus_no_lora_bf16_only_layer10_seed43_lr3em5,finished,2026-03-16 01:21:44+00:00,apertus,bf16_only,10,43,3e-5,bfloat16,none,0.3126707673072815,train/longfact_test_llama/span_max_f1,0.5246499295716298,llama,span_max,f1
p9n6ul1e,apertus_no_lora_bf16_only_layer10_seed44_lr1em3,finished,2026-03-16 01:21:44+00:00,apertus,bf16_only,10,44,1e-3,bfloat16,none,0.15629735589027405,train/longfact_test_llama/span_max_f1,0.6594691127526585,llama,span_max,f1
feljklm1,apertus_no_lora_bf16_only_layer10_seed44_lr1em4,finished,2026-03-16 01:21:44+00:00,apertus,bf16_only,10,44,1e-4,bfloat16,none,0.593794047832489,train/longfact_test_llama/span_max_f1,0.6106755629691409,llama,span_max,f1
lfafy2oe,apertus_no_lora_bf16_only_layer10_seed44_lr3em4,finished,2026-03-16 01:21:44+00:00,apertus,bf16_only,10,44,3e-4,bfloat16,none,0.2656649947166443,train/longfact_test_llama/span_max_f1,0.6477301982322149,llama,span_max,f1
r3oezlrl,apertus_no_lora_bf16_only_layer10_seed44_lr3em5,finished,2026-03-16 01:21:44+00:00,apertus,bf16_only,10,44,3e-5,bfloat16,none,0.7305357456207275,train/longfact_test_llama/span_max_f1,0.5289065080938222,llama,span_max,f1
uw94ef5i,apertus_no_lora_bf16_only_layer20_seed42_lr1em3,finished,2026-03-16 01:21:44+00:00,apertus,bf16_only,20,42,1e-3,bfloat16,none,0.006061427295207977,train/longfact_test_llama/span_max_f1,0.6346525096525096,llama,span_max,f1
ymsrn4r6,apertus_no_lora_bf16_only_layer20_seed42_lr1em4,finished,2026-03-16 01:21:44+00:00,apertus,bf16_only,20,42,1e-4,bfloat16,none,0.04400371387600899,train/longfact_test_llama/span_max_f1,0.6050842447531777,llama,span_max,f1
uy0gdnv4,apertus_no_lora_bf16_only_layer20_seed42_lr3em4,finished,2026-03-16 01:21:44+00:00,apertus,bf16_only,20,42,3e-4,bfloat16,none,0.00907330308109522,train/longfact_test_llama/span_max_f1,0.6312785388127854,llama,span_max,f1
fu81gp5i,apertus_no_lora_bf16_only_layer20_seed42_lr3em5,finished,2026-03-16 01:21:44+00:00,apertus,bf16_only,20,42,3e-5,bfloat16,none,2.1262459754943848,train/longfact_test_llama/span_max_f1,0.5087278106508876,llama,span_max,f1
2g6rw2bt,apertus_no_lora_bf16_only_layer20_seed43_lr1em3,finished,2026-03-16 01:21:44+00:00,apertus,bf16_only,20,43,1e-3,bfloat16,none,0.5826413631439209,train/longfact_test_llama/span_max_f1,0.6448500442228833,llama,span_max,f1
7ynpw2cn,apertus_no_lora_bf16_only_layer20_seed43_lr1em4,finished,2026-03-16 01:21:44+00:00,apertus,bf16_only,20,43,1e-4,bfloat16,none,1.368619084358215,train/longfact_test_llama/span_max_f1,0.6023224249736088,llama,span_max,f1
900ivg46,apertus_no_lora_bf16_only_layer20_seed43_lr3em4,finished,2026-03-16 01:21:44+00:00,apertus,bf16_only,20,43,3e-4,bfloat16,none,0.40857547521591187,train/longfact_test_llama/span_max_f1,0.6487632508833923,llama,span_max,f1
qo5cb98m,apertus_no_lora_bf16_only_layer20_seed43_lr3em5,finished,2026-03-16 01:21:44+00:00,apertus,bf16_only,20,43,3e-5,bfloat16,none,6.096769332885742,train/longfact_test_llama/span_max_f1,0.5103611604499704,llama,span_max,f1
99kvtmj8,apertus_no_lora_bf16_only_layer20_seed44_lr1em3,finished,2026-03-16 01:21:44+00:00,apertus,bf16_only,20,44,1e-3,bfloat16,none,0.13294142484664917,train/longfact_test_llama/span_max_f1,0.6371077762619373,llama,span_max,f1
g1itgrow,apertus_no_lora_bf16_only_layer20_seed44_lr1em4,finished,2026-03-16 01:21:44+00:00,apertus,bf16_only,20,44,1e-4,bfloat16,none,4.639030521502718e-05,train/longfact_test_llama/span_max_f1,0.6039332096474954,llama,span_max,f1
vuc2g8id,apertus_no_lora_bf16_only_layer20_seed44_lr3em4,finished,2026-03-16 01:21:44+00:00,apertus,bf16_only,20,44,3e-4,bfloat16,none,0.2754364609718323,train/longfact_test_llama/span_max_f1,0.6410432395332876,llama,span_max,f1
v52uwh1g,apertus_no_lora_bf16_only_layer20_seed44_lr3em5,finished,2026-03-16 01:21:44+00:00,apertus,bf16_only,20,44,3e-5,bfloat16,none,23.12533187866211,train/longfact_test_llama/span_max_f1,0.5110433553952555,llama,span_max,f1
vz5jn274,apertus_no_lora_bf16_only_layer26_seed42_lr1em3,finished,2026-03-16 01:21:44+00:00,apertus,bf16_only,26,42,1e-3,bfloat16,none,0.023973966017365456,train/longfact_test_llama/span_max_f1,0.6262390670553936,llama,span_max,f1
4drsxr5u,apertus_no_lora_bf16_only_layer26_seed42_lr1em4,finished,2026-03-16 01:21:44+00:00,apertus,bf16_only,26,42,1e-4,bfloat16,none,0.023594362661242485,train/longfact_test_llama/span_max_f1,0.5917591607115706,llama,span_max,f1
1crms08u,apertus_no_lora_bf16_only_layer26_seed42_lr3em4,finished,2026-03-16 01:21:44+00:00,apertus,bf16_only,26,42,3e-4,bfloat16,none,0.006822563707828522,train/longfact_test_llama/span_max_f1,0.6175143879296936,llama,span_max,f1
cq95ctu3,apertus_no_lora_bf16_only_layer26_seed42_lr3em5,finished,2026-03-16 01:21:44+00:00,apertus,bf16_only,26,42,3e-5,bfloat16,none,0.9924049973487854,train/longfact_test_llama/span_max_f1,0.4980813507290867,llama,span_max,f1
q08ckrfy,apertus_no_lora_bf16_only_layer26_seed43_lr1em3,finished,2026-03-16 01:21:45+00:00,apertus,bf16_only,26,43,1e-3,bfloat16,none,4.096848487854004,train/longfact_test_llama/span_max_f1,0.6315869980879542,llama,span_max,f1
hirctdjt,apertus_no_lora_bf16_only_layer26_seed43_lr1em4,finished,2026-03-16 01:21:45+00:00,apertus,bf16_only,26,43,1e-4,bfloat16,none,4.878128528594971,train/longfact_test_llama/span_max_f1,0.589640222103902,llama,span_max,f1
psn29j9n,apertus_no_lora_bf16_only_layer26_seed43_lr3em4,finished,2026-03-16 01:21:45+00:00,apertus,bf16_only,26,43,3e-4,bfloat16,none,1.7208261489868164,train/longfact_test_llama/span_max_f1,0.6203192600328211,llama,span_max,f1
lx8g6b8s,apertus_no_lora_bf16_only_layer26_seed43_lr3em5,finished,2026-03-16 01:21:45+00:00,apertus,bf16_only,26,43,3e-5,bfloat16,none,12.94149684906006,train/longfact_test_llama/span_max_f1,0.4988798764001545,llama,span_max,f1
wixkxx9v,apertus_no_lora_bf16_only_layer26_seed44_lr1em3,finished,2026-03-16 01:21:44+00:00,apertus,bf16_only,26,44,1e-3,bfloat16,none,10.250615119934082,train/longfact_test_llama/span_max_f1,0.6289440155886982,llama,span_max,f1
2r4mqan8,apertus_no_lora_bf16_only_layer26_seed44_lr1em4,finished,2026-03-16 01:21:44+00:00,apertus,bf16_only,26,44,1e-4,bfloat16,none,0.0004059617640450597,train/longfact_test_llama/span_max_f1,0.5881994670727065,llama,span_max,f1
v3h0pfq3,apertus_no_lora_bf16_only_layer26_seed44_lr3em4,finished,2026-03-16 01:21:44+00:00,apertus,bf16_only,26,44,3e-4,bfloat16,none,0.3673836886882782,train/longfact_test_llama/span_max_f1,0.615476546160741,llama,span_max,f1
muqajhqb,apertus_no_lora_bf16_only_layer26_seed44_lr3em5,finished,2026-03-16 01:21:44+00:00,apertus,bf16_only,26,44,3e-5,bfloat16,none,7.75074577331543,train/longfact_test_llama/span_max_f1,0.49700738437621456,llama,span_max,f1
imd2hxzj,apertus_no_lora_bf16_only_layer30_seed42_lr1em3,finished,2026-03-16 01:21:44+00:00,apertus,bf16_only,30,42,1e-3,bfloat16,none,82.0517578125,train/longfact_test_llama/span_max_f1,0.0,llama,span_max,f1
g9535ebe,apertus_no_lora_bf16_only_layer30_seed42_lr1em4,finished,2026-03-16 01:21:44+00:00,apertus,bf16_only,30,42,1e-4,bfloat16,none,0.033634547144174576,train/longfact_test_llama/span_max_f1,0.6146004861601192,llama,span_max,f1
j9yucacb,apertus_no_lora_bf16_only_layer30_seed42_lr3em4,finished,2026-03-16 01:21:44+00:00,apertus,bf16_only,30,42,3e-4,bfloat16,none,0.025012411177158356,train/longfact_test_llama/span_max_f1,0.6283089380255372,llama,span_max,f1
4bo3xdzv,apertus_no_lora_bf16_only_layer30_seed42_lr3em5,finished,2026-03-16 01:21:44+00:00,apertus,bf16_only,30,42,3e-5,bfloat16,none,33.04824447631836,train/longfact_test_llama/span_max_f1,0.5029570129755495,llama,span_max,f1
a55rsp1p,apertus_no_lora_bf16_only_layer30_seed43_lr1em3,finished,2026-03-16 01:21:45+00:00,apertus,bf16_only,30,43,1e-3,bfloat16,none,9.379252433776855,train/longfact_test_llama/span_max_f1,0.636665248830285,llama,span_max,f1
5uzjpj1x,apertus_no_lora_bf16_only_layer30_seed43_lr1em4,finished,2026-03-16 01:21:45+00:00,apertus,bf16_only,30,43,1e-4,bfloat16,none,6.222002029418945,train/longfact_test_llama/span_max_f1,0.6172897196261682,llama,span_max,f1
fctlmblr,apertus_no_lora_bf16_only_layer30_seed43_lr3em4,finished,2026-03-16 01:21:45+00:00,apertus,bf16_only,30,43,3e-4,bfloat16,none,5.815634250640869,train/longfact_test_llama/span_max_f1,0.6261125299899388,llama,span_max,f1
580vhzgn,apertus_no_lora_bf16_only_layer30_seed43_lr3em5,finished,2026-03-16 01:21:45+00:00,apertus,bf16_only,30,43,3e-5,bfloat16,none,10.316194534301758,train/longfact_test_llama/span_max_f1,0.49287241625089095,llama,span_max,f1
uns2a6j2,apertus_no_lora_bf16_only_layer30_seed44_lr1em3,finished,2026-03-16 01:21:44+00:00,apertus,bf16_only,30,44,1e-3,bfloat16,none,0.0,train/longfact_test_llama/span_max_f1,0.00033206043499916984,llama,span_max,f1
m97ar22y,apertus_no_lora_bf16_only_layer30_seed44_lr1em4,finished,2026-03-16 01:21:44+00:00,apertus,bf16_only,30,44,1e-4,bfloat16,none,10.063371658325195,train/longfact_test_llama/span_max_f1,0.6096391225725293,llama,span_max,f1
hr0vmzt0,apertus_no_lora_bf16_only_layer30_seed44_lr3em4,finished,2026-03-16 01:21:44+00:00,apertus,bf16_only,30,44,3e-4,bfloat16,none,6.532261848449707,train/longfact_test_llama/span_max_f1,0.6266067833359145,llama,span_max,f1
w644eh9h,apertus_no_lora_bf16_only_layer30_seed44_lr3em5,finished,2026-03-16 01:21:44+00:00,apertus,bf16_only,30,44,3e-5,bfloat16,none,33.25065612792969,train/longfact_test_llama/span_max_f1,0.4966131907308378,llama,span_max,f1
3618z7cg,apertus_no_lora_fp32_only_layer10_seed42_lr1em3,finished,2026-03-16 18:21:39+00:00,apertus,fp32_only,10,42,1e-3,float32,none,0.11816876381635666,train/longfact_test_llama/span_max_f1,0.638901275305449,llama,span_max,f1
mhg0ycoh,apertus_no_lora_fp32_only_layer10_seed42_lr1em4,finished,2026-03-16 18:21:39+00:00,apertus,fp32_only,10,42,1e-4,float32,none,0.1332954168319702,train/longfact_test_llama/span_max_f1,0.6321937811372617,llama,span_max,f1
b71ik25s,apertus_no_lora_fp32_only_layer10_seed42_lr3em4,finished,2026-03-16 18:21:39+00:00,apertus,fp32_only,10,42,3e-4,float32,none,0.1127048209309578,train/longfact_test_llama/span_max_f1,0.6452863436123348,llama,span_max,f1
8hl54mqx,apertus_no_lora_fp32_only_layer10_seed42_lr3em5,finished,2026-03-16 18:21:39+00:00,apertus,fp32_only,10,42,3e-5,float32,none,0.15368859469890594,train/longfact_test_llama/span_max_f1,0.6079331941544885,llama,span_max,f1
x3sqior5,apertus_no_lora_fp32_only_layer10_seed43_lr1em3,finished,2026-03-16 18:21:39+00:00,apertus,fp32_only,10,43,1e-3,float32,none,0.29647397994995117,train/longfact_test_llama/span_max_f1,0.64648537711647,llama,span_max,f1
dm4602lm,apertus_no_lora_fp32_only_layer10_seed43_lr1em4,finished,2026-03-16 18:21:39+00:00,apertus,fp32_only,10,43,1e-4,float32,none,0.2917933166027069,train/longfact_test_llama/span_max_f1,0.6266042317030871,llama,span_max,f1
3mcpf9f3,apertus_no_lora_fp32_only_layer10_seed43_lr3em4,finished,2026-03-16 18:21:39+00:00,apertus,fp32_only,10,43,3e-4,float32,none,0.2921086251735687,train/longfact_test_llama/span_max_f1,0.6514680483592401,llama,span_max,f1
0v0cghh6,apertus_no_lora_fp32_only_layer10_seed43_lr3em5,finished,2026-03-16 18:21:39+00:00,apertus,fp32_only,10,43,3e-5,float32,none,0.27485892176628113,train/longfact_test_llama/span_max_f1,0.6025389792962427,llama,span_max,f1
k8u6gf39,apertus_no_lora_fp32_only_layer10_seed44_lr1em3,finished,2026-03-16 18:21:39+00:00,apertus,fp32_only,10,44,1e-3,float32,none,0.09856606274843216,train/longfact_test_llama/span_max_f1,0.6552287581699346,llama,span_max,f1
rgnn8edm,apertus_no_lora_fp32_only_layer10_seed44_lr1em4,finished,2026-03-16 18:21:39+00:00,apertus,fp32_only,10,44,1e-4,float32,none,0.4017370939254761,train/longfact_test_llama/span_max_f1,0.6336148648648648,llama,span_max,f1
1hlg6mhh,apertus_no_lora_fp32_only_layer10_seed44_lr3em4,finished,2026-03-16 18:21:39+00:00,apertus,fp32_only,10,44,3e-4,float32,none,0.3334559202194214,train/longfact_test_llama/span_max_f1,0.6558061821219716,llama,span_max,f1
h32xr3bj,apertus_no_lora_fp32_only_layer10_seed44_lr3em5,finished,2026-03-16 18:21:39+00:00,apertus,fp32_only,10,44,3e-5,float32,none,0.6063321232795715,train/longfact_test_llama/span_max_f1,0.6071877356119628,llama,span_max,f1
7otuls41,apertus_no_lora_fp32_only_layer20_seed42_lr1em3,finished,2026-03-16 18:21:39+00:00,apertus,fp32_only,20,42,1e-3,float32,none,0.0014074433129280806,train/longfact_test_llama/span_max_f1,0.6388308977035491,llama,span_max,f1
h3hhroh2,apertus_no_lora_fp32_only_layer20_seed42_lr1em4,finished,2026-03-16 18:21:39+00:00,apertus,fp32_only,20,42,1e-4,float32,none,0.005417922046035528,train/longfact_test_llama/span_max_f1,0.616733708769107,llama,span_max,f1
gbg3qolw,apertus_no_lora_fp32_only_layer20_seed42_lr3em4,finished,2026-03-16 18:21:39+00:00,apertus,fp32_only,20,42,3e-4,float32,none,0.012795637361705303,train/longfact_test_llama/span_max_f1,0.6335527960663389,llama,span_max,f1
vpc4pmw1,apertus_no_lora_fp32_only_layer20_seed42_lr3em5,finished,2026-03-16 18:21:39+00:00,apertus,fp32_only,20,42,3e-5,float32,none,0.4815448522567749,train/longfact_test_llama/span_max_f1,0.5950425676184736,llama,span_max,f1
4hd86xs1,apertus_no_lora_fp32_only_layer20_seed43_lr1em3,finished,2026-03-16 18:21:39+00:00,apertus,fp32_only,20,43,1e-3,float32,none,0.7915925979614258,train/longfact_test_llama/span_max_f1,0.6468383701459214,llama,span_max,f1
dtswvc78,apertus_no_lora_fp32_only_layer20_seed43_lr1em4,finished,2026-03-16 18:21:39+00:00,apertus,fp32_only,20,43,1e-4,float32,none,0.9363940954208374,train/longfact_test_llama/span_max_f1,0.6169999227978075,llama,span_max,f1
r4canywa,apertus_no_lora_fp32_only_layer20_seed43_lr3em4,finished,2026-03-16 18:21:39+00:00,apertus,fp32_only,20,43,3e-4,float32,none,0.4842445254325866,train/longfact_test_llama/span_max_f1,0.6488138319260153,llama,span_max,f1
5pryw2ji,apertus_no_lora_fp32_only_layer20_seed43_lr3em5,finished,2026-03-16 18:21:39+00:00,apertus,fp32_only,20,43,3e-5,float32,none,2.3771839141845703,train/longfact_test_llama/span_max_f1,0.5945740557793145,llama,span_max,f1
cu47livm,apertus_no_lora_fp32_only_layer20_seed44_lr1em3,finished,2026-03-16 18:21:39+00:00,apertus,fp32_only,20,44,1e-3,float32,none,0.8405814170837402,train/longfact_test_llama/span_max_f1,0.637332908975175,llama,span_max,f1
7cq66mkt,apertus_no_lora_fp32_only_layer20_seed44_lr1em4,finished,2026-03-16 18:21:39+00:00,apertus,fp32_only,20,44,1e-4,float32,none,0.00021276120969559997,train/longfact_test_llama/span_max_f1,0.6150937689050212,llama,span_max,f1
wrlr6qli,apertus_no_lora_fp32_only_layer20_seed44_lr3em4,finished,2026-03-16 18:21:39+00:00,apertus,fp32_only,20,44,3e-4,float32,none,0.7323926091194153,train/longfact_test_llama/span_max_f1,0.6344196322891186,llama,span_max,f1
nkk8fdiv,apertus_no_lora_fp32_only_layer20_seed44_lr3em5,finished,2026-03-16 18:21:39+00:00,apertus,fp32_only,20,44,3e-5,float32,none,3.7443130016326904,train/longfact_test_llama/span_max_f1,0.5960642932251765,llama,span_max,f1
jeyu4ke4,apertus_no_lora_fp32_only_layer26_seed42_lr1em3,finished,2026-03-16 18:21:39+00:00,apertus,fp32_only,26,42,1e-3,float32,none,0.02182931825518608,train/longfact_test_llama/span_max_f1,0.6301103179753407,llama,span_max,f1
6jnxw4n2,apertus_no_lora_fp32_only_layer26_seed42_lr1em4,finished,2026-03-16 18:21:39+00:00,apertus,fp32_only,26,42,1e-4,float32,none,0.017278315499424934,train/longfact_test_llama/span_max_f1,0.5963764067363716,llama,span_max,f1
vz2hbt4t,apertus_no_lora_fp32_only_layer26_seed42_lr3em4,finished,2026-03-16 18:21:39+00:00,apertus,fp32_only,26,42,3e-4,float32,none,0.006629477255046368,train/longfact_test_llama/span_max_f1,0.615115354017502,llama,span_max,f1
g2rdqxou,apertus_no_lora_fp32_only_layer26_seed42_lr3em5,finished,2026-03-16 18:21:39+00:00,apertus,fp32_only,26,42,3e-5,float32,none,0.029366448521614075,train/longfact_test_llama/span_max_f1,0.5729280902396992,llama,span_max,f1
g557mw8r,apertus_no_lora_fp32_only_layer26_seed43_lr1em3,finished,2026-03-16 18:21:39+00:00,apertus,fp32_only,26,43,1e-3,float32,none,5.589945316314697,train/longfact_test_llama/span_max_f1,0.6374584059578514,llama,span_max,f1
xtj1l55e,apertus_no_lora_fp32_only_layer26_seed43_lr1em4,finished,2026-03-16 18:21:39+00:00,apertus,fp32_only,26,43,1e-4,float32,none,2.261085033416748,train/longfact_test_llama/span_max_f1,0.5967996393959882,llama,span_max,f1
tn9zon9i,apertus_no_lora_fp32_only_layer26_seed43_lr3em4,finished,2026-03-16 18:21:39+00:00,apertus,fp32_only,26,43,3e-4,float32,none,1.2675254344940186,train/longfact_test_llama/span_max_f1,0.6123460738845354,llama,span_max,f1
gi60xrz3,apertus_no_lora_fp32_only_layer26_seed43_lr3em5,finished,2026-03-16 18:21:39+00:00,apertus,fp32_only,26,43,3e-5,float32,none,5.592858791351318,train/longfact_test_llama/span_max_f1,0.5725049976933723,llama,span_max,f1
p7gub5up,apertus_no_lora_fp32_only_layer26_seed44_lr1em3,finished,2026-03-16 18:21:39+00:00,apertus,fp32_only,26,44,1e-3,float32,none,2.7211620807647705,train/longfact_test_llama/span_max_f1,0.6331881067033555,llama,span_max,f1
gani1xp7,apertus_no_lora_fp32_only_layer26_seed44_lr1em4,finished,2026-03-16 18:21:39+00:00,apertus,fp32_only,26,44,1e-4,float32,none,0.061501313000917435,train/longfact_test_llama/span_max_f1,0.598369849697151,llama,span_max,f1
ill5vvx2,apertus_no_lora_fp32_only_layer26_seed44_lr3em4,finished,2026-03-16 18:21:39+00:00,apertus,fp32_only,26,44,3e-4,float32,none,0.02174818329513073,train/longfact_test_llama/span_max_f1,0.6177397568662765,llama,span_max,f1
b9ibkxys,apertus_no_lora_fp32_only_layer26_seed44_lr3em5,finished,2026-03-16 18:21:39+00:00,apertus,fp32_only,26,44,3e-5,float32,none,0.0007233090000227094,train/longfact_test_llama/span_max_f1,0.5747231767850325,llama,span_max,f1
362f178l,apertus_no_lora_fp32_only_layer30_seed42_lr1em3,finished,2026-03-16 18:21:39+00:00,apertus,fp32_only,30,42,1e-3,float32,none,81.83356475830078,train/longfact_test_llama/span_max_f1,0.0,llama,span_max,f1
572p44e7,apertus_no_lora_fp32_only_layer30_seed42_lr1em4,finished,2026-03-16 18:21:39+00:00,apertus,fp32_only,30,42,1e-4,float32,none,0.03013068065047264,train/longfact_test_llama/span_max_f1,0.6156606851549755,llama,span_max,f1
9k35iiw5,apertus_no_lora_fp32_only_layer30_seed42_lr3em4,finished,2026-03-16 18:21:39+00:00,apertus,fp32_only,30,42,3e-4,float32,none,0.02508390322327614,train/longfact_test_llama/span_max_f1,0.6238945168033446,llama,span_max,f1
7u26q4rs,apertus_no_lora_fp32_only_layer30_seed42_lr3em5,finished,2026-03-16 18:21:39+00:00,apertus,fp32_only,30,42,3e-5,float32,none,0.5540672540664673,train/longfact_test_llama/span_max_f1,0.600178383199546,llama,span_max,f1
f817tswh,apertus_no_lora_fp32_only_layer30_seed43_lr1em3,finished,2026-03-16 18:21:39+00:00,apertus,fp32_only,30,43,1e-3,float32,none,9.374524116516112,train/longfact_test_llama/span_max_f1,0.0,llama,span_max,f1
lqmdrcpg,apertus_no_lora_fp32_only_layer30_seed43_lr1em4,finished,2026-03-16 18:21:39+00:00,apertus,fp32_only,30,43,1e-4,float32,none,5.7266106605529785,train/longfact_test_llama/span_max_f1,0.6199059561128527,llama,span_max,f1
f3nq1ppq,apertus_no_lora_fp32_only_layer30_seed43_lr3em4,finished,2026-03-16 18:21:39+00:00,apertus,fp32_only,30,43,3e-4,float32,none,5.207202911376953,train/longfact_test_llama/span_max_f1,0.6197204968944099,llama,span_max,f1
z9shqkbl,apertus_no_lora_fp32_only_layer30_seed43_lr3em5,finished,2026-03-16 18:21:39+00:00,apertus,fp32_only,30,43,3e-5,float32,none,6.685286521911621,train/longfact_test_llama/span_max_f1,0.5964688024286969,llama,span_max,f1
bz9gcqwk,apertus_no_lora_fp32_only_layer30_seed44_lr1em3,finished,2026-03-16 18:21:39+00:00,apertus,fp32_only,30,44,1e-3,float32,none,0.0,train/longfact_test_llama/span_max_f1,0.0,llama,span_max,f1
nhg2yz2u,apertus_no_lora_fp32_only_layer30_seed44_lr1em4,finished,2026-03-16 18:21:39+00:00,apertus,fp32_only,30,44,1e-4,float32,none,0.01171684730798006,train/longfact_test_llama/span_max_f1,0.6190622598001537,llama,span_max,f1
4yytvlvi,apertus_no_lora_fp32_only_layer30_seed44_lr3em4,finished,2026-03-16 18:21:39+00:00,apertus,fp32_only,30,44,3e-4,float32,none,0.0005547898472286761,train/longfact_test_llama/span_max_f1,0.6224235560588901,llama,span_max,f1
8kx20a5i,apertus_no_lora_fp32_only_layer30_seed44_lr3em5,finished,2026-03-16 18:21:39+00:00,apertus,fp32_only,30,44,3e-5,float32,none,33.319332122802734,train/longfact_test_llama/span_max_f1,0.5962110537028339,llama,span_max,f1
kgoq3e5r,llama_no_lora_long_form_layer10_seed42,finished,2026-03-02 14:45:36+00:00,llama,llama_layers,10,42,,bfloat16,none,0.4103353917598725,train/longfact_test_llama/span_max_f1,0.6199844176081029,llama,span_max,f1
9oem35be,llama_no_lora_long_form_layer10_seed43,finished,2026-03-02 14:46:11+00:00,llama,llama_layers,10,43,,bfloat16,none,0.582381546497345,train/longfact_test_llama/span_max_f1,0.6262567672080434,llama,span_max,f1
rri8v027,llama_no_lora_long_form_layer10_seed44,finished,2026-03-02 14:46:11+00:00,llama,llama_layers,10,44,,bfloat16,none,0.3619125485420227,train/longfact_test_llama/span_max_f1,0.6214634146341463,llama,span_max,f1
qni919ee,llama_no_lora_long_form_layer20_seed42,finished,2026-03-02 14:50:44+00:00,llama,llama_layers,20,42,,bfloat16,none,0.4025150239467621,train/longfact_test_llama/span_max_f1,0.6372057120802779,llama,span_max,f1
4aryhr4u,llama_no_lora_long_form_layer20_seed43,finished,2026-03-02 14:50:44+00:00,llama,llama_layers,20,43,,bfloat16,none,0.6214630007743835,train/longfact_test_llama/span_max_f1,0.6393284446159784,llama,span_max,f1
v8qejznt,llama_no_lora_long_form_layer20_seed44,finished,2026-03-02 14:50:44+00:00,llama,llama_layers,20,44,,bfloat16,none,0.4049457013607025,train/longfact_test_llama/span_max_f1,0.6340425531914894,llama,span_max,f1
82vjeyys,llama_no_lora_long_form_layer26_seed42,finished,2026-03-02 14:50:44+00:00,llama,llama_layers,26,42,,bfloat16,none,0.38688111305236816,train/longfact_test_llama/span_max_f1,0.6312542176805167,llama,span_max,f1
gzg4irhz,llama_no_lora_long_form_layer26_seed43,finished,2026-03-02 14:51:46+00:00,llama,llama_layers,26,43,,bfloat16,none,0.6332159042358398,train/longfact_test_llama/span_max_f1,0.6297263320762015,llama,span_max,f1
7u7entue,llama_no_lora_long_form_layer26_seed44,finished,2026-03-02 14:51:46+00:00,llama,llama_layers,26,44,,bfloat16,none,0.4069174230098725,train/longfact_test_llama/span_max_f1,0.6316294236117771,llama,span_max,f1
ct7o6ek7,llama_no_lora_long_form_layer30_seed42,finished,2026-03-02 14:51:46+00:00,llama,llama_layers,30,42,,bfloat16,none,0.4142408668994904,train/longfact_test_llama/span_max_f1,0.65032184778493,llama,span_max,f1
av9rm02w,llama_no_lora_long_form_layer30_seed43,finished,2026-03-02 14:51:46+00:00,llama,llama_layers,30,43,,bfloat16,none,0.7231071591377258,train/longfact_test_llama/span_max_f1,0.6492007944764967,llama,span_max,f1
ojujrfsw,llama_no_lora_long_form_layer30_seed44,finished,2026-03-02 14:51:46+00:00,llama,llama_layers,30,44,,bfloat16,none,0.4089251160621643,train/longfact_test_llama/span_max_f1,0.647025171624714,llama,span_max,f1
47rfeqmx,apertus_no_lora_ln_bf16_layer10_seed42_lr1em3,finished,2026-03-16 01:21:44+00:00,apertus,ln_bf16,10,42,1e-3,bfloat16,layernorm,0.14300638437271118,train/longfact_test_llama/span_max_f1,0.6438536456962358,llama,span_max,f1
ltvbxnyc,apertus_no_lora_ln_bf16_layer10_seed42_lr1em4,finished,2026-03-16 01:21:44+00:00,apertus,ln_bf16,10,42,1e-4,bfloat16,layernorm,0.3950393497943878,train/longfact_test_llama/span_max_f1,0.5780267295597484,llama,span_max,f1
aupa5a3l,apertus_no_lora_ln_bf16_layer10_seed42_lr3em4,finished,2026-03-16 01:21:44+00:00,apertus,ln_bf16,10,42,3e-4,bfloat16,layernorm,0.18207243084907532,train/longfact_test_llama/span_max_f1,0.6312663126631266,llama,span_max,f1
48kc2gt3,apertus_no_lora_ln_bf16_layer10_seed42_lr3em5,finished,2026-03-16 01:21:44+00:00,apertus,ln_bf16,10,42,3e-5,bfloat16,layernorm,0.942188560962677,train/longfact_test_llama/span_max_f1,0.05817484417452453,llama,span_max,f1
l92ugb0x,apertus_no_lora_ln_bf16_layer10_seed43_lr1em3,finished,2026-03-16 01:21:44+00:00,apertus,ln_bf16,10,43,1e-3,bfloat16,layernorm,0.2892049551010132,train/longfact_test_llama/span_max_f1,0.6441887431986442,llama,span_max,f1
ks445ju3,apertus_no_lora_ln_bf16_layer10_seed43_lr1em4,finished,2026-03-16 01:21:44+00:00,apertus,ln_bf16,10,43,1e-4,bfloat16,layernorm,0.26968491077423096,train/longfact_test_llama/span_max_f1,0.5771943573667712,llama,span_max,f1
v1whaixy,apertus_no_lora_ln_bf16_layer10_seed43_lr3em4,finished,2026-03-16 01:21:44+00:00,apertus,ln_bf16,10,43,3e-4,bfloat16,layernorm,0.26967474818229675,train/longfact_test_llama/span_max_f1,0.6218752904005204,llama,span_max,f1
yrz15txm,apertus_no_lora_ln_bf16_layer10_seed43_lr3em5,finished,2026-03-16 01:21:44+00:00,apertus,ln_bf16,10,43,3e-5,bfloat16,layernorm,0.35177040100097656,train/longfact_test_llama/span_max_f1,0.08286252354048965,llama,span_max,f1
yjo8ext8,apertus_no_lora_ln_bf16_layer10_seed44_lr1em3,finished,2026-03-16 01:21:45+00:00,apertus,ln_bf16,10,44,1e-3,bfloat16,layernorm,0.20609278976917267,train/longfact_test_llama/span_max_f1,0.6491228070175439,llama,span_max,f1
wjc71sg6,apertus_no_lora_ln_bf16_layer10_seed44_lr1em4,finished,2026-03-16 01:21:45+00:00,apertus,ln_bf16,10,44,1e-4,bfloat16,layernorm,0.3125472366809845,train/longfact_test_llama/span_max_f1,0.5690717551182668,llama,span_max,f1
dd2pwu6g,apertus_no_lora_ln_bf16_layer10_seed44_lr3em4,finished,2026-03-16 01:21:45+00:00,apertus,ln_bf16,10,44,3e-4,bfloat16,layernorm,0.289102166891098,train/longfact_test_llama/span_max_f1,0.6207408782842818,llama,span_max,f1
gk2y0cx9,apertus_no_lora_ln_bf16_layer10_seed44_lr3em5,finished,2026-03-16 01:21:45+00:00,apertus,ln_bf16,10,44,3e-5,bfloat16,layernorm,0.31844255328178406,train/longfact_test_llama/span_max_f1,0.05073859987154785,llama,span_max,f1
p3f6sakq,apertus_no_lora_ln_bf16_layer20_seed42_lr1em3,finished,2026-03-16 01:21:44+00:00,apertus,ln_bf16,20,42,1e-3,bfloat16,layernorm,0.11758887767791748,train/longfact_test_llama/span_max_f1,0.6624125874125875,llama,span_max,f1
2mbvnb3s,apertus_no_lora_ln_bf16_layer20_seed42_lr1em4,finished,2026-03-16 01:21:44+00:00,apertus,ln_bf16,20,42,1e-4,bfloat16,layernorm,0.5318654179573059,train/longfact_test_llama/span_max_f1,0.5774009071189115,llama,span_max,f1
pw74vso0,apertus_no_lora_ln_bf16_layer20_seed42_lr3em4,finished,2026-03-16 01:21:44+00:00,apertus,ln_bf16,20,42,3e-4,bfloat16,layernorm,0.2455830276012421,train/longfact_test_llama/span_max_f1,0.6417102651993505,llama,span_max,f1
lcc4r0ui,apertus_no_lora_ln_bf16_layer20_seed42_lr3em5,finished,2026-03-16 01:21:44+00:00,apertus,ln_bf16,20,42,3e-5,bfloat16,layernorm,0.8914243578910828,train/longfact_test_llama/span_max_f1,0.1913268981414782,llama,span_max,f1
ea20dmvq,apertus_no_lora_ln_bf16_layer20_seed43_lr1em3,finished,2026-03-16 01:21:44+00:00,apertus,ln_bf16,20,43,1e-3,bfloat16,layernorm,0.2716436982154846,train/longfact_test_llama/span_max_f1,0.6587781575948812,llama,span_max,f1
dq6d9cxj,apertus_no_lora_ln_bf16_layer20_seed43_lr1em4,finished,2026-03-16 01:21:44+00:00,apertus,ln_bf16,20,43,1e-4,bfloat16,layernorm,0.28726422786712646,train/longfact_test_llama/span_max_f1,0.5756617937574081,llama,span_max,f1
5rukn8sb,apertus_no_lora_ln_bf16_layer20_seed43_lr3em4,finished,2026-03-16 01:21:44+00:00,apertus,ln_bf16,20,43,3e-4,bfloat16,layernorm,0.279452383518219,train/longfact_test_llama/span_max_f1,0.6380020126246455,llama,span_max,f1
sg4y1aru,apertus_no_lora_ln_bf16_layer20_seed43_lr3em5,finished,2026-03-16 01:21:44+00:00,apertus,ln_bf16,20,43,3e-5,bfloat16,layernorm,0.383007675409317,train/longfact_test_llama/span_max_f1,0.18437047756874095,llama,span_max,f1
wjx8fs4d,apertus_no_lora_ln_bf16_layer20_seed44_lr1em3,finished,2026-03-16 01:21:44+00:00,apertus,ln_bf16,20,44,1e-3,bfloat16,layernorm,0.343784362077713,train/longfact_test_llama/span_max_f1,0.6648107872988256,llama,span_max,f1
ug8c0ane,apertus_no_lora_ln_bf16_layer20_seed44_lr1em4,finished,2026-03-16 01:21:44+00:00,apertus,ln_bf16,20,44,1e-4,bfloat16,layernorm,0.39652878046035767,train/longfact_test_llama/span_max_f1,0.5786721909835257,llama,span_max,f1
xy83pt3c,apertus_no_lora_ln_bf16_layer20_seed44_lr3em4,finished,2026-03-16 01:21:44+00:00,apertus,ln_bf16,20,44,3e-4,bfloat16,layernorm,0.4512102007865906,train/longfact_test_llama/span_max_f1,0.6399201234455841,llama,span_max,f1
mgy8s31x,apertus_no_lora_ln_bf16_layer20_seed44_lr3em5,finished,2026-03-16 01:21:44+00:00,apertus,ln_bf16,20,44,3e-5,bfloat16,layernorm,0.44538286328315735,train/longfact_test_llama/span_max_f1,0.1983637146548012,llama,span_max,f1
qbe29z5d,apertus_no_lora_ln_bf16_layer26_seed42_lr1em3,finished,2026-03-16 01:21:44+00:00,apertus,ln_bf16,26,42,1e-3,bfloat16,layernorm,0.1929110735654831,train/longfact_test_llama/span_max_f1,0.6397432468574485,llama,span_max,f1
nyzlam71,apertus_no_lora_ln_bf16_layer26_seed42_lr1em4,finished,2026-03-16 01:21:44+00:00,apertus,ln_bf16,26,42,1e-4,bfloat16,layernorm,0.5006973147392273,train/longfact_test_llama/span_max_f1,0.5531658291457286,llama,span_max,f1
p9he43x3,apertus_no_lora_ln_bf16_layer26_seed42_lr3em4,finished,2026-03-16 01:21:44+00:00,apertus,ln_bf16,26,42,3e-4,bfloat16,layernorm,0.27400892972946167,train/longfact_test_llama/span_max_f1,0.617370459155449,llama,span_max,f1
jap1923r,apertus_no_lora_ln_bf16_layer26_seed42_lr3em5,finished,2026-03-16 01:21:44+00:00,apertus,ln_bf16,26,42,3e-5,bfloat16,layernorm,0.9109970927238464,train/longfact_test_llama/span_max_f1,0.1778886118038238,llama,span_max,f1
kffm0190,apertus_no_lora_ln_bf16_layer26_seed43_lr1em3,finished,2026-03-16 01:21:44+00:00,apertus,ln_bf16,26,43,1e-3,bfloat16,layernorm,0.27165380120277405,train/longfact_test_llama/span_max_f1,0.6358058112254106,llama,span_max,f1
6nfiscpk,apertus_no_lora_ln_bf16_layer26_seed43_lr1em4,finished,2026-03-16 01:21:44+00:00,apertus,ln_bf16,26,43,1e-4,bfloat16,layernorm,0.29313549399375916,train/longfact_test_llama/span_max_f1,0.5534263068124812,llama,span_max,f1
livazl8t,apertus_no_lora_ln_bf16_layer26_seed43_lr3em4,finished,2026-03-16 01:21:44+00:00,apertus,ln_bf16,26,43,3e-4,bfloat16,layernorm,0.26969656348228455,train/longfact_test_llama/span_max_f1,0.6080613485457776,llama,span_max,f1
cs5p5dya,apertus_no_lora_ln_bf16_layer26_seed43_lr3em5,finished,2026-03-16 01:21:44+00:00,apertus,ln_bf16,26,43,3e-5,bfloat16,layernorm,0.3752008378505707,train/longfact_test_llama/span_max_f1,0.17901320361362058,llama,span_max,f1
m9z367ud,apertus_no_lora_ln_bf16_layer26_seed44_lr1em3,finished,2026-03-16 01:21:44+00:00,apertus,ln_bf16,26,44,1e-3,bfloat16,layernorm,0.44535091519355774,train/longfact_test_llama/span_max_f1,0.640276914884175,llama,span_max,f1
ycmihac6,apertus_no_lora_ln_bf16_layer26_seed44_lr1em4,finished,2026-03-16 01:21:44+00:00,apertus,ln_bf16,26,44,1e-4,bfloat16,layernorm,0.3027840852737427,train/longfact_test_llama/span_max_f1,0.5526051096358882,llama,span_max,f1
b7cu6by4,apertus_no_lora_ln_bf16_layer26_seed44_lr3em4,finished,2026-03-16 01:21:44+00:00,apertus,ln_bf16,26,44,3e-4,bfloat16,layernorm,0.33402493596076965,train/longfact_test_llama/span_max_f1,0.6120014908684308,llama,span_max,f1
82b66i5k,apertus_no_lora_ln_bf16_layer26_seed44_lr3em5,finished,2026-03-16 01:21:44+00:00,apertus,ln_bf16,26,44,3e-5,bfloat16,layernorm,0.3965613543987274,train/longfact_test_llama/span_max_f1,0.18433818433818433,llama,span_max,f1
7hvw78qp,apertus_no_lora_ln_bf16_layer30_seed42_lr1em3,finished,2026-03-16 01:21:44+00:00,apertus,ln_bf16,30,42,1e-3,bfloat16,layernorm,0.18903133273124695,train/longfact_test_llama/span_max_f1,0.6532119546547578,llama,span_max,f1
hq7zzpsr,apertus_no_lora_ln_bf16_layer30_seed42_lr1em4,finished,2026-03-16 01:21:44+00:00,apertus,ln_bf16,30,42,1e-4,bfloat16,layernorm,0.6139996647834778,train/longfact_test_llama/span_max_f1,0.5838055902410911,llama,span_max,f1
wehbf6bi,apertus_no_lora_ln_bf16_layer30_seed42_lr3em4,finished,2026-03-16 01:21:44+00:00,apertus,ln_bf16,30,42,3e-4,bfloat16,layernorm,0.2974618077278137,train/longfact_test_llama/span_max_f1,0.6322981366459627,llama,span_max,f1
inx8ca5d,apertus_no_lora_ln_bf16_layer30_seed42_lr3em5,finished,2026-03-16 01:21:44+00:00,apertus,ln_bf16,30,42,3e-5,bfloat16,layernorm,0.8954324722290039,train/longfact_test_llama/span_max_f1,0.31946880481082435,llama,span_max,f1
og90cgj0,apertus_no_lora_ln_bf16_layer30_seed43_lr1em3,finished,2026-03-16 01:21:44+00:00,apertus,ln_bf16,30,43,1e-3,bfloat16,layernorm,0.2775192856788635,train/longfact_test_llama/span_max_f1,0.6508999217459351,llama,span_max,f1
5cwasjvc,apertus_no_lora_ln_bf16_layer30_seed43_lr1em4,finished,2026-03-16 01:21:44+00:00,apertus,ln_bf16,30,43,1e-4,bfloat16,layernorm,0.2989921569824219,train/longfact_test_llama/span_max_f1,0.5828866768759571,llama,span_max,f1
7jkvxq48,apertus_no_lora_ln_bf16_layer30_seed43_lr3em4,finished,2026-03-16 01:21:44+00:00,apertus,ln_bf16,30,43,3e-4,bfloat16,layernorm,0.28141525387763977,train/longfact_test_llama/span_max_f1,0.628303418417967,llama,span_max,f1
74i6ukb7,apertus_no_lora_ln_bf16_layer30_seed43_lr3em5,finished,2026-03-16 01:21:44+00:00,apertus,ln_bf16,30,43,3e-5,bfloat16,layernorm,0.367383748292923,train/longfact_test_llama/span_max_f1,0.31809045226130656,llama,span_max,f1
4m7o0thq,apertus_no_lora_ln_bf16_layer30_seed44_lr1em3,finished,2026-03-16 01:21:44+00:00,apertus,ln_bf16,30,44,1e-3,bfloat16,layernorm,0.3379320204257965,train/longfact_test_llama/span_max_f1,0.6535269709543569,llama,span_max,f1
3huyrepp,apertus_no_lora_ln_bf16_layer30_seed44_lr1em4,finished,2026-03-16 01:21:44+00:00,apertus,ln_bf16,30,44,1e-4,bfloat16,layernorm,0.4082537889480591,train/longfact_test_llama/span_max_f1,0.5882017668851525,llama,span_max,f1
khqaa0hj,apertus_no_lora_ln_bf16_layer30_seed44_lr3em4,finished,2026-03-16 01:21:44+00:00,apertus,ln_bf16,30,44,3e-4,bfloat16,layernorm,0.3730915486812592,train/longfact_test_llama/span_max_f1,0.631918323481999,llama,span_max,f1
v97a1dax,apertus_no_lora_ln_bf16_layer30_seed44_lr3em5,finished,2026-03-16 01:21:44+00:00,apertus,ln_bf16,30,44,3e-5,bfloat16,layernorm,0.44148337841033936,train/longfact_test_llama/span_max_f1,0.3305600397367441,llama,span_max,f1
a1vhu02a,apertus_no_lora_ln_fp32_layer10_seed42_lr1em3,finished,2026-03-16 18:21:39+00:00,apertus,ln_fp32,10,42,1e-3,float32,layernorm,0.12267088890075684,train/longfact_test_llama/span_max_f1,0.6473660911907924,llama,span_max,f1
s5e7uzrk,apertus_no_lora_ln_fp32_layer10_seed42_lr1em4,finished,2026-03-16 18:21:39+00:00,apertus,ln_fp32,10,42,1e-4,float32,layernorm,0.2215098738670349,train/longfact_test_llama/span_max_f1,0.6170488165680473,llama,span_max,f1
a039mxlm,apertus_no_lora_ln_fp32_layer10_seed42_lr3em4,finished,2026-03-16 18:21:39+00:00,apertus,ln_fp32,10,42,3e-4,float32,layernorm,0.15673403441905975,train/longfact_test_llama/span_max_f1,0.6351640513552068,llama,span_max,f1
ur0fzre6,apertus_no_lora_ln_fp32_layer10_seed42_lr3em5,finished,2026-03-16 18:21:39+00:00,apertus,ln_fp32,10,42,3e-5,float32,layernorm,0.4890720844268799,train/longfact_test_llama/span_max_f1,0.5622740056247489,llama,span_max,f1
kyx3dh6x,apertus_no_lora_ln_fp32_layer10_seed43_lr1em3,finished,2026-03-16 18:21:39+00:00,apertus,ln_fp32,10,43,1e-3,float32,layernorm,0.2920945882797241,train/longfact_test_llama/span_max_f1,0.6493391288920429,llama,span_max,f1
anpnl7j5,apertus_no_lora_ln_fp32_layer10_seed43_lr1em4,finished,2026-03-16 18:21:39+00:00,apertus,ln_fp32,10,43,1e-4,float32,layernorm,0.26364782452583313,train/longfact_test_llama/span_max_f1,0.6105045180722891,llama,span_max,f1
mu08a37q,apertus_no_lora_ln_fp32_layer10_seed43_lr3em4,finished,2026-03-16 18:21:39+00:00,apertus,ln_fp32,10,43,3e-4,float32,layernorm,0.2802787125110626,train/longfact_test_llama/span_max_f1,0.6356407012470631,llama,span_max,f1
0q5lbh0o,apertus_no_lora_ln_fp32_layer10_seed43_lr3em5,finished,2026-03-16 18:21:39+00:00,apertus,ln_fp32,10,43,3e-5,float32,layernorm,0.27201464772224426,train/longfact_test_llama/span_max_f1,0.5577447711427705,llama,span_max,f1
b2incihb,apertus_no_lora_ln_fp32_layer10_seed44_lr1em3,finished,2026-03-16 18:21:39+00:00,apertus,ln_fp32,10,44,1e-3,float32,layernorm,0.19783645868301392,train/longfact_test_llama/span_max_f1,0.656222953089839,llama,span_max,f1
9s2c6c1h,apertus_no_lora_ln_fp32_layer10_seed44_lr1em4,finished,2026-03-16 18:21:39+00:00,apertus,ln_fp32,10,44,1e-4,float32,layernorm,0.32758116722106934,train/longfact_test_llama/span_max_f1,0.6127135256230748,llama,span_max,f1
u1cqzubx,apertus_no_lora_ln_fp32_layer10_seed44_lr3em4,finished,2026-03-16 18:21:39+00:00,apertus,ln_fp32,10,44,3e-4,float32,layernorm,0.2790237069129944,train/longfact_test_llama/span_max_f1,0.6410939442372581,llama,span_max,f1
jd8rl3y0,apertus_no_lora_ln_fp32_layer10_seed44_lr3em5,finished,2026-03-16 18:21:39+00:00,apertus,ln_fp32,10,44,3e-5,float32,layernorm,0.29283058643341064,train/longfact_test_llama/span_max_f1,0.5567676767676768,llama,span_max,f1
tvxgxlk0,apertus_no_lora_ln_fp32_layer20_seed42_lr1em3,finished,2026-03-16 18:21:39+00:00,apertus,ln_fp32,20,42,1e-3,float32,layernorm,0.11203589290380478,train/longfact_test_llama/span_max_f1,0.6648860398860399,llama,span_max,f1
szjyc7rq,apertus_no_lora_ln_fp32_layer20_seed42_lr1em4,finished,2026-03-16 18:21:39+00:00,apertus,ln_fp32,20,42,1e-4,float32,layernorm,0.3388446271419525,train/longfact_test_llama/span_max_f1,0.6204081632653061,llama,span_max,f1
j1ydn4mi,apertus_no_lora_ln_fp32_layer20_seed42_lr3em4,finished,2026-03-16 18:21:39+00:00,apertus,ln_fp32,20,42,3e-4,float32,layernorm,0.18392929434776303,train/longfact_test_llama/span_max_f1,0.6512001427679129,llama,span_max,f1
mru621ko,apertus_no_lora_ln_fp32_layer20_seed42_lr3em5,finished,2026-03-16 18:21:39+00:00,apertus,ln_fp32,20,42,3e-5,float32,layernorm,0.6155123114585876,train/longfact_test_llama/span_max_f1,0.5487519103413143,llama,span_max,f1
cuinxn0m,apertus_no_lora_ln_fp32_layer20_seed43_lr1em3,finished,2026-03-16 18:21:39+00:00,apertus,ln_fp32,20,43,1e-3,float32,layernorm,0.2761920690536499,train/longfact_test_llama/span_max_f1,0.6598824458285815,llama,span_max,f1
gfuz02ro,apertus_no_lora_ln_fp32_layer20_seed43_lr1em4,finished,2026-03-16 18:21:39+00:00,apertus,ln_fp32,20,43,1e-4,float32,layernorm,0.28859972953796387,train/longfact_test_llama/span_max_f1,0.6158884626181342,llama,span_max,f1
bydlptvs,apertus_no_lora_ln_fp32_layer20_seed43_lr3em4,finished,2026-03-16 18:21:39+00:00,apertus,ln_fp32,20,43,3e-4,float32,layernorm,0.27679380774497986,train/longfact_test_llama/span_max_f1,0.6506240459728831,llama,span_max,f1
5a8w5arg,apertus_no_lora_ln_fp32_layer20_seed43_lr3em5,finished,2026-03-16 18:21:39+00:00,apertus,ln_fp32,20,43,3e-5,float32,layernorm,0.30041441321372986,train/longfact_test_llama/span_max_f1,0.5491677728990095,llama,span_max,f1
3wystufk,apertus_no_lora_ln_fp32_layer20_seed44_lr1em3,finished,2026-03-16 18:21:39+00:00,apertus,ln_fp32,20,44,1e-3,float32,layernorm,0.37859293818473816,train/longfact_test_llama/span_max_f1,0.6682642930503252,llama,span_max,f1
ipm80jlq,apertus_no_lora_ln_fp32_layer20_seed44_lr1em4,finished,2026-03-16 18:21:39+00:00,apertus,ln_fp32,20,44,1e-4,float32,layernorm,0.39040952920913696,train/longfact_test_llama/span_max_f1,0.6200630446875579,llama,span_max,f1
28tm3neg,apertus_no_lora_ln_fp32_layer20_seed44_lr3em4,finished,2026-03-16 18:21:39+00:00,apertus,ln_fp32,20,44,3e-4,float32,layernorm,0.4330550134181976,train/longfact_test_llama/span_max_f1,0.6559830941269702,llama,span_max,f1
zoq512xp,apertus_no_lora_ln_fp32_layer20_seed44_lr3em5,finished,2026-03-16 18:21:39+00:00,apertus,ln_fp32,20,44,3e-5,float32,layernorm,0.37936899065971375,train/longfact_test_llama/span_max_f1,0.5488637521654948,llama,span_max,f1
8hrkgqv3,apertus_no_lora_ln_fp32_layer26_seed42_lr1em3,finished,2026-03-16 18:21:39+00:00,apertus,ln_fp32,26,42,1e-3,float32,layernorm,0.17951826751232147,train/longfact_test_llama/span_max_f1,0.6402472277767679,llama,span_max,f1
rlqcb2g4,apertus_no_lora_ln_fp32_layer26_seed42_lr1em4,finished,2026-03-16 18:21:39+00:00,apertus,ln_fp32,26,42,1e-4,float32,layernorm,0.3578282594680786,train/longfact_test_llama/span_max_f1,0.5925078638833285,llama,span_max,f1
r2wu0aof,apertus_no_lora_ln_fp32_layer26_seed42_lr3em4,finished,2026-03-16 18:21:39+00:00,apertus,ln_fp32,26,42,3e-4,float32,layernorm,0.24504521489143372,train/longfact_test_llama/span_max_f1,0.6284257488846399,llama,span_max,f1
okj43cej,apertus_no_lora_ln_fp32_layer26_seed42_lr3em5,finished,2026-03-16 18:21:39+00:00,apertus,ln_fp32,26,42,3e-5,float32,layernorm,0.6153150200843811,train/longfact_test_llama/span_max_f1,0.5223490003140375,llama,span_max,f1
44fifewm,apertus_no_lora_ln_fp32_layer26_seed43_lr1em3,finished,2026-03-16 18:21:39+00:00,apertus,ln_fp32,26,43,1e-3,float32,layernorm,0.26287174224853516,train/longfact_test_llama/span_max_f1,0.6419487730610782,llama,span_max,f1
cfgw5o62,apertus_no_lora_ln_fp32_layer26_seed43_lr1em4,finished,2026-03-16 18:21:39+00:00,apertus,ln_fp32,26,43,1e-4,float32,layernorm,0.27609291672706604,train/longfact_test_llama/span_max_f1,0.5904597370189077,llama,span_max,f1
5yjm6w2c,apertus_no_lora_ln_fp32_layer26_seed43_lr3em4,finished,2026-03-16 18:21:39+00:00,apertus,ln_fp32,26,43,3e-4,float32,layernorm,0.268221378326416,train/longfact_test_llama/span_max_f1,0.6211009174311927,llama,span_max,f1
bj0fbt17,apertus_no_lora_ln_fp32_layer26_seed43_lr3em5,finished,2026-03-16 18:21:39+00:00,apertus,ln_fp32,26,43,3e-5,float32,layernorm,0.28795114159584045,train/longfact_test_llama/span_max_f1,0.5231316725978647,llama,span_max,f1
thtwlsce,apertus_no_lora_ln_fp32_layer26_seed44_lr1em3,finished,2026-03-16 18:21:39+00:00,apertus,ln_fp32,26,44,1e-3,float32,layernorm,0.4517517387866974,train/longfact_test_llama/span_max_f1,0.6485873735612138,llama,span_max,f1
a2rdvxyc,apertus_no_lora_ln_fp32_layer26_seed44_lr1em4,finished,2026-03-16 18:21:39+00:00,apertus,ln_fp32,26,44,1e-4,float32,layernorm,0.28372296690940857,train/longfact_test_llama/span_max_f1,0.5946203739030904,llama,span_max,f1
veq9b7kw,apertus_no_lora_ln_fp32_layer26_seed44_lr3em4,finished,2026-03-16 18:21:39+00:00,apertus,ln_fp32,26,44,3e-4,float32,layernorm,0.37059929966926575,train/longfact_test_llama/span_max_f1,0.6287885641907175,llama,span_max,f1
5aqux06m,apertus_no_lora_ln_fp32_layer26_seed44_lr3em5,finished,2026-03-16 18:21:39+00:00,apertus,ln_fp32,26,44,3e-5,float32,layernorm,0.3035992383956909,train/longfact_test_llama/span_max_f1,0.5243774848294622,llama,span_max,f1
qg1y3gso,apertus_no_lora_ln_fp32_layer30_seed42_lr1em3,finished,2026-03-16 18:21:39+00:00,apertus,ln_fp32,30,42,1e-3,float32,layernorm,0.1903767287731171,train/longfact_test_llama/span_max_f1,0.6512815995772042,llama,span_max,f1
r9e2fhqm,apertus_no_lora_ln_fp32_layer30_seed42_lr1em4,finished,2026-03-16 18:21:39+00:00,apertus,ln_fp32,30,42,1e-4,float32,layernorm,0.38982802629470825,train/longfact_test_llama/span_max_f1,0.6131279794646132,llama,span_max,f1
e24v1w1s,apertus_no_lora_ln_fp32_layer30_seed42_lr3em4,finished,2026-03-16 18:21:39+00:00,apertus,ln_fp32,30,42,3e-4,float32,layernorm,0.2570212781429291,train/longfact_test_llama/span_max_f1,0.6405542232880362,llama,span_max,f1
jtcznw8g,apertus_no_lora_ln_fp32_layer30_seed42_lr3em5,finished,2026-03-16 18:21:39+00:00,apertus,ln_fp32,30,42,3e-5,float32,layernorm,0.6943867206573486,train/longfact_test_llama/span_max_f1,0.5682620635543351,llama,span_max,f1
v3qqa12o,apertus_no_lora_ln_fp32_layer30_seed43_lr1em3,finished,2026-03-16 18:21:39+00:00,apertus,ln_fp32,30,43,1e-3,float32,layernorm,0.2808498740196228,train/longfact_test_llama/span_max_f1,0.6559213928632994,llama,span_max,f1
lgm2cr72,apertus_no_lora_ln_fp32_layer30_seed43_lr1em4,finished,2026-03-16 18:21:39+00:00,apertus,ln_fp32,30,43,1e-4,float32,layernorm,0.2797033190727234,train/longfact_test_llama/span_max_f1,0.611840888066605,llama,span_max,f1
f873k60o,apertus_no_lora_ln_fp32_layer30_seed43_lr3em4,finished,2026-03-16 18:21:39+00:00,apertus,ln_fp32,30,43,3e-4,float32,layernorm,0.28264516592025757,train/longfact_test_llama/span_max_f1,0.6444209039548022,llama,span_max,f1
ybsg28sj,apertus_no_lora_ln_fp32_layer30_seed43_lr3em5,finished,2026-03-16 18:21:39+00:00,apertus,ln_fp32,30,43,3e-5,float32,layernorm,0.30628159642219543,train/longfact_test_llama/span_max_f1,0.568127962085308,llama,span_max,f1
kn811t36,apertus_no_lora_ln_fp32_layer30_seed44_lr1em3,finished,2026-03-16 18:21:39+00:00,apertus,ln_fp32,30,44,1e-3,float32,layernorm,0.3007677495479584,train/longfact_test_llama/span_max_f1,0.6580898014824913,llama,span_max,f1
wf8rodcd,apertus_no_lora_ln_fp32_layer30_seed44_lr1em4,finished,2026-03-16 18:21:39+00:00,apertus,ln_fp32,30,44,1e-4,float32,layernorm,0.3687911331653595,train/longfact_test_llama/span_max_f1,0.6177972283005105,llama,span_max,f1
524a5l0b,apertus_no_lora_ln_fp32_layer30_seed44_lr3em4,finished,2026-03-16 18:21:39+00:00,apertus,ln_fp32,30,44,3e-4,float32,layernorm,0.3833605647087097,train/longfact_test_llama/span_max_f1,0.6445124617402711,llama,span_max,f1
m6zpszut,apertus_no_lora_ln_fp32_layer30_seed44_lr3em5,finished,2026-03-16 18:21:39+00:00,apertus,ln_fp32,30,44,3e-5,float32,layernorm,0.4072107970714569,train/longfact_test_llama/span_max_f1,0.5691343517430474,llama,span_max,f1
2msk68xv,apertus_no_lora_long_form_layer10_seed42,finished,2026-03-02 14:54:28+00:00,apertus,apertus_layers,10,42,,bfloat16,none,0.1188635155558586,train/longfact_test_llama/span_max_recall_at_0.1_fpr,0.5969430137896661,llama,span_max,recall_at_0.1_fpr
ennpfi5c,apertus_no_lora_long_form_layer10_seed43,finished,2026-03-02 14:55:28+00:00,apertus,apertus_layers,10,43,,bfloat16,none,0.2892115116119385,train/longfact_test_llama/span_max_recall_at_0.1_fpr,0.6012626682173119,llama,span_max,recall_at_0.1_fpr
ckfvtpqq,apertus_no_lora_long_form_layer10_seed44,finished,2026-03-02 14:55:28+00:00,apertus,apertus_layers,10,44,,bfloat16,none,0.14164792001247406,train/longfact_test_llama/span_max_recall_at_0.1_fpr,0.6050839009802292,llama,span_max,recall_at_0.1_fpr
5w54hojz,apertus_no_lora_long_form_layer20_seed42,finished,2026-03-02 14:56:24+00:00,apertus,apertus_layers,20,42,,bfloat16,none,0.002515794476494193,train/longfact_test_llama/span_max_recall_at_0.1_fpr,0.5658747300215983,llama,span_max,recall_at_0.1_fpr
h3qhm4bp,apertus_no_lora_long_form_layer20_seed43,finished,2026-03-02 14:56:24+00:00,apertus,apertus_layers,20,43,,bfloat16,none,0.4361111521720886,train/longfact_test_llama/span_max_recall_at_0.1_fpr,0.5731849144376142,llama,span_max,recall_at_0.1_fpr
1sb6t3rt,apertus_no_lora_long_form_layer20_seed44,finished,2026-03-02 14:56:24+00:00,apertus,apertus_layers,20,44,,bfloat16,none,0.9805268049240112,train/longfact_test_llama/span_max_recall_at_0.1_fpr,0.5590629672703107,llama,span_max,recall_at_0.1_fpr
fjxaywoo,apertus_no_lora_long_form_layer26_seed42,finished,2026-03-02 14:56:59+00:00,apertus,apertus_layers,26,42,,bfloat16,none,0.022064460441470143,train/longfact_test_llama/span_max_recall_at_0.1_fpr,0.0,llama,span_max,recall_at_0.1_fpr
fc3llcx0,apertus_no_lora_long_form_layer26_seed43,finished,2026-03-02 14:58:28+00:00,apertus,apertus_layers,26,43,,bfloat16,none,4.096796035766602,train/longfact_test_llama/span_max_recall_at_0.1_fpr,0.0,llama,span_max,recall_at_0.1_fpr
gtn6g9ne,apertus_no_lora_long_form_layer26_seed44,finished,2026-03-02 14:58:28+00:00,apertus,apertus_layers,26,44,,bfloat16,none,0.0003512128023430705,train/longfact_test_llama/span_max_recall_at_0.1_fpr,0.0,llama,span_max,recall_at_0.1_fpr
pk12wkry,apertus_no_lora_long_form_layer30_seed42,finished,2026-03-02 14:58:28+00:00,apertus,apertus_layers,30,42,,bfloat16,none,82.0517578125,train/longfact_test_llama/span_max_recall_at_0.1_fpr,0.0034889516530985216,llama,span_max,recall_at_0.1_fpr
vhvivjkc,apertus_no_lora_long_form_layer30_seed43,finished,2026-03-02 14:58:28+00:00,apertus,apertus_layers,30,43,,bfloat16,none,10.69191074371338,train/longfact_test_llama/span_max_recall_at_0.1_fpr,0.0,llama,span_max,recall_at_0.1_fpr
agskbmvs,apertus_no_lora_long_form_layer30_seed44,finished,2026-03-02 14:58:28+00:00,apertus,apertus_layers,30,44,,bfloat16,none,0.0001453680742997676,train/longfact_test_llama/span_max_recall_at_0.1_fpr,0.0,llama,span_max,recall_at_0.1_fpr
o5fobkxj,apertus_no_lora_bf16_only_layer10_seed42_lr1em3,finished,2026-03-16 01:21:45+00:00,apertus,bf16_only,10,42,1e-3,bfloat16,none,0.1060740053653717,train/longfact_test_llama/span_max_recall_at_0.1_fpr,0.5956138893503904,llama,span_max,recall_at_0.1_fpr
ngsqu3i1,apertus_no_lora_bf16_only_layer10_seed42_lr1em4,finished,2026-03-16 01:21:45+00:00,apertus,bf16_only,10,42,1e-4,bfloat16,none,0.11451046913862228,train/longfact_test_llama/span_max_recall_at_0.1_fpr,0.5339757434789832,llama,span_max,recall_at_0.1_fpr
5xzqhvy4,apertus_no_lora_bf16_only_layer10_seed42_lr3em4,finished,2026-03-16 01:21:45+00:00,apertus,bf16_only,10,42,3e-4,bfloat16,none,0.11626026779413225,train/longfact_test_llama/span_max_recall_at_0.1_fpr,0.5972752948994849,llama,span_max,recall_at_0.1_fpr
83kur7ka,apertus_no_lora_bf16_only_layer10_seed42_lr3em5,finished,2026-03-16 01:21:45+00:00,apertus,bf16_only,10,42,3e-5,bfloat16,none,0.4366786777973175,train/longfact_test_llama/span_max_recall_at_0.1_fpr,0.3784681840837349,llama,span_max,recall_at_0.1_fpr
j9k3f0jm,apertus_no_lora_bf16_only_layer10_seed43_lr1em3,finished,2026-03-16 01:21:44+00:00,apertus,bf16_only,10,43,1e-3,bfloat16,none,0.3009301424026489,train/longfact_test_llama/span_max_recall_at_0.1_fpr,0.6074098687489616,llama,span_max,recall_at_0.1_fpr
ougxjsfh,apertus_no_lora_bf16_only_layer10_seed43_lr1em4,finished,2026-03-16 01:21:44+00:00,apertus,bf16_only,10,43,1e-4,bfloat16,none,0.27749955654144287,train/longfact_test_llama/span_max_recall_at_0.1_fpr,0.5230104668549593,llama,span_max,recall_at_0.1_fpr
21sy8y12,apertus_no_lora_bf16_only_layer10_seed43_lr3em4,finished,2026-03-16 01:21:44+00:00,apertus,bf16_only,10,43,3e-4,bfloat16,none,0.2755349278450012,train/longfact_test_llama/span_max_recall_at_0.1_fpr,0.5873068616049177,llama,span_max,recall_at_0.1_fpr
t26a4uwp,apertus_no_lora_bf16_only_layer10_seed43_lr3em5,finished,2026-03-16 01:21:44+00:00,apertus,bf16_only,10,43,3e-5,bfloat16,none,0.3126707673072815,train/longfact_test_llama/span_max_recall_at_0.1_fpr,0.37597607576009306,llama,span_max,recall_at_0.1_fpr
p9n6ul1e,apertus_no_lora_bf16_only_layer10_seed44_lr1em3,finished,2026-03-16 01:21:44+00:00,apertus,bf16_only,10,44,1e-3,bfloat16,none,0.15629735589027405,train/longfact_test_llama/span_max_recall_at_0.1_fpr,0.6054161820900482,llama,span_max,recall_at_0.1_fpr
feljklm1,apertus_no_lora_bf16_only_layer10_seed44_lr1em4,finished,2026-03-16 01:21:44+00:00,apertus,bf16_only,10,44,1e-4,bfloat16,none,0.593794047832489,train/longfact_test_llama/span_max_recall_at_0.1_fpr,0.5263332779531483,llama,span_max,recall_at_0.1_fpr
lfafy2oe,apertus_no_lora_bf16_only_layer10_seed44_lr3em4,finished,2026-03-16 01:21:44+00:00,apertus,bf16_only,10,44,3e-4,bfloat16,none,0.2656649947166443,train/longfact_test_llama/span_max_recall_at_0.1_fpr,0.5957800299052999,llama,span_max,recall_at_0.1_fpr
r3oezlrl,apertus_no_lora_bf16_only_layer10_seed44_lr3em5,finished,2026-03-16 01:21:44+00:00,apertus,bf16_only,10,44,3e-5,bfloat16,none,0.7305357456207275,train/longfact_test_llama/span_max_recall_at_0.1_fpr,0.3849476657252035,llama,span_max,recall_at_0.1_fpr
uw94ef5i,apertus_no_lora_bf16_only_layer20_seed42_lr1em3,finished,2026-03-16 01:21:44+00:00,apertus,bf16_only,20,42,1e-3,bfloat16,none,0.006061427295207977,train/longfact_test_llama/span_max_recall_at_0.1_fpr,0.5638810433626849,llama,span_max,recall_at_0.1_fpr
ymsrn4r6,apertus_no_lora_bf16_only_layer20_seed42_lr1em4,finished,2026-03-16 01:21:44+00:00,apertus,bf16_only,20,42,1e-4,bfloat16,none,0.04400371387600899,train/longfact_test_llama/span_max_recall_at_0.1_fpr,0.0,llama,span_max,recall_at_0.1_fpr
uy0gdnv4,apertus_no_lora_bf16_only_layer20_seed42_lr3em4,finished,2026-03-16 01:21:44+00:00,apertus,bf16_only,20,42,3e-4,bfloat16,none,0.00907330308109522,train/longfact_test_llama/span_max_recall_at_0.1_fpr,0.5637149028077754,llama,span_max,recall_at_0.1_fpr
fu81gp5i,apertus_no_lora_bf16_only_layer20_seed42_lr3em5,finished,2026-03-16 01:21:44+00:00,apertus,bf16_only,20,42,3e-5,bfloat16,none,2.1262459754943848,train/longfact_test_llama/span_max_recall_at_0.1_fpr,0.0,llama,span_max,recall_at_0.1_fpr
2g6rw2bt,apertus_no_lora_bf16_only_layer20_seed43_lr1em3,finished,2026-03-16 01:21:44+00:00,apertus,bf16_only,20,43,1e-3,bfloat16,none,0.5826413631439209,train/longfact_test_llama/span_max_recall_at_0.1_fpr,0.5788336933045356,llama,span_max,recall_at_0.1_fpr
7ynpw2cn,apertus_no_lora_bf16_only_layer20_seed43_lr1em4,finished,2026-03-16 01:21:44+00:00,apertus,bf16_only,20,43,1e-4,bfloat16,none,1.368619084358215,train/longfact_test_llama/span_max_recall_at_0.1_fpr,0.0,llama,span_max,recall_at_0.1_fpr
900ivg46,apertus_no_lora_bf16_only_layer20_seed43_lr3em4,finished,2026-03-16 01:21:44+00:00,apertus,bf16_only,20,43,3e-4,bfloat16,none,0.40857547521591187,train/longfact_test_llama/span_max_recall_at_0.1_fpr,0.577172287755441,llama,span_max,recall_at_0.1_fpr
qo5cb98m,apertus_no_lora_bf16_only_layer20_seed43_lr3em5,finished,2026-03-16 01:21:44+00:00,apertus,bf16_only,20,43,3e-5,bfloat16,none,6.096769332885742,train/longfact_test_llama/span_max_recall_at_0.1_fpr,0.0,llama,span_max,recall_at_0.1_fpr
99kvtmj8,apertus_no_lora_bf16_only_layer20_seed44_lr1em3,finished,2026-03-16 01:21:44+00:00,apertus,bf16_only,20,44,1e-3,bfloat16,none,0.13294142484664917,train/longfact_test_llama/span_max_recall_at_0.1_fpr,0.5637149028077754,llama,span_max,recall_at_0.1_fpr
g1itgrow,apertus_no_lora_bf16_only_layer20_seed44_lr1em4,finished,2026-03-16 01:21:44+00:00,apertus,bf16_only,20,44,1e-4,bfloat16,none,4.639030521502718e-05,train/longfact_test_llama/span_max_recall_at_0.1_fpr,0.0,llama,span_max,recall_at_0.1_fpr
vuc2g8id,apertus_no_lora_bf16_only_layer20_seed44_lr3em4,finished,2026-03-16 01:21:44+00:00,apertus,bf16_only,20,44,3e-4,bfloat16,none,0.2754364609718323,train/longfact_test_llama/span_max_recall_at_0.1_fpr,0.5630503405881375,llama,span_max,recall_at_0.1_fpr
v52uwh1g,apertus_no_lora_bf16_only_layer20_seed44_lr3em5,finished,2026-03-16 01:21:44+00:00,apertus,bf16_only,20,44,3e-5,bfloat16,none,23.12533187866211,train/longfact_test_llama/span_max_recall_at_0.1_fpr,0.0,llama,span_max,recall_at_0.1_fpr
vz5jn274,apertus_no_lora_bf16_only_layer26_seed42_lr1em3,finished,2026-03-16 01:21:44+00:00,apertus,bf16_only,26,42,1e-3,bfloat16,none,0.023973966017365456,train/longfact_test_llama/span_max_recall_at_0.1_fpr,0.0,llama,span_max,recall_at_0.1_fpr
4drsxr5u,apertus_no_lora_bf16_only_layer26_seed42_lr1em4,finished,2026-03-16 01:21:44+00:00,apertus,bf16_only,26,42,1e-4,bfloat16,none,0.023594362661242485,train/longfact_test_llama/span_max_recall_at_0.1_fpr,0.0,llama,span_max,recall_at_0.1_fpr
1crms08u,apertus_no_lora_bf16_only_layer26_seed42_lr3em4,finished,2026-03-16 01:21:44+00:00,apertus,bf16_only,26,42,3e-4,bfloat16,none,0.006822563707828522,train/longfact_test_llama/span_max_recall_at_0.1_fpr,0.5233427479647782,llama,span_max,recall_at_0.1_fpr
cq95ctu3,apertus_no_lora_bf16_only_layer26_seed42_lr3em5,finished,2026-03-16 01:21:44+00:00,apertus,bf16_only,26,42,3e-5,bfloat16,none,0.9924049973487854,train/longfact_test_llama/span_max_recall_at_0.1_fpr,0.0,llama,span_max,recall_at_0.1_fpr
q08ckrfy,apertus_no_lora_bf16_only_layer26_seed43_lr1em3,finished,2026-03-16 01:21:45+00:00,apertus,bf16_only,26,43,1e-3,bfloat16,none,4.096848487854004,train/longfact_test_llama/span_max_recall_at_0.1_fpr,0.0,llama,span_max,recall_at_0.1_fpr
hirctdjt,apertus_no_lora_bf16_only_layer26_seed43_lr1em4,finished,2026-03-16 01:21:45+00:00,apertus,bf16_only,26,43,1e-4,bfloat16,none,4.878128528594971,train/longfact_test_llama/span_max_recall_at_0.1_fpr,0.0,llama,span_max,recall_at_0.1_fpr
psn29j9n,apertus_no_lora_bf16_only_layer26_seed43_lr3em4,finished,2026-03-16 01:21:45+00:00,apertus,bf16_only,26,43,3e-4,bfloat16,none,1.7208261489868164,train/longfact_test_llama/span_max_recall_at_0.1_fpr,0.4894500747632497,llama,span_max,recall_at_0.1_fpr
lx8g6b8s,apertus_no_lora_bf16_only_layer26_seed43_lr3em5,finished,2026-03-16 01:21:45+00:00,apertus,bf16_only,26,43,3e-5,bfloat16,none,12.94149684906006,train/longfact_test_llama/span_max_recall_at_0.1_fpr,0.0,llama,span_max,recall_at_0.1_fpr
wixkxx9v,apertus_no_lora_bf16_only_layer26_seed44_lr1em3,finished,2026-03-16 01:21:44+00:00,apertus,bf16_only,26,44,1e-3,bfloat16,none,10.250615119934082,train/longfact_test_llama/span_max_recall_at_0.1_fpr,0.0,llama,span_max,recall_at_0.1_fpr
2r4mqan8,apertus_no_lora_bf16_only_layer26_seed44_lr1em4,finished,2026-03-16 01:21:44+00:00,apertus,bf16_only,26,44,1e-4,bfloat16,none,0.0004059617640450597,train/longfact_test_llama/span_max_recall_at_0.1_fpr,0.0,llama,span_max,recall_at_0.1_fpr
v3h0pfq3,apertus_no_lora_bf16_only_layer26_seed44_lr3em4,finished,2026-03-16 01:21:44+00:00,apertus,bf16_only,26,44,3e-4,bfloat16,none,0.3673836886882782,train/longfact_test_llama/span_max_recall_at_0.1_fpr,0.504236584150191,llama,span_max,recall_at_0.1_fpr
muqajhqb,apertus_no_lora_bf16_only_layer26_seed44_lr3em5,finished,2026-03-16 01:21:44+00:00,apertus,bf16_only,26,44,3e-5,bfloat16,none,7.75074577331543,train/longfact_test_llama/span_max_recall_at_0.1_fpr,0.0,llama,span_max,recall_at_0.1_fpr
imd2hxzj,apertus_no_lora_bf16_only_layer30_seed42_lr1em3,finished,2026-03-16 01:21:44+00:00,apertus,bf16_only,30,42,1e-3,bfloat16,none,82.0517578125,train/longfact_test_llama/span_max_recall_at_0.1_fpr,0.0,llama,span_max,recall_at_0.1_fpr
g9535ebe,apertus_no_lora_bf16_only_layer30_seed42_lr1em4,finished,2026-03-16 01:21:44+00:00,apertus,bf16_only,30,42,1e-4,bfloat16,none,0.033634547144174576,train/longfact_test_llama/span_max_recall_at_0.1_fpr,0.0,llama,span_max,recall_at_0.1_fpr
j9yucacb,apertus_no_lora_bf16_only_layer30_seed42_lr3em4,finished,2026-03-16 01:21:44+00:00,apertus,bf16_only,30,42,3e-4,bfloat16,none,0.025012411177158356,train/longfact_test_llama/span_max_recall_at_0.1_fpr,0.0,llama,span_max,recall_at_0.1_fpr
4bo3xdzv,apertus_no_lora_bf16_only_layer30_seed42_lr3em5,finished,2026-03-16 01:21:44+00:00,apertus,bf16_only,30,42,3e-5,bfloat16,none,33.04824447631836,train/longfact_test_llama/span_max_recall_at_0.1_fpr,0.0,llama,span_max,recall_at_0.1_fpr
a55rsp1p,apertus_no_lora_bf16_only_layer30_seed43_lr1em3,finished,2026-03-16 01:21:45+00:00,apertus,bf16_only,30,43,1e-3,bfloat16,none,9.379252433776855,train/longfact_test_llama/span_max_recall_at_0.1_fpr,0.0,llama,span_max,recall_at_0.1_fpr
5uzjpj1x,apertus_no_lora_bf16_only_layer30_seed43_lr1em4,finished,2026-03-16 01:21:45+00:00,apertus,bf16_only,30,43,1e-4,bfloat16,none,6.222002029418945,train/longfact_test_llama/span_max_recall_at_0.1_fpr,0.0,llama,span_max,recall_at_0.1_fpr
fctlmblr,apertus_no_lora_bf16_only_layer30_seed43_lr3em4,finished,2026-03-16 01:21:45+00:00,apertus,bf16_only,30,43,3e-4,bfloat16,none,5.815634250640869,train/longfact_test_llama/span_max_recall_at_0.1_fpr,0.0,llama,span_max,recall_at_0.1_fpr
580vhzgn,apertus_no_lora_bf16_only_layer30_seed43_lr3em5,finished,2026-03-16 01:21:45+00:00,apertus,bf16_only,30,43,3e-5,bfloat16,none,10.316194534301758,train/longfact_test_llama/span_max_recall_at_0.1_fpr,0.0,llama,span_max,recall_at_0.1_fpr
uns2a6j2,apertus_no_lora_bf16_only_layer30_seed44_lr1em3,finished,2026-03-16 01:21:44+00:00,apertus,bf16_only,30,44,1e-3,bfloat16,none,0.0,train/longfact_test_llama/span_max_recall_at_0.1_fpr,0.0001661405549094534,llama,span_max,recall_at_0.1_fpr
m97ar22y,apertus_no_lora_bf16_only_layer30_seed44_lr1em4,finished,2026-03-16 01:21:44+00:00,apertus,bf16_only,30,44,1e-4,bfloat16,none,10.063371658325195,train/longfact_test_llama/span_max_recall_at_0.1_fpr,0.0,llama,span_max,recall_at_0.1_fpr
hr0vmzt0,apertus_no_lora_bf16_only_layer30_seed44_lr3em4,finished,2026-03-16 01:21:44+00:00,apertus,bf16_only,30,44,3e-4,bfloat16,none,6.532261848449707,train/longfact_test_llama/span_max_recall_at_0.1_fpr,0.0,llama,span_max,recall_at_0.1_fpr
w644eh9h,apertus_no_lora_bf16_only_layer30_seed44_lr3em5,finished,2026-03-16 01:21:44+00:00,apertus,bf16_only,30,44,3e-5,bfloat16,none,33.25065612792969,train/longfact_test_llama/span_max_recall_at_0.1_fpr,0.0,llama,span_max,recall_at_0.1_fpr
3618z7cg,apertus_no_lora_fp32_only_layer10_seed42_lr1em3,finished,2026-03-16 18:21:39+00:00,apertus,fp32_only,10,42,1e-3,float32,none,0.11816876381635666,train/longfact_test_llama/span_max_recall_at_0.1_fpr,0.5982721382289417,llama,span_max,recall_at_0.1_fpr
mhg0ycoh,apertus_no_lora_fp32_only_layer10_seed42_lr1em4,finished,2026-03-16 18:21:39+00:00,apertus,fp32_only,10,42,1e-4,float32,none,0.1332954168319702,train/longfact_test_llama/span_max_recall_at_0.1_fpr,0.5718557899983386,llama,span_max,recall_at_0.1_fpr
b71ik25s,apertus_no_lora_fp32_only_layer10_seed42_lr3em4,finished,2026-03-16 18:21:39+00:00,apertus,fp32_only,10,42,3e-4,float32,none,0.1127048209309578,train/longfact_test_llama/span_max_recall_at_0.1_fpr,0.6040870576507725,llama,span_max,recall_at_0.1_fpr
8hl54mqx,apertus_no_lora_fp32_only_layer10_seed42_lr3em5,finished,2026-03-16 18:21:39+00:00,apertus,fp32_only,10,42,3e-5,float32,none,0.15368859469890594,train/longfact_test_llama/span_max_recall_at_0.1_fpr,0.5198537963116797,llama,span_max,recall_at_0.1_fpr
x3sqior5,apertus_no_lora_fp32_only_layer10_seed43_lr1em3,finished,2026-03-16 18:21:39+00:00,apertus,fp32_only,10,43,1e-3,float32,none,0.29647397994995117,train/longfact_test_llama/span_max_recall_at_0.1_fpr,0.5996012626682173,llama,span_max,recall_at_0.1_fpr
dm4602lm,apertus_no_lora_fp32_only_layer10_seed43_lr1em4,finished,2026-03-16 18:21:39+00:00,apertus,fp32_only,10,43,1e-4,float32,none,0.2917933166027069,train/longfact_test_llama/span_max_recall_at_0.1_fpr,0.5682006977903307,llama,span_max,recall_at_0.1_fpr
3mcpf9f3,apertus_no_lora_fp32_only_layer10_seed43_lr3em4,finished,2026-03-16 18:21:39+00:00,apertus,fp32_only,10,43,3e-4,float32,none,0.2921086251735687,train/longfact_test_llama/span_max_recall_at_0.1_fpr,0.6020933709918591,llama,span_max,recall_at_0.1_fpr
0v0cghh6,apertus_no_lora_fp32_only_layer10_seed43_lr3em5,finished,2026-03-16 18:21:39+00:00,apertus,fp32_only,10,43,3e-5,float32,none,0.27485892176628113,train/longfact_test_llama/span_max_recall_at_0.1_fpr,0.5132081741153015,llama,span_max,recall_at_0.1_fpr
k8u6gf39,apertus_no_lora_fp32_only_layer10_seed44_lr1em3,finished,2026-03-16 18:21:39+00:00,apertus,fp32_only,10,44,1e-3,float32,none,0.09856606274843216,train/longfact_test_llama/span_max_recall_at_0.1_fpr,0.6052500415351387,llama,span_max,recall_at_0.1_fpr
rgnn8edm,apertus_no_lora_fp32_only_layer10_seed44_lr1em4,finished,2026-03-16 18:21:39+00:00,apertus,fp32_only,10,44,1e-4,float32,none,0.4017370939254761,train/longfact_test_llama/span_max_recall_at_0.1_fpr,0.5726864927728859,llama,span_max,recall_at_0.1_fpr
1hlg6mhh,apertus_no_lora_fp32_only_layer10_seed44_lr3em4,finished,2026-03-16 18:21:39+00:00,apertus,fp32_only,10,44,3e-4,float32,none,0.3334559202194214,train/longfact_test_llama/span_max_recall_at_0.1_fpr,0.6047516198704104,llama,span_max,recall_at_0.1_fpr
h32xr3bj,apertus_no_lora_fp32_only_layer10_seed44_lr3em5,finished,2026-03-16 18:21:39+00:00,apertus,fp32_only,10,44,3e-5,float32,none,0.6063321232795715,train/longfact_test_llama/span_max_recall_at_0.1_fpr,0.5150357202193055,llama,span_max,recall_at_0.1_fpr
7otuls41,apertus_no_lora_fp32_only_layer20_seed42_lr1em3,finished,2026-03-16 18:21:39+00:00,apertus,fp32_only,20,42,1e-3,float32,none,0.0014074433129280806,train/longfact_test_llama/span_max_recall_at_0.1_fpr,0.5585645456055823,llama,span_max,recall_at_0.1_fpr
h3hhroh2,apertus_no_lora_fp32_only_layer20_seed42_lr1em4,finished,2026-03-16 18:21:39+00:00,apertus,fp32_only,20,42,1e-4,float32,none,0.005417922046035528,train/longfact_test_llama/span_max_recall_at_0.1_fpr,0.5299883701611563,llama,span_max,recall_at_0.1_fpr
gbg3qolw,apertus_no_lora_fp32_only_layer20_seed42_lr3em4,finished,2026-03-16 18:21:39+00:00,apertus,fp32_only,20,42,3e-4,float32,none,0.012795637361705303,train/longfact_test_llama/span_max_recall_at_0.1_fpr,0.565044027247051,llama,span_max,recall_at_0.1_fpr
vpc4pmw1,apertus_no_lora_fp32_only_layer20_seed42_lr3em5,finished,2026-03-16 18:21:39+00:00,apertus,fp32_only,20,42,3e-5,float32,none,0.4815448522567749,train/longfact_test_llama/span_max_recall_at_0.1_fpr,0.48513042033560394,llama,span_max,recall_at_0.1_fpr
4hd86xs1,apertus_no_lora_fp32_only_layer20_seed43_lr1em3,finished,2026-03-16 18:21:39+00:00,apertus,fp32_only,20,43,1e-3,float32,none,0.7915925979614258,train/longfact_test_llama/span_max_recall_at_0.1_fpr,0.5773384283103505,llama,span_max,recall_at_0.1_fpr
dtswvc78,apertus_no_lora_fp32_only_layer20_seed43_lr1em4,finished,2026-03-16 18:21:39+00:00,apertus,fp32_only,20,43,1e-4,float32,none,0.9363940954208374,train/longfact_test_llama/span_max_recall_at_0.1_fpr,0.5291576673866091,llama,span_max,recall_at_0.1_fpr
r4canywa,apertus_no_lora_fp32_only_layer20_seed43_lr3em4,finished,2026-03-16 18:21:39+00:00,apertus,fp32_only,20,43,3e-4,float32,none,0.4842445254325866,train/longfact_test_llama/span_max_recall_at_0.1_fpr,0.5856454560558232,llama,span_max,recall_at_0.1_fpr
5pryw2ji,apertus_no_lora_fp32_only_layer20_seed43_lr3em5,finished,2026-03-16 18:21:39+00:00,apertus,fp32_only,20,43,3e-5,float32,none,2.3771839141845703,train/longfact_test_llama/span_max_recall_at_0.1_fpr,0.4774879548097691,llama,span_max,recall_at_0.1_fpr
cu47livm,apertus_no_lora_fp32_only_layer20_seed44_lr1em3,finished,2026-03-16 18:21:39+00:00,apertus,fp32_only,20,44,1e-3,float32,none,0.8405814170837402,train/longfact_test_llama/span_max_recall_at_0.1_fpr,0.563216481143047,llama,span_max,recall_at_0.1_fpr
7cq66mkt,apertus_no_lora_fp32_only_layer20_seed44_lr1em4,finished,2026-03-16 18:21:39+00:00,apertus,fp32_only,20,44,1e-4,float32,none,0.00021276120969559997,train/longfact_test_llama/span_max_recall_at_0.1_fpr,0.530985213490613,llama,span_max,recall_at_0.1_fpr
wrlr6qli,apertus_no_lora_fp32_only_layer20_seed44_lr3em4,finished,2026-03-16 18:21:39+00:00,apertus,fp32_only,20,44,3e-4,float32,none,0.7323926091194153,train/longfact_test_llama/span_max_recall_at_0.1_fpr,0.5637149028077754,llama,span_max,recall_at_0.1_fpr
nkk8fdiv,apertus_no_lora_fp32_only_layer20_seed44_lr3em5,finished,2026-03-16 18:21:39+00:00,apertus,fp32_only,20,44,3e-5,float32,none,3.7443130016326904,train/longfact_test_llama/span_max_recall_at_0.1_fpr,0.47532812759594617,llama,span_max,recall_at_0.1_fpr
jeyu4ke4,apertus_no_lora_fp32_only_layer26_seed42_lr1em3,finished,2026-03-16 18:21:39+00:00,apertus,fp32_only,26,42,1e-3,float32,none,0.02182931825518608,train/longfact_test_llama/span_max_recall_at_0.1_fpr,0.0,llama,span_max,recall_at_0.1_fpr
6jnxw4n2,apertus_no_lora_fp32_only_layer26_seed42_lr1em4,finished,2026-03-16 18:21:39+00:00,apertus,fp32_only,26,42,1e-4,float32,none,0.017278315499424934,train/longfact_test_llama/span_max_recall_at_0.1_fpr,0.5161987041036717,llama,span_max,recall_at_0.1_fpr
vz2hbt4t,apertus_no_lora_fp32_only_layer26_seed42_lr3em4,finished,2026-03-16 18:21:39+00:00,apertus,fp32_only,26,42,3e-4,float32,none,0.006629477255046368,train/longfact_test_llama/span_max_recall_at_0.1_fpr,0.5198537963116797,llama,span_max,recall_at_0.1_fpr
g2rdqxou,apertus_no_lora_fp32_only_layer26_seed42_lr3em5,finished,2026-03-16 18:21:39+00:00,apertus,fp32_only,26,42,3e-5,float32,none,0.029366448521614075,train/longfact_test_llama/span_max_recall_at_0.1_fpr,0.0,llama,span_max,recall_at_0.1_fpr
g557mw8r,apertus_no_lora_fp32_only_layer26_seed43_lr1em3,finished,2026-03-16 18:21:39+00:00,apertus,fp32_only,26,43,1e-3,float32,none,5.589945316314697,train/longfact_test_llama/span_max_recall_at_0.1_fpr,0.0,llama,span_max,recall_at_0.1_fpr
xtj1l55e,apertus_no_lora_fp32_only_layer26_seed43_lr1em4,finished,2026-03-16 18:21:39+00:00,apertus,fp32_only,26,43,1e-4,float32,none,2.261085033416748,train/longfact_test_llama/span_max_recall_at_0.1_fpr,0.5062302708091045,llama,span_max,recall_at_0.1_fpr
tn9zon9i,apertus_no_lora_fp32_only_layer26_seed43_lr3em4,finished,2026-03-16 18:21:39+00:00,apertus,fp32_only,26,43,3e-4,float32,none,1.2675254344940186,train/longfact_test_llama/span_max_recall_at_0.1_fpr,0.5098853630171125,llama,span_max,recall_at_0.1_fpr
gi60xrz3,apertus_no_lora_fp32_only_layer26_seed43_lr3em5,finished,2026-03-16 18:21:39+00:00,apertus,fp32_only,26,43,3e-5,float32,none,5.592858791351318,train/longfact_test_llama/span_max_recall_at_0.1_fpr,0.0,llama,span_max,recall_at_0.1_fpr
p7gub5up,apertus_no_lora_fp32_only_layer26_seed44_lr1em3,finished,2026-03-16 18:21:39+00:00,apertus,fp32_only,26,44,1e-3,float32,none,2.7211620807647705,train/longfact_test_llama/span_max_recall_at_0.1_fpr,0.0,llama,span_max,recall_at_0.1_fpr
gani1xp7,apertus_no_lora_fp32_only_layer26_seed44_lr1em4,finished,2026-03-16 18:21:39+00:00,apertus,fp32_only,26,44,1e-4,float32,none,0.061501313000917435,train/longfact_test_llama/span_max_recall_at_0.1_fpr,0.5108822063465692,llama,span_max,recall_at_0.1_fpr
ill5vvx2,apertus_no_lora_fp32_only_layer26_seed44_lr3em4,finished,2026-03-16 18:21:39+00:00,apertus,fp32_only,26,44,3e-4,float32,none,0.02174818329513073,train/longfact_test_llama/span_max_recall_at_0.1_fpr,0.5263332779531483,llama,span_max,recall_at_0.1_fpr
b9ibkxys,apertus_no_lora_fp32_only_layer26_seed44_lr3em5,finished,2026-03-16 18:21:39+00:00,apertus,fp32_only,26,44,3e-5,float32,none,0.0007233090000227094,train/longfact_test_llama/span_max_recall_at_0.1_fpr,0.0,llama,span_max,recall_at_0.1_fpr
362f178l,apertus_no_lora_fp32_only_layer30_seed42_lr1em3,finished,2026-03-16 18:21:39+00:00,apertus,fp32_only,30,42,1e-3,float32,none,81.83356475830078,train/longfact_test_llama/span_max_recall_at_0.1_fpr,0.0,llama,span_max,recall_at_0.1_fpr
572p44e7,apertus_no_lora_fp32_only_layer30_seed42_lr1em4,finished,2026-03-16 18:21:39+00:00,apertus,fp32_only,30,42,1e-4,float32,none,0.03013068065047264,train/longfact_test_llama/span_max_recall_at_0.1_fpr,0.0,llama,span_max,recall_at_0.1_fpr
9k35iiw5,apertus_no_lora_fp32_only_layer30_seed42_lr3em4,finished,2026-03-16 18:21:39+00:00,apertus,fp32_only,30,42,3e-4,float32,none,0.02508390322327614,train/longfact_test_llama/span_max_recall_at_0.1_fpr,0.5512543611895664,llama,span_max,recall_at_0.1_fpr
7u26q4rs,apertus_no_lora_fp32_only_layer30_seed42_lr3em5,finished,2026-03-16 18:21:39+00:00,apertus,fp32_only,30,42,3e-5,float32,none,0.5540672540664673,train/longfact_test_llama/span_max_recall_at_0.1_fpr,0.0,llama,span_max,recall_at_0.1_fpr
f817tswh,apertus_no_lora_fp32_only_layer30_seed43_lr1em3,finished,2026-03-16 18:21:39+00:00,apertus,fp32_only,30,43,1e-3,float32,none,9.374524116516112,train/longfact_test_llama/span_max_recall_at_0.1_fpr,0.0,llama,span_max,recall_at_0.1_fpr
lqmdrcpg,apertus_no_lora_fp32_only_layer30_seed43_lr1em4,finished,2026-03-16 18:21:39+00:00,apertus,fp32_only,30,43,1e-4,float32,none,5.7266106605529785,train/longfact_test_llama/span_max_recall_at_0.1_fpr,0.0,llama,span_max,recall_at_0.1_fpr
f3nq1ppq,apertus_no_lora_fp32_only_layer30_seed43_lr3em4,finished,2026-03-16 18:21:39+00:00,apertus,fp32_only,30,43,3e-4,float32,none,5.207202911376953,train/longfact_test_llama/span_max_recall_at_0.1_fpr,0.0,llama,span_max,recall_at_0.1_fpr
z9shqkbl,apertus_no_lora_fp32_only_layer30_seed43_lr3em5,finished,2026-03-16 18:21:39+00:00,apertus,fp32_only,30,43,3e-5,float32,none,6.685286521911621,train/longfact_test_llama/span_max_recall_at_0.1_fpr,0.0,llama,span_max,recall_at_0.1_fpr
bz9gcqwk,apertus_no_lora_fp32_only_layer30_seed44_lr1em3,finished,2026-03-16 18:21:39+00:00,apertus,fp32_only,30,44,1e-3,float32,none,0.0,train/longfact_test_llama/span_max_recall_at_0.1_fpr,0.0,llama,span_max,recall_at_0.1_fpr
nhg2yz2u,apertus_no_lora_fp32_only_layer30_seed44_lr1em4,finished,2026-03-16 18:21:39+00:00,apertus,fp32_only,30,44,1e-4,float32,none,0.01171684730798006,train/longfact_test_llama/span_max_recall_at_0.1_fpr,0.0,llama,span_max,recall_at_0.1_fpr
4yytvlvi,apertus_no_lora_fp32_only_layer30_seed44_lr3em4,finished,2026-03-16 18:21:39+00:00,apertus,fp32_only,30,44,3e-4,float32,none,0.0005547898472286761,train/longfact_test_llama/span_max_recall_at_0.1_fpr,0.0,llama,span_max,recall_at_0.1_fpr
8kx20a5i,apertus_no_lora_fp32_only_layer30_seed44_lr3em5,finished,2026-03-16 18:21:39+00:00,apertus,fp32_only,30,44,3e-5,float32,none,33.319332122802734,train/longfact_test_llama/span_max_recall_at_0.1_fpr,0.0,llama,span_max,recall_at_0.1_fpr
kgoq3e5r,llama_no_lora_long_form_layer10_seed42,finished,2026-03-02 14:45:36+00:00,llama,llama_layers,10,42,,bfloat16,none,0.4103353917598725,train/longfact_test_llama/span_max_recall_at_0.1_fpr,0.6171797418073486,llama,span_max,recall_at_0.1_fpr
9oem35be,llama_no_lora_long_form_layer10_seed43,finished,2026-03-02 14:46:11+00:00,llama,llama_layers,10,43,,bfloat16,none,0.582381546497345,train/longfact_test_llama/span_max_recall_at_0.1_fpr,0.6194968553459119,llama,span_max,recall_at_0.1_fpr
rri8v027,llama_no_lora_long_form_layer10_seed44,finished,2026-03-02 14:46:11+00:00,llama,llama_layers,10,44,,bfloat16,none,0.3619125485420227,train/longfact_test_llama/span_max_recall_at_0.1_fpr,0.6175107580271433,llama,span_max,recall_at_0.1_fpr
qni919ee,llama_no_lora_long_form_layer20_seed42,finished,2026-03-02 14:50:44+00:00,llama,llama_layers,20,42,,bfloat16,none,0.4025150239467621,train/longfact_test_llama/span_max_recall_at_0.1_fpr,0.651770936775902,llama,span_max,recall_at_0.1_fpr
4aryhr4u,llama_no_lora_long_form_layer20_seed43,finished,2026-03-02 14:50:44+00:00,llama,llama_layers,20,43,,bfloat16,none,0.6214630007743835,train/longfact_test_llama/span_max_recall_at_0.1_fpr,0.656901688182721,llama,span_max,recall_at_0.1_fpr
v8qejznt,llama_no_lora_long_form_layer20_seed44,finished,2026-03-02 14:50:44+00:00,llama,llama_layers,20,44,,bfloat16,none,0.4049457013607025,train/longfact_test_llama/span_max_recall_at_0.1_fpr,0.6504468718967229,llama,span_max,recall_at_0.1_fpr
82vjeyys,llama_no_lora_long_form_layer26_seed42,finished,2026-03-02 14:50:44+00:00,llama,llama_layers,26,42,,bfloat16,none,0.38688111305236816,train/longfact_test_llama/span_max_recall_at_0.1_fpr,0.6411784177424694,llama,span_max,recall_at_0.1_fpr
gzg4irhz,llama_no_lora_long_form_layer26_seed43,finished,2026-03-02 14:51:46+00:00,llama,llama_layers,26,43,,bfloat16,none,0.6332159042358398,train/longfact_test_llama/span_max_recall_at_0.1_fpr,0.6340615690168818,llama,span_max,recall_at_0.1_fpr
7u7entue,llama_no_lora_long_form_layer26_seed44,finished,2026-03-02 14:51:46+00:00,llama,llama_layers,26,44,,bfloat16,none,0.4069174230098725,train/longfact_test_llama/span_max_recall_at_0.1_fpr,0.6381992717643165,llama,span_max,recall_at_0.1_fpr
ct7o6ek7,llama_no_lora_long_form_layer30_seed42,finished,2026-03-02 14:51:46+00:00,llama,llama_layers,30,42,,bfloat16,none,0.4142408668994904,train/longfact_test_llama/span_max_recall_at_0.1_fpr,0.6582257530619,llama,span_max,recall_at_0.1_fpr
av9rm02w,llama_no_lora_long_form_layer30_seed43,finished,2026-03-02 14:51:46+00:00,llama,llama_layers,30,43,,bfloat16,none,0.7231071591377258,train/longfact_test_llama/span_max_recall_at_0.1_fpr,0.6506123800066204,llama,span_max,recall_at_0.1_fpr
ojujrfsw,llama_no_lora_long_form_layer30_seed44,finished,2026-03-02 14:51:46+00:00,llama,llama_layers,30,44,,bfloat16,none,0.4089251160621643,train/longfact_test_llama/span_max_recall_at_0.1_fpr,0.656901688182721,llama,span_max,recall_at_0.1_fpr
47rfeqmx,apertus_no_lora_ln_bf16_layer10_seed42_lr1em3,finished,2026-03-16 01:21:44+00:00,apertus,ln_bf16,10,42,1e-3,bfloat16,layernorm,0.14300638437271118,train/longfact_test_llama/span_max_recall_at_0.1_fpr,0.5986044193387606,llama,span_max,recall_at_0.1_fpr
ltvbxnyc,apertus_no_lora_ln_bf16_layer10_seed42_lr1em4,finished,2026-03-16 01:21:44+00:00,apertus,ln_bf16,10,42,1e-4,bfloat16,layernorm,0.3950393497943878,train/longfact_test_llama/span_max_recall_at_0.1_fpr,0.5517527828542947,llama,span_max,recall_at_0.1_fpr
aupa5a3l,apertus_no_lora_ln_bf16_layer10_seed42_lr3em4,finished,2026-03-16 01:21:44+00:00,apertus,ln_bf16,10,42,3e-4,bfloat16,layernorm,0.18207243084907532,train/longfact_test_llama/span_max_recall_at_0.1_fpr,0.5878052832696461,llama,span_max,recall_at_0.1_fpr
48kc2gt3,apertus_no_lora_ln_bf16_layer10_seed42_lr3em5,finished,2026-03-16 01:21:44+00:00,apertus,ln_bf16,10,42,3e-5,bfloat16,layernorm,0.942188560962677,train/longfact_test_llama/span_max_recall_at_0.1_fpr,0.4510716065791659,llama,span_max,recall_at_0.1_fpr
l92ugb0x,apertus_no_lora_ln_bf16_layer10_seed43_lr1em3,finished,2026-03-16 01:21:44+00:00,apertus,ln_bf16,10,43,1e-3,bfloat16,layernorm,0.2892049551010132,train/longfact_test_llama/span_max_recall_at_0.1_fpr,0.6050839009802292,llama,span_max,recall_at_0.1_fpr
ks445ju3,apertus_no_lora_ln_bf16_layer10_seed43_lr1em4,finished,2026-03-16 01:21:44+00:00,apertus,ln_bf16,10,43,1e-4,bfloat16,layernorm,0.26968491077423096,train/longfact_test_llama/span_max_recall_at_0.1_fpr,0.545605582322645,llama,span_max,recall_at_0.1_fpr
v1whaixy,apertus_no_lora_ln_bf16_layer10_seed43_lr3em4,finished,2026-03-16 01:21:44+00:00,apertus,ln_bf16,10,43,3e-4,bfloat16,layernorm,0.26967474818229675,train/longfact_test_llama/span_max_recall_at_0.1_fpr,0.5876391427147367,llama,span_max,recall_at_0.1_fpr
yrz15txm,apertus_no_lora_ln_bf16_layer10_seed43_lr3em5,finished,2026-03-16 01:21:44+00:00,apertus,ln_bf16,10,43,3e-5,bfloat16,layernorm,0.35177040100097656,train/longfact_test_llama/span_max_recall_at_0.1_fpr,0.4515700282438944,llama,span_max,recall_at_0.1_fpr
yjo8ext8,apertus_no_lora_ln_bf16_layer10_seed44_lr1em3,finished,2026-03-16 01:21:45+00:00,apertus,ln_bf16,10,44,1e-3,bfloat16,layernorm,0.20609278976917267,train/longfact_test_llama/span_max_recall_at_0.1_fpr,0.60790829041369,llama,span_max,recall_at_0.1_fpr
wjc71sg6,apertus_no_lora_ln_bf16_layer10_seed44_lr1em4,finished,2026-03-16 01:21:45+00:00,apertus,ln_bf16,10,44,1e-4,bfloat16,layernorm,0.3125472366809845,train/longfact_test_llama/span_max_recall_at_0.1_fpr,0.5480976906462868,llama,span_max,recall_at_0.1_fpr
dd2pwu6g,apertus_no_lora_ln_bf16_layer10_seed44_lr3em4,finished,2026-03-16 01:21:45+00:00,apertus,ln_bf16,10,44,3e-4,bfloat16,layernorm,0.289102166891098,train/longfact_test_llama/span_max_recall_at_0.1_fpr,0.5876391427147367,llama,span_max,recall_at_0.1_fpr
gk2y0cx9,apertus_no_lora_ln_bf16_layer10_seed44_lr3em5,finished,2026-03-16 01:21:45+00:00,apertus,ln_bf16,10,44,3e-5,bfloat16,layernorm,0.31844255328178406,train/longfact_test_llama/span_max_recall_at_0.1_fpr,0.4550589798969928,llama,span_max,recall_at_0.1_fpr
p3f6sakq,apertus_no_lora_ln_bf16_layer20_seed42_lr1em3,finished,2026-03-16 01:21:44+00:00,apertus,ln_bf16,20,42,1e-3,bfloat16,layernorm,0.11758887767791748,train/longfact_test_llama/span_max_recall_at_0.1_fpr,0.629506562551919,llama,span_max,recall_at_0.1_fpr
2mbvnb3s,apertus_no_lora_ln_bf16_layer20_seed42_lr1em4,finished,2026-03-16 01:21:44+00:00,apertus,ln_bf16,20,42,1e-4,bfloat16,layernorm,0.5318654179573059,train/longfact_test_llama/span_max_recall_at_0.1_fpr,0.5449410201030072,llama,span_max,recall_at_0.1_fpr
pw74vso0,apertus_no_lora_ln_bf16_layer20_seed42_lr3em4,finished,2026-03-16 01:21:44+00:00,apertus,ln_bf16,20,42,3e-4,bfloat16,layernorm,0.2455830276012421,train/longfact_test_llama/span_max_recall_at_0.1_fpr,0.6085728526333278,llama,span_max,recall_at_0.1_fpr
lcc4r0ui,apertus_no_lora_ln_bf16_layer20_seed42_lr3em5,finished,2026-03-16 01:21:44+00:00,apertus,ln_bf16,20,42,3e-5,bfloat16,layernorm,0.8914243578910828,train/longfact_test_llama/span_max_recall_at_0.1_fpr,0.38544608738993186,llama,span_max,recall_at_0.1_fpr
ea20dmvq,apertus_no_lora_ln_bf16_layer20_seed43_lr1em3,finished,2026-03-16 01:21:44+00:00,apertus,ln_bf16,20,43,1e-3,bfloat16,layernorm,0.2716436982154846,train/longfact_test_llama/span_max_recall_at_0.1_fpr,0.6243562053497259,llama,span_max,recall_at_0.1_fpr
dq6d9cxj,apertus_no_lora_ln_bf16_layer20_seed43_lr1em4,finished,2026-03-16 01:21:44+00:00,apertus,ln_bf16,20,43,1e-4,bfloat16,layernorm,0.28726422786712646,train/longfact_test_llama/span_max_recall_at_0.1_fpr,0.5474331284266489,llama,span_max,recall_at_0.1_fpr
5rukn8sb,apertus_no_lora_ln_bf16_layer20_seed43_lr3em4,finished,2026-03-16 01:21:44+00:00,apertus,ln_bf16,20,43,3e-4,bfloat16,layernorm,0.279452383518219,train/longfact_test_llama/span_max_recall_at_0.1_fpr,0.6062468848645954,llama,span_max,recall_at_0.1_fpr
sg4y1aru,apertus_no_lora_ln_bf16_layer20_seed43_lr3em5,finished,2026-03-16 01:21:44+00:00,apertus,ln_bf16,20,43,3e-5,bfloat16,layernorm,0.383007675409317,train/longfact_test_llama/span_max_recall_at_0.1_fpr,0.3930885529157667,llama,span_max,recall_at_0.1_fpr
wjx8fs4d,apertus_no_lora_ln_bf16_layer20_seed44_lr1em3,finished,2026-03-16 01:21:44+00:00,apertus,ln_bf16,20,44,1e-3,bfloat16,layernorm,0.343784362077713,train/longfact_test_llama/span_max_recall_at_0.1_fpr,0.6308356869911945,llama,span_max,recall_at_0.1_fpr
ug8c0ane,apertus_no_lora_ln_bf16_layer20_seed44_lr1em4,finished,2026-03-16 01:21:44+00:00,apertus,ln_bf16,20,44,1e-4,bfloat16,layernorm,0.39652878046035767,train/longfact_test_llama/span_max_recall_at_0.1_fpr,0.5477654095364679,llama,span_max,recall_at_0.1_fpr
xy83pt3c,apertus_no_lora_ln_bf16_layer20_seed44_lr3em4,finished,2026-03-16 01:21:44+00:00,apertus,ln_bf16,20,44,3e-4,bfloat16,layernorm,0.4512102007865906,train/longfact_test_llama/span_max_recall_at_0.1_fpr,0.6035886359860442,llama,span_max,recall_at_0.1_fpr
mgy8s31x,apertus_no_lora_ln_bf16_layer20_seed44_lr3em5,finished,2026-03-16 01:21:44+00:00,apertus,ln_bf16,20,44,3e-5,bfloat16,layernorm,0.44538286328315735,train/longfact_test_llama/span_max_recall_at_0.1_fpr,0.3999003156670543,llama,span_max,recall_at_0.1_fpr
qbe29z5d,apertus_no_lora_ln_bf16_layer26_seed42_lr1em3,finished,2026-03-16 01:21:44+00:00,apertus,ln_bf16,26,42,1e-3,bfloat16,layernorm,0.1929110735654831,train/longfact_test_llama/span_max_recall_at_0.1_fpr,0.5999335437780362,llama,span_max,recall_at_0.1_fpr
nyzlam71,apertus_no_lora_ln_bf16_layer26_seed42_lr1em4,finished,2026-03-16 01:21:44+00:00,apertus,ln_bf16,26,42,1e-4,bfloat16,layernorm,0.5006973147392273,train/longfact_test_llama/span_max_recall_at_0.1_fpr,0.5143711579996677,llama,span_max,recall_at_0.1_fpr
p9he43x3,apertus_no_lora_ln_bf16_layer26_seed42_lr3em4,finished,2026-03-16 01:21:44+00:00,apertus,ln_bf16,26,42,3e-4,bfloat16,layernorm,0.27400892972946167,train/longfact_test_llama/span_max_recall_at_0.1_fpr,0.5766738660907127,llama,span_max,recall_at_0.1_fpr
jap1923r,apertus_no_lora_ln_bf16_layer26_seed42_lr3em5,finished,2026-03-16 01:21:44+00:00,apertus,ln_bf16,26,42,3e-5,bfloat16,layernorm,0.9109970927238464,train/longfact_test_llama/span_max_recall_at_0.1_fpr,0.29190895497590963,llama,span_max,recall_at_0.1_fpr
kffm0190,apertus_no_lora_ln_bf16_layer26_seed43_lr1em3,finished,2026-03-16 01:21:44+00:00,apertus,ln_bf16,26,43,1e-3,bfloat16,layernorm,0.27165380120277405,train/longfact_test_llama/span_max_recall_at_0.1_fpr,0.5974414354543944,llama,span_max,recall_at_0.1_fpr
6nfiscpk,apertus_no_lora_ln_bf16_layer26_seed43_lr1em4,finished,2026-03-16 01:21:44+00:00,apertus,ln_bf16,26,43,1e-4,bfloat16,layernorm,0.29313549399375916,train/longfact_test_llama/span_max_recall_at_0.1_fpr,0.5176939690978568,llama,span_max,recall_at_0.1_fpr
livazl8t,apertus_no_lora_ln_bf16_layer26_seed43_lr3em4,finished,2026-03-16 01:21:44+00:00,apertus,ln_bf16,26,43,3e-4,bfloat16,layernorm,0.26969656348228455,train/longfact_test_llama/span_max_recall_at_0.1_fpr,0.5725203522179764,llama,span_max,recall_at_0.1_fpr
cs5p5dya,apertus_no_lora_ln_bf16_layer26_seed43_lr3em5,finished,2026-03-16 01:21:44+00:00,apertus,ln_bf16,26,43,3e-5,bfloat16,layernorm,0.3752008378505707,train/longfact_test_llama/span_max_recall_at_0.1_fpr,0.30387107492939025,llama,span_max,recall_at_0.1_fpr
m9z367ud,apertus_no_lora_ln_bf16_layer26_seed44_lr1em3,finished,2026-03-16 01:21:44+00:00,apertus,ln_bf16,26,44,1e-3,bfloat16,layernorm,0.44535091519355774,train/longfact_test_llama/span_max_recall_at_0.1_fpr,0.5964445921249377,llama,span_max,recall_at_0.1_fpr
ycmihac6,apertus_no_lora_ln_bf16_layer26_seed44_lr1em4,finished,2026-03-16 01:21:44+00:00,apertus,ln_bf16,26,44,1e-4,bfloat16,layernorm,0.3027840852737427,train/longfact_test_llama/span_max_recall_at_0.1_fpr,0.5143711579996677,llama,span_max,recall_at_0.1_fpr
b7cu6by4,apertus_no_lora_ln_bf16_layer26_seed44_lr3em4,finished,2026-03-16 01:21:44+00:00,apertus,ln_bf16,26,44,3e-4,bfloat16,layernorm,0.33402493596076965,train/longfact_test_llama/span_max_recall_at_0.1_fpr,0.5761754444259843,llama,span_max,recall_at_0.1_fpr
82b66i5k,apertus_no_lora_ln_bf16_layer26_seed44_lr3em5,finished,2026-03-16 01:21:44+00:00,apertus,ln_bf16,26,44,3e-5,bfloat16,layernorm,0.3965613543987274,train/longfact_test_llama/span_max_recall_at_0.1_fpr,0.31383950822395745,llama,span_max,recall_at_0.1_fpr
7hvw78qp,apertus_no_lora_ln_bf16_layer30_seed42_lr1em3,finished,2026-03-16 01:21:44+00:00,apertus,ln_bf16,30,42,1e-3,bfloat16,layernorm,0.18903133273124695,train/longfact_test_llama/span_max_recall_at_0.1_fpr,0.6000996843329457,llama,span_max,recall_at_0.1_fpr
hq7zzpsr,apertus_no_lora_ln_bf16_layer30_seed42_lr1em4,finished,2026-03-16 01:21:44+00:00,apertus,ln_bf16,30,42,1e-4,bfloat16,layernorm,0.6139996647834778,train/longfact_test_llama/span_max_recall_at_0.1_fpr,0.5371324140222629,llama,span_max,recall_at_0.1_fpr
wehbf6bi,apertus_no_lora_ln_bf16_layer30_seed42_lr3em4,finished,2026-03-16 01:21:44+00:00,apertus,ln_bf16,30,42,3e-4,bfloat16,layernorm,0.2974618077278137,train/longfact_test_llama/span_max_recall_at_0.1_fpr,0.5813258016281775,llama,span_max,recall_at_0.1_fpr
inx8ca5d,apertus_no_lora_ln_bf16_layer30_seed42_lr3em5,finished,2026-03-16 01:21:44+00:00,apertus,ln_bf16,30,42,3e-5,bfloat16,layernorm,0.8954324722290039,train/longfact_test_llama/span_max_recall_at_0.1_fpr,0.4085396245223459,llama,span_max,recall_at_0.1_fpr
og90cgj0,apertus_no_lora_ln_bf16_layer30_seed43_lr1em3,finished,2026-03-16 01:21:44+00:00,apertus,ln_bf16,30,43,1e-3,bfloat16,layernorm,0.2775192856788635,train/longfact_test_llama/span_max_recall_at_0.1_fpr,0.6084067120784183,llama,span_max,recall_at_0.1_fpr
5cwasjvc,apertus_no_lora_ln_bf16_layer30_seed43_lr1em4,finished,2026-03-16 01:21:44+00:00,apertus,ln_bf16,30,43,1e-4,bfloat16,layernorm,0.2989921569824219,train/longfact_test_llama/span_max_recall_at_0.1_fpr,0.5444425984382788,llama,span_max,recall_at_0.1_fpr
7jkvxq48,apertus_no_lora_ln_bf16_layer30_seed43_lr3em4,finished,2026-03-16 01:21:44+00:00,apertus,ln_bf16,30,43,3e-4,bfloat16,layernorm,0.28141525387763977,train/longfact_test_llama/span_max_recall_at_0.1_fpr,0.5846486127263665,llama,span_max,recall_at_0.1_fpr
74i6ukb7,apertus_no_lora_ln_bf16_layer30_seed43_lr3em5,finished,2026-03-16 01:21:44+00:00,apertus,ln_bf16,30,43,3e-5,bfloat16,layernorm,0.367383748292923,train/longfact_test_llama/span_max_recall_at_0.1_fpr,0.4072105000830703,llama,span_max,recall_at_0.1_fpr
4m7o0thq,apertus_no_lora_ln_bf16_layer30_seed44_lr1em3,finished,2026-03-16 01:21:44+00:00,apertus,ln_bf16,30,44,1e-3,bfloat16,layernorm,0.3379320204257965,train/longfact_test_llama/span_max_recall_at_0.1_fpr,0.6113972420667885,llama,span_max,recall_at_0.1_fpr
3huyrepp,apertus_no_lora_ln_bf16_layer30_seed44_lr1em4,finished,2026-03-16 01:21:44+00:00,apertus,ln_bf16,30,44,1e-4,bfloat16,layernorm,0.4082537889480591,train/longfact_test_llama/span_max_recall_at_0.1_fpr,0.5449410201030072,llama,span_max,recall_at_0.1_fpr
khqaa0hj,apertus_no_lora_ln_bf16_layer30_seed44_lr3em4,finished,2026-03-16 01:21:44+00:00,apertus,ln_bf16,30,44,3e-4,bfloat16,layernorm,0.3730915486812592,train/longfact_test_llama/span_max_recall_at_0.1_fpr,0.5893005482638312,llama,span_max,recall_at_0.1_fpr
v97a1dax,apertus_no_lora_ln_bf16_layer30_seed44_lr3em5,finished,2026-03-16 01:21:44+00:00,apertus,ln_bf16,30,44,3e-5,bfloat16,layernorm,0.44148337841033936,train/longfact_test_llama/span_max_recall_at_0.1_fpr,0.41634823060309023,llama,span_max,recall_at_0.1_fpr
a1vhu02a,apertus_no_lora_ln_fp32_layer10_seed42_lr1em3,finished,2026-03-16 18:21:39+00:00,apertus,ln_fp32,10,42,1e-3,float32,layernorm,0.12267088890075684,train/longfact_test_llama/span_max_recall_at_0.1_fpr,0.6095696959627845,llama,span_max,recall_at_0.1_fpr
s5e7uzrk,apertus_no_lora_ln_fp32_layer10_seed42_lr1em4,finished,2026-03-16 18:21:39+00:00,apertus,ln_fp32,10,42,1e-4,float32,layernorm,0.2215098738670349,train/longfact_test_llama/span_max_recall_at_0.1_fpr,0.5785014121947167,llama,span_max,recall_at_0.1_fpr
a039mxlm,apertus_no_lora_ln_fp32_layer10_seed42_lr3em4,finished,2026-03-16 18:21:39+00:00,apertus,ln_fp32,10,42,3e-4,float32,layernorm,0.15673403441905975,train/longfact_test_llama/span_max_recall_at_0.1_fpr,0.5924572188071108,llama,span_max,recall_at_0.1_fpr
ur0fzre6,apertus_no_lora_ln_fp32_layer10_seed42_lr3em5,finished,2026-03-16 18:21:39+00:00,apertus,ln_fp32,10,42,3e-5,float32,layernorm,0.4890720844268799,train/longfact_test_llama/span_max_recall_at_0.1_fpr,0.5359694301378967,llama,span_max,recall_at_0.1_fpr
kyx3dh6x,apertus_no_lora_ln_fp32_layer10_seed43_lr1em3,finished,2026-03-16 18:21:39+00:00,apertus,ln_fp32,10,43,1e-3,float32,layernorm,0.2920945882797241,train/longfact_test_llama/span_max_recall_at_0.1_fpr,0.6125602259511547,llama,span_max,recall_at_0.1_fpr
anpnl7j5,apertus_no_lora_ln_fp32_layer10_seed43_lr1em4,finished,2026-03-16 18:21:39+00:00,apertus,ln_fp32,10,43,1e-4,float32,layernorm,0.26364782452583313,train/longfact_test_llama/span_max_recall_at_0.1_fpr,0.5753447416514371,llama,span_max,recall_at_0.1_fpr
mu08a37q,apertus_no_lora_ln_fp32_layer10_seed43_lr3em4,finished,2026-03-16 18:21:39+00:00,apertus,ln_fp32,10,43,3e-4,float32,layernorm,0.2802787125110626,train/longfact_test_llama/span_max_recall_at_0.1_fpr,0.5966107326798471,llama,span_max,recall_at_0.1_fpr
0q5lbh0o,apertus_no_lora_ln_fp32_layer10_seed43_lr3em5,finished,2026-03-16 18:21:39+00:00,apertus,ln_fp32,10,43,3e-5,float32,layernorm,0.27201464772224426,train/longfact_test_llama/span_max_recall_at_0.1_fpr,0.5366339923575345,llama,span_max,recall_at_0.1_fpr
b2incihb,apertus_no_lora_ln_fp32_layer10_seed44_lr1em3,finished,2026-03-16 18:21:39+00:00,apertus,ln_fp32,10,44,1e-3,float32,layernorm,0.19783645868301392,train/longfact_test_llama/span_max_recall_at_0.1_fpr,0.6153846153846154,llama,span_max,recall_at_0.1_fpr
9s2c6c1h,apertus_no_lora_ln_fp32_layer10_seed44_lr1em4,finished,2026-03-16 18:21:39+00:00,apertus,ln_fp32,10,44,1e-4,float32,layernorm,0.32758116722106934,train/longfact_test_llama/span_max_recall_at_0.1_fpr,0.5750124605416183,llama,span_max,recall_at_0.1_fpr
u1cqzubx,apertus_no_lora_ln_fp32_layer10_seed44_lr3em4,finished,2026-03-16 18:21:39+00:00,apertus,ln_fp32,10,44,3e-4,float32,layernorm,0.2790237069129944,train/longfact_test_llama/span_max_recall_at_0.1_fpr,0.6000996843329457,llama,span_max,recall_at_0.1_fpr
jd8rl3y0,apertus_no_lora_ln_fp32_layer10_seed44_lr3em5,finished,2026-03-16 18:21:39+00:00,apertus,ln_fp32,10,44,3e-5,float32,layernorm,0.29283058643341064,train/longfact_test_llama/span_max_recall_at_0.1_fpr,0.5384615384615384,llama,span_max,recall_at_0.1_fpr
tvxgxlk0,apertus_no_lora_ln_fp32_layer20_seed42_lr1em3,finished,2026-03-16 18:21:39+00:00,apertus,ln_fp32,20,42,1e-3,float32,layernorm,0.11203589290380478,train/longfact_test_llama/span_max_recall_at_0.1_fpr,0.6358199036384782,llama,span_max,recall_at_0.1_fpr
szjyc7rq,apertus_no_lora_ln_fp32_layer20_seed42_lr1em4,finished,2026-03-16 18:21:39+00:00,apertus,ln_fp32,20,42,1e-4,float32,layernorm,0.3388446271419525,train/longfact_test_llama/span_max_recall_at_0.1_fpr,0.5861438777205515,llama,span_max,recall_at_0.1_fpr
j1ydn4mi,apertus_no_lora_ln_fp32_layer20_seed42_lr3em4,finished,2026-03-16 18:21:39+00:00,apertus,ln_fp32,20,42,3e-4,float32,layernorm,0.18392929434776303,train/longfact_test_llama/span_max_recall_at_0.1_fpr,0.6193719887024423,llama,span_max,recall_at_0.1_fpr
mru621ko,apertus_no_lora_ln_fp32_layer20_seed42_lr3em5,finished,2026-03-16 18:21:39+00:00,apertus,ln_fp32,20,42,3e-5,float32,layernorm,0.6155123114585876,train/longfact_test_llama/span_max_recall_at_0.1_fpr,0.5264994185080578,llama,span_max,recall_at_0.1_fpr
cuinxn0m,apertus_no_lora_ln_fp32_layer20_seed43_lr1em3,finished,2026-03-16 18:21:39+00:00,apertus,ln_fp32,20,43,1e-3,float32,layernorm,0.2761920690536499,train/longfact_test_llama/span_max_recall_at_0.1_fpr,0.6270144542282772,llama,span_max,recall_at_0.1_fpr
gfuz02ro,apertus_no_lora_ln_fp32_layer20_seed43_lr1em4,finished,2026-03-16 18:21:39+00:00,apertus,ln_fp32,20,43,1e-4,float32,layernorm,0.28859972953796387,train/longfact_test_llama/span_max_recall_at_0.1_fpr,0.5854793155009138,llama,span_max,recall_at_0.1_fpr
bydlptvs,apertus_no_lora_ln_fp32_layer20_seed43_lr3em4,finished,2026-03-16 18:21:39+00:00,apertus,ln_fp32,20,43,3e-4,float32,layernorm,0.27679380774497986,train/longfact_test_llama/span_max_recall_at_0.1_fpr,0.6188735670377139,llama,span_max,recall_at_0.1_fpr
5a8w5arg,apertus_no_lora_ln_fp32_layer20_seed43_lr3em5,finished,2026-03-16 18:21:39+00:00,apertus,ln_fp32,20,43,3e-5,float32,layernorm,0.30041441321372986,train/longfact_test_llama/span_max_recall_at_0.1_fpr,0.5283269646120619,llama,span_max,recall_at_0.1_fpr
3wystufk,apertus_no_lora_ln_fp32_layer20_seed44_lr1em3,finished,2026-03-16 18:21:39+00:00,apertus,ln_fp32,20,44,1e-3,float32,layernorm,0.37859293818473816,train/longfact_test_llama/span_max_recall_at_0.1_fpr,0.6324970925402891,llama,span_max,recall_at_0.1_fpr
ipm80jlq,apertus_no_lora_ln_fp32_layer20_seed44_lr1em4,finished,2026-03-16 18:21:39+00:00,apertus,ln_fp32,20,44,1e-4,float32,layernorm,0.39040952920913696,train/longfact_test_llama/span_max_recall_at_0.1_fpr,0.5897989699285595,llama,span_max,recall_at_0.1_fpr
28tm3neg,apertus_no_lora_ln_fp32_layer20_seed44_lr3em4,finished,2026-03-16 18:21:39+00:00,apertus,ln_fp32,20,44,3e-4,float32,layernorm,0.4330550134181976,train/longfact_test_llama/span_max_recall_at_0.1_fpr,0.6220302375809935,llama,span_max,recall_at_0.1_fpr
zoq512xp,apertus_no_lora_ln_fp32_layer20_seed44_lr3em5,finished,2026-03-16 18:21:39+00:00,apertus,ln_fp32,20,44,3e-5,float32,layernorm,0.37936899065971375,train/longfact_test_llama/span_max_recall_at_0.1_fpr,0.5291576673866091,llama,span_max,recall_at_0.1_fpr
8hrkgqv3,apertus_no_lora_ln_fp32_layer26_seed42_lr1em3,finished,2026-03-16 18:21:39+00:00,apertus,ln_fp32,26,42,1e-3,float32,layernorm,0.17951826751232147,train/longfact_test_llama/span_max_recall_at_0.1_fpr,0.60790829041369,llama,span_max,recall_at_0.1_fpr
rlqcb2g4,apertus_no_lora_ln_fp32_layer26_seed42_lr1em4,finished,2026-03-16 18:21:39+00:00,apertus,ln_fp32,26,42,1e-4,float32,layernorm,0.3578282594680786,train/longfact_test_llama/span_max_recall_at_0.1_fpr,0.5502575178601097,llama,span_max,recall_at_0.1_fpr
r2wu0aof,apertus_no_lora_ln_fp32_layer26_seed42_lr3em4,finished,2026-03-16 18:21:39+00:00,apertus,ln_fp32,26,42,3e-4,float32,layernorm,0.24504521489143372,train/longfact_test_llama/span_max_recall_at_0.1_fpr,0.5897989699285595,llama,span_max,recall_at_0.1_fpr
okj43cej,apertus_no_lora_ln_fp32_layer26_seed42_lr3em5,finished,2026-03-16 18:21:39+00:00,apertus,ln_fp32,26,42,3e-5,float32,layernorm,0.6153150200843811,train/longfact_test_llama/span_max_recall_at_0.1_fpr,0.4994185080578169,llama,span_max,recall_at_0.1_fpr
44fifewm,apertus_no_lora_ln_fp32_layer26_seed43_lr1em3,finished,2026-03-16 18:21:39+00:00,apertus,ln_fp32,26,43,1e-3,float32,layernorm,0.26287174224853516,train/longfact_test_llama/span_max_recall_at_0.1_fpr,0.6052500415351387,llama,span_max,recall_at_0.1_fpr
cfgw5o62,apertus_no_lora_ln_fp32_layer26_seed43_lr1em4,finished,2026-03-16 18:21:39+00:00,apertus,ln_fp32,26,43,1e-4,float32,layernorm,0.27609291672706604,train/longfact_test_llama/span_max_recall_at_0.1_fpr,0.5509220800797474,llama,span_max,recall_at_0.1_fpr
5yjm6w2c,apertus_no_lora_ln_fp32_layer26_seed43_lr3em4,finished,2026-03-16 18:21:39+00:00,apertus,ln_fp32,26,43,3e-4,float32,layernorm,0.268221378326416,train/longfact_test_llama/span_max_recall_at_0.1_fpr,0.5864761588303705,llama,span_max,recall_at_0.1_fpr
bj0fbt17,apertus_no_lora_ln_fp32_layer26_seed43_lr3em5,finished,2026-03-16 18:21:39+00:00,apertus,ln_fp32,26,43,3e-5,float32,layernorm,0.28795114159584045,train/longfact_test_llama/span_max_recall_at_0.1_fpr,0.504236584150191,llama,span_max,recall_at_0.1_fpr
thtwlsce,apertus_no_lora_ln_fp32_layer26_seed44_lr1em3,finished,2026-03-16 18:21:39+00:00,apertus,ln_fp32,26,44,1e-3,float32,layernorm,0.4517517387866974,train/longfact_test_llama/span_max_recall_at_0.1_fpr,0.6075760093038711,llama,span_max,recall_at_0.1_fpr
a2rdvxyc,apertus_no_lora_ln_fp32_layer26_seed44_lr1em4,finished,2026-03-16 18:21:39+00:00,apertus,ln_fp32,26,44,1e-4,float32,layernorm,0.28372296690940857,train/longfact_test_llama/span_max_recall_at_0.1_fpr,0.5545771722877555,llama,span_max,recall_at_0.1_fpr
veq9b7kw,apertus_no_lora_ln_fp32_layer26_seed44_lr3em4,finished,2026-03-16 18:21:39+00:00,apertus,ln_fp32,26,44,3e-4,float32,layernorm,0.37059929966926575,train/longfact_test_llama/span_max_recall_at_0.1_fpr,0.5879714238245556,llama,span_max,recall_at_0.1_fpr
5aqux06m,apertus_no_lora_ln_fp32_layer26_seed44_lr3em5,finished,2026-03-16 18:21:39+00:00,apertus,ln_fp32,26,44,3e-5,float32,layernorm,0.3035992383956909,train/longfact_test_llama/span_max_recall_at_0.1_fpr,0.500913773052002,llama,span_max,recall_at_0.1_fpr
qg1y3gso,apertus_no_lora_ln_fp32_layer30_seed42_lr1em3,finished,2026-03-16 18:21:39+00:00,apertus,ln_fp32,30,42,1e-3,float32,layernorm,0.1903767287731171,train/longfact_test_llama/span_max_recall_at_0.1_fpr,0.6142216315002492,llama,span_max,recall_at_0.1_fpr
r9e2fhqm,apertus_no_lora_ln_fp32_layer30_seed42_lr1em4,finished,2026-03-16 18:21:39+00:00,apertus,ln_fp32,30,42,1e-4,float32,layernorm,0.38982802629470825,train/longfact_test_llama/span_max_recall_at_0.1_fpr,0.5677022761256023,llama,span_max,recall_at_0.1_fpr
e24v1w1s,apertus_no_lora_ln_fp32_layer30_seed42_lr3em4,finished,2026-03-16 18:21:39+00:00,apertus,ln_fp32,30,42,3e-4,float32,layernorm,0.2570212781429291,train/longfact_test_llama/span_max_recall_at_0.1_fpr,0.6010965276624024,llama,span_max,recall_at_0.1_fpr
jtcznw8g,apertus_no_lora_ln_fp32_layer30_seed42_lr3em5,finished,2026-03-16 18:21:39+00:00,apertus,ln_fp32,30,42,3e-5,float32,layernorm,0.6943867206573486,train/longfact_test_llama/span_max_recall_at_0.1_fpr,0.5316497757102508,llama,span_max,recall_at_0.1_fpr
v3qqa12o,apertus_no_lora_ln_fp32_layer30_seed43_lr1em3,finished,2026-03-16 18:21:39+00:00,apertus,ln_fp32,30,43,1e-3,float32,layernorm,0.2808498740196228,train/longfact_test_llama/span_max_recall_at_0.1_fpr,0.6145539126100681,llama,span_max,recall_at_0.1_fpr
lgm2cr72,apertus_no_lora_ln_fp32_layer30_seed43_lr1em4,finished,2026-03-16 18:21:39+00:00,apertus,ln_fp32,30,43,1e-4,float32,layernorm,0.2797033190727234,train/longfact_test_llama/span_max_recall_at_0.1_fpr,0.5701943844492441,llama,span_max,recall_at_0.1_fpr
f873k60o,apertus_no_lora_ln_fp32_layer30_seed43_lr3em4,finished,2026-03-16 18:21:39+00:00,apertus,ln_fp32,30,43,3e-4,float32,layernorm,0.28264516592025757,train/longfact_test_llama/span_max_recall_at_0.1_fpr,0.6039209170958632,llama,span_max,recall_at_0.1_fpr
ybsg28sj,apertus_no_lora_ln_fp32_layer30_seed43_lr3em5,finished,2026-03-16 18:21:39+00:00,apertus,ln_fp32,30,43,3e-5,float32,layernorm,0.30628159642219543,train/longfact_test_llama/span_max_recall_at_0.1_fpr,0.5359694301378967,llama,span_max,recall_at_0.1_fpr
kn811t36,apertus_no_lora_ln_fp32_layer30_seed44_lr1em3,finished,2026-03-16 18:21:39+00:00,apertus,ln_fp32,30,44,1e-3,float32,layernorm,0.3007677495479584,train/longfact_test_llama/span_max_recall_at_0.1_fpr,0.6105665392922413,llama,span_max,recall_at_0.1_fpr
wf8rodcd,apertus_no_lora_ln_fp32_layer30_seed44_lr1em4,finished,2026-03-16 18:21:39+00:00,apertus,ln_fp32,30,44,1e-4,float32,layernorm,0.3687911331653595,train/longfact_test_llama/span_max_recall_at_0.1_fpr,0.5740156172121615,llama,span_max,recall_at_0.1_fpr
524a5l0b,apertus_no_lora_ln_fp32_layer30_seed44_lr3em4,finished,2026-03-16 18:21:39+00:00,apertus,ln_fp32,30,44,3e-4,float32,layernorm,0.3833605647087097,train/longfact_test_llama/span_max_recall_at_0.1_fpr,0.6014288087722213,llama,span_max,recall_at_0.1_fpr
m6zpszut,apertus_no_lora_ln_fp32_layer30_seed44_lr3em5,finished,2026-03-16 18:21:39+00:00,apertus,ln_fp32,30,44,3e-5,float32,layernorm,0.4072107970714569,train/longfact_test_llama/span_max_recall_at_0.1_fpr,0.5368001329124439,llama,span_max,recall_at_0.1_fpr
