run_id,run_name,probe_id,state,created_at,train_model,variant,layer,seed,lr,probe_dtype,normalize_before_head,final_loss,train/longfact_test_apertus/all_auc,train/longfact_test_apertus/all_f1,train/longfact_test_apertus/all_acc,train/longfact_test_apertus/all_recall_at_0.1_fpr,train/longfact_test_apertus/span_auc,train/longfact_test_apertus/span_f1,train/longfact_test_apertus/span_acc,train/longfact_test_apertus/span_recall_at_0.1_fpr,train/longfact_test_apertus/span_max_auc,train/longfact_test_apertus/span_max_f1,train/longfact_test_apertus/span_max_acc,train/longfact_test_apertus/span_max_recall_at_0.1_fpr,train/longfact_test_llama/all_auc,train/longfact_test_llama/all_f1,train/longfact_test_llama/all_acc,train/longfact_test_llama/all_recall_at_0.1_fpr,train/longfact_test_llama/span_auc,train/longfact_test_llama/span_f1,train/longfact_test_llama/span_acc,train/longfact_test_llama/span_recall_at_0.1_fpr,train/longfact_test_llama/span_max_auc,train/longfact_test_llama/span_max_f1,train/longfact_test_llama/span_max_acc,train/longfact_test_llama/span_max_recall_at_0.1_fpr
2msk68xv,apertus_no_lora_long_form_layer10_seed42,apertus_no_lora_long_form_layer10_seed42,finished,2026-03-02 14:54:28+00:00,apertus,apertus_layers,10,42,,bfloat16,none,0.1188635155558586,0.8349790136283437,0.2715897169678682,,0.5489403009221808,0.823749663399917,0.43322694729578193,,0.5209513023782559,0.8682490590818475,0.6256711838404501,,0.6258733378408835,0.8250763870485456,0.2697534880358563,,0.5157472259384591,0.8139533745830329,0.4938731842897636,,0.5034862674116629,0.8574751331855613,0.6395668767196236,,0.5969430137896661
ennpfi5c,apertus_no_lora_long_form_layer10_seed43,apertus_no_lora_long_form_layer10_seed43,finished,2026-03-02 14:55:28+00:00,apertus,apertus_layers,10,43,,bfloat16,none,0.2892115116119385,0.8300675186115706,0.2801368522126616,,0.5524533709293457,0.828807559160539,0.49088473601672766,,0.5408047703792729,0.8689065761865797,0.6383917626869331,,0.631282398016678,0.8226177442482394,0.26802455186734664,,0.5182340442275911,0.8186411677879629,0.5458616221819124,,0.5113087274730463,0.8577265431456805,0.6508885707066453,,0.6012626682173119
ckfvtpqq,apertus_no_lora_long_form_layer10_seed44,apertus_no_lora_long_form_layer10_seed44,finished,2026-03-02 14:55:28+00:00,apertus,apertus_layers,10,44,,bfloat16,none,0.14164792001247406,0.8233641459041334,0.2716896087682604,,0.5391175722837266,0.8285622203159897,0.5237544539601175,,0.5391175722837266,0.8705438410992483,0.6508443633044272,,0.6319585305386523,0.811920552468672,0.25787264768265716,,0.5020539859919729,0.8172171354570108,0.5732659162503261,,0.5134650192807114,0.8586864674778496,0.6580976863753213,,0.6050839009802292
5w54hojz,apertus_no_lora_long_form_layer20_seed42,apertus_no_lora_long_form_layer20_seed42,finished,2026-03-02 14:56:24+00:00,apertus,apertus_layers,20,42,,bfloat16,none,0.002515794476494193,0.7216130788305651,0.20019447800335916,,0.3927935840247764,0.7579270098229404,0.36343211725687385,,0.42318626204728776,0.844264785180656,0.6130918262065803,,0.5715573585756142,0.7152865479674657,0.20142013178822996,,0.37936570394270874,0.7533504252780392,0.4108404977637708,,0.4119776501141103,0.8388654097938774,0.6432152805411858,,0.5658747300215983
h3qhm4bp,apertus_no_lora_long_form_layer20_seed43,apertus_no_lora_long_form_layer20_seed43,finished,2026-03-02 14:56:24+00:00,apertus,apertus_layers,20,43,,bfloat16,none,0.4361111521720886,0.7325044196056973,0.21698776400110031,,0.4200661011856611,0.7675462313865282,0.377784872995601,,0.440173804516144,0.8528165969886055,0.6289351851851852,,0.5981519044399369,0.7258548789563044,0.21278362883410817,,0.40028330841268595,0.7623195228087261,0.42426054556327336,,0.42208231683324154,0.8415728147515787,0.6404207841887153,,0.5731849144376142
1sb6t3rt,apertus_no_lora_long_form_layer20_seed44,apertus_no_lora_long_form_layer20_seed44,finished,2026-03-02 14:56:24+00:00,apertus,apertus_layers,20,44,,bfloat16,none,0.9805268049240112,0.7097785804895088,0.2061640537214404,,0.39108327362655143,0.7545094567459225,0.3984282095031281,,0.42140661474102664,0.8473290339030696,0.6199556541019956,,0.5665990534144693,0.7136638775270779,0.20511592308933865,,0.3870465097977493,0.7570589324338984,0.4426168728302268,,0.4190131423624774,0.8377789849446498,0.6395429630201498,,0.5590629672703107
fjxaywoo,apertus_no_lora_long_form_layer26_seed42,apertus_no_lora_long_form_layer26_seed42,finished,2026-03-02 14:56:59+00:00,apertus,apertus_layers,26,42,,bfloat16,none,0.022064460441470143,0.6670177726305941,0.2175095284145856,,0.3869461714470613,0.6723649946790452,0.3474862772183649,,0.3939029745533548,0.8176474139385239,0.6102060373742214,,0.5769664187514086,0.6738023828077514,0.21943093823158652,,0.3868733768788857,0.6838376003744628,0.4017663683466792,,0.3996852128747934,0.8110870464828519,0.6356324640506946,,0.0
fc3llcx0,apertus_no_lora_long_form_layer26_seed43,apertus_no_lora_long_form_layer26_seed43,finished,2026-03-02 14:58:28+00:00,apertus,apertus_layers,26,43,,bfloat16,none,4.096796035766602,0.6698936929266394,0.21903579827541156,,0.3854438717729448,0.672824099653761,0.35925,,0.37804793491575567,0.8159692063559093,0.6083923950950613,,0.0,0.6799530804425895,0.22484818644345972,,0.39568741638466987,0.6860977780943553,0.411768105889833,,0.3871409459353112,0.8051164855676516,0.6270504487774683,,0.0
gtn6g9ne,apertus_no_lora_long_form_layer26_seed44,apertus_no_lora_long_form_layer26_seed44,finished,2026-03-02 14:58:28+00:00,apertus,apertus_layers,26,44,,bfloat16,none,0.0003512128023430705,0.6678283342388164,0.2112497938087645,,0.3773083412300368,0.6750514206774699,0.34716449199407234,,0.37661497214967526,0.816442135972021,0.5996109394667583,,0.5508226279017354,0.6739930132851973,0.21327218178241197,,0.3790823955300228,0.6863596516897853,0.40374767225325886,,0.3835051546391753,0.8022784807971455,0.624310239117106,,0.0
pk12wkry,apertus_no_lora_long_form_layer30_seed42,apertus_no_lora_long_form_layer30_seed42,finished,2026-03-02 14:58:28+00:00,apertus,apertus_layers,30,42,,bfloat16,none,82.0517578125,0.5000533691196455,0.0002309682187730968,,0.0001386738160722953,0.5000632452595398,0.00023109632094657053,,0.0001386738160722953,0.5006405165769446,0.0022512381809995496,,0.001352265043948614,0.5001886318873037,0.0005347004890936827,,0.0004092232627685527,0.5001899691781541,0.0005349781288353212,,0.0004092232627685527,0.5016529637360996,0.00463960231980116,,0.0034889516530985216
vhvivjkc,apertus_no_lora_long_form_layer30_seed43,apertus_no_lora_long_form_layer30_seed43,finished,2026-03-02 14:58:28+00:00,apertus,apertus_layers,30,43,,bfloat16,none,10.69191074371338,0.6531387502590341,0.2794741767688859,,0.34585249728430445,0.6504745746332085,0.4364717878993882,,0.34585249728430445,0.760383337477413,0.6132937978749691,,0.5913905792201938,0.6732749241184043,0.27152629354226077,,0.4098843157314866,0.6658728226797492,0.4915767576714558,,0.4098843157314866,0.775875530017658,0.6423202614379085,,0.0
agskbmvs,apertus_no_lora_long_form_layer30_seed44,apertus_no_lora_long_form_layer30_seed44,finished,2026-03-02 14:58:28+00:00,apertus,apertus_layers,30,44,,bfloat16,none,0.0001453680742997676,0.620358003757663,0.26669614639285205,,0.2638731596828992,0.6154336848041935,0.3672080654692621,,0.2638731596828992,0.7283952054526637,0.586879664789839,,0.5321162947937795,0.6459836147502036,0.2765519270373639,,0.3317541512552137,0.6358665083930621,0.4369267745190291,,0.3317541512552137,0.757597079379979,0.6351139725073952,,0.0
o5fobkxj,apertus_no_lora_bf16_only_layer10_seed42_lr1em3,apertus_no_lora_bf16_only_layer10_seed42_lr1em3,finished,2026-03-16 01:21:45+00:00,apertus,bf16_only,10,42,1e-3,bfloat16,none,0.1060740053653717,0.8353890310117517,0.274217554451502,,0.5529618415882774,0.8240666535649641,0.445712728078096,,0.5267987149559711,0.8677781782060882,0.6284263959390863,,0.62429569528961,0.8255630276925295,0.27023947256733893,,0.5161407098449673,0.8142446222721502,0.506009144350098,,0.5027307783111671,0.8555812838864558,0.6409422519117518,,0.5956138893503904
ngsqu3i1,apertus_no_lora_bf16_only_layer10_seed42_lr1em4,apertus_no_lora_bf16_only_layer10_seed42_lr1em4,finished,2026-03-16 01:21:45+00:00,apertus,bf16_only,10,42,1e-4,bfloat16,none,0.11451046913862228,0.8102487408491148,0.24885192865130115,,0.5096262740656852,0.7862309772755465,0.3959373326654345,,0.449118265652807,0.8347853760495857,0.596457404506567,,0.5596123506874014,0.8032665499160581,0.2493030568741874,,0.4891162351459825,0.7790610394525669,0.4556869680557091,,0.431195404107972,0.8244101174226798,0.6165250707979344,,0.5339757434789832
5xzqhvy4,apertus_no_lora_bf16_only_layer10_seed42_lr3em4,apertus_no_lora_bf16_only_layer10_seed42_lr3em4,finished,2026-03-16 01:21:45+00:00,apertus,bf16_only,10,42,3e-4,bfloat16,none,0.11626026779413225,0.8489650493091135,0.28498293515358364,,0.5777382300598609,0.8259093842049676,0.4580316079939794,,0.5247417200175654,0.8652076357372434,0.6246253746253746,,0.6215911652017129,0.8378000023734065,0.27968918356526745,,0.5369953568899032,0.8161184693467126,0.5222204481345468,,0.5013457149602581,0.8551964061266443,0.6470030185424752,,0.5972752948994849
83kur7ka,apertus_no_lora_bf16_only_layer10_seed42_lr3em5,apertus_no_lora_bf16_only_layer10_seed42_lr3em5,finished,2026-03-16 01:21:45+00:00,apertus,bf16_only,10,42,3e-5,bfloat16,none,0.4366786777973175,0.7073010007607247,0.1625865309677715,,0.35128388841380265,0.691882888080045,0.2622132677769357,,0.29035985855270763,0.7575235691107287,0.4991952172913313,,0.38764931259860264,0.7061787326491475,0.1677728975765825,,0.3398913984418037,0.6866878830405123,0.29196581196581195,,0.2701188321397655,0.7512699202717886,0.5272459499263623,,0.3784681840837349
j9k3f0jm,apertus_no_lora_bf16_only_layer10_seed43_lr1em3,apertus_no_lora_bf16_only_layer10_seed43_lr1em3,finished,2026-03-16 01:21:44+00:00,apertus,bf16_only,10,43,1e-3,bfloat16,none,0.3009301424026489,0.8273348693791714,0.280424396372273,,0.551621328032912,0.8287938741777823,0.4978915319363715,,0.5445489634132249,0.8683901811378919,0.6400980993255672,,0.6339869281045751,0.8198621120468573,0.26584616620153795,,0.5144565987251122,0.8183590636717126,0.548321306927003,,0.5123160462737074,0.8585940179711911,0.6568627450980392,,0.6074098687489616
ougxjsfh,apertus_no_lora_bf16_only_layer10_seed43_lr1em4,apertus_no_lora_bf16_only_layer10_seed43_lr1em4,finished,2026-03-16 01:21:44+00:00,apertus,bf16_only,10,43,1e-4,bfloat16,none,0.27749955654144287,0.8101206463277887,0.2441553067745569,,0.505489171886195,0.7828584314035001,0.374361143421099,,0.4419072272170476,0.8319190195766701,0.5850006137228427,,0.5478927203065134,0.803238457116773,0.24403045184088137,,0.4842842527740616,0.7764932633591703,0.4273121239350751,,0.4209805618950185,0.8225518291341378,0.6089399744572158,,0.5230104668549593
21sy8y12,apertus_no_lora_bf16_only_layer10_seed43_lr3em4,apertus_no_lora_bf16_only_layer10_seed43_lr3em4,finished,2026-03-16 01:21:44+00:00,apertus,bf16_only,10,43,3e-4,bfloat16,none,0.2755349278450012,0.8494167790032243,0.2828549527297504,,0.580742829408094,0.8253201035616345,0.4494214764192435,,0.5285090253541961,0.8658808116456893,0.6170566423730981,,0.623394185260311,0.8404217596907435,0.28000819216477957,,0.5446604233886834,0.8149485006984888,0.5138249095340871,,0.5006059652160226,0.8533199066280759,0.6384696384696384,,0.5873068616049177
t26a4uwp,apertus_no_lora_bf16_only_layer10_seed43_lr3em5,apertus_no_lora_bf16_only_layer10_seed43_lr3em5,finished,2026-03-16 01:21:44+00:00,apertus,bf16_only,10,43,3e-5,bfloat16,none,0.3126707673072815,0.7112373805685943,0.16289710763394974,,0.3557214505281161,0.6915207715889617,0.25550349546333484,,0.2889268957866272,0.7566466921713147,0.4965197215777262,,0.38764931259860264,0.7095299051432804,0.16882525877823443,,0.34396789171322895,0.6855966535778534,0.2868610003068426,,0.269426300464311,0.7503966740027002,0.5246499295716298,,0.37597607576009306
p9n6ul1e,apertus_no_lora_bf16_only_layer10_seed44_lr1em3,apertus_no_lora_bf16_only_layer10_seed44_lr1em3,finished,2026-03-16 01:21:44+00:00,apertus,bf16_only,10,44,1e-3,bfloat16,none,0.15629735589027405,0.8236520381680573,0.27254262120404904,,0.5385628770194374,0.8287874876835296,0.5178167555000237,,0.537291700372108,0.8692599477431413,0.6497096399535424,,0.6326346630606265,0.8122490244275065,0.25751148898128706,,0.4999449122530889,0.8160453213783301,0.561858707357214,,0.5074368458330054,0.8565357762717278,0.6594691127526585,,0.6054161820900482
feljklm1,apertus_no_lora_bf16_only_layer10_seed44_lr1em4,apertus_no_lora_bf16_only_layer10_seed44_lr1em4,finished,2026-03-16 01:21:44+00:00,apertus,bf16_only,10,44,1e-4,bfloat16,none,0.593794047832489,0.8104849144517552,0.2494945631386263,,0.5101578570272957,0.7851279894338004,0.39504421103632054,,0.4479626505188712,0.8324851387588541,0.5950772200772201,,0.5573585756141537,0.8033457695868185,0.24920163180920385,,0.48856535767687104,0.7769949434329743,0.4499050200513225,,0.4269929959864642,0.8226005190387408,0.6106755629691409,,0.5263332779531483
lfafy2oe,apertus_no_lora_bf16_only_layer10_seed44_lr3em4,apertus_no_lora_bf16_only_layer10_seed44_lr3em4,finished,2026-03-16 01:21:44+00:00,apertus,bf16_only,10,44,3e-4,bfloat16,none,0.2656649947166443,0.8465435938959277,0.288232417098699,,0.574386946171447,0.8287402046466776,0.4831917615033944,,0.5334319458247625,0.8660531468635746,0.625,,0.620464277665089,0.8354659203722793,0.2774056685044797,,0.5345714960258126,0.8191413007207186,0.5399044305654525,,0.5119540410797199,0.8553855007108857,0.6477301982322149,,0.5957800299052999
r3oezlrl,apertus_no_lora_bf16_only_layer10_seed44_lr3em5,apertus_no_lora_bf16_only_layer10_seed44_lr3em5,finished,2026-03-16 01:21:44+00:00,apertus,bf16_only,10,44,3e-5,bfloat16,none,0.7305357456207275,0.7121733771677046,0.16567213268806089,,0.35796334388795154,0.6928459141620072,0.2613352109544368,,0.29105322763306907,0.7580237027850111,0.49884098284654615,,0.392156862745098,0.7107624090919588,0.17069203929126694,,0.34755646494058395,0.6877298141672809,0.2917534105660193,,0.27298339497914537,0.752209495071552,0.5289065080938222,,0.3849476657252035
uw94ef5i,apertus_no_lora_bf16_only_layer20_seed42_lr1em3,apertus_no_lora_bf16_only_layer20_seed42_lr1em3,finished,2026-03-16 01:21:44+00:00,apertus,bf16_only,20,42,1e-3,bfloat16,none,0.006061427295207977,0.7266246832725936,0.20334581009854097,,0.4036332539810941,0.7551431508193684,0.3385107271967591,,0.4195345182240507,0.8464321516166843,0.6151688675937829,,0.5826008564345279,0.718444106737445,0.20804762596929843,,0.3868733768788857,0.7508816638303285,0.3890747065984329,,0.40234516408278903,0.8357897320110488,0.6346525096525096,,0.5638810433626849
ymsrn4r6,apertus_no_lora_bf16_only_layer20_seed42_lr1em4,apertus_no_lora_bf16_only_layer20_seed42_lr1em4,finished,2026-03-16 01:21:44+00:00,apertus,bf16_only,20,42,1e-4,bfloat16,none,0.04400371387600899,0.7180075507745518,0.18807250048723445,,0.3740263942496591,0.7279896751684699,0.3649898566172678,,0.3639956548870964,0.8029235508761362,0.5767245918904687,,0.5016903313049358,0.7101546288559939,0.1840744043827239,,0.35333280868812467,0.7276374571291747,0.40789131932289135,,0.35874714724167783,0.7945408548583182,0.6050842447531777,,0.0
uy0gdnv4,apertus_no_lora_bf16_only_layer20_seed42_lr3em4,apertus_no_lora_bf16_only_layer20_seed42_lr3em4,finished,2026-03-16 01:21:44+00:00,apertus,bf16_only,20,42,3e-4,bfloat16,none,0.00907330308109522,0.7339007410034845,0.2176433400837914,,0.4115145491945362,0.7545329096559957,0.3631422748238996,,0.41703838953474937,0.8473672931248677,0.6102455146364495,,0.571782736082939,0.7250527038711994,0.20822891848852568,,0.3926654599826867,0.751306440623429,0.39669810211424944,,0.4110647674510112,0.8370931864475439,0.6312785388127854,,0.5637149028077754
fu81gp5i,apertus_no_lora_bf16_only_layer20_seed42_lr3em5,apertus_no_lora_bf16_only_layer20_seed42_lr3em5,finished,2026-03-16 01:21:44+00:00,apertus,bf16_only,20,42,3e-5,bfloat16,none,2.1262459754943848,0.6264446004589165,0.12646150799722777,,0.25097649478817574,0.635712703234589,0.25202245780193366,,0.22465158203711835,0.7180889086467801,0.4776366077884516,,0.0,0.6258009030490116,0.1286801226980471,,0.2458802234988589,0.6392908615091916,0.28293010752688175,,0.2266309907924766,0.714656515601048,0.5087278106508876,,0.0
2g6rw2bt,apertus_no_lora_bf16_only_layer20_seed43_lr1em3,apertus_no_lora_bf16_only_layer20_seed43_lr1em3,finished,2026-03-16 01:21:44+00:00,apertus,bf16_only,20,43,1e-3,bfloat16,none,0.5826413631439209,0.7355764801963002,0.2253477105797781,,0.430813321931264,0.7714300323371956,0.4015035500487262,,0.4613677860725264,0.8552404737510404,0.629252090253121,,0.5981519044399369,0.7290309290152253,0.21349123521762667,,0.401196191075785,0.7671743588506915,0.43638064383655406,,0.43487841347288897,0.8436083203076397,0.6448500442228833,,0.5788336933045356
7ynpw2cn,apertus_no_lora_bf16_only_layer20_seed43_lr1em4,apertus_no_lora_bf16_only_layer20_seed43_lr1em4,finished,2026-03-16 01:21:44+00:00,apertus,bf16_only,20,43,1e-4,bfloat16,none,1.368619084358215,0.7199341722545447,0.18745708184785573,,0.3757829292532415,0.7270421610146739,0.3484281567996643,,0.35867982527099174,0.8011298586118486,0.5712740644603072,,0.4726166328600406,0.7115314300436606,0.1819669836210331,,0.3522782718186826,0.7261234491743133,0.38893811929614586,,0.3543401274887857,0.7952708892662561,0.6023224249736088,,0.0
900ivg46,apertus_no_lora_bf16_only_layer20_seed43_lr3em4,apertus_no_lora_bf16_only_layer20_seed43_lr3em4,finished,2026-03-16 01:21:44+00:00,apertus,bf16_only,20,43,3e-4,bfloat16,none,0.40857547521591187,0.7363455037798762,0.22128454968584885,,0.4217764115838861,0.7681648252457483,0.4105337247429229,,0.4499734208519195,0.8560948225808529,0.6334575849994353,,0.60491322965968,0.7292139745701173,0.2145692682328994,,0.4022349885889667,0.7652963624575306,0.4520025143678161,,0.4379475879436531,0.8472779551346723,0.6487632508833923,,0.577172287755441
qo5cb98m,apertus_no_lora_bf16_only_layer20_seed43_lr3em5,apertus_no_lora_bf16_only_layer20_seed43_lr3em5,finished,2026-03-16 01:21:44+00:00,apertus,bf16_only,20,43,3e-5,bfloat16,none,6.096769332885742,0.6281700472685064,0.12788936569182505,,0.2541197679524811,0.6372829772463582,0.25427951746760113,,0.22765618138535143,0.7188380888051653,0.4825298081907724,,0.0,0.6278094295034264,0.13044167920142213,,0.24869756826945777,0.6400163691056588,0.2856355774873939,,0.22862988903753836,0.7153581133616104,0.5103611604499704,,0.0
99kvtmj8,apertus_no_lora_bf16_only_layer20_seed44_lr1em3,apertus_no_lora_bf16_only_layer20_seed44_lr1em3,finished,2026-03-16 01:21:44+00:00,apertus,bf16_only,20,44,1e-3,bfloat16,none,0.13294142484664917,0.7125403346580952,0.20357425481403324,,0.3921233272470936,0.7624380437261291,0.4176842674965328,,0.4349041995053967,0.8476144194170323,0.6215690512210936,,0.581473968897904,0.7159171350680178,0.20021567570217147,,0.38213583064452666,0.7605572307492842,0.45256218492050304,,0.4175651215865271,0.8355650612148999,0.6371077762619373,,0.5637149028077754
g1itgrow,apertus_no_lora_bf16_only_layer20_seed44_lr1em4,apertus_no_lora_bf16_only_layer20_seed44_lr1em4,finished,2026-03-16 01:21:44+00:00,apertus,bf16_only,20,44,1e-4,bfloat16,none,4.639030521502718e-05,0.724560495219876,0.19513727809557255,,0.382092587884531,0.7275257543797358,0.3648363799716645,,0.3653130561397832,0.8001515168021937,0.5754535752401281,,0.4782510705431598,0.7163582894125561,0.18803661168612257,,0.361485795230975,0.7259671809378874,0.4055449850502854,,0.3591563705044464,0.7933901283242729,0.6039332096474954,,0.0
vuc2g8id,apertus_no_lora_bf16_only_layer20_seed44_lr3em4,apertus_no_lora_bf16_only_layer20_seed44_lr3em4,finished,2026-03-16 01:21:44+00:00,apertus,bf16_only,20,44,3e-4,bfloat16,none,0.2754364609718323,0.7283883573904615,0.2147305947102362,,0.4100353618230984,0.7615335836705784,0.4191842645919639,,0.43083643423394274,0.8517712975236658,0.6229719565918126,,0.5846292540004507,0.7261600947913505,0.2079657736579403,,0.3955929802471079,0.7601869589517546,0.4531400858959704,,0.4201306366569607,0.8415157337051271,0.6410432395332876,,0.5630503405881375
v52uwh1g,apertus_no_lora_bf16_only_layer20_seed44_lr3em5,apertus_no_lora_bf16_only_layer20_seed44_lr3em5,finished,2026-03-16 01:21:44+00:00,apertus,bf16_only,20,44,3e-5,bfloat16,none,23.12533187866211,0.6249126445433069,0.12566615401123074,,0.2500751149837058,0.6355517674374815,0.2521394355837026,,0.22479025585319065,0.7182613081388726,0.47951882194337864,,0.0,0.624703383657121,0.12853573756245926,,0.24551821830487133,0.6389796356507107,0.2838807187582468,,0.2268356024238609,0.7149006035805083,0.5110433553952555,,0.0
vz5jn274,apertus_no_lora_bf16_only_layer26_seed42_lr1em3,apertus_no_lora_bf16_only_layer26_seed42_lr1em3,finished,2026-03-16 01:21:44+00:00,apertus,bf16_only,26,42,1e-3,bfloat16,none,0.023973966017365456,0.6630812156812712,0.21111771772500576,,0.3796426838005871,0.667157302489733,0.32316665428337915,,0.38239304781935424,0.811144631716988,0.590685066535239,,0.5562316880775299,0.668974397461338,0.2141098251662152,,0.37813803415440306,0.6780416749988738,0.3765880654475457,,0.3865743291099394,0.8085874844335705,0.6262390670553936,,0.0
4drsxr5u,apertus_no_lora_bf16_only_layer26_seed42_lr1em4,apertus_no_lora_bf16_only_layer26_seed42_lr1em4,finished,2026-03-16 01:21:44+00:00,apertus,bf16_only,26,42,1e-4,bfloat16,none,0.023594362661242485,0.6469086226141515,0.1753754571628667,,0.33076016363510297,0.6687845146808327,0.32356477576584175,,0.33076016363510297,0.779189480394776,0.5692324347731947,,0.0,0.6508720334495444,0.1805260225373253,,0.32892106712835445,0.6786283077887133,0.37223915592028134,,0.3364759581333123,0.7771276039116748,0.5917591607115706,,0.0
1crms08u,apertus_no_lora_bf16_only_layer26_seed42_lr3em4,apertus_no_lora_bf16_only_layer26_seed42_lr3em4,finished,2026-03-16 01:21:44+00:00,apertus,bf16_only,26,42,3e-4,bfloat16,none,0.006822563707828522,0.6624800218683247,0.18795506662862335,,0.36029768645850185,0.7124790677536128,0.32484658094681473,,0.3682945431853375,0.8208142362612516,0.5936355311355311,,0.5384268649988732,0.6690879765274692,0.19049804357277425,,0.35627606830880615,0.7238639216531215,0.37411948865118705,,0.3725348233257259,0.8121703499894594,0.6175143879296936,,0.5233427479647782
cq95ctu3,apertus_no_lora_bf16_only_layer26_seed42_lr3em5,apertus_no_lora_bf16_only_layer26_seed42_lr3em5,finished,2026-03-16 01:21:44+00:00,apertus,bf16_only,26,42,3e-5,bfloat16,none,0.9924049973487854,0.592282247236744,0.11902847363971876,,0.23775625765595024,0.5889429337061052,0.21428306298949557,,0.20833429634594497,0.6973307741272277,0.46763264880642136,,0.0,0.599403706587202,0.12047766251335444,,0.2346738018415047,0.5985273531018998,0.2381029722267338,,0.20746045486739592,0.6999595877338775,0.4980813507290867,,0.0
q08ckrfy,apertus_no_lora_bf16_only_layer26_seed43_lr1em3,apertus_no_lora_bf16_only_layer26_seed43_lr1em3,finished,2026-03-16 01:21:45+00:00,apertus,bf16_only,26,43,1e-3,bfloat16,none,4.096848487854004,0.6693898510509085,0.2114915190586468,,0.3799662560380891,0.681887256905644,0.3612615823235923,,0.3788568655095107,0.8165107486881393,0.6080160768114324,,0.0,0.6761730264323795,0.21559635784475764,,0.3836940269142992,0.6913278917878359,0.4131671696113888,,0.3790351774612418,0.8065886141163774,0.6315869980879542,,0.0
hirctdjt,apertus_no_lora_bf16_only_layer26_seed43_lr1em4,apertus_no_lora_bf16_only_layer26_seed43_lr1em4,finished,2026-03-16 01:21:45+00:00,apertus,bf16_only,26,43,1e-4,bfloat16,none,4.878128528594971,0.6500998350497612,0.17859798694973658,,0.3364920146994245,0.6638679771843928,0.30962540627893886,,0.3250514248734601,0.7764173258066951,0.5627800240410884,,0.0,0.6539654044683361,0.1820795805319464,,0.3326512945620524,0.6740376586022762,0.35723428463070067,,0.329424726528685,0.7763447397664703,0.589640222103902,,0.0
psn29j9n,apertus_no_lora_bf16_only_layer26_seed43_lr3em4,apertus_no_lora_bf16_only_layer26_seed43_lr3em4,finished,2026-03-16 01:21:45+00:00,apertus,bf16_only,26,43,3e-4,bfloat16,none,1.7208261489868164,0.6579216517009996,0.1927888605416039,,0.364758360875494,0.7104437581995987,0.33776118331298915,,0.35937319435135323,0.8226871223830075,0.5974420117060482,,0.5357223349109759,0.6633430094606368,0.19088457837908465,,0.3527032344377115,0.7191313844223399,0.3774515560775103,,0.3527032344377115,0.8091004639186676,0.6203192600328211,,0.4894500747632497
lx8g6b8s,apertus_no_lora_bf16_only_layer26_seed43_lr3em5,apertus_no_lora_bf16_only_layer26_seed43_lr3em5,finished,2026-03-16 01:21:45+00:00,apertus,bf16_only,26,43,3e-5,bfloat16,none,12.94149684906006,0.5913565324077739,0.1201423097974822,,0.23754824693184184,0.5888135920257468,0.2127849965511456,,0.20819562252987264,0.6986415260676421,0.46956889264581575,,0.0,0.5987637215078856,0.12241414977244518,,0.23752262532462423,0.5984718519902426,0.2372159446796783,,0.21051388998189977,0.7009394410279369,0.4988798764001545,,0.0
wixkxx9v,apertus_no_lora_bf16_only_layer26_seed44_lr1em3,apertus_no_lora_bf16_only_layer26_seed44_lr1em3,finished,2026-03-16 01:21:44+00:00,apertus,bf16_only,26,44,1e-3,bfloat16,none,10.250615119934082,0.669052008461458,0.20971114690786116,,0.3750664478702013,0.6853252317826141,0.369997705166905,,0.3860910162479488,0.8200718691688231,0.6145833333333334,,0.0,0.6777202014091046,0.2145464369679307,,0.3826709687573778,0.6960662843406125,0.4252381169393428,,0.3911859604942158,0.8047991473789143,0.6289440155886982,,0.0
2r4mqan8,apertus_no_lora_bf16_only_layer26_seed44_lr1em4,apertus_no_lora_bf16_only_layer26_seed44_lr1em4,finished,2026-03-16 01:21:44+00:00,apertus,bf16_only,26,44,1e-4,bfloat16,none,0.0004059617640450597,0.6497517060768593,0.17893307858615315,,0.33901125569140456,0.6685010082361869,0.32123772385904104,,0.3383641112164005,0.7797012557348258,0.5663444639718805,,0.0,0.6517765963385498,0.18201891285750615,,0.3317069331864327,0.6765898310791458,0.3699874281820211,,0.3364287400645314,0.7752713222005311,0.5881994670727065,,0.0
v3h0pfq3,apertus_no_lora_bf16_only_layer26_seed44_lr3em4,apertus_no_lora_bf16_only_layer26_seed44_lr3em4,finished,2026-03-16 01:21:44+00:00,apertus,bf16_only,26,44,3e-4,bfloat16,none,0.3673836886882782,0.6586437134040369,0.18581330776452729,,0.35472762151293136,0.7145510018252772,0.3346645080050369,,0.3615919754085099,0.8207131168648738,0.5936202752894909,,0.530764029749831,0.6699709113179898,0.19691225055013964,,0.36153301329975607,0.7255223083650487,0.394083060261684,,0.36545211300857794,0.8074992100874983,0.615476546160741,,0.504236584150191
muqajhqb,apertus_no_lora_bf16_only_layer26_seed44_lr3em5,apertus_no_lora_bf16_only_layer26_seed44_lr3em5,finished,2026-03-16 01:21:44+00:00,apertus,bf16_only,26,44,3e-5,bfloat16,none,7.75074577331543,0.592428086011359,0.12014783481809052,,0.23798738068273745,0.5884694339504201,0.21029015854023336,,0.20905077772898512,0.699730138313916,0.46739708541644504,,0.0,0.5992866162772683,0.12119278183345598,,0.23764854017470685,0.5976263851917161,0.23376166610141816,,0.20982135830644527,0.7016248138874126,0.49700738437621456,,0.0
imd2hxzj,apertus_no_lora_bf16_only_layer30_seed42_lr1em3,apertus_no_lora_bf16_only_layer30_seed42_lr1em3,finished,2026-03-16 01:21:44+00:00,apertus,bf16_only,30,42,1e-3,bfloat16,none,82.0517578125,0.5,0.0,,0.0,0.5,0.0,,0.0,0.5,0.0,,0.0,0.5,0.0,,0.0,0.5,0.0,,0.0,0.5,0.0,,0.0
g9535ebe,apertus_no_lora_bf16_only_layer30_seed42_lr1em4,apertus_no_lora_bf16_only_layer30_seed42_lr1em4,finished,2026-03-16 01:21:44+00:00,apertus,bf16_only,30,42,1e-4,bfloat16,none,0.033634547144174576,0.6385420971876845,0.18783676448489792,,0.3358910948297779,0.6439348449295945,0.31874396663206017,,0.3424781010932119,0.7847688832880346,0.5783573552962709,,0.0,0.6513874860490119,0.19895725225529512,,0.35109782009915796,0.6594306371298604,0.3801734355014727,,0.3572046903281656,0.786727196864275,0.6146004861601192,,0.0
j9yucacb,apertus_no_lora_bf16_only_layer30_seed42_lr3em4,apertus_no_lora_bf16_only_layer30_seed42_lr3em4,finished,2026-03-16 01:21:44+00:00,apertus,bf16_only,30,42,3e-4,bfloat16,none,0.025012411177158356,0.6642246520998935,0.20662303369054835,,0.36709270344604433,0.6764989086099878,0.35826904918850544,,0.3767767582684262,0.8117463106042704,0.6050135501355014,,0.0,0.6735180995765047,0.2149529348282271,,0.3795230975053121,0.688391680954061,0.4130462332515352,,0.3892657590304556,0.8048084708698572,0.6283089380255372,,0.0
4bo3xdzv,apertus_no_lora_bf16_only_layer30_seed42_lr3em5,apertus_no_lora_bf16_only_layer30_seed42_lr3em5,finished,2026-03-16 01:21:44+00:00,apertus,bf16_only,30,42,3e-5,bfloat16,none,33.04824447631836,0.5581400319064419,0.09655075518089216,,0.2111077726673909,0.5572744513377811,0.13975148963862283,,0.21173180483971615,0.686249916885416,0.42534744358026266,,0.0,0.5676062182979644,0.11286447620858324,,0.2244746989848115,0.5681981480970549,0.17683777233152342,,0.22548201778547255,0.7026102612760377,0.5029570129755495,,0.0
a55rsp1p,apertus_no_lora_bf16_only_layer30_seed43_lr1em3,apertus_no_lora_bf16_only_layer30_seed43_lr1em3,finished,2026-03-16 01:21:45+00:00,apertus,bf16_only,30,43,1e-3,bfloat16,none,9.379252433776855,0.636379634137228,0.26887056362353745,,0.3033027480527885,0.6335759223868463,0.39082776422333015,,0.3033027480527885,0.7446284277555181,0.5964912280701754,,0.5749380211854856,0.6585250511593771,0.2723674004333057,,0.3674037931848587,0.6500868519200145,0.45513157159617856,,0.3674037931848587,0.7641286002888295,0.636665248830285,,0.0
5uzjpj1x,apertus_no_lora_bf16_only_layer30_seed43_lr1em4,apertus_no_lora_bf16_only_layer30_seed43_lr1em4,finished,2026-03-16 01:21:45+00:00,apertus,bf16_only,30,43,1e-4,bfloat16,none,6.222002029418945,0.6346699887842925,0.18495526152708772,,0.32900362863152055,0.6394589199185927,0.3115237415078101,,0.3333487415351191,0.7790330530431572,0.5706794345645235,,0.0,0.6479031435537032,0.1970468687274187,,0.3445659872511214,0.6545116962895321,0.3711045481393975,,0.3489887463602739,0.7844053486597472,0.6172897196261682,,0.0
fctlmblr,apertus_no_lora_bf16_only_layer30_seed43_lr3em4,apertus_no_lora_bf16_only_layer30_seed43_lr3em4,finished,2026-03-16 01:21:45+00:00,apertus,bf16_only,30,43,3e-4,bfloat16,none,5.815634250640869,0.6530717871766202,0.200058326042578,,0.35197725749416414,0.6675529165001122,0.33587204874333587,,0.356299258095084,0.8064341196929068,0.5913673954911068,,0.0,0.6634080416163651,0.20800933619169637,,0.3617533642874006,0.6798100927074879,0.3854181356649274,,0.36469662390808216,0.8016823702292177,0.6261125299899388,,0.0
580vhzgn,apertus_no_lora_bf16_only_layer30_seed43_lr3em5,apertus_no_lora_bf16_only_layer30_seed43_lr3em5,finished,2026-03-16 01:21:45+00:00,apertus,bf16_only,30,43,3e-5,bfloat16,none,10.316194534301758,0.5525288882860903,0.0909052339805688,,0.20045300113250283,0.552228230286343,0.13144119090462947,,0.20045300113250283,0.6794884872200864,0.41319757700734633,,0.0,0.561544231459304,0.10659211043641606,,0.213110883764854,0.5627076996527063,0.1663349057890001,,0.2158810104666719,0.6990338005530574,0.49287241625089095,,0.0
uns2a6j2,apertus_no_lora_bf16_only_layer30_seed44_lr1em3,apertus_no_lora_bf16_only_layer30_seed44_lr1em3,finished,2026-03-16 01:21:44+00:00,apertus,bf16_only,30,44,1e-3,bfloat16,none,0.0,0.5001697706830905,0.0007387058796371107,,0.0003697968428594541,0.5001239763042644,0.0007391495160880512,,0.0003697968428594541,0.5011441210584124,0.0058309037900874635,,0.002929907595221997,0.5000035674278054,3.147276818732592e-05,,1.5739356260328953e-05,0.4999932275321772,3.1476730826736335e-05,,1.5739356260328953e-05,0.499991573388349,0.00033206043499916984,,0.0001661405549094534
m97ar22y,apertus_no_lora_bf16_only_layer30_seed44_lr1em4,apertus_no_lora_bf16_only_layer30_seed44_lr1em4,finished,2026-03-16 01:21:44+00:00,apertus,bf16_only,30,44,1e-4,bfloat16,none,10.063371658325195,0.6322873161998004,0.1794786393107736,,0.32304065454041186,0.6377697043684165,0.2988114822276853,,0.3303903667922435,0.7812688554412343,0.565763688760807,,0.0,0.6446942761461663,0.19117974844769944,,0.337703627921618,0.6519138918323235,0.3577301651612288,,0.3422680412371134,0.7824593334153936,0.6096391225725293,,0.0
hr0vmzt0,apertus_no_lora_bf16_only_layer30_seed44_lr3em4,apertus_no_lora_bf16_only_layer30_seed44_lr3em4,finished,2026-03-16 01:21:44+00:00,apertus,bf16_only,30,44,3e-4,bfloat16,none,6.532261848449707,0.6509746468606527,0.1948639144182748,,0.34804816603878247,0.6756320427964059,0.3535340898936645,,0.3731943513532253,0.8093470830002724,0.5978017048003589,,0.0,0.6583938042269064,0.19988931286592293,,0.3543873455575667,0.6868370505601731,0.39942726098040815,,0.3797277091366963,0.8035694954671923,0.6266067833359145,,0.0
w644eh9h,apertus_no_lora_bf16_only_layer30_seed44_lr3em5,apertus_no_lora_bf16_only_layer30_seed44_lr3em5,finished,2026-03-16 01:21:44+00:00,apertus,bf16_only,30,44,3e-5,bfloat16,none,33.25065612792969,0.553416017881787,0.091997868342075,,0.2008227979753623,0.5542467150459873,0.13400335008375208,,0.2047981140361014,0.680838430358302,0.4168817759421786,,0.0,0.5634184461768055,0.1078273858632878,,0.2159754466042339,0.5660162897451586,0.1690631808278867,,0.22257023687731173,0.7017891809521971,0.4966131907308378,,0.0
3618z7cg,apertus_no_lora_fp32_only_layer10_seed42_lr1em3,apertus_no_lora_fp32_only_layer10_seed42_lr1em3,finished,2026-03-16 18:21:39+00:00,apertus,fp32_only,10,42,1e-3,float32,none,0.11816876381635666,0.8253295562149812,0.25539529569023134,,0.5298495389095615,0.8210941512890872,0.4143696655939555,,0.5164906279612638,0.868711873544611,0.6206014075495841,,0.6272256028848321,0.816573970196897,0.26279668634453274,,0.5022113795545762,0.8104408583947829,0.4818914825374198,,0.4995042102777996,0.8558541024059411,0.638901275305449,,0.5982721382289417
mhg0ycoh,apertus_no_lora_fp32_only_layer10_seed42_lr1em4,apertus_no_lora_fp32_only_layer10_seed42_lr1em4,finished,2026-03-16 18:21:39+00:00,apertus,fp32_only,10,42,1e-4,float32,none,0.1332954168319702,0.8280937427448298,0.2669996570056594,,0.5439480435435783,0.8090507215759346,0.4250200481154772,,0.4946495019298773,0.8545591671553917,0.6102411135968183,,0.599954924498535,0.8193211088000909,0.26684623325462464,,0.5174470764145747,0.8007538518503885,0.4894552419091562,,0.47471472416778154,0.8438964364462314,0.6321937811372617,,0.5718557899983386
b71ik25s,apertus_no_lora_fp32_only_layer10_seed42_lr3em4,apertus_no_lora_fp32_only_layer10_seed42_lr3em4,finished,2026-03-16 18:21:39+00:00,apertus,fp32_only,10,42,3e-4,float32,none,0.1127048209309578,0.8441340959339182,0.2764892643814239,,0.5699031594517762,0.8266154371442432,0.4385306066709911,,0.5271916241015092,0.868058799394447,0.622766717713119,,0.6206896551724138,0.8337031940965722,0.2774899658751348,,0.5308097898795939,0.8170132363247934,0.5101361966779713,,0.5062563941134808,0.8572208197687519,0.6452863436123348,,0.6040870576507725
8hl54mqx,apertus_no_lora_fp32_only_layer10_seed42_lr3em5,apertus_no_lora_fp32_only_layer10_seed42_lr3em5,finished,2026-03-16 18:21:39+00:00,apertus,fp32_only,10,42,3e-5,float32,none,0.15368859469890594,0.7808221145584091,0.2313025873235297,,0.4716065361591976,0.7718617296106467,0.37242152859321054,,0.4236485081008621,0.8234917952849792,0.5861114454206282,,0.5442866801893171,0.7770464468809531,0.23392429562175104,,0.45527661918627527,0.7653728897844956,0.4257697388476781,,0.4026599512079956,0.816218787105847,0.6079331941544885,,0.5198537963116797
x3sqior5,apertus_no_lora_fp32_only_layer10_seed43_lr1em3,apertus_no_lora_fp32_only_layer10_seed43_lr1em3,finished,2026-03-16 18:21:39+00:00,apertus,fp32_only,10,43,1e-3,float32,none,0.29647397994995117,0.8249237989189101,0.27163006845961074,,0.5413825779462408,0.8263827002100741,0.4713350327385415,,0.5371068019506784,0.8694177650244896,0.6320238687220289,,0.6274509803921569,0.8162861229671198,0.2626083860428099,,0.5053120327378611,0.8153194995140364,0.530157924779603,,0.5056897772881089,0.8575737949747722,0.64648537711647,,0.5996012626682173
dm4602lm,apertus_no_lora_fp32_only_layer10_seed43_lr1em4,apertus_no_lora_fp32_only_layer10_seed43_lr1em4,finished,2026-03-16 18:21:39+00:00,apertus,fp32_only,10,43,1e-4,float32,none,0.2917933166027069,0.8279400046598742,0.2654318953300597,,0.5433933482792891,0.8079195424528698,0.4165502973881562,,0.4935863360066563,0.853446717212546,0.6059919436052367,,0.5916159567275185,0.8202927444278653,0.2646226645202205,,0.5188321397654836,0.7996815441378431,0.47776640133875,,0.4722436452349099,0.8418795373351391,0.6266042317030871,,0.5682006977903307
3mcpf9f3,apertus_no_lora_fp32_only_layer10_seed43_lr3em4,apertus_no_lora_fp32_only_layer10_seed43_lr3em4,finished,2026-03-16 18:21:39+00:00,apertus,fp32_only,10,43,3e-4,float32,none,0.2921086251735687,0.8435093124813688,0.2847347890778944,,0.5731388818267964,0.8305973459786202,0.4708170559388247,,0.5409665564980239,0.8711342961031094,0.6309986217266007,,0.6326346630606265,0.8340815914230902,0.27816605634034797,,0.5370268356024238,0.8200117740506541,0.5340233568025633,,0.5126150940426537,0.8585932883066822,0.6514680483592401,,0.6020933709918591
0v0cghh6,apertus_no_lora_fp32_only_layer10_seed43_lr3em5,apertus_no_lora_fp32_only_layer10_seed43_lr3em5,finished,2026-03-16 18:21:39+00:00,apertus,fp32_only,10,43,3e-5,float32,none,0.27485892176628113,0.7788121215343744,0.22465215555124357,,0.4668916264127395,0.7701113949570524,0.35165267107378956,,0.4197656412508378,0.8213600367597045,0.5738636363636364,,0.5361730899256254,0.774965811654832,0.22880496975641657,,0.44863461084441647,0.7634943759364141,0.40371058370158414,,0.39781222947981426,0.8142963086090095,0.6025389792962427,,0.5132081741153015
k8u6gf39,apertus_no_lora_fp32_only_layer10_seed44_lr1em3,apertus_no_lora_fp32_only_layer10_seed44_lr1em3,finished,2026-03-16 18:21:39+00:00,apertus,fp32_only,10,44,1e-3,float32,none,0.09856606274843216,0.8194290955749719,0.26692148692542406,,0.5276769824577623,0.8280109982896513,0.5157047320211721,,0.536644555897104,0.8695887665525767,0.6507936507936508,,0.6378183457290962,0.8088741563255103,0.2560498605027417,,0.4997560399779649,0.8172827634287949,0.566023166023166,,0.5176359486896986,0.856865128589283,0.6552287581699346,,0.6052500415351387
rgnn8edm,apertus_no_lora_fp32_only_layer10_seed44_lr1em4,apertus_no_lora_fp32_only_layer10_seed44_lr1em4,finished,2026-03-16 18:21:39+00:00,apertus,fp32_only,10,44,1e-4,float32,none,0.4017370939254761,0.826881857961412,0.2724481658692185,,0.5418217116971363,0.8112337156238263,0.4544275596049613,,0.5009129359558093,0.8540446922986419,0.6178289872650091,,0.5949966193373901,0.8168500236567975,0.2639515173002138,,0.5118123868733769,0.8023604026539206,0.50855996243009,,0.4778625954198473,0.8439117695351406,0.6336148648648648,,0.5726864927728859
1hlg6mhh,apertus_no_lora_fp32_only_layer10_seed44_lr3em4,apertus_no_lora_fp32_only_layer10_seed44_lr3em4,finished,2026-03-16 18:21:39+00:00,apertus,fp32_only,10,44,3e-4,float32,none,0.3334559202194214,0.8406088499891392,0.2857665836872163,,0.5663900894446113,0.8306734460343942,0.5023085214201831,,0.5420297224212448,0.869859457375933,0.6400096641700894,,0.6308316430020284,0.8300922040229859,0.27477330221844465,,0.5281026206028173,0.8202219590003197,0.5598032686100722,,0.51387424254348,0.8589625846889672,0.6558061821219716,,0.6047516198704104
h32xr3bj,apertus_no_lora_fp32_only_layer10_seed44_lr3em5,apertus_no_lora_fp32_only_layer10_seed44_lr3em5,finished,2026-03-16 18:21:39+00:00,apertus,fp32_only,10,44,3e-5,float32,none,0.6063321232795715,0.7818781094432283,0.230704191327455,,0.47130607622437426,0.771658858270541,0.3696080501020336,,0.4245730002080107,0.8222667851368852,0.5800823842985219,,0.5391029975208474,0.7771766463271241,0.23302698266518815,,0.4528055402534037,0.7646990478648167,0.421981712159372,,0.4028173447705989,0.8148824521624347,0.6071877356119628,,0.5150357202193055
7otuls41,apertus_no_lora_fp32_only_layer20_seed42_lr1em3,apertus_no_lora_fp32_only_layer20_seed42_lr1em3,finished,2026-03-16 18:21:39+00:00,apertus,fp32_only,20,42,1e-3,float32,none,0.0014074433129280806,0.7331975734143705,0.2149221549291309,,0.4136177687382994,0.7529264357945809,0.3621113366812694,,0.413086185776689,0.8474132411486944,0.6230389959659346,,0.5819247239125536,0.7297562763270763,0.21227394367042277,,0.39546706539702525,0.7511564382314291,0.4086068697881777,,0.3980955378925002,0.8356121093743587,0.6388308977035491,,0.5585645456055823
h3hhroh2,apertus_no_lora_fp32_only_layer20_seed42_lr1em4,apertus_no_lora_fp32_only_layer20_seed42_lr1em4,finished,2026-03-16 18:21:39+00:00,apertus,fp32_only,20,42,1e-4,float32,none,0.005417922046035528,0.717574397856799,0.1878123108178824,,0.37601405228002865,0.7341820333441071,0.33042096902303414,,0.378671967088081,0.8238400650763492,0.58504651429884,,0.5309894072571557,0.7113437320025794,0.18603631883817623,,0.358227748485087,0.7363183298876951,0.37354168896500056,,0.3829070591012827,0.8191300876896619,0.616733708769107,,0.5299883701611563
gbg3qolw,apertus_no_lora_fp32_only_layer20_seed42_lr3em4,apertus_no_lora_fp32_only_layer20_seed42_lr3em4,finished,2026-03-16 18:21:39+00:00,apertus,fp32_only,20,42,3e-4,float32,none,0.012795637361705303,0.7280038483278114,0.2094739034630943,,0.4093651050454157,0.7585042354426731,0.3468946862008242,,0.4275544872535651,0.851069905238287,0.6068816688646446,,0.5751633986928104,0.7201533971416926,0.2069332717498685,,0.3935153852207445,0.7557421247363373,0.38503682307022047,,0.4187613126623121,0.8395607344665117,0.6335527960663389,,0.565044027247051
vpc4pmw1,apertus_no_lora_fp32_only_layer20_seed42_lr3em5,apertus_no_lora_fp32_only_layer20_seed42_lr3em5,finished,2026-03-16 18:21:39+00:00,apertus,fp32_only,20,42,3e-5,float32,none,0.4815448522567749,0.6916808499621875,0.1733546481697239,,0.343448817805718,0.7161640840896898,0.3379879906319886,,0.3483486259736058,0.7952651425131105,0.5612510860121633,,0.4823078656750056,0.6876852169618701,0.17212995941356746,,0.32745730699614384,0.7189103956807239,0.383723211503618,,0.34256708900605964,0.7963370456569122,0.5950425676184736,,0.48513042033560394
4hd86xs1,apertus_no_lora_fp32_only_layer20_seed43_lr1em3,apertus_no_lora_fp32_only_layer20_seed43_lr1em3,finished,2026-03-16 18:21:39+00:00,apertus,fp32_only,20,43,1e-3,float32,none,0.7915925979614258,0.7240335018623104,0.2126881098065156,,0.40710009938290154,0.7613474223687344,0.36749709795517455,,0.4330552152910994,0.8493678519248246,0.626269621421976,,0.593193599278792,0.7187373241585767,0.2080272480210769,,0.3871094672227906,0.7562917378363071,0.40844906328642,,0.41507830329739515,0.8416307876102075,0.6468383701459214,,0.5773384283103505
dtswvc78,apertus_no_lora_fp32_only_layer20_seed43_lr1em4,apertus_no_lora_fp32_only_layer20_seed43_lr1em4,finished,2026-03-16 18:21:39+00:00,apertus,fp32_only,20,43,1e-4,float32,none,0.9363940954208374,0.71689906093922,0.19149673617930796,,0.3737490466175145,0.734272437361599,0.35134514493649643,,0.37428062957912495,0.8247692210489932,0.5901818978742056,,0.5260311020960108,0.7085758321819445,0.18448524420959336,,0.354497521051389,0.7332486327382967,0.3850107116517016,,0.37121271739985834,0.8187057624423557,0.6169999227978075,,0.5291576673866091
r4canywa,apertus_no_lora_fp32_only_layer20_seed43_lr3em4,apertus_no_lora_fp32_only_layer20_seed43_lr3em4,finished,2026-03-16 18:21:39+00:00,apertus,fp32_only,20,43,3e-4,float32,none,0.4842445254325866,0.7430862038793238,0.2259167311057751,,0.4317840386437701,0.7692674989514474,0.3896874287018024,,0.44669147387154184,0.8599373034032775,0.6333179297597042,,0.605814739688979,0.7319671040585936,0.21411683260095396,,0.4052097269221689,0.7621729358035685,0.4210380590902274,,0.4258755016919808,0.8463986536635858,0.6488138319260153,,0.5856454560558232
5pryw2ji,apertus_no_lora_fp32_only_layer20_seed43_lr3em5,apertus_no_lora_fp32_only_layer20_seed43_lr3em5,finished,2026-03-16 18:21:39+00:00,apertus,fp32_only,20,43,3e-5,float32,none,2.3771839141845703,0.6912633330920157,0.16956102267245535,,0.3395197263503363,0.7141514987796608,0.3252776195899772,,0.3431945824762521,0.7926264131447696,0.555457939819899,,0.47284201036736534,0.6870402290202333,0.17005288802787963,,0.3223262768552766,0.7167997201822571,0.3717348950616563,,0.33773510663413864,0.7944072755821036,0.5945740557793145,,0.4774879548097691
cu47livm,apertus_no_lora_fp32_only_layer20_seed44_lr1em3,apertus_no_lora_fp32_only_layer20_seed44_lr1em3,finished,2026-03-16 18:21:39+00:00,apertus,fp32_only,20,44,1e-3,float32,none,0.8405814170837402,0.719171480737377,0.21392789761796333,,0.40388748931056,0.7618219569006673,0.3997082674909267,,0.4378394619455936,0.8495465583234922,0.6241167084568042,,0.584403876493126,0.7209514578175471,0.2052159321830752,,0.38844731250491854,0.7623633431591078,0.4295880662378541,,0.4235932950342331,0.8375120189425772,0.637332908975175,,0.563216481143047
7cq66mkt,apertus_no_lora_fp32_only_layer20_seed44_lr1em4,apertus_no_lora_fp32_only_layer20_seed44_lr1em4,finished,2026-03-16 18:21:39+00:00,apertus,fp32_only,20,44,1e-4,float32,none,0.00021276120969559997,0.716951513748345,0.19236310560760864,,0.37851018096933,0.733733391028781,0.358681720014749,,0.3791111008389766,0.8212998600332728,0.5867480383609416,,0.5122830741491999,0.7105696311483722,0.18821184203437316,,0.3610765719682066,0.7348069456197928,0.40195142156919145,,0.3787046509797749,0.8179020116505937,0.6150937689050212,,0.530985213490613
wrlr6qli,apertus_no_lora_fp32_only_layer20_seed44_lr3em4,apertus_no_lora_fp32_only_layer20_seed44_lr3em4,finished,2026-03-16 18:21:39+00:00,apertus,fp32_only,20,44,3e-4,float32,none,0.7323926091194153,0.7349970332332063,0.2214991217208512,,0.4200429888829824,0.7627426269957782,0.39916278908858177,,0.4364989483902281,0.8521701029103972,0.6213504678164806,,0.5826008564345279,0.7327162515204075,0.2140146266141029,,0.4049421578657433,0.7593846096068572,0.4305301125308635,,0.4191547965688203,0.8400954569405414,0.6344196322891186,,0.5637149028077754
nkk8fdiv,apertus_no_lora_fp32_only_layer20_seed44_lr3em5,apertus_no_lora_fp32_only_layer20_seed44_lr3em5,finished,2026-03-16 18:21:39+00:00,apertus,fp32_only,20,44,3e-5,float32,none,3.7443130016326904,0.6940876021296879,0.17416677238704534,,0.34599117110037675,0.71463147528563,0.33806483386980457,,0.34719301083966997,0.7925039547116224,0.556844044651566,,0.47554654045526257,0.6894268617287589,0.17184296022354564,,0.3273943495711025,0.7167319912021479,0.3834716459197787,,0.3403635791296136,0.793328441270611,0.5960642932251765,,0.47532812759594617
jeyu4ke4,apertus_no_lora_fp32_only_layer26_seed42_lr1em3,apertus_no_lora_fp32_only_layer26_seed42_lr1em3,finished,2026-03-16 18:21:39+00:00,apertus,fp32_only,26,42,1e-3,float32,none,0.02182931825518608,0.6584706539445168,0.2071736759755346,,0.3766611967550327,0.6585459658045654,0.3226985709538053,,0.3715996024683939,0.8192700002291374,0.6010733452593918,,0.5654721658778454,0.6693719167103022,0.21620101632956396,,0.3815534744628945,0.6746615330129925,0.3845888167688918,,0.383206106870229,0.813523137854117,0.6301103179753407,,0.0
6jnxw4n2,apertus_no_lora_fp32_only_layer26_seed42_lr1em4,apertus_no_lora_fp32_only_layer26_seed42_lr1em4,finished,2026-03-16 18:21:39+00:00,apertus,fp32_only,26,42,1e-4,float32,none,0.017278315499424934,0.6430854877671026,0.1747190207280693,,0.33616844246192246,0.6832520166666849,0.2949034763382323,,0.33762451753068157,0.8019750001614889,0.5734618916437099,,0.5161144917737209,0.6490419514836097,0.1813131215478515,,0.3330762571810813,0.6946625696435864,0.34163165181065264,,0.3408672385299441,0.7981537886724976,0.5963764067363716,,0.5161987041036717
vz2hbt4t,apertus_no_lora_fp32_only_layer26_seed42_lr3em4,apertus_no_lora_fp32_only_layer26_seed42_lr3em4,finished,2026-03-16 18:21:39+00:00,apertus,fp32_only,26,42,3e-4,float32,none,0.006629477255046368,0.6536875188358903,0.17610222171060205,,0.3498278133450436,0.7057891486344391,0.28735653774630426,,0.35070608084683474,0.821244013781547,0.5804105571847508,,0.5242280820374127,0.6618051140390269,0.1845995629258259,,0.34846934760368303,0.7176239528924035,0.33513075307383344,,0.3539151648697568,0.8153272688213565,0.615115354017502,,0.5198537963116797
g2rdqxou,apertus_no_lora_fp32_only_layer26_seed42_lr3em5,apertus_no_lora_fp32_only_layer26_seed42_lr3em5,finished,2026-03-16 18:21:39+00:00,apertus,fp32_only,26,42,3e-5,float32,none,0.029366448521614075,0.616003362374581,0.14818476749575157,,0.2847897936071371,0.6441377961061585,0.2686583885724956,,0.2940809392839809,0.7698403470472959,0.5438713998660415,,0.4739688979039891,0.6228385177815657,0.1584076703683476,,0.2894152829149288,0.6551109170767829,0.3190768967498258,,0.3033288738490596,0.77299499188684,0.5729280902396992,,0.0
g557mw8r,apertus_no_lora_fp32_only_layer26_seed43_lr1em3,apertus_no_lora_fp32_only_layer26_seed43_lr1em3,finished,2026-03-16 18:21:39+00:00,apertus,fp32_only,26,43,1e-3,float32,none,5.589945316314697,0.662042372914199,0.20816524853949853,,0.3725009822728638,0.6687116286409286,0.3364748858447489,,0.37832528254790027,0.8236695456048155,0.6084351233002996,,0.5702050935316655,0.666110424858701,0.21243359432994016,,0.3709294089871724,0.6783091962736842,0.39025257915332623,,0.3831746281577083,0.8174359384457451,0.6374584059578514,,0.0
xtj1l55e,apertus_no_lora_fp32_only_layer26_seed43_lr1em4,apertus_no_lora_fp32_only_layer26_seed43_lr1em4,finished,2026-03-16 18:21:39+00:00,apertus,fp32_only,26,43,1e-4,float32,none,2.261085033416748,0.6422084551759878,0.17442669241230394,,0.3318464418610026,0.6805386238275791,0.3067401781802249,,0.3253287725056047,0.7996081747921637,0.5760916558581928,,0.5086770340320036,0.6485926098878327,0.1796463357434807,,0.3291571574722594,0.6919712296784905,0.35186179414677216,,0.32775635476509013,0.7948757911362099,0.5967996393959882,,0.5062302708091045
tn9zon9i,apertus_no_lora_fp32_only_layer26_seed43_lr3em4,apertus_no_lora_fp32_only_layer26_seed43_lr3em4,finished,2026-03-16 18:21:39+00:00,apertus,fp32_only,26,43,3e-4,float32,none,1.2675254344940186,0.654302402762731,0.17587807077349402,,0.3456675988628747,0.7125304469499175,0.29801744056048296,,0.35546721519865027,0.8292001724091332,0.5969089868345736,,0.5494703628577868,0.6599159085774358,0.18104123731703944,,0.34146533406783663,0.7197630549182804,0.33658954584404455,,0.35194774533721573,0.8148891407537633,0.6123460738845354,,0.5098853630171125
gi60xrz3,apertus_no_lora_fp32_only_layer26_seed43_lr3em5,apertus_no_lora_fp32_only_layer26_seed43_lr3em5,finished,2026-03-16 18:21:39+00:00,apertus,fp32_only,26,43,3e-5,float32,none,5.592858791351318,0.619357308765377,0.14993292745846662,,0.2881641897982296,0.6421111832347073,0.2701898581177827,,0.29012873552592044,0.7660955148140638,0.5445003280122458,,0.4719405003380663,0.6256734795114256,0.15688576373340435,,0.2880931769890612,0.6530707214581738,0.3163366155422966,,0.29684425906980405,0.7705313658146057,0.5725049976933723,,0.0
p7gub5up,apertus_no_lora_fp32_only_layer26_seed44_lr1em3,apertus_no_lora_fp32_only_layer26_seed44_lr1em3,finished,2026-03-16 18:21:39+00:00,apertus,fp32_only,26,44,1e-3,float32,none,2.7211620807647705,0.6655241618423848,0.2149249407699391,,0.3771927797166432,0.6745286388757632,0.36884343595752994,,0.3862528023666998,0.8234960213140984,0.6127401415571284,,0.5708812260536399,0.674614494480605,0.2183979753987405,,0.3846069095773983,0.6874333811742532,0.42529684133314993,,0.3935626032895254,0.8120043259781868,0.6331881067033555,,0.0
gani1xp7,apertus_no_lora_fp32_only_layer26_seed44_lr1em4,apertus_no_lora_fp32_only_layer26_seed44_lr1em4,finished,2026-03-16 18:21:39+00:00,apertus,fp32_only,26,44,1e-4,float32,none,0.061501313000917435,0.6380411640874779,0.17268430728951092,,0.32784801349758474,0.6858424764260764,0.324101674705978,,0.3404904430628424,0.8007180457324481,0.5763338041942845,,0.5143114717151228,0.6430384949969599,0.1761193532440554,,0.324545526087983,0.6964616845049878,0.3727283413659339,,0.34288187613126625,0.7964196649611637,0.598369849697151,,0.5108822063465692
ill5vvx2,apertus_no_lora_fp32_only_layer26_seed44_lr3em4,apertus_no_lora_fp32_only_layer26_seed44_lr3em4,finished,2026-03-16 18:21:39+00:00,apertus,fp32_only,26,44,3e-4,float32,none,0.02174818329513073,0.6539005296419422,0.18119229858754832,,0.34774770610395916,0.7153753239588883,0.3318460176671424,,0.3632098365960201,0.8286589916193183,0.5998464743941222,,0.5368492224475997,0.6628822012013794,0.18696080134329224,,0.34861100181002597,0.7242159503992049,0.37994940283579454,,0.3627606830880617,0.8168803343922725,0.6177397568662765,,0.5263332779531483
b9ibkxys,apertus_no_lora_fp32_only_layer26_seed44_lr3em5,apertus_no_lora_fp32_only_layer26_seed44_lr3em5,finished,2026-03-16 18:21:39+00:00,apertus,fp32_only,26,44,3e-5,float32,none,0.0007233090000227094,0.6204836399083616,0.15301066880110234,,0.29197771974021774,0.6454310294407729,0.27933560224918613,,0.2959992604063143,0.7694152454755698,0.5483446612584959,,0.4737435203966644,0.6258475692270186,0.1592040387836467,,0.29059573463445343,0.6549635866910926,0.3265706093710304,,0.3008105768474069,0.7717613166860916,0.5747231767850325,,0.0
362f178l,apertus_no_lora_fp32_only_layer30_seed42_lr1em3,apertus_no_lora_fp32_only_layer30_seed42_lr1em3,finished,2026-03-16 18:21:39+00:00,apertus,fp32_only,30,42,1e-3,float32,none,81.83356475830078,0.5,0.0,,0.0,0.5,0.0,,0.0,0.5,0.0,,0.0,0.5,0.0,,0.0,0.5,0.0,,0.0,0.5,0.0,,0.0
572p44e7,apertus_no_lora_fp32_only_layer30_seed42_lr1em4,apertus_no_lora_fp32_only_layer30_seed42_lr1em4,finished,2026-03-16 18:21:39+00:00,apertus,fp32_only,30,42,1e-4,float32,none,0.03013068065047264,0.6394267206188454,0.17564897304743515,,0.3272933182332956,0.6547164497030323,0.2916987005194172,,0.34446575912358146,0.8005953543053002,0.574600143232275,,0.5276087446472842,0.6502690460968965,0.18966328557983897,,0.3368379633272999,0.669295811331167,0.3515061955692293,,0.35627606830880615,0.8017112223799941,0.6156606851549755,,0.0
9k35iiw5,apertus_no_lora_fp32_only_layer30_seed42_lr3em4,apertus_no_lora_fp32_only_layer30_seed42_lr3em4,finished,2026-03-16 18:21:39+00:00,apertus,fp32_only,30,42,3e-4,float32,none,0.02508390322327614,0.6516644967709464,0.18629403202328967,,0.34370305313518384,0.6661401726339194,0.29902803738317757,,0.3477245938012804,0.8174841494181209,0.5889309366130558,,0.5415821501014199,0.6601577964951538,0.19888101865887609,,0.35186904855591405,0.6789973606173177,0.350831986192311,,0.3582907059101283,0.8129633179612614,0.6238945168033446,,0.5512543611895664
7u26q4rs,apertus_no_lora_fp32_only_layer30_seed42_lr3em5,apertus_no_lora_fp32_only_layer30_seed42_lr3em5,finished,2026-03-16 18:21:39+00:00,apertus,fp32_only,30,42,3e-5,float32,none,0.5540672540664673,0.6038187526477817,0.15450966566778307,,0.2779485520142372,0.6111428121145314,0.2511412908524822,,0.28837220052233803,0.7691742413016349,0.5545980403730374,,0.48884381338742394,0.6182638306920817,0.17094688126278382,,0.2984968914771386,0.626955299979326,0.30819468587037496,,0.3075785000393484,0.7792749862919347,0.600178383199546,,0.0
f817tswh,apertus_no_lora_fp32_only_layer30_seed43_lr1em3,apertus_no_lora_fp32_only_layer30_seed43_lr1em3,finished,2026-03-16 18:21:39+00:00,apertus,fp32_only,30,43,1e-3,float32,none,9.374524116516112,0.5,0.0,,0.0,0.5,0.0,,0.0,0.5,0.0,,0.0,0.5,0.0,,0.0,0.5,0.0,,0.0,0.5,0.0,,0.0
lqmdrcpg,apertus_no_lora_fp32_only_layer30_seed43_lr1em4,apertus_no_lora_fp32_only_layer30_seed43_lr1em4,finished,2026-03-16 18:21:39+00:00,apertus,fp32_only,30,43,1e-4,float32,none,5.7266106605529785,0.6378762202880446,0.1769363773526723,,0.3266230614556128,0.6498569682397421,0.2983084835768795,,0.3348741535119144,0.7984369139497878,0.5763139775074593,,0.5273833671399595,0.6501536541148214,0.19169077384027275,,0.33699535688990323,0.6646698414676986,0.35639166346523243,,0.34702132682773273,0.8013534334150633,0.6199059561128527,,0.0
f3nq1ppq,apertus_no_lora_fp32_only_layer30_seed43_lr3em4,apertus_no_lora_fp32_only_layer30_seed43_lr3em4,finished,2026-03-16 18:21:39+00:00,apertus,fp32_only,30,43,3e-4,float32,none,5.207202911376953,0.6508555012509005,0.1966914356999512,,0.3479788291307463,0.6701109215423429,0.32960081436777433,,0.3492037811727182,0.818255664863486,0.6031180400890869,,0.5526256479603335,0.6602142164355732,0.2060138235236201,,0.35866845046037615,0.6815627153658367,0.3723440855112524,,0.35693712127174,0.8106629695241634,0.6197204968944099,,0.0
z9shqkbl,apertus_no_lora_fp32_only_layer30_seed43_lr3em5,apertus_no_lora_fp32_only_layer30_seed43_lr3em5,finished,2026-03-16 18:21:39+00:00,apertus,fp32_only,30,43,3e-5,float32,none,6.685286521911621,0.5974822448245743,0.14481105307654002,,0.26613816534541335,0.6056824020516823,0.24008755592250533,,0.2780178889222733,0.7632823131104505,0.5448815221197619,,0.4796033355871084,0.6112856784939094,0.16228962710372896,,0.2865979381443299,0.6197626380966652,0.2951893858870312,,0.29460927048083735,0.7745193218506164,0.5964688024286969,,0.0
bz9gcqwk,apertus_no_lora_fp32_only_layer30_seed44_lr1em3,apertus_no_lora_fp32_only_layer30_seed44_lr1em3,finished,2026-03-16 18:21:39+00:00,apertus,fp32_only,30,44,1e-3,float32,none,0.0,0.5,0.0,,0.0,0.5,0.0,,0.0,0.5,0.0,,0.0,0.5,0.0,,0.0,0.5,0.0,,0.0,0.5,0.0,,0.0
nhg2yz2u,apertus_no_lora_fp32_only_layer30_seed44_lr1em4,apertus_no_lora_fp32_only_layer30_seed44_lr1em4,finished,2026-03-16 18:21:39+00:00,apertus,fp32_only,30,44,1e-4,float32,none,0.01171684730798006,0.632867726354373,0.17067610534525166,,0.31312547669124274,0.6545091620128105,0.3126316367832091,,0.3386876834539025,0.7994067313927216,0.5795633580913797,,0.5294117647058824,0.6418683044951504,0.1810644479508125,,0.32289289368064844,0.6671515339110718,0.3685470490637592,,0.34968127803572835,0.7992441253342295,0.6190622598001537,,0.0
4yytvlvi,apertus_no_lora_fp32_only_layer30_seed44_lr3em4,apertus_no_lora_fp32_only_layer30_seed44_lr3em4,finished,2026-03-16 18:21:39+00:00,apertus,fp32_only,30,44,3e-4,float32,none,0.0005547898472286761,0.6400696868320922,0.1860891212347523,,0.3345043566690549,0.6723193597652002,0.3376454433764544,,0.3573161994129475,0.813889759000968,0.5951611104916936,,0.537525354969574,0.6508052803056568,0.19410180655209516,,0.34163846698670025,0.6837510760888362,0.3833159198431612,,0.359282285354529,0.8085271502995182,0.6224235560588901,,0.0
8kx20a5i,apertus_no_lora_fp32_only_layer30_seed44_lr3em5,apertus_no_lora_fp32_only_layer30_seed44_lr3em5,finished,2026-03-16 18:21:39+00:00,apertus,fp32_only,30,44,3e-5,float32,none,33.319332122802734,0.6042525379777142,0.15637860082304528,,0.2777867658954862,0.61053418147922,0.2611535919947135,,0.2847897936071371,0.7678881465539336,0.5543242316919913,,0.4863646608068515,0.6180077257066239,0.1700203211539228,,0.29663964743841975,0.6250732245572417,0.3143702648608161,,0.30027543873455576,0.775354306337037,0.5962110537028339,,0.0
kgoq3e5r,llama_no_lora_long_form_layer10_seed42,llama_no_lora_long_form_layer10_seed42,finished,2026-03-02 14:45:36+00:00,llama,llama_layers,10,42,,bfloat16,none,0.4103353917598725,0.8764854912180169,0.2614704256495301,,0.6467092872111839,0.8244259410463572,0.3559736594543744,,0.5280791574926387,0.8660843990891532,0.5704927371119339,,0.6276018099547511,0.8727830309840049,0.2819136400534185,,0.6144810564433315,0.8261130584584122,0.433088393048702,,0.5233393986344065,0.8652355144590025,0.6199844176081029,,0.6171797418073486
9oem35be,llama_no_lora_long_form_layer10_seed43,llama_no_lora_long_form_layer10_seed43,finished,2026-03-02 14:46:11+00:00,llama,llama_layers,10,43,,bfloat16,none,0.582381546497345,0.8766966881350129,0.2660601253984168,,0.6464970687322599,0.8257740232153691,0.3683981517932992,,0.5283974852110247,0.8674093015111012,0.5778405081157375,,0.6316742081447964,0.8730621903488596,0.2834332699311674,,0.6146251824094259,0.8277488737065405,0.4425827761647266,,0.5233033671428828,0.8667972029893992,0.6262567672080434,,0.6194968553459119
rri8v027,llama_no_lora_long_form_layer10_seed44,llama_no_lora_long_form_layer10_seed44,finished,2026-03-02 14:46:11+00:00,llama,llama_layers,10,44,,bfloat16,none,0.3619125485420227,0.8762741289736549,0.2663563407741019,,0.6460991590842773,0.8253184371421558,0.36592404958162905,,0.5309175796482478,0.8667550295064161,0.5732954545454545,,0.6280542986425339,0.8729178685485856,0.2836655030694891,,0.6147332768839966,0.8278622360097336,0.44026902957190134,,0.52708667375286,0.8659345377398329,0.6214634146341463,,0.6175107580271433
qni919ee,llama_no_lora_long_form_layer20_seed42,llama_no_lora_long_form_layer20_seed42,finished,2026-03-02 14:50:44+00:00,llama,llama_layers,20,42,,bfloat16,none,0.4025150239467621,0.8781788888265181,0.2656629568950907,,0.6362309998143089,0.8251735032148012,0.385640478924061,,0.5289015040984694,0.8688144964075992,0.5941364457412811,,0.6416289592760182,0.8740952936253458,0.2771037824962011,,0.5993117985118994,0.8285624391741049,0.4488736910733531,,0.5370313654133713,0.8745965764971402,0.6372057120802779,,0.651770936775902
4aryhr4u,llama_no_lora_long_form_layer20_seed43,llama_no_lora_long_form_layer20_seed43,finished,2026-03-02 14:50:44+00:00,llama,llama_layers,20,43,,bfloat16,none,0.6214630007743835,0.876278888033536,0.2636331619356202,,0.6315887205878452,0.827494253239295,0.38440523385986897,,0.5309971615778444,0.8704508617150583,0.5980324234446446,,0.6434389140271494,0.8723724373418704,0.27583023549097024,,0.6001585385627038,0.8307437562311761,0.44671080734728746,,0.5421118057181977,0.8757667224557364,0.6393284446159784,,0.656901688182721
v8qejznt,llama_no_lora_long_form_layer20_seed44,llama_no_lora_long_form_layer20_seed44,finished,2026-03-02 14:50:44+00:00,llama,llama_layers,20,44,,bfloat16,none,0.4049457013607025,0.8768084294545108,0.2624906575663137,,0.6334721595882962,0.825902802611394,0.3823197157352065,,0.531235907366634,0.8695579939184436,0.5928185221128518,,0.638235294117647,0.8732451906537371,0.2770843570843571,,0.6003747275118454,0.8300914823228299,0.4500851426138782,,0.5395715855657846,0.8755827893456398,0.6340425531914894,,0.6504468718967229
82vjeyys,llama_no_lora_long_form_layer26_seed42,llama_no_lora_long_form_layer26_seed42,finished,2026-03-02 14:50:44+00:00,llama,llama_layers,26,42,,bfloat16,none,0.38688111305236816,0.8667294677910653,0.26128598633359473,,0.6076876143990237,0.8184549842134284,0.3832802711307384,,0.5220839854630341,0.8676250003628037,0.6046766033091754,,0.6343891402714932,0.8646299536715014,0.2671533212504907,,0.583908335885564,0.8228908650414475,0.4317414896201712,,0.5252850991766804,0.8715595348727156,0.6312542176805167,,0.6411784177424694
gzg4irhz,llama_no_lora_long_form_layer26_seed43,llama_no_lora_long_form_layer26_seed43,finished,2026-03-02 14:51:46+00:00,llama,llama_layers,26,43,,bfloat16,none,0.6332159042358398,0.8645183115930957,0.26180749860100727,,0.6049022468631456,0.819189545219485,0.3850221170661455,,0.5227736955195373,0.8683686026835858,0.6075637160865991,,0.642081447963801,0.86236904262827,0.26628162219458656,,0.5794404309366387,0.8235205816741915,0.43136830719307734,,0.5308159331255518,0.871939271963908,0.6297263320762015,,0.6340615690168818
7u7entue,llama_no_lora_long_form_layer26_seed44,llama_no_lora_long_form_layer26_seed44,finished,2026-03-02 14:51:46+00:00,llama,llama_layers,26,44,,bfloat16,none,0.4069174230098725,0.8647245555410542,0.26209342272953956,,0.6053001565111282,0.8203955986898984,0.387530211789767,,0.5254264265060881,0.8689973655619054,0.6056627000410341,,0.6427601809954752,0.8619063412484611,0.26689825574283826,,0.5786657538688814,0.824966635705541,0.43889879715178415,,0.5318067991424505,0.8727722097356756,0.6316294236117771,,0.6381992717643165
ct7o6ek7,llama_no_lora_long_form_layer30_seed42,llama_no_lora_long_form_layer30_seed42,finished,2026-03-02 14:51:46+00:00,llama,llama_layers,30,42,,bfloat16,none,0.4142408668994904,0.8608810630031158,0.28592047164157197,,0.6103934000053055,0.8276494906042692,0.45249709639953545,,0.5435711064540945,0.8773484682108235,0.6525551102204409,,0.6595022624434389,0.8563876862542225,0.26794772235348546,,0.5747923685300953,0.8310315211125916,0.43625163086607394,,0.5415713333453438,0.8791740095045839,0.65032184778493,,0.6582257530619
av9rm02w,llama_no_lora_long_form_layer30_seed43,llama_no_lora_long_form_layer30_seed43,finished,2026-03-02 14:51:46+00:00,llama,llama_layers,30,43,,bfloat16,none,0.7231071591377258,0.8593043208177858,0.2874692269817824,,0.6082181605963339,0.8271305985226225,0.4523514372046176,,0.5405469931294268,0.8768075521848682,0.656619753393947,,0.6597285067873303,0.8545024766630366,0.2667720320705948,,0.5745401480894302,0.8300707065276327,0.43584329652890785,,0.5405624515826832,0.8783795514629622,0.6492007944764967,,0.6506123800066204
ojujrfsw,llama_no_lora_long_form_layer30_seed44,llama_no_lora_long_form_layer30_seed44,finished,2026-03-02 14:51:46+00:00,llama,llama_layers,30,44,,bfloat16,none,0.4089251160621643,0.8586539142327282,0.2853271815152514,,0.6056980661591108,0.8290052122055307,0.4526986463194996,,0.5448178900177733,0.8775280801947595,0.6577466549956233,,0.6665158371040724,0.8532671296478973,0.2638888888888889,,0.5710811249031653,0.8323208661773918,0.434469941822883,,0.5458951123281748,0.8787603851007129,0.647025171624714,,0.656901688182721
47rfeqmx,apertus_no_lora_ln_bf16_layer10_seed42_lr1em3,apertus_no_lora_ln_bf16_layer10_seed42_lr1em3,finished,2026-03-16 01:21:44+00:00,apertus,ln_bf16,10,42,1e-3,bfloat16,layernorm,0.14300638437271118,0.8748862099521317,0.2987669210455179,,0.620842674555666,0.8352294470131175,0.4752501447118168,,0.5374534864908591,0.870768632104433,0.6219653179190752,,0.6299301329727294,0.8616482236028109,0.29260514920613606,,0.5718580310065319,0.8248087040754188,0.544806824928907,,0.5134807586369717,0.8600361035971993,0.6438536456962358,,0.5986044193387606
ltvbxnyc,apertus_no_lora_ln_bf16_layer10_seed42_lr1em4,apertus_no_lora_ln_bf16_layer10_seed42_lr1em4,finished,2026-03-16 01:21:44+00:00,apertus,ln_bf16,10,42,1e-4,bfloat16,layernorm,0.3950393497943878,0.8678541700172886,0.2370282183199399,,0.6153188342154529,0.7921802323090784,0.31213139231056364,,0.4565142025099961,0.8363201798418025,0.5356272401433692,,0.5711066035609647,0.8542805152368066,0.2535507792860734,,0.5561029353899426,0.7810893334543637,0.3845402339933757,,0.4242700873534273,0.8242374048200786,0.5780267295597484,,0.5517527828542947
aupa5a3l,apertus_no_lora_ln_bf16_layer10_seed42_lr3em4,apertus_no_lora_ln_bf16_layer10_seed42_lr3em4,finished,2026-03-16 01:21:44+00:00,apertus,ln_bf16,10,42,3e-4,bfloat16,layernorm,0.18207243084907532,0.8763925761001808,0.29614024194174327,,0.6275683546351724,0.8242285786582908,0.44991745561133384,,0.5151270021032195,0.8605409426538776,0.5999736738186127,,0.6080685147622267,0.8633446573505843,0.29277364188118515,,0.5763909656095065,0.8142795951113133,0.5206784707821556,,0.4924529786731723,0.8494738551376377,0.6312663126631266,,0.5878052832696461
48kc2gt3,apertus_no_lora_ln_bf16_layer10_seed42_lr3em5,apertus_no_lora_ln_bf16_layer10_seed42_lr3em5,finished,2026-03-16 01:21:44+00:00,apertus,ln_bf16,10,42,3e-5,bfloat16,layernorm,0.942188560962677,0.7978574088330104,0.00859939621260635,,0.48413340421106155,0.6777817289893922,0.00864705747073569,,0.293826703954515,0.7689911481883301,0.060013046314416174,,0.45233265720081134,0.7942713388743305,0.008498495704227536,,0.45995120799559297,0.6742486270321578,0.008578181988948547,,0.27717006374439285,0.7627370743327274,0.05817484417452453,,0.4510716065791659
l92ugb0x,apertus_no_lora_ln_bf16_layer10_seed43_lr1em3,apertus_no_lora_ln_bf16_layer10_seed43_lr1em3,finished,2026-03-16 01:21:44+00:00,apertus,ln_bf16,10,43,1e-3,bfloat16,layernorm,0.2892049551010132,0.8769651994412302,0.2986611518617852,,0.6206808884369149,0.834201901104383,0.4651958728294606,,0.5408509949846303,0.871460423430121,0.6183676143063016,,0.6240703177822853,0.8640919469724686,0.2930912383760753,,0.573825450539073,0.8242318801905526,0.53448786890799,,0.5177146454710002,0.8600240286630056,0.6441887431986442,,0.6050839009802292
ks445ju3,apertus_no_lora_ln_bf16_layer10_seed43_lr1em4,apertus_no_lora_ln_bf16_layer10_seed43_lr1em4,finished,2026-03-16 01:21:44+00:00,apertus,ln_bf16,10,43,1e-4,bfloat16,layernorm,0.26968491077423096,0.8689234355348617,0.23561447509853095,,0.6161739894145654,0.790326990291141,0.30700853423966834,,0.45288557098943766,0.835602003954085,0.5342056606457118,,0.5722334910975885,0.8554945873163498,0.25429984205471734,,0.5576296529471945,0.7791263646026025,0.3816148358127181,,0.4160384040292752,0.8236759887861104,0.5771943573667712,,0.545605582322645
v1whaixy,apertus_no_lora_ln_bf16_layer10_seed43_lr3em4,apertus_no_lora_ln_bf16_layer10_seed43_lr3em4,finished,2026-03-16 01:21:44+00:00,apertus,ln_bf16,10,43,3e-4,bfloat16,layernorm,0.26967474818229675,0.878245183570568,0.28749266844618937,,0.631659232209305,0.8234744261537295,0.4177334075413942,,0.5116370443987335,0.8606668076200028,0.5905383360522023,,0.6089700247915258,0.8654316606048429,0.28951173179286693,,0.5806878098685764,0.8141336714409596,0.4911188588146014,,0.4918234044227591,0.8496790479450995,0.6218752904005204,,0.5876391427147367
yrz15txm,apertus_no_lora_ln_bf16_layer10_seed43_lr3em5,apertus_no_lora_ln_bf16_layer10_seed43_lr3em5,finished,2026-03-16 01:21:44+00:00,apertus,ln_bf16,10,43,3e-5,bfloat16,layernorm,0.35177040100097656,0.7926145957217068,0.01189282785017771,,0.478239767027989,0.6791887392743083,0.011979620874833617,,0.29768645850186054,0.7697107381086048,0.07650977863743821,,0.4561640748253325,0.790345154385051,0.01224420559162336,,0.46195010624065475,0.6759900028047348,0.012394823522065597,,0.2776422444322027,0.7640217804450438,0.08286252354048965,,0.4515700282438944
yjo8ext8,apertus_no_lora_ln_bf16_layer10_seed44_lr1em3,apertus_no_lora_ln_bf16_layer10_seed44_lr1em3,finished,2026-03-16 01:21:45+00:00,apertus,ln_bf16,10,44,1e-3,bfloat16,layernorm,0.20609278976917267,0.874468124042113,0.30198889161153314,,0.6166593477708184,0.8359268159422839,0.4858409986859395,,0.5405967596551644,0.871686893598967,0.6262005378409528,,0.6283524904214559,0.8611585554556092,0.2905865099405661,,0.5682537184229165,0.825635523061517,0.548266966254733,,0.5188478791217439,0.8612884612496359,0.6491228070175439,,0.60790829041369
wjc71sg6,apertus_no_lora_ln_bf16_layer10_seed44_lr1em4,apertus_no_lora_ln_bf16_layer10_seed44_lr1em4,finished,2026-03-16 01:21:45+00:00,apertus,ln_bf16,10,44,1e-4,bfloat16,layernorm,0.3125472366809845,0.869344852294712,0.23111333470673065,,0.6170291446136779,0.791541708200305,0.2968885864428566,,0.4566991009314258,0.8356294570748083,0.5310195227765727,,0.5720081135902637,0.855697122350051,0.2481809501860205,,0.5579444400724011,0.7795394461155769,0.3652662693220914,,0.4189501849374361,0.8234100260727371,0.5690717551182668,,0.5480976906462868
dd2pwu6g,apertus_no_lora_ln_bf16_layer10_seed44_lr3em4,apertus_no_lora_ln_bf16_layer10_seed44_lr3em4,finished,2026-03-16 01:21:45+00:00,apertus,ln_bf16,10,44,3e-4,bfloat16,layernorm,0.289102166891098,0.8788594211190348,0.28945092696795593,,0.6324681628030601,0.8241650512254485,0.4232901392834869,,0.5142256222987496,0.8602497242556171,0.5947482403898213,,0.605814739688979,0.8657423747719784,0.28948686661100764,,0.58086094278744,0.8137877591257301,0.4938699039125242,,0.4902337294404659,0.8489307769915619,0.6207408782842818,,0.5876391427147367
gk2y0cx9,apertus_no_lora_ln_bf16_layer10_seed44_lr3em5,apertus_no_lora_ln_bf16_layer10_seed44_lr3em5,finished,2026-03-16 01:21:45+00:00,apertus,ln_bf16,10,44,3e-5,bfloat16,layernorm,0.31844255328178406,0.7955113800254457,0.007607350717199028,,0.4874153511914392,0.6786762252578142,0.007640790775816437,,0.29819492916079227,0.769564136676402,0.0516072600043735,,0.4552625647960334,0.7924921488914661,0.007119539872532256,,0.46342960572912567,0.6753276570495119,0.007175646669904586,,0.28107342409695446,0.7641252205233628,0.05073859987154785,,0.4550589798969928
p3f6sakq,apertus_no_lora_ln_bf16_layer20_seed42_lr1em3,apertus_no_lora_ln_bf16_layer20_seed42_lr1em3,finished,2026-03-16 01:21:44+00:00,apertus,ln_bf16,20,42,1e-3,bfloat16,layernorm,0.11758887767791748,0.8649930882680741,0.2960879515753,,0.6097256569672036,0.8368776670347505,0.4640163577246673,,0.5489171886195021,0.8811915062535108,0.6306190598510146,,0.6443542934415145,0.852884911383001,0.2888925666729714,,0.5614857952309751,0.8267872549574786,0.5235442821029178,,0.5179035177461242,0.8713605829111397,0.6624125874125875,,0.629506562551919
2mbvnb3s,apertus_no_lora_ln_bf16_layer20_seed42_lr1em4,apertus_no_lora_ln_bf16_layer20_seed42_lr1em4,finished,2026-03-16 01:21:44+00:00,apertus,ln_bf16,20,42,1e-4,bfloat16,layernorm,0.5318654179573059,0.8649504281694971,0.24267150635208712,,0.6213973698199552,0.7890894928016103,0.3124462556548398,,0.4589178819885825,0.8379786070371709,0.5329108454558548,,0.5663736759071445,0.8519877177398234,0.2539296670222178,,0.5602109073738885,0.7768703739195935,0.3715848316917939,,0.4243487841347289,0.8276232710928833,0.5774009071189115,,0.5449410201030072
pw74vso0,apertus_no_lora_ln_bf16_layer20_seed42_lr3em4,apertus_no_lora_ln_bf16_layer20_seed42_lr3em4,finished,2026-03-16 01:21:44+00:00,apertus,ln_bf16,20,42,3e-4,bfloat16,layernorm,0.2455830276012421,0.8738176043226513,0.29495648164159316,,0.6277070284512446,0.8251772189708061,0.437046273679176,,0.5263826935077541,0.8669027474363349,0.6071192272065634,,0.6200135226504395,0.8614770072423507,0.28831888461882205,,0.5766900133784528,0.8157177656534975,0.4943520140105079,,0.49325568584244905,0.8592304931743635,0.6417102651993505,,0.6085728526333278
lcc4r0ui,apertus_no_lora_ln_bf16_layer20_seed42_lr3em5,apertus_no_lora_ln_bf16_layer20_seed42_lr3em5,finished,2026-03-16 01:21:44+00:00,apertus,ln_bf16,20,42,3e-5,bfloat16,layernorm,0.8914243578910828,0.758926314403501,0.02615970254957507,,0.4343495042411075,0.6408421062721521,0.02682340126174375,,0.2441121408925971,0.735537845440521,0.17129262490087233,,0.4004958305161145,0.7534489771373697,0.030526425085660887,,0.4029589989769418,0.6360109853252152,0.03170299622583378,,0.237176359486897,0.7341067517012279,0.1913268981414782,,0.38544608738993186
ea20dmvq,apertus_no_lora_ln_bf16_layer20_seed43_lr1em3,apertus_no_lora_ln_bf16_layer20_seed43_lr1em3,finished,2026-03-16 01:21:44+00:00,apertus,ln_bf16,20,43,1e-3,bfloat16,layernorm,0.2716436982154846,0.8666066926121337,0.2991827938168014,,0.6145099036216979,0.836526831561956,0.4615929920502304,,0.5535858737606028,0.8806039114518673,0.6345856922285126,,0.6425512733829164,0.8555533016400131,0.2890955915770338,,0.5664909105217597,0.8269448835103732,0.5161974421674493,,0.5218855748799874,0.8700565609578046,0.6587781575948812,,0.6243562053497259
dq6d9cxj,apertus_no_lora_ln_bf16_layer20_seed43_lr1em4,apertus_no_lora_ln_bf16_layer20_seed43_lr1em4,finished,2026-03-16 01:21:44+00:00,apertus,ln_bf16,20,43,1e-4,bfloat16,layernorm,0.28726422786712646,0.86624291672366,0.23830301600872664,,0.626458964106594,0.7868202994563667,0.3038893170667519,,0.4543647583608755,0.8369451099235166,0.5307714533371858,,0.5620915032679739,0.8533349434238681,0.25157306674507496,,0.5633430392696939,0.7742947428205565,0.36397447584320874,,0.4154717872039034,0.8267552236834181,0.5756617937574081,,0.5474331284266489
5rukn8sb,apertus_no_lora_ln_bf16_layer20_seed43_lr3em4,apertus_no_lora_ln_bf16_layer20_seed43_lr3em4,finished,2026-03-16 01:21:44+00:00,apertus,ln_bf16,20,43,3e-4,bfloat16,layernorm,0.279452383518219,0.8753525798789473,0.2930665102751613,,0.6321214782628793,0.8251026343996903,0.424066088221541,,0.5249497307416738,0.8665637652678961,0.5991663305096141,,0.6220419202163624,0.8634584679967645,0.2893226482226582,,0.5808452034311796,0.8155692040846109,0.4830235605000777,,0.49511292988116784,0.85866681214015,0.6380020126246455,,0.6062468848645954
sg4y1aru,apertus_no_lora_ln_bf16_layer20_seed43_lr3em5,apertus_no_lora_ln_bf16_layer20_seed43_lr3em5,finished,2026-03-16 01:21:44+00:00,apertus,ln_bf16,20,43,3e-5,bfloat16,layernorm,0.383007675409317,0.7592578933880871,0.02397442727757059,,0.43656828529826425,0.638934192613632,0.024539877300613498,,0.24078396930686205,0.7342984700071322,0.15790525684589246,,0.3991435654721659,0.7546259503822563,0.028633573684524165,,0.4064216573542142,0.6341609824289731,0.029640367651594595,,0.23432753600377745,0.7336745622919962,0.18437047756874095,,0.3930885529157667
wjx8fs4d,apertus_no_lora_ln_bf16_layer20_seed44_lr1em3,apertus_no_lora_ln_bf16_layer20_seed44_lr1em3,finished,2026-03-16 01:21:44+00:00,apertus,ln_bf16,20,44,1e-3,bfloat16,layernorm,0.343784362077713,0.867905517195297,0.3068009438732513,,0.6175376152726096,0.8391008899277361,0.4830972365059881,,0.5600804308133219,0.8797506874206796,0.6385650224215247,,0.6470588235294118,0.8561147932616257,0.29314203202034206,,0.5691666010860156,0.8293214537882473,0.538743748876648,,0.5277878334776107,0.8707062461288511,0.6648107872988256,,0.6308356869911945
ug8c0ane,apertus_no_lora_ln_bf16_layer20_seed44_lr1em4,apertus_no_lora_ln_bf16_layer20_seed44_lr1em4,finished,2026-03-16 01:21:44+00:00,apertus,ln_bf16,20,44,1e-4,bfloat16,layernorm,0.39652878046035767,0.8653615908876382,0.23946284323642816,,0.6209582360690595,0.7896942953702675,0.30692046073770646,,0.4566991009314258,0.8378739364908487,0.5312273583538618,,0.566824430921794,0.8523341037230929,0.25363707567450466,,0.5594554182733926,0.7774296885311314,0.369090490221042,,0.4193436688439443,0.8277591609733748,0.5786721909835257,,0.5477654095364679
xy83pt3c,apertus_no_lora_ln_bf16_layer20_seed44_lr3em4,apertus_no_lora_ln_bf16_layer20_seed44_lr3em4,finished,2026-03-16 01:21:44+00:00,apertus,ln_bf16,20,44,3e-4,bfloat16,layernorm,0.4512102007865906,0.8756719281683389,0.2925516145481281,,0.6331846441861002,0.8251209928425688,0.4262340399799582,,0.523955901726489,0.8660688779757713,0.602996254681648,,0.6188866351138156,0.8634370128565911,0.2885447371703551,,0.580624852443535,0.8149127701904004,0.4853839272895938,,0.4924214999606516,0.8583742318735577,0.6399201234455841,,0.6035886359860442
mgy8s31x,apertus_no_lora_ln_bf16_layer20_seed44_lr3em5,apertus_no_lora_ln_bf16_layer20_seed44_lr3em5,finished,2026-03-16 01:21:44+00:00,apertus,ln_bf16,20,44,3e-5,bfloat16,layernorm,0.44538286328315735,0.7590924445718601,0.026719664348018108,,0.4367762960223727,0.6444162155462766,0.02744760003629435,,0.24401969168188223,0.7384047402099215,0.17220902612826602,,0.39936894297949066,0.7545937873093113,0.03193394202169377,,0.40849925238057766,0.6407123453592961,0.03321175185065485,,0.2414732037459668,0.7379688558108546,0.1983637146548012,,0.3999003156670543
qbe29z5d,apertus_no_lora_ln_bf16_layer26_seed42_lr1em3,apertus_no_lora_ln_bf16_layer26_seed42_lr1em3,finished,2026-03-16 01:21:44+00:00,apertus,ln_bf16,26,42,1e-3,bfloat16,layernorm,0.1929110735654831,0.8393572516535505,0.2759809849963479,,0.5780155776920054,0.817069944479536,0.40435087719298246,,0.5126770980192756,0.8677695975994354,0.6139290407358738,,0.626324092855533,0.8282869776207912,0.2690917352113805,,0.5332179113874242,0.8081208951194558,0.45594212415229773,,0.4800346265837727,0.8564179658562816,0.6397432468574485,,0.5999335437780362
nyzlam71,apertus_no_lora_ln_bf16_layer26_seed42_lr1em4,apertus_no_lora_ln_bf16_layer26_seed42_lr1em4,finished,2026-03-16 01:21:44+00:00,apertus,ln_bf16,26,42,1e-4,bfloat16,layernorm,0.5006973147392273,0.8443615727837409,0.19174113319335256,,0.5873529479742067,0.7602347144733861,0.23225552050473183,,0.40088288996232696,0.8187159163922398,0.5063179547458125,,0.5391029975208474,0.8346525601096092,0.21020750467244936,,0.5347603683009365,0.7479366200810053,0.2825560422571502,,0.3621625875501692,0.808539579931737,0.5531658291457286,,0.5143711579996677
p9he43x3,apertus_no_lora_ln_bf16_layer26_seed42_lr3em4,apertus_no_lora_ln_bf16_layer26_seed42_lr3em4,finished,2026-03-16 01:21:44+00:00,apertus,ln_bf16,26,42,3e-4,bfloat16,layernorm,0.27400892972946167,0.8526992138680136,0.26350745875283327,,0.5989784362216007,0.805546812907969,0.3611798493578744,,0.48482677329142304,0.8549329377384433,0.5879660788800646,,0.6053639846743295,0.8422234821333217,0.26405382825088025,,0.5503423309986621,0.7955780917416047,0.413706859273284,,0.4464311009679704,0.842901518620339,0.617370459155449,,0.5766738660907127
jap1923r,apertus_no_lora_ln_bf16_layer26_seed42_lr3em5,apertus_no_lora_ln_bf16_layer26_seed42_lr3em5,finished,2026-03-16 01:21:44+00:00,apertus,ln_bf16,26,42,3e-5,bfloat16,layernorm,0.9109970927238464,0.7327635370328762,0.023841526562809863,,0.40176115746411817,0.6313185441334128,0.024458610244586104,,0.2173249820879654,0.7149663069785624,0.14695618456766188,,0.325895875591616,0.7309040135955807,0.026825237561234727,,0.3743133705831431,0.6266192357469217,0.027892847279756973,,0.201196191075785,0.705319399186947,0.1778886118038238,,0.29190895497590963
kffm0190,apertus_no_lora_ln_bf16_layer26_seed43_lr1em3,apertus_no_lora_ln_bf16_layer26_seed43_lr1em3,finished,2026-03-16 01:21:44+00:00,apertus,ln_bf16,26,43,1e-3,bfloat16,layernorm,0.27165380120277405,0.8410705253032257,0.271504310771975,,0.5811819631589895,0.8178844073033589,0.3905002850627138,,0.5151038898005408,0.8678904973830596,0.6110299003322259,,0.6310570205093532,0.8303349369933729,0.2674048001773738,,0.5378767608404816,0.8089323159807007,0.44310497250255454,,0.48615723616904066,0.8566921220940326,0.6358058112254106,,0.5974414354543944
6nfiscpk,apertus_no_lora_ln_bf16_layer26_seed43_lr1em4,apertus_no_lora_ln_bf16_layer26_seed43_lr1em4,finished,2026-03-16 01:21:44+00:00,apertus,ln_bf16,26,43,1e-4,bfloat16,layernorm,0.29313549399375916,0.8442804162314307,0.1905943827563684,,0.5879538678438533,0.7604659001584165,0.23056257901390645,,0.4031710079275198,0.819441660567848,0.5041917929107221,,0.5402298850574713,0.8345892240084545,0.20831408775981525,,0.5372786653025892,0.7473385979823799,0.27942277409195343,,0.36441331549539624,0.8088884811775845,0.5534263068124812,,0.5176939690978568
livazl8t,apertus_no_lora_ln_bf16_layer26_seed43_lr3em4,apertus_no_lora_ln_bf16_layer26_seed43_lr3em4,finished,2026-03-16 01:21:44+00:00,apertus,ln_bf16,26,43,3e-4,bfloat16,layernorm,0.26969656348228455,0.8537768727476082,0.2572202655107017,,0.6009198696466129,0.8046721595899747,0.347472825092413,,0.4820070723646197,0.8545181521769626,0.5771867288182068,,0.6046878521523552,0.84381776547105,0.260035764938028,,0.5537262925946329,0.7943997673026117,0.3995073658282412,,0.446934760368301,0.8429798106086854,0.6080613485457776,,0.5725203522179764
cs5p5dya,apertus_no_lora_ln_bf16_layer26_seed43_lr3em5,apertus_no_lora_ln_bf16_layer26_seed43_lr3em5,finished,2026-03-16 01:21:44+00:00,apertus,ln_bf16,26,43,3e-5,bfloat16,layernorm,0.3752008378505707,0.7337965813820023,0.02433916091624595,,0.40617560727575286,0.6341022566997421,0.024962691629358297,,0.2198211107772667,0.7190765621821942,0.15148572538356964,,0.34054541356772594,0.7322975631976134,0.02699828676079636,,0.3788777838986385,0.6292766627489738,0.028055312552757183,,0.20610687022900764,0.7099039573010058,0.17901320361362058,,0.30387107492939025
m9z367ud,apertus_no_lora_ln_bf16_layer26_seed44_lr1em3,apertus_no_lora_ln_bf16_layer26_seed44_lr1em3,finished,2026-03-16 01:21:44+00:00,apertus,ln_bf16,26,44,1e-3,bfloat16,layernorm,0.44535091519355774,0.8431853773170704,0.2777804273178176,,0.5836087549402547,0.8194946446019143,0.40884443274545934,,0.5204659440220029,0.8667236794952522,0.6183536825521859,,0.6258733378408835,0.8319582260140168,0.26999053663249706,,0.5363500432832297,0.8114613859697573,0.4605468132662046,,0.48629889037538365,0.8560668806840233,0.640276914884175,,0.5964445921249377
ycmihac6,apertus_no_lora_ln_bf16_layer26_seed44_lr1em4,apertus_no_lora_ln_bf16_layer26_seed44_lr1em4,finished,2026-03-16 01:21:44+00:00,apertus,ln_bf16,26,44,1e-4,bfloat16,layernorm,0.3027840852737427,0.8434612748736853,0.1940201283262222,,0.5896641782420783,0.7633103953041154,0.23504113318471465,,0.40871796057041165,0.8205336552442724,0.5070048665388586,,0.5442866801893171,0.8338822965898783,0.20923848059612976,,0.5352010702762257,0.7507798850719715,0.28204863707868066,,0.3664436924529787,0.8099006271932625,0.5526051096358882,,0.5143711579996677
b7cu6by4,apertus_no_lora_ln_bf16_layer26_seed44_lr3em4,apertus_no_lora_ln_bf16_layer26_seed44_lr3em4,finished,2026-03-16 01:21:44+00:00,apertus,ln_bf16,26,44,3e-4,bfloat16,layernorm,0.33402493596076965,0.8552312413184098,0.257779464382522,,0.6042711535350267,0.8059560193921931,0.3481922196796339,,0.48360182124945106,0.853392068067928,0.5809796698048847,,0.599954924498535,0.8437610235028502,0.2592424533743511,,0.5505626819863068,0.7946905447038694,0.3991663311465315,,0.4476745101125364,0.8421630930705525,0.6120014908684308,,0.5761754444259843
82b66i5k,apertus_no_lora_ln_bf16_layer26_seed44_lr3em5,apertus_no_lora_ln_bf16_layer26_seed44_lr3em5,finished,2026-03-16 01:21:44+00:00,apertus,ln_bf16,26,44,3e-5,bfloat16,layernorm,0.3965613543987274,0.73567914284187,0.025027539105529857,,0.40844061293826706,0.6363955740318854,0.02567173623194956,,0.22687036309427508,0.72109566409091,0.15822050290135398,,0.3488843813387424,0.734017810623815,0.02753633881797388,,0.38180530416305974,0.6316132058607103,0.028633245868434375,,0.20809002911780908,0.7123043103126951,0.18433818433818433,,0.31383950822395745
7hvw78qp,apertus_no_lora_ln_bf16_layer30_seed42_lr1em3,apertus_no_lora_ln_bf16_layer30_seed42_lr1em3,finished,2026-03-16 01:21:44+00:00,apertus,ln_bf16,30,42,1e-3,bfloat16,layernorm,0.18903133273124695,0.8360196164951978,0.2785313154387969,,0.579032519009869,0.8213685521533299,0.40898687957511487,,0.528670811472947,0.8678235477620508,0.6127272727272727,,0.6283524904214559,0.8303335743136587,0.2783147299825795,,0.5463602738647989,0.8130811808076694,0.4764987241375501,,0.488659793814433,0.8591680561877344,0.6532119546547578,,0.6000996843329457
hq7zzpsr,apertus_no_lora_ln_bf16_layer30_seed42_lr1em4,apertus_no_lora_ln_bf16_layer30_seed42_lr1em4,finished,2026-03-16 01:21:44+00:00,apertus,ln_bf16,30,42,1e-4,bfloat16,layernorm,0.6139996647834778,0.8491938477610221,0.18371635369067077,,0.6110661705225692,0.7703884594302591,0.21952969310482265,,0.42082880717405874,0.8285987586529553,0.5271385149804603,,0.5587108406581023,0.8417692069281985,0.21387577747228975,,0.5603997796490123,0.7555754540120743,0.2851247613066937,,0.3664436924529787,0.8185361103769988,0.5838055902410911,,0.5371324140222629
wehbf6bi,apertus_no_lora_ln_bf16_layer30_seed42_lr3em4,apertus_no_lora_ln_bf16_layer30_seed42_lr3em4,finished,2026-03-16 01:21:44+00:00,apertus,ln_bf16,30,42,3e-4,bfloat16,layernorm,0.2974618077278137,0.8518259221772906,0.2645257320494751,,0.6089398386761273,0.8100177848200376,0.36222290362727944,,0.500450689902235,0.8561916918452839,0.5946883758174296,,0.6026594545864322,0.8455978263591567,0.27159328531598514,,0.5670260486346108,0.8002089187368604,0.4286827568818905,,0.4533091996537342,0.8468317044823068,0.6322981366459627,,0.5813258016281775
inx8ca5d,apertus_no_lora_ln_bf16_layer30_seed42_lr3em5,apertus_no_lora_ln_bf16_layer30_seed42_lr3em5,finished,2026-03-16 01:21:44+00:00,apertus,ln_bf16,30,42,3e-5,bfloat16,layernorm,0.8954324722290039,0.7319367445706669,0.04116761706908613,,0.40673030254004205,0.6518982328613632,0.04345782889878488,,0.2380336052880949,0.7434537121745086,0.2497724376479155,,0.4090601757944557,0.728205700510822,0.05228576588089847,,0.39305894388919493,0.6444784192214321,0.056752559443933474,,0.2332257810655544,0.7437984445295766,0.31946880481082435,,0.4085396245223459
og90cgj0,apertus_no_lora_ln_bf16_layer30_seed43_lr1em3,apertus_no_lora_ln_bf16_layer30_seed43_lr1em3,finished,2026-03-16 01:21:44+00:00,apertus,ln_bf16,30,43,1e-3,bfloat16,layernorm,0.2775192856788635,0.8346085052380138,0.2744395920786809,,0.5772528717036078,0.8219137385715786,0.40103945693678406,,0.5298726512122403,0.8676626051473807,0.613618368962787,,0.6202389001577643,0.8299901693521794,0.27673899737398067,,0.5471944597465964,0.815132794465489,0.4698783063461732,,0.4957739828441017,0.8602077419714964,0.6508999217459351,,0.6084067120784183
5cwasjvc,apertus_no_lora_ln_bf16_layer30_seed43_lr1em4,apertus_no_lora_ln_bf16_layer30_seed43_lr1em4,finished,2026-03-16 01:21:44+00:00,apertus,ln_bf16,30,43,1e-4,bfloat16,layernorm,0.2989921569824219,0.8494892342768154,0.18617038985251524,,0.6157579679663485,0.7688031026640894,0.22234150414504683,,0.4172464002588578,0.828258989125479,0.5307415406767458,,0.5625422582826234,0.8423222550219391,0.2140315542128231,,0.5615487526560163,0.753354927504581,0.2856228641640322,,0.36576690013378454,0.8183940943549038,0.5828866768759571,,0.5444425984382788
7jkvxq48,apertus_no_lora_ln_bf16_layer30_seed43_lr3em4,apertus_no_lora_ln_bf16_layer30_seed43_lr3em4,finished,2026-03-16 01:21:44+00:00,apertus,ln_bf16,30,43,3e-4,bfloat16,layernorm,0.28141525387763977,0.8527374731975299,0.256228924051497,,0.6102572399288141,0.8109905985420217,0.34426590358793746,,0.49753853976471674,0.856661833567661,0.5872756933115824,,0.6010818120351589,0.8463344526336802,0.26521979310918903,,0.5665381285905406,0.8005631192418602,0.4094249033328271,,0.45477295978594473,0.8467208056112336,0.628303418417967,,0.5846486127263665
74i6ukb7,apertus_no_lora_ln_bf16_layer30_seed43_lr3em5,apertus_no_lora_ln_bf16_layer30_seed43_lr3em5,finished,2026-03-16 01:21:44+00:00,apertus,ln_bf16,30,43,3e-5,bfloat16,layernorm,0.367383748292923,0.7331179604372763,0.04057010556723804,,0.4112140892597129,0.6515053963712262,0.04276374708937847,,0.2400212633184644,0.7445373190669017,0.24758079240460107,,0.4090601757944557,0.7298500093665397,0.05208014044082816,,0.3972456126544424,0.6433657983444312,0.05638859556494192,,0.2320138506335091,0.7444096044279933,0.31809045226130656,,0.4072105000830703
4m7o0thq,apertus_no_lora_ln_bf16_layer30_seed44_lr1em3,apertus_no_lora_ln_bf16_layer30_seed44_lr1em3,finished,2026-03-16 01:21:44+00:00,apertus,ln_bf16,30,44,1e-3,bfloat16,layernorm,0.3379320204257965,0.8406216640205908,0.279185798474276,,0.5901957612036888,0.8233524996892545,0.4064638382987683,,0.528994383710449,0.8681496670547864,0.6136807817589577,,0.6319585305386523,0.8343262545722446,0.27913754061238555,,0.5532698512630834,0.814973423266384,0.4724335973516702,,0.4930668135673251,0.8602600649972982,0.6535269709543569,,0.6113972420667885
3huyrepp,apertus_no_lora_ln_bf16_layer30_seed44_lr1em4,apertus_no_lora_ln_bf16_layer30_seed44_lr1em4,finished,2026-03-16 01:21:44+00:00,apertus,ln_bf16,30,44,1e-4,bfloat16,layernorm,0.4082537889480591,0.84978270326721,0.18982581155977832,,0.6130538285529388,0.7715100286092639,0.22790826632867273,,0.42519703238033607,0.82919982693527,0.5337344220025785,,0.5596123506874014,0.8428771366556416,0.21753105560702604,,0.5642716612890533,0.7573966647977756,0.29288223613868947,,0.368757377823247,0.8195519705877101,0.5882017668851525,,0.5449410201030072
khqaa0hj,apertus_no_lora_ln_bf16_layer30_seed44_lr3em4,apertus_no_lora_ln_bf16_layer30_seed44_lr3em4,finished,2026-03-16 01:21:44+00:00,apertus,ln_bf16,30,44,3e-4,bfloat16,layernorm,0.3730915486812592,0.8532334155880998,0.25728438623871885,,0.6100954538100631,0.8116844460779131,0.3466510632851213,,0.4996186470058011,0.8571045302035907,0.5917350922062189,,0.6035609646157314,0.8461188419245655,0.2668646775572657,,0.5687258991107264,0.8010073672736501,0.41358146671471246,,0.4528370189659243,0.8470409459143682,0.631918323481999,,0.5893005482638312
v97a1dax,apertus_no_lora_ln_bf16_layer30_seed44_lr3em5,apertus_no_lora_ln_bf16_layer30_seed44_lr3em5,finished,2026-03-16 01:21:44+00:00,apertus,ln_bf16,30,44,3e-5,bfloat16,layernorm,0.44148337841033936,0.7337962356555742,0.04364819470559652,,0.4139875655811589,0.6539992275446705,0.04615006589675431,,0.2375944715371993,0.7463749106146635,0.25907859078590784,,0.4131169709263016,0.7307832575648577,0.05533203368036833,,0.4010860155819627,0.6463794651738964,0.06020761245674741,,0.23451640827890136,0.7462124382138843,0.3305600397367441,,0.41634823060309023
a1vhu02a,apertus_no_lora_ln_fp32_layer10_seed42_lr1em3,apertus_no_lora_ln_fp32_layer10_seed42_lr1em3,finished,2026-03-16 18:21:39+00:00,apertus,ln_fp32,10,42,1e-3,float32,layernorm,0.12267088890075684,0.8712371723848953,0.29263344744516295,,0.6124991332886496,0.8363982996513895,0.4639895461627381,,0.5420990593292809,0.8728673376186876,0.6230529595015576,,0.6299301329727294,0.857992231811963,0.28853687423131236,,0.5634532147635162,0.8257309244337995,0.5354056167191429,,0.5174942944833556,0.8619874190434695,0.6473660911907924,,0.6095696959627845
s5e7uzrk,apertus_no_lora_ln_fp32_layer10_seed42_lr1em4,apertus_no_lora_ln_fp32_layer10_seed42_lr1em4,finished,2026-03-16 18:21:39+00:00,apertus,ln_fp32,10,42,1e-4,float32,layernorm,0.2215098738670349,0.8662827821654735,0.27745581684946596,,0.6134005130931195,0.8140869129434849,0.40425680390788554,,0.49504241107541547,0.8526759810919422,0.5815239379635874,,0.5956727518593644,0.8531716425119591,0.27999583436389436,,0.5631384276383096,0.8035549236009305,0.4755261761584718,,0.4698040450145589,0.8411554871895942,0.6170488165680473,,0.5785014121947167
a039mxlm,apertus_no_lora_ln_fp32_layer10_seed42_lr3em4,apertus_no_lora_ln_fp32_layer10_seed42_lr3em4,finished,2026-03-16 18:21:39+00:00,apertus,ln_fp32,10,42,3e-4,float32,layernorm,0.15673403441905975,0.8714330526634985,0.2936110207180822,,0.6163126632306377,0.8289724625620967,0.4552380632032157,,0.5232625326461275,0.8660656481968626,0.6121434179534153,,0.617534370069867,0.8583076049417322,0.28986185357180455,,0.5707877547808294,0.8188439659457263,0.5254842916671084,,0.5016762414417251,0.854991476809144,0.6351640513552068,,0.5924572188071108
ur0fzre6,apertus_no_lora_ln_fp32_layer10_seed42_lr3em5,apertus_no_lora_ln_fp32_layer10_seed42_lr3em5,finished,2026-03-16 18:21:39+00:00,apertus,ln_fp32,10,42,3e-5,float32,layernorm,0.4890720844268799,0.852866906531022,0.2078158685816658,,0.5914207132456607,0.7782405402729532,0.2639159356020438,,0.43132179259019576,0.8282976982667271,0.5081081081081081,,0.5598377281947262,0.8396776791833823,0.2311713856824887,,0.531769890611474,0.7668750177087731,0.33265468268944287,,0.39551428346580625,0.8171274221036012,0.5622740056247489,,0.5359694301378967
kyx3dh6x,apertus_no_lora_ln_fp32_layer10_seed43_lr1em3,apertus_no_lora_ln_fp32_layer10_seed43_lr1em3,finished,2026-03-16 18:21:39+00:00,apertus,ln_fp32,10,43,1e-3,float32,layernorm,0.2920945882797241,0.869518089847485,0.2958114359442364,,0.6094714216377378,0.8369279524574955,0.47135120679280607,,0.5475997873668154,0.8738397340641825,0.6203921568627451,,0.6333107955826008,0.8568442020490392,0.2883869804345866,,0.5627921618005823,0.8263851030664959,0.5395125242472801,,0.5222790587864956,0.8622409774601971,0.6493391288920429,,0.6125602259511547
anpnl7j5,apertus_no_lora_ln_fp32_layer10_seed43_lr1em4,apertus_no_lora_ln_fp32_layer10_seed43_lr1em4,finished,2026-03-16 18:21:39+00:00,apertus,ln_fp32,10,43,1e-4,float32,layernorm,0.26364782452583313,0.867937769089859,0.27061533069644017,,0.6166593477708184,0.813358480732575,0.3842872378243868,,0.49404858206023067,0.8529800543316302,0.5767964893033461,,0.5961235068740139,0.8550737675081262,0.2766247559011957,,0.5670890060596522,0.8030075313474206,0.4554345986801286,,0.46753757771307153,0.8415257969948078,0.6105045180722891,,0.5753447416514371
mu08a37q,apertus_no_lora_ln_fp32_layer10_seed43_lr3em4,apertus_no_lora_ln_fp32_layer10_seed43_lr3em4,finished,2026-03-16 18:21:39+00:00,apertus,ln_fp32,10,43,3e-4,float32,layernorm,0.2802787125110626,0.8711898242973334,0.2894663376176704,,0.6148334758591999,0.8287550291646328,0.4423549488054607,,0.5239096771211316,0.8667192526092355,0.6084761525176033,,0.6245210727969349,0.8584138344428816,0.2877160036835738,,0.5691823404422759,0.8191138219132246,0.5146917900403768,,0.5036436609742662,0.8554338865886103,0.6356407012470631,,0.5966107326798471
0q5lbh0o,apertus_no_lora_ln_fp32_layer10_seed43_lr3em5,apertus_no_lora_ln_fp32_layer10_seed43_lr3em5,finished,2026-03-16 18:21:39+00:00,apertus,ln_fp32,10,43,3e-5,float32,layernorm,0.27201464772224426,0.853595859666929,0.2054560298217779,,0.5927150021956687,0.7782732167580536,0.2584182586120045,,0.4311368941687661,0.8287453359823305,0.502651738361815,,0.5602884832093757,0.8405765762959128,0.2293440423684972,,0.5337058314314944,0.766711860162343,0.3264399375975039,,0.3932635555205792,0.8173595314240458,0.5577447711427705,,0.5366339923575345
b2incihb,apertus_no_lora_ln_fp32_layer10_seed44_lr1em3,apertus_no_lora_ln_fp32_layer10_seed44_lr1em3,finished,2026-03-16 18:21:39+00:00,apertus,ln_fp32,10,44,1e-3,float32,layernorm,0.19783645868301392,0.8678363918682998,0.2977889783623083,,0.6049414103127094,0.8369390463458847,0.4932574559329496,,0.5454503432176948,0.8739707891725341,0.6310471138057345,,0.6315077755240027,0.8543147446824879,0.2859220492460231,,0.5577555677972771,0.8261184531532004,0.5559764266325382,,0.519713543716062,0.8633610327493092,0.656222953089839,,0.6153846153846154
9s2c6c1h,apertus_no_lora_ln_fp32_layer10_seed44_lr1em4,apertus_no_lora_ln_fp32_layer10_seed44_lr1em4,finished,2026-03-16 18:21:39+00:00,apertus,ln_fp32,10,44,1e-4,float32,layernorm,0.32758116722106934,0.868174187907008,0.27715346655591927,,0.6170522569163566,0.8143394819860935,0.39856663563385974,,0.4960593523932789,0.8527739189150668,0.5803825803825804,,0.5947712418300654,0.8549042740173315,0.2793966632436686,,0.5669630912095696,0.8032586241966952,0.4676130529887058,,0.4705123160462737,0.8409313737760562,0.6127135256230748,,0.5750124605416183
u1cqzubx,apertus_no_lora_ln_fp32_layer10_seed44_lr3em4,apertus_no_lora_ln_fp32_layer10_seed44_lr3em4,finished,2026-03-16 18:21:39+00:00,apertus,ln_fp32,10,44,3e-4,float32,layernorm,0.2790237069129944,0.8712595859116925,0.2955422203171882,,0.6151801603993806,0.830103068045424,0.4620229838844775,,0.5269142764693646,0.8667863227443827,0.6171100678142931,,0.6173089925625422,0.857835065839068,0.28825698768966174,,0.5683638939167388,0.819561062518335,0.5284508115199864,,0.5033446132053199,0.8554156247074374,0.6410939442372581,,0.6000996843329457
jd8rl3y0,apertus_no_lora_ln_fp32_layer10_seed44_lr3em5,apertus_no_lora_ln_fp32_layer10_seed44_lr3em5,finished,2026-03-16 18:21:39+00:00,apertus,ln_fp32,10,44,3e-5,float32,layernorm,0.29283058643341064,0.8533949565506158,0.20711934282989264,,0.5924838791688816,0.7780565287824778,0.2606322228459707,,0.432038273973236,0.827839391032739,0.5036077160948313,,0.5587108406581023,0.8403648094944542,0.2291049874743794,,0.533831746281577,0.7665124465100566,0.32656220737873776,,0.3946171401589675,0.8167158305153926,0.5567676767676768,,0.5384615384615384
tvxgxlk0,apertus_no_lora_ln_fp32_layer20_seed42_lr1em3,apertus_no_lora_ln_fp32_layer20_seed42_lr1em3,finished,2026-03-16 18:21:39+00:00,apertus,ln_fp32,20,42,1e-3,float32,layernorm,0.11203589290380478,0.8584084879971844,0.28965776774250673,,0.5998104791180345,0.837978645870169,0.44706766660402825,,0.554302355143643,0.8833842368985305,0.6261645453352579,,0.6490872210953347,0.846813846953689,0.2848073394495413,,0.5528763673565751,0.8283905779669409,0.508829057214039,,0.5256630203824664,0.873455763876349,0.6648860398860399,,0.6358199036384782
szjyc7rq,apertus_no_lora_ln_fp32_layer20_seed42_lr1em4,apertus_no_lora_ln_fp32_layer20_seed42_lr1em4,finished,2026-03-16 18:21:39+00:00,apertus,ln_fp32,20,42,1e-4,float32,layernorm,0.3388446271419525,0.8624930793466578,0.27790956263899186,,0.6129382670395451,0.8136485230656219,0.3959444473781486,,0.5050500381352995,0.8585487314665725,0.5801880365172367,,0.6051386071670047,0.8505103003919818,0.27625221951521656,,0.5598331628236405,0.803419145688256,0.4543293718166383,,0.47232234201621154,0.849611396897503,0.6204081632653061,,0.5861438777205515
j1ydn4mi,apertus_no_lora_ln_fp32_layer20_seed42_lr3em4,apertus_no_lora_ln_fp32_layer20_seed42_lr3em4,finished,2026-03-16 18:21:39+00:00,apertus,ln_fp32,20,42,3e-4,float32,layernorm,0.18392929434776303,0.8660319818204225,0.2931144530418911,,0.6122680102618624,0.8313711075564358,0.4453442673154465,,0.536482769778353,0.8744631135306493,0.6168421052631579,,0.6299301329727294,0.8539550929626496,0.2857637771893791,,0.5637050444636814,0.8220408764989451,0.5034166330634176,,0.5055638624380263,0.8658112664375426,0.6512001427679129,,0.6193719887024423
mru621ko,apertus_no_lora_ln_fp32_layer20_seed42_lr3em5,apertus_no_lora_ln_fp32_layer20_seed42_lr3em5,finished,2026-03-16 18:21:39+00:00,apertus,ln_fp32,20,42,3e-5,float32,layernorm,0.6155123114585876,0.8444577311455518,0.20762439429816995,,0.5916056116670904,0.7688019173672527,0.25750238248050256,,0.4235098342847898,0.8268729078143006,0.5032027409503947,,0.5397791300428217,0.8325458484543379,0.22358856643165545,,0.5358936019516801,0.7569750757758805,0.3108111530377086,,0.3888093176989061,0.8165367232141122,0.5487519103413143,,0.5264994185080578
cuinxn0m,apertus_no_lora_ln_fp32_layer20_seed43_lr1em3,apertus_no_lora_ln_fp32_layer20_seed43_lr1em3,finished,2026-03-16 18:21:39+00:00,apertus,ln_fp32,20,43,1e-3,float32,layernorm,0.2761920690536499,0.8606675789183147,0.297573587477418,,0.6071370790671875,0.83898277181721,0.46430922440712297,,0.5610742598285067,0.883499295763581,0.6361408487037276,,0.6553977913004282,0.849770765777917,0.28516604990137717,,0.5582907059101283,0.8289206463121349,0.5171672196345009,,0.5258991107263713,0.8720514991940349,0.6598824458285815,,0.6270144542282772
gfuz02ro,apertus_no_lora_ln_fp32_layer20_seed43_lr1em4,apertus_no_lora_ln_fp32_layer20_seed43_lr1em4,finished,2026-03-16 18:21:39+00:00,apertus,ln_fp32,20,43,1e-4,float32,layernorm,0.28859972953796387,0.8641751916789235,0.27392048696975463,,0.6169829200083204,0.8135239456646368,0.38452637388069,,0.5045415674763677,0.8582440636904687,0.575903283418052,,0.6046878521523552,0.85255311070582,0.2744414940697469,,0.564067049657669,0.8033327173499565,0.4435061219819202,,0.47128354450302984,0.849160611177532,0.6158884626181342,,0.5854793155009138
bydlptvs,apertus_no_lora_ln_fp32_layer20_seed43_lr3em4,apertus_no_lora_ln_fp32_layer20_seed43_lr3em4,finished,2026-03-16 18:21:39+00:00,apertus,ln_fp32,20,43,3e-4,float32,layernorm,0.27679380774497986,0.8682458271197679,0.2930158402440843,,0.6191554764601197,0.831568769532433,0.4382645095987236,,0.5388171123489033,0.8739715122573645,0.6139817629179332,,0.6319585305386523,0.8564728636358951,0.28501536804081246,,0.5678287558038876,0.8219803059269081,0.4948723591549295,,0.5077044148894311,0.8648241114312829,0.6506240459728831,,0.6188735670377139
5a8w5arg,apertus_no_lora_ln_fp32_layer20_seed43_lr3em5,apertus_no_lora_ln_fp32_layer20_seed43_lr3em5,finished,2026-03-16 18:21:39+00:00,apertus,ln_fp32,20,43,3e-5,float32,layernorm,0.30041441321372986,0.8444005884632679,0.20624536956761613,,0.5932003605519218,0.7680134572919938,0.25493443485376927,,0.42126794092495434,0.8268293138333102,0.501788908765653,,0.5402298850574713,0.8331122380817805,0.22239149787538665,,0.5383961595970724,0.7563482702472974,0.307700121901666,,0.3884787912174392,0.8167722021657942,0.5491677728990095,,0.5283269646120619
3wystufk,apertus_no_lora_ln_fp32_layer20_seed44_lr1em3,apertus_no_lora_ln_fp32_layer20_seed44_lr1em3,finished,2026-03-16 18:21:39+00:00,apertus,ln_fp32,20,44,1e-3,float32,layernorm,0.37859293818473816,0.8599424268500955,0.3054847388627455,,0.6046178380752074,0.8404795140571564,0.4963326784544859,,0.5635241639124506,0.8823919315173749,0.6463123507978389,,0.649763353617309,0.8482665799306782,0.2878962694357453,,0.5550326591642402,0.8301180630401257,0.5482605283808527,,0.5286220193594082,0.8722853566690313,0.6682642930503252,,0.6324970925402891
ipm80jlq,apertus_no_lora_ln_fp32_layer20_seed44_lr1em4,apertus_no_lora_ln_fp32_layer20_seed44_lr1em4,finished,2026-03-16 18:21:39+00:00,apertus,ln_fp32,20,44,1e-4,float32,layernorm,0.39040952920913696,0.8639878845940847,0.2779022301871764,,0.6159197540850995,0.814717605616673,0.3945090279495424,,0.5047495782004762,0.8579970257753389,0.5807949733642945,,0.6026594545864322,0.8518873102478849,0.275398220290898,,0.5619422365625246,0.8040094555883514,0.45163120567375886,,0.4726686078539388,0.8493326853236883,0.6200630446875579,,0.5897989699285595
28tm3neg,apertus_no_lora_ln_fp32_layer20_seed44_lr3em4,apertus_no_lora_ln_fp32_layer20_seed44_lr3em4,finished,2026-03-16 18:21:39+00:00,apertus,ln_fp32,20,44,3e-4,float32,layernorm,0.4330550134181976,0.86743544409041,0.29848209129245623,,0.6168442461922481,0.8324379713016482,0.4603697478991597,,0.5401576259042689,0.8734571900518566,0.6202958733454451,,0.632183908045977,0.8552775992865965,0.2873304652397802,,0.5664751711654993,0.8227349195176459,0.5171454652848628,,0.5081608562209806,0.8649066445945857,0.6559830941269702,,0.6220302375809935
zoq512xp,apertus_no_lora_ln_fp32_layer20_seed44_lr3em5,apertus_no_lora_ln_fp32_layer20_seed44_lr3em5,finished,2026-03-16 18:21:39+00:00,apertus,ln_fp32,20,44,3e-5,float32,layernorm,0.37936899065971375,0.844971504247726,0.2083477169308018,,0.5935008204867451,0.769750801131684,0.25826655255582354,,0.4222155453347818,0.8268801949025347,0.5035027574899389,,0.5413567725940951,0.8333641949214677,0.22345860006009888,,0.5376406704965767,0.7580683927266646,0.3108611385574219,,0.39043047139372,0.8168459996234526,0.5488637521654948,,0.5291576673866091
8hrkgqv3,apertus_no_lora_ln_fp32_layer26_seed42_lr1em3,apertus_no_lora_ln_fp32_layer26_seed42_lr1em3,finished,2026-03-16 18:21:39+00:00,apertus,ln_fp32,26,42,1e-3,float32,layernorm,0.17951826751232147,0.8299680843031925,0.26884570082449943,,0.566182078720503,0.8184173429789998,0.3905951977753614,,0.5209744146809346,0.8709000808923033,0.6079247817327065,,0.6339869281045751,0.8194502749462297,0.26368223927913614,,0.5255213661761234,0.8105966424390525,0.4432550644567219,,0.4924687180294326,0.8593043261018243,0.6402472277767679,,0.60790829041369
rlqcb2g4,apertus_no_lora_ln_fp32_layer26_seed42_lr1em4,apertus_no_lora_ln_fp32_layer26_seed42_lr1em4,finished,2026-03-16 18:21:39+00:00,apertus,ln_fp32,26,42,1e-4,float32,layernorm,0.3578282594680786,0.8424470705121971,0.23630652725786325,,0.5895717290313633,0.7924578528213927,0.30847578214225535,,0.46039706936002034,0.8442303583084584,0.5591009988901221,,0.5859815190443993,0.8325991790630178,0.24323305188949915,,0.5404107971983946,0.780267444347946,0.3609117668523609,,0.4191705359250807,0.8320006146207377,0.5925078638833285,,0.5502575178601097
r2wu0aof,apertus_no_lora_ln_fp32_layer26_seed42_lr3em4,apertus_no_lora_ln_fp32_layer26_seed42_lr3em4,finished,2026-03-16 18:21:39+00:00,apertus,ln_fp32,26,42,3e-4,float32,layernorm,0.24504521489143372,0.8425114904653088,0.2666852057842047,,0.5851341669170499,0.8132763851981477,0.37718106407322655,,0.5022072249058174,0.8618915285341647,0.59734691142972,,0.6168582375478927,0.8321908890225275,0.2645701055382736,,0.5387266860785394,0.8037711352564878,0.4302113408014782,,0.4671913118753443,0.85040656399706,0.6284257488846399,,0.5897989699285595
okj43cej,apertus_no_lora_ln_fp32_layer26_seed42_lr3em5,apertus_no_lora_ln_fp32_layer26_seed42_lr3em5,finished,2026-03-16 18:21:39+00:00,apertus,ln_fp32,26,42,3e-5,float32,layernorm,0.6153150200843811,0.8218741678608674,0.1572814179052404,,0.5593408371276031,0.7395106001842365,0.18394369070692643,,0.3660526498255021,0.8033459368626107,0.47543484894720783,,0.510254676583277,0.8133336006813492,0.17587301587301588,,0.5124104824112694,0.7268439324033396,0.22353431695605977,,0.3316124970488707,0.7954023707570084,0.5223490003140375,,0.4994185080578169
44fifewm,apertus_no_lora_ln_fp32_layer26_seed43_lr1em3,apertus_no_lora_ln_fp32_layer26_seed43_lr1em3,finished,2026-03-16 18:21:39+00:00,apertus,ln_fp32,26,43,1e-3,float32,layernorm,0.26287174224853516,0.8324296027827489,0.2697391536122318,,0.5707814269535674,0.8195852678528553,0.3954248366013072,,0.5234243187648785,0.8706128394606096,0.6158334438403394,,0.632183908045977,0.8222173557892606,0.26584189105414946,,0.528181317384119,0.8111649186384948,0.45045785663720855,,0.49191784056032106,0.8591271392369936,0.6419487730610782,,0.6052500415351387
cfgw5o62,apertus_no_lora_ln_fp32_layer26_seed43_lr1em4,apertus_no_lora_ln_fp32_layer26_seed43_lr1em4,finished,2026-03-16 18:21:39+00:00,apertus,ln_fp32,26,43,1e-4,float32,layernorm,0.27609291672706604,0.8419897812434232,0.23152327942615888,,0.5889245845563593,0.791796169521862,0.29947655851395527,,0.459773037187695,0.8447542493365535,0.5571608921307336,,0.5875591615956728,0.8329932349039042,0.23854319640834137,,0.5421893444558118,0.7798030375445778,0.3493124592943952,,0.4205555992759896,0.8325959701885836,0.5904597370189077,,0.5509220800797474
5yjm6w2c,apertus_no_lora_ln_fp32_layer26_seed43_lr3em4,apertus_no_lora_ln_fp32_layer26_seed43_lr3em4,finished,2026-03-16 18:21:39+00:00,apertus,ln_fp32,26,43,3e-4,float32,layernorm,0.268221378326416,0.8445618717019165,0.2611058386094463,,0.5869831511313472,0.812759440328618,0.3639526665820996,,0.49947997318972887,0.8614452164740836,0.5919610231425091,,0.6148298399819698,0.8348892075486603,0.2606589502888137,,0.5407728023923821,0.8031169232073884,0.4157379659112193,,0.4661682537184229,0.8501191927243206,0.6211009174311927,,0.5864761588303705
bj0fbt17,apertus_no_lora_ln_fp32_layer26_seed43_lr3em5,apertus_no_lora_ln_fp32_layer26_seed43_lr3em5,finished,2026-03-16 18:21:39+00:00,apertus,ln_fp32,26,43,3e-5,float32,layernorm,0.28795114159584045,0.8212496455800288,0.15636592706656402,,0.5607969121963621,0.7388713248805687,0.1826767790338737,,0.367370051078189,0.8039291690524449,0.47681713848508034,,0.5181428893396439,0.8136080440797356,0.17478838279907505,,0.5144880774376328,0.7265552245144871,0.22197076850542197,,0.3320531990241599,0.7963624471026167,0.5231316725978647,,0.504236584150191
thtwlsce,apertus_no_lora_ln_fp32_layer26_seed44_lr1em3,apertus_no_lora_ln_fp32_layer26_seed44_lr1em3,finished,2026-03-16 18:21:39+00:00,apertus,ln_fp32,26,44,1e-3,float32,layernorm,0.4517517387866974,0.8344495886282212,0.2799216210399937,,0.5729539834053666,0.8218709151119907,0.4268393782383419,,0.5285090253541961,0.8704566692058192,0.6262730437024623,,0.631282398016678,0.8237963020406407,0.26867850147831185,,0.5263240733454002,0.8134549960498432,0.4784139501305048,,0.4945620524120563,0.859330335601286,0.6485873735612138,,0.6075760093038711
a2rdvxyc,apertus_no_lora_ln_fp32_layer26_seed44_lr1em4,apertus_no_lora_ln_fp32_layer26_seed44_lr1em4,finished,2026-03-16 18:21:39+00:00,apertus,ln_fp32,26,44,1e-4,float32,layernorm,0.28372296690940857,0.8430464683095162,0.2352090264718646,,0.5905886703492269,0.7932592102160082,0.3059669194437649,,0.46085931541359465,0.8445769007305117,0.561829081277011,,0.5877845391029975,0.8331499028580484,0.24221516264601745,,0.5427244825686629,0.780885815192321,0.3575633228304145,,0.4224285826709688,0.8323741977820105,0.5946203739030904,,0.5545771722877555
veq9b7kw,apertus_no_lora_ln_fp32_layer26_seed44_lr3em4,apertus_no_lora_ln_fp32_layer26_seed44_lr3em4,finished,2026-03-16 18:21:39+00:00,apertus,ln_fp32,26,44,3e-4,float32,layernorm,0.37059929966926575,0.8463241156349119,0.2667405653247342,,0.5900801996902951,0.8140264315460984,0.3787922152261019,,0.49996533154598194,0.8605024504380787,0.6030564784053156,,0.6164074825332432,0.8355200783987392,0.26340492507922614,,0.541339419217754,0.8042347433694153,0.43040018452312306,,0.46689226410639806,0.8498098149726874,0.6287885641907175,,0.5879714238245556
5aqux06m,apertus_no_lora_ln_fp32_layer26_seed44_lr3em5,apertus_no_lora_ln_fp32_layer26_seed44_lr3em5,finished,2026-03-16 18:21:39+00:00,apertus,ln_fp32,26,44,3e-5,float32,layernorm,0.3035992383956909,0.8211600131505488,0.15907943526626395,,0.5603577784454665,0.7409456582701346,0.18632628509675184,,0.36988929207016896,0.8040611320339724,0.4769465648854962,,0.5129592066711742,0.8131494534779278,0.1764643977184231,,0.5138427638309593,0.7289424968755356,0.22538240275276217,,0.3352010702762257,0.7964808351691322,0.5243774848294622,,0.500913773052002
qg1y3gso,apertus_no_lora_ln_fp32_layer30_seed42_lr1em3,apertus_no_lora_ln_fp32_layer30_seed42_lr1em3,finished,2026-03-16 18:21:39+00:00,apertus,ln_fp32,30,42,1e-3,float32,layernorm,0.1903767287731171,0.8269281821948755,0.2648237733241189,,0.5666905493794346,0.8212133841531244,0.3788398971833265,,0.5306122448979592,0.870839068601179,0.6033444816053511,,0.6317331530313275,0.8220881740396792,0.2710804118337026,,0.5378610214842213,0.8136550588253599,0.44970414201183434,,0.49300385614228376,0.8621342842942776,0.6512815995772042,,0.6142216315002492
r9e2fhqm,apertus_no_lora_ln_fp32_layer30_seed42_lr1em4,apertus_no_lora_ln_fp32_layer30_seed42_lr1em4,finished,2026-03-16 18:21:39+00:00,apertus,ln_fp32,30,42,1e-4,float32,layernorm,0.38982802629470825,0.841836300746363,0.23449348058843372,,0.6014745649109021,0.7973011631073138,0.3014044679046093,,0.4738715418217117,0.8482991486142111,0.5752333882482152,,0.5889114266396214,0.8364470545257402,0.24832424262338176,,0.5580546155662234,0.7856703791506818,0.36468700614044613,,0.4217990084205556,0.8381184968270642,0.6131279794646132,,0.5677022761256023
e24v1w1s,apertus_no_lora_ln_fp32_layer30_seed42_lr3em4,apertus_no_lora_ln_fp32_layer30_seed42_lr3em4,finished,2026-03-16 18:21:39+00:00,apertus,ln_fp32,30,42,3e-4,float32,layernorm,0.2570212781429291,0.8425555068095136,0.26140380626899545,,0.5929230129197772,0.8155595541477534,0.3623542175210198,,0.5093720387362193,0.8622062793265131,0.5970789226852472,,0.6148298399819698,0.8371076141229024,0.2695436351376555,,0.554639175257732,0.8069980813945343,0.4313428381201644,,0.4681514126072244,0.8529525205480113,0.6405542232880362,,0.6010965276624024
jtcznw8g,apertus_no_lora_ln_fp32_layer30_seed42_lr3em5,apertus_no_lora_ln_fp32_layer30_seed42_lr3em5,finished,2026-03-16 18:21:39+00:00,apertus,ln_fp32,30,42,3e-5,float32,layernorm,0.6943867206573486,0.8270096802002305,0.1614919811238616,,0.583747428756327,0.7548319329569839,0.1886301230550188,,0.3919153165229852,0.8190889237190818,0.5009645347974477,,0.5447374352039667,0.8206054774899333,0.19388172703089832,,0.5385692925159361,0.739953283930093,0.24962457517717415,,0.3441567639883529,0.8111821916945005,0.5682620635543351,,0.5316497757102508
v3qqa12o,apertus_no_lora_ln_fp32_layer30_seed43_lr1em3,apertus_no_lora_ln_fp32_layer30_seed43_lr1em3,finished,2026-03-16 18:21:39+00:00,apertus,ln_fp32,30,43,1e-3,float32,layernorm,0.2808498740196228,0.8279939450240437,0.274474078513635,,0.5721450528116117,0.8221059808207358,0.40380918790230136,,0.5311900524649271,0.8695901725508578,0.6165945733385765,,0.6279017354068064,0.8245744009747731,0.27684694513715713,,0.543495711025419,0.8159817281198005,0.4744627096573139,,0.5000708271031715,0.8628810300463075,0.6559213928632994,,0.6145539126100681
lgm2cr72,apertus_no_lora_ln_fp32_layer30_seed43_lr1em4,apertus_no_lora_ln_fp32_layer30_seed43_lr1em4,finished,2026-03-16 18:21:39+00:00,apertus,ln_fp32,30,43,1e-4,float32,layernorm,0.2797033190727234,0.8417489162428032,0.2271784696632901,,0.6004807358957173,0.7978726412060708,0.28991356661462897,,0.4754662907065431,0.8489870272475396,0.57119021134594,,0.5967996393959882,0.8369834313807295,0.24479223424677057,,0.5582277484850869,0.7862464555835915,0.3556232113499361,,0.42395530022822064,0.8386224771165556,0.611840888066605,,0.5701943844492441
f873k60o,apertus_no_lora_ln_fp32_layer30_seed43_lr3em4,apertus_no_lora_ln_fp32_layer30_seed43_lr3em4,finished,2026-03-16 18:21:39+00:00,apertus,ln_fp32,30,43,3e-4,float32,layernorm,0.28264516592025757,0.8419081356120964,0.26315110881897885,,0.5919522962072711,0.8163925303000001,0.368238732724714,,0.5098111724871149,0.8616280605248356,0.5978800483026969,,0.6161821050259184,0.8368350802018774,0.2700497258702027,,0.5558038876209963,0.8079979314370818,0.4364610523423547,,0.4733454001731329,0.8533421360600139,0.6444209039548022,,0.6039209170958632
ybsg28sj,apertus_no_lora_ln_fp32_layer30_seed43_lr3em5,apertus_no_lora_ln_fp32_layer30_seed43_lr3em5,finished,2026-03-16 18:21:39+00:00,apertus,ln_fp32,30,43,3e-5,float32,layernorm,0.30628159642219543,0.8271404572505674,0.15649419218585006,,0.5841634502045439,0.7550044412388155,0.18186280525217816,,0.39362562692121017,0.8200433073180265,0.49768483943241226,,0.545413567725941,0.8214970137774651,0.19106196156394964,,0.5389785157787047,0.7399249110225663,0.2443326271186441,,0.3457621783269064,0.8119689423166357,0.568127962085308,,0.5359694301378967
kn811t36,apertus_no_lora_ln_fp32_layer30_seed44_lr1em3,apertus_no_lora_ln_fp32_layer30_seed44_lr1em3,finished,2026-03-16 18:21:39+00:00,apertus,ln_fp32,30,44,1e-3,float32,layernorm,0.3007677495479584,0.8269818939524586,0.2792544718037413,,0.5695333626089167,0.8241357943315779,0.4247711026879208,,0.5348880208935216,0.8705196177574338,0.621249195106246,,0.635113815641199,0.8224785880728023,0.2762691123938544,,0.5369481388211222,0.8166019609107854,0.48943438369063,,0.5012040607539152,0.8627777470485425,0.6580898014824913,,0.6105665392922413
wf8rodcd,apertus_no_lora_ln_fp32_layer30_seed44_lr1em4,apertus_no_lora_ln_fp32_layer30_seed44_lr1em4,finished,2026-03-16 18:21:39+00:00,apertus,ln_fp32,30,44,1e-4,float32,layernorm,0.3687911331653595,0.842503090061917,0.2324940645426034,,0.6032542122171632,0.7979950330312069,0.29952986046862906,,0.4723461298449165,0.8489062908091001,0.5780267832741186,,0.591165201712869,0.8371919969999794,0.2471642477556284,,0.5591721098607066,0.7860679767316254,0.3632763928291181,,0.4217360509955143,0.8385724494936868,0.6177972283005105,,0.5740156172121615
524a5l0b,apertus_no_lora_ln_fp32_layer30_seed44_lr3em4,apertus_no_lora_ln_fp32_layer30_seed44_lr3em4,finished,2026-03-16 18:21:39+00:00,apertus,ln_fp32,30,44,3e-4,float32,layernorm,0.3833605647087097,0.8436308275559499,0.26614401710489477,,0.5960200614787251,0.8175034768650886,0.37469987457444903,,0.5122610765710588,0.8623067559808194,0.604571277579601,,0.6182105025918413,0.8377123595037482,0.2718636217792224,,0.5573148658219879,0.808385731712769,0.4424214218418334,,0.4697096088769969,0.8529438507148573,0.6445124617402711,,0.6014288087722213
m6zpszut,apertus_no_lora_ln_fp32_layer30_seed44_lr3em5,apertus_no_lora_ln_fp32_layer30_seed44_lr3em5,finished,2026-03-16 18:21:39+00:00,apertus,ln_fp32,30,44,3e-5,float32,layernorm,0.4072107970714569,0.8271257376106295,0.161697985293862,,0.5852035038250861,0.756031647807401,0.1892419742035236,,0.3942265467908568,0.8199808327886897,0.5035481963335304,,0.5442866801893171,0.8214500680192333,0.19391158023558208,,0.539954355866845,0.7415754605509346,0.25040166460347146,,0.34629731643975764,0.8118739035143947,0.5691343517430474,,0.5368001329124439
